[
    {
        "title": "코스닥 21년만에 1000 등극할까…두 가지 빅 이벤트 `촉각`",
        "date": "2021.01.09. 오후 6:14",
        "content": "1.3% 상승하면 버블닷컴 이후 21년 만에 1000 고지 입성CES2021, JP모건헬스케어컨퍼런스에 투자자 관심\n\n\n\n코스피지수가 급등한 8일 서울 여의도 KB국민은행 딜링룸 전광판에 지수 종가가 나타나있다. 2021.1.8 김호영기자 신축년 새해 첫주 증시가 뜨겁게 불타올랐다. 코스피는 역대급 질주를 펼치며 13년 만에 3000 고지를 밟은 데 이어 순식간에 3150까지 껑충 뛰며 새역사를 썼다. 반면 코스닥 지수는 1000 문턱을 넘지 못하고 상대적으로 주춤한 모습이다. 주도주가 삼성전자 등 대형주에 몰리면서 상대적으로 코스닥이 소외받고 있는 것. 다만 1월에는 코스닥이 강하다는 '1월 효과'에 더해 동학개미로 불리는 사상 초유의 대규모 개인 자금이 증시에 꾸준히 투입되고 있어 '형님'인 코스피를 따라 '동생' 격인 코스닥도 조만간 고지를 밟을 것으로 기대되고 있다.한국거래소에 따르면 지난주 코스닥 지수는 987.79에 마감해 전주 대비 2.0% 올랐다. 지난 8일 장중에는 995.22까지 상승했지만 외국인과 기관의 동반 매도에 하락 전환, 끝내 1000선을 넘지는 못했다. 코스닥은 올 들어 970~990선을 전전하며 1000 돌파에 번번이 고배를 마시고 있다. 그동안 형님 격인 코스피는 무섭게 질주했다. 지난해 말 2873.47에 마감한 코스피는 새해 개장 사흘만에 3000선을 돌파했고 전 거래일인 8일에는 종가 기준 3150선까지 오르며 브레이크 없는 랠리를 펼치고 있다.대장주인 삼성전자가 장중 9만원을 터치하는 등 최근 증시가 대형주 중심으로 활황을 보이면서 코스닥 수익률은 상대적으로 초라한 신세다. 다만 코스닥 역시 머지않아 1000선을 돌파할 것이라는 게 전문가들의 분석이다. 동학개미 군단이 시장에 자금을 연일 투입하고 있어 기대 심리가 높아졌을 뿐 아니라 1월에 특히 소형주가 힘을 받는 1월 효과가 반영되기 시작할 것이란 의견이다. 실제 과거 사례를 살펴보면 1월엔 코스피보다 코스닥이 수익률이 높았다. 지난 2010년 이후 코스피의 1월 평균 수익률은 0.7%에 불과한 반면, 코스닥은 2.6% 상승했다. 코스닥이 상대적으로 강세를 보이는 것은 대부분 개인 수급에 기인한다. 지난 11년 간 1월 코스닥에 유입된 자금은 평균 4930억원으로 다른 달에 비해 가장 많았다. 한대훈 SK증권 연구원은 \"지난해 12월 대주주 양도세 이슈에도 불구 개인 자금이 순매수를 기록하며 증시를 뒷받침했다\"면서 \"올 들어서도 주식시장에 대한 높은 관심이 지속될 것으로 기대되며, 1월 효과로 인해 증시가 상승한다고 단정할 수는 없지만, 양호한 수급환경은 올해도 1월 효과를 기대하게 하는 요인\"이라고 말했다.작년과 같은 특별한 악재만 발생하지 않는다면 코스닥 시장의 1월 효과를 기대해 볼 수 있을 것이라는 게 한 연구원의 설명이다. 특히 코스닥은 최근 990선까지 밟으면서 지수 기준 1.3%만 상승하면 지난 2000년 닷컴버블 이후 21년 만에 네자리수의 지수를 달성할 수 있게 된다.긍정적인 이벤트도 대거 대기 중이다. 오는 11일 세계 최대 IT 박람회 CES 2021 개막 및 JP모건 헬스케어 컨퍼런스 등이 예정돼 있다. 수혜가 예상되는 반도체·바이오 관련주가 강세를 나타낼 것으로 전망된다. 한 연구원은 \"올해 반도체 슈퍼사이클에 대한 기대와 함께 수혜를 받을 수 있는 관련주에 주목해야 한다\"면서 \"또 코로나19 백신에 대한 기대감으로 최근 건강관리 업종이 상승한 가운데 JP모건 헬스케어 컨퍼런스에서 추가로 긍정적인 내용이 나온다면 업종 내 선별적 추가 상승 가능성이 있다\"고 덧붙였다.[김경택 매경닷컴 기자 kissmaycry@mk.co.kr]▶ 네이버 메인에서 '매일경제'를 받아보세요▶ 궁금한 제조과정 영상으로 보세요. '이렇게 만들죠'▶ 아파트 살까 청약할까. 여기서 확인하세요. '매부리tv'[ⓒ 매일경제 & mk.co.kr, 무단전재 및 재배포 금지]"
    },
    {
        "title": "주말에도 달리는 비트코인…5000만원 넘기나",
        "date": "2021.01.09. 오전 8:54",
        "content": "[머니투데이 김평화 기자]  \n\n\n\n(서울=뉴스1) 이성철 기자 = 비트코인이 4000만원을 돌파한 7일 서울 강남구 국내 암호화폐 거래소 빗썸 앞에 설치된 시세전광판에 비트코인 시세가 나타나고 있다. 2021.1.7/뉴스1가상자산(암호화폐) 비트코인의 국내 가격이 4795만원까지 올랐다. 이틀 전 사상 처음으로 4000만원을 넘어선 데 이어 가파른 상승세다.글로벌 시장에서도 4만2000달러에 근접했다. 역시 신고가다. 세계적인 유동성 과잉과 이에 따른 화폐가치 하락에 대한 투자심리 반영, 기관투자자들의 지속적인 관심과 낙관적 전망이 버무려지면서 연일 신고가를 다시 쓰고 있다는 분석이다.9일 국내 가상자산 거래사이트 빗썸에 따르면 이날 오전 1비트코인(BTC) 가격이 4795만원으로 신고가 기록을 경신했다. 오전 8시50분 현재 4740만원에 거래중이다.글로벌 가상자산 거래사이트 코인마켓캡의 비트코인 가격도 이날 오전 4만2000달러(약 4586만원)에 근접했다비트코인 국내 거래 가격은 지난해 12월 27일 사상 처음으로 개당 3000만원을 넘어섰다. 12일 만에 60% 가까이 급등한 것이다.지난해 10월까지만 해도 비트코인은 국내에서 1200만~1400만원 선에서 거래됐다. 글로벌 온라인 결제서비스 업체 페이팔이 올해부터 가상자산 거래 기능을 도입한다는 소식 등 호재가 나오면서 상승세를 타기 시작했다. 11월 중순 2000만원 돌파, 12월 말 3000만원을 넘긴 후 7일 처음으로 4000만원을 찍었다.가격 상승세는 당분간 지속될 것이란 전망이 지배적이다. 넘쳐나는 유동성과 전례 없는 인플레이션 가능성이 제기되면서 화폐가치 하락을 우려한 투자자들이 비트코인으로 몰리고 있기 때문이다. 글로벌 투자은행 JP모건은 최근 장기적으로 비트코인이 14만6000달러(약 1억6000만원)까지 오를 수 있다고 관측했다.김평화 기자 peace@mt.co.kr▶부동산 투자는 [부릿지]▶조 변호사의 가정상담소▶줄리아 투자노트 <저작권자 ⓒ '돈이 보이는 리얼타임 뉴스' 머니투데이, 무단전재 및 재배포 금지>"
    },
    {
        "title": "테슬라, 페이스북 제치고 시총 5위…8천300억달러로 '껑충'",
        "date": "2021.01.09. 오전 7:43",
        "content": "7.8% 급등하며 880달러로 마감…11일 거래일 연속 상승\n\n\n\n테슬라 최고경영자 일론 머스크[AP=연합뉴스](로스앤젤레스=연합뉴스) 정윤섭 특파원 = 미국의 전기자동차 업체 테슬라의 시가총액이 페이스북을 추월하며 시장가치 5위 기업에 올랐다.    테슬라는 8일(현지시간) 미 뉴욕 증시에서 전장보다 7.84%(63.98달러) 오른 880.02달러(96만원)로 장을 마감했다.    테슬라 시가총액은 주가 급등에 힘입어 8천341억달러(910조8천372억원)로 껑충 뛰었다.    로이터통신은 테슬라가 시가총액 8천억달러를 처음으로 돌파했다며 테슬라의 주가 랠리가 이어지며 페이스북을 제치고 시가총액 기준 미국 5위 기업에 올랐다고 전했다.    테슬라 주가는 이날까지 11일 거래일 연속 상승했다.    반면 페이스북은 이날 0.44% 하락한 267.57달러(29만원)로 장을 마쳤고, 시가총액은 7천621억달러(832조 2천132억원)로 집계됐다.    CNBC 방송은 테슬라가 페이스북을 추월한 데 이어 애플, 마이크로소프트(MS), 아마존, 구글 모회사 알파벳을 추격하기 시작했다고 전했다.    애플은 시가총액 2조달러 이상으로 현재 1위이며 MS와 아마존, 알파벳의 시가총액은 1조달러를 넘는다.    테슬라 시가총액은 2019년 1월 미 자동차 회사 가운데 처음 1천억달러를 넘었고, 10개월 뒤에 5천억달러 고지를 밟았다.    테슬라는 작년 3분기 기준으로 5분기 연속 흑자를 달성했고, 지난해에는 50만대 납품 목표치에 근접한 49만9천550대를 고객에게 인도해 최다 기록을 세웠다.\n\n\n\n페이스북 최고경영자 마크 저커버그[EPA=연합뉴스]테슬라 주가는 지난 한 해 700% 이상 올랐고, 올해 들어서도 실적 호조 전망에 힘입어 주가에 더욱 탄력을 받았다.    또한 미국 민주당이 조지아주 상원의원 결선 투표에서 두 석을 모두 석권하며 장악을 장악한 것도 테슬라의 연초 주가 랠리에 호재가 됐다.    CNBC 방송은 \"조 바이든 대통령 당선인은 청정에너지 계획의 일환으로 미 전역에 전기차 충전 인프라를 확충하고, 태양광 등 재생에너지를 늘리는 것을 목표로 하고 있다\"며 차기 행정부에서 테슬라의 경영 여건이 더 나아질 것으로 전망했다.    모건스탠리는 전기차 수요가 늘고 있는 데다 테슬라가 미 텍사스주와 독일에 생산량 확대를 위한 공장을 신설하고 있다는 점을 들어 지난 5일 목표 주가를 810달러로 상향 조정했다.    하지만 테슬라 주가를 거품으로 진단해온 월가의 유명 투자자 마이클 버리 사이언에셋 대표는 2008년 미 부동산 거품 붕괴에 따른 '서프프라임 모기지'(비우량 주택담보 대출) 사태와 같이 테슬라 주가가 폭락할 것이라고 경고했다.    버리 대표는 \"나의 마지막 '빅쇼트'(주가 하락을 예상하고 투자하는 것)가 점점 더 커지고 있다\"고 말했다.    버리는 세계 경제를 위기로 몰아넣었던 서프프라임 모기지 사태를 정확하게 예측했고, 이러한 전망을 토대로 거액의 투자 이익을 거둬 유명해진 헤지펀드 투자자다.    jamin74@yna.co.kr▶네이버에서도 뉴스는 연합뉴스[구독 클릭]▶[팩트체크]'정인이 사건' 경찰 재수사 불가?▶제보하기<저작권자(c) 연합뉴스(https://www.yna.co.kr/), 무단 전재-재배포 금지>"
    },
    {
        "title": "[이번주 증시인물]블루웨이브에 힘받는 바이드노믹스",
        "date": "2021.01.09. 오전 7:30",
        "content": "조지아 상원의원 결선투표서 '블루웨이브' 현실화바이드노믹스 수혜주 찾기 분주했던 한 주[이데일리 이슬기 기자] 바이든 시대의 본격 개막을 앞두고 코스피 지수가 뜀박질 중이다. 마땅한 추가 호재가 없는 시장에 ‘블루웨이브’(미국 민주당의 상하원 장악)의 도래는 또 다른 호재로 다가왔다. 이번주 글로벌 시장은 바이드노믹스의 수혜를 볼 수 있는 종목을 선별하는 데에 이목이 집중됐다. 이번주 증시인물은 조 바이든(사진) 미국 대통령 당선인을 통해 돌아본다.\n\n\n\n(사진=AFP)9일 마켓포인트에 따르면 이번주(4~8일) 코스피 지수는 전주 대비 9.7% 오른 3152.18에 장을 마쳤다. 이번주 코스피 지수는 사상 처음으로 3000선을 기록한 뒤 3100선까지 파죽지세로 올랐다. 이는 주간으로 따지면 글로벌 금융위기 당시 코스피 지수가 892포인트까지 폭락했던 직후의 한 주(2008년 10월 27~31일·상승폭 +18.57%) 이후 가장 큰 폭으로 오른 것이다.이번주 코스피 지수엔 현대차(005380)의 애플카 협업 소식 등 다양한 호재가 전해졌지만, 뭐니뭐니 해도 명실공히 3천피를 만든 것은 바이든의 힘이었다. 앞서 지난 6일(현지시간) 미국 조지아주 상원의원 결선투표에서 민주당은 2곳 모두 승리하며 다수당의 지위를 차지했다. 이로써 바이든 당선과 함께 민주당이 미국 상하원 모두 다수당을 차지하면서 차기 바이든 행정부의 각종 정책 추진에 속도가 붙을 것이라는 전망이 높아졌다. 이에 빅테크 기업은 세금 이슈 등으로 주가가 흔들릴 수 있어도 경기가 반등하면서 경기민감주가 오를 수 있고, 또 경기반등으로 인한 금리상승으로 금융주·보험주들도 오를 수 있다는 전망이 높아졌다. 바이든이 자신의 정책으로 친환경 관련 투자를 밀고 있는 만큼, 풍력에너지나 2차전지 등 친환경 관련주도 각광을 받았다.실제 이번주 친환경주로 분류되는 그린케미칼(083420)은 한 주 만에 무려 49.45% 올랐고, 2차전지주인 SK이노베이션(096770)도 48.95% 급등했다. 이밖에 금융·보험주를 보면 한화생명(088350)은 무려 38.93%나 급등했으며, 하나금융지주(086790)도 9.28%나 올랐다. 신기한 점은 애초 미국 대선 직전에 증권가에선 ‘블루웨이브’의 현실화를 증시의 가장 큰 위험이라고 꼽았었다는 점이다. 바이든이 대통령이 되고 민주당이 상·하원까지 점령하면 기업에 세금을 더 강하게 물리는 등 주가에 부정적인 이벤트를 많이 발생시킬 것이란 예상에서다.그러나 지금 시장은 오히려 블루웨이브가 시장의 호재가 되는 모양새다. 블루웨이브 덕에 바이든 정부 초기 재정정책 시행이 가속화되고 경기부양이 일어날 것이란 전망이 높아지면서다. 아직 바이든은 백악관의 주인이 되진 않았지만, 시장은 이미 그를 위해 레드카펫을 깔고 있는 모양새다.한대훈 SK증권 연구원은 “이번 상원의원 선거로 인해 바이든 행정부의 대규모 추가 부양책 등 적극적인 재정정책에 대한 기대감은 한껏 높아졌다”며 “당분간은 빅테크 기업들은 반독점법 규제에 대한 우려로 투자심리 위축이 예상되며, 바이든 정책의 수혜가 기대되는 친환경 업종, 금리상승에 따른 금융주, 인프라 투자 확대 기대감에 따른 인프라 관련 업종은 수혜가 기대된다”고 내다봤다.이슬기 (surugi@edaily.co.kr)▶ #24시간 빠른 #미리보는 뉴스 #eNews+▶ 네이버에서 '이데일리 뉴스'를 만나보세요▶ 빡침해소, 청춘뉘우스 '스냅타임'＜ⓒ종합 경제정보 미디어 이데일리 - 무단전재 & 재배포 금지＞"
    },
    {
        "title": "(다음주 증시 전망)단기간 너무 오른 코스피, 쉬어갈 타이밍 오나",
        "date": "2021.01.09. 오전 7:16",
        "content": "단기 급등 우려 심리·금리·어닝시즌 변수될 듯상승·하락폭 모두 제한적시클리컬·친환경·반도체·자동차 주목\n\n\n\n코스피가 지난 6일 사상 최초로 3,000선을 돌파한 데 이어 이틀만에 3,100선까지 넘어선 8일 오후 서울 중구 하나은행 딜링룸에서 딜러들이 모니터를 주시하며 분주하게 업무를 보고 있다. 이날 코스피는 전일 대비 120.50포인트(3.97%) 급등하며 3,152.18포인트에 거래를 마쳤다./오승현기자[서울경제] 코스피 지수가 단기간 급등하면서 3,150포인트 선도 넘어섰다. ‘숨 고르기’ 전망이 지속적으로 나오고는 있지만, 시장은 단기 과열에 대한 부담감을 느끼지 않는 듯한 모습이다. 개인들이 쟁여놓은 70조 원에 달하는 투자자 예탁금은 언제든 증시로 유입될 수 있는 자금이기에 혹시라도 쉬어간다고 하더라도 조정폭은 크지 않을 전망이다. 내주 증시에 가장 큰 변수는 역시 투자자들의 심리 변화다. 단기 급등에 대해 투자자들의 심리가 위축될 경우 증시가 쉬어갈 가능성이 크다는 것이다. 4·4분기 기업 어닝 시즌이 본격화한다는 점도 변수로 작용할 가능성이 있다. 이재선 하나금융투자 연구원은 “국내 증시는 단기 과열에 의해 쉬어가는 흐름이 나타날 가능성이 높다”며 “개인의 매수 여력과 신흥국 증시에 대한 외국인들의 선호를 감안하였을 때, 중장기 기조는 여전히 우상향”이라고 전망했다. 기업 실적이 악화되는 모습을 보이는 것은 증시에 불리하게 작용할 것이다. 다만 이는 증시 전체가 아닌 개별 기업 이슈로 끝날 가능성이 크다. 여전히 지난해 말부터 이어져 온 실적 전망 상향 추세가 이어져 갈 것이라는 예상이 크기 때문이다. 아울러 증권가에서는 금리의 상승 정도도 관심 있게 보고 있다. 이미 미국에서 블루웨이브(미국 행정부와 상·하원을 모두 민주당이 장악하는 것)가 현실화되면서 적극적인 부양책에 대한 기대감이 높아져 국채금리가 상승하는 모습을 보이고 있다. 사실 이외의 변수는 증시에 대부분 우호적이다. 국내 증시의 가장 든든한 버팀목은 개인 투자자들이다. 지금까지 국내 증시의 상승장은 오롯이 외국인 투자가들이 주도해왔다. 외국인이 자금을 빼면 속수무책으로 증시는 한파를 겪었다. 하지만 지난 7일 기준 69조 원이 넘는 투자자 예탁금은 외국인이 자금을 뺀다고 하더라도 충분히 방파제 역할을 할 수 있다는 점을 증명했다. 연초 이후 기관과 개인이 번갈아가면서 순매수해온 증시에 8일 외국인이 사상 2번째로 많은 1조6,000억 원 어치를 순매수했다는 점 또한 수급 면에서의 전망을 밝게 하고 있다. 증시가 단기 급등하면서 증권사들이 전망한 코스피 지수는 이미 무용지물이 됐다. 참고로 한국투자증권은 내주 코스피 지수 상단을 3,100포인트로, 하나금융투자도 3,080포인트로 내다봤었고 NH투자증권은 3,120포인트를 전망치로 내놨다. 이미 지수가 전망치를 웃돌고 있지만, 이들 증권사의 공통된 전망은 내주 추가 상승 폭은 크지 않을 것이라는 점이다. 반도체, 자동차와 함께 미국의 블루웨이브의 수혜를 입을 수 있는 친환경, 신재생에너지 업종에 관심을 둬야 한다는 의견이 많다. 이와 함께 기대 인플레이션 상승과 연관해 경기민감주와 금융주도 주의 깊게 살펴볼 만한 섹터다. 김영환 NH투자증권 연구원은 “가파르게 오르는 주식에 편승하기보다는 재정지출 확대와 경기 회복 수혜를 받을 수 있으면서도 상대적으로 가격 부담이 적은 주식을 선별해 투자할 필요가 있다”고 조언했다./박성호기자 junpark@sedaily.com▶ 상위 1% 투자자 픽! [주식 초고수는 지금]▶ 전문가에게 듣는 성공 방정식 [투자의 창]▶ 네이버 채널에서 '서울경제' 구독해주세요!저작권자 ⓒ 서울경제, 무단 전재 및 재배포 금지"
    },
    {
        "title": "중국 통신사 美증시 퇴출, 미중 '자본시장 결별' 앞당긴다",
        "date": "2021.01.09. 오전 7:01",
        "content": "미 국방부 블랙리스트 오르면 즉각 증시 퇴출…알리바바 지정 땐 큰 충격\"중국 기업 미 증시 자진 이탈 움직임 더욱 빨라질 것\"\n\n\n\n미국 자본시장의 중심부인 뉴욕 월스트리트[AFP=연합뉴스]    (상하이=연합뉴스) 차대운 특파원 = 차이나 모바일을 비롯한 중국 3대 국영 통신사가 세계 자본시장의 심장부인 뉴욕 증시에서 쫓겨나게 됐다.    이들 통신 3사의 전체 발행 주식 가운데 미국 증시에 상장된 양은 매우 작아 이들 기업이나 전체 증시에 끼치는 영향은 제한적이다.    하지만 미 국방부가 지정한 블랙리스트에 오르기만 하면 미국 증시에서 강제로 퇴출당한다는 점이 처음으로 분명히 확인되면서 신냉전 구도 속에서 미중 자본시장의 디커플링(탈동조화) 시대가 더욱 앞당겨질 것이라는 관측이 고개를 든다.    최근 세계 자본시장에서는 중국의 3대 통신사인 차이나 모바일, 차이나 텔레콤, 차이나 유니콤의 뉴욕 증시 퇴출 소식이 관심을 모았다.     뉴욕증권거래소(NYSE)는 오락가락 행보 끝에 결국 지난 6일(현지시간) 차이나모바일 등 3사를 상장 폐지한다고 밝혔다.    시장이 특히 주목한 부분은 미 국방부가 지정한 '중국 인민해방군 연계 기업 목록'에 오르면 해당 기업이 즉시 미국 증시에서 쫓겨나게 된다는 점이다.    당초 시장에서는 국방부 블랙리스트에 따른 제재 효과가 미국 기관과 개인의 해당 기업 대상 투자가 금지되거나 미국계 기관이 운영하는 증시 지수에서 해당 기업들이 배제되는 것 정도로 여겨졌는데 기존 상장사가 증시에서 즉각 퇴출당하는 강력한 효력을 발휘한다는 점이 새롭게 확인된 것이다.    도널드 트럼프 미국 대통령은 작년 11월 중국군과 연계된 기업에 미국인들이 투자하지 못하게 하는 행정명령을 내렸는데 그간 시장에서는 '미국인 투자 금지'가 과연 어떤 조치까지를 포괄하는 것인지를 둘러싼 혼선이 존재했다.    NYSE가 중국 3대 통신사를 처음 상장 폐지한다고 했다가 이를 번복하고, 다시 상장 폐지한다는 결론을 내릴 때까지 갈지(之)자 행보를 보인 것도 이 때문이었다.    미국 재무부가 나서 행정명령과 관련해 미국인들이 블랙리스트에 오른 기업의 거래에 일체 관여할 수 없다는 보다 선명한 지침을 내놓으면서 중국 통신사 상장폐지와 관련한 '교통정리'가 마무리됐다.    현재까지 미 국방부가 지정한 중국군 연계 블랙리스트에 오른 중국 기업은 모두 35개.    앞으로 미중 관계의 향배에 따라 블랙리스트 목록에 확대될 수 있다는 점은 지금 미국에 상장된 중국 기업들에 큰 불확실성의 그늘을 드리운다.    안 그래도 작년 12월 미국에서 '외국회사 문책법'이 도입돼 미국 증권감독 당국의 회계 기준을 충족하지 못하는 중국 기업이 3년 뒤에는 대거 강제 퇴출당할 수 있다는 관측이 제기된 바 있다.    이번 중국 통신사 퇴출 사건을 통해 세계 투자자들이 3년 뒤에나 닥칠 것으로 예상한 폭풍이 이미 해안에 상륙했음을 갑자기 깨닫게 된 셈이다.    최근 일부 미국 언론 보도를 통해 알려진 것처럼 만일 임기 종료를 앞둔 트럼프 대통령이 시가총액이 670조 원에 달하는 중국 전자상거래 업체 알리바바를 중국군 연계 블랙리스트에 올리면 관련 주식이 폭락하면서 미국은 물론 세계 자본시장에 당장 '메가톤급' 충격을 끼칠 가능성이 있다.    블랙스톤과 뱅가드그룹 등 무수한 대형 기관 투자자들과 많은 미국 개인 투자자들도 알리바바 주식을 다량 보유하고 있다.    알리바바 같은 초대형 기업을 제외해도 미국 증시에는 이미 수많은 중국의 기업들이 상장되어 있다.    바이두, 알리바바, 징둥, 핀둬둬, 넷이즈, 씨트립을 비롯한 중국의 많은 유망 기업이 중국 대신 미국 증시에 상장해 거액의 자금을 조달했는데 이는 그간 미국과 중국 자본시장이 긴밀히 연결되어 있기에 가능한 일이었다.    현재 미국 증시에 상장된 중국 기업은 총 230개, 이들 기업의 시총은 1조 달러(약 1천100조 원)로 미국 전체 시총의 3%에 달한다.    미중 신냉전 속에서 2019년 말부터 이미 알리바바, 징둥, 넷이즈 등 여러 중국 대형 기업들이 홍콩에서 대규모 2차 상장을 하는 등 미국 증시에서 서서히 발을 빼려는 움직임이 시작됐다.    또 중국 정부는 상하이 증권거래소의 기술주 전문 시장인 과학혁신판(스타 마켓)에 자국 첨단 기업의 상장을 독려하고 있다.\n\n\n\n중국의 금융 중심지인 상하이 푸둥 루자쭈이 금융가[촬영 차대운]    이런 가운데 불거진 이번 3대 중국 통신사의 미국 증시 퇴출을 계기로 미국 상장 중국 회사들의 '자진 이탈'이 더욱 본격화할 것이라는 관측이 고개를 든다.    경제 매체 차이신(財新)은 \"원래는 미국 증시 강제 퇴출까지 3년의 완충 기간이 있을 것으로 생각했지만 현재 상황은 더욱 심각해졌다\"며 \"미국 상장 중국 회사들의 능동적인 이탈 움직임이 더욱 빨라질 것\"이라고 내다봤다.    cha@yna.co.kr▶네이버에서도 뉴스는 연합뉴스[구독 클릭]▶[팩트체크]'정인이 사건' 경찰 재수사 불가?▶제보하기<저작권자(c) 연합뉴스(https://www.yna.co.kr/), 무단 전재-재배포 금지>"
    },
    {
        "title": "[표]유가증권·코스닥 투자주체별 매매동향(1월 8일-최종치)",
        "date": "2021.01.08. 오후 6:12",
        "content": "[서울경제] \n\n\n\n▶ 상위 1% 투자자 픽! [주식 초고수는 지금]▶ 전문가에게 듣는 성공 방정식 [투자의 창]▶ 네이버 채널에서 '서울경제' 구독해주세요!저작권자 ⓒ 서울경제, 무단 전재 및 재배포 금지"
    },
    {
        "title": "[시그널] 바이오기업 네오이뮨텍 2월 코스닥 상장···최대 960억원 조달",
        "date": "2021.01.08. 오후 5:58",
        "content": "[서울경제] 바이오 기업 네오이뮨텍은 8일 금융위원회에 코스닥 상장을 위한 증권신고서를 제출하고 기업공개(IPO)를 본격 추진한다고 밝혔다.기술특례상장을 추진 중인 네오이뮨텍은 상장을 통해 신약 개발 파이프라인을 강화하고 글로벌 임상 및 사업화에 주력한다는 전략이다. 면역과 감염 질환 혁신 치료제를 개발하고 글로벌 면역 항암제 시장 선도 기업으로 도약하겠다는 계획이다. 총 공모주식수는 150만DR(예탁증권)로 100% 신주 모집이다. 공모 희망가 범위는 5,400~6,400원이다. 이번 공모를 통해 최대 약 960억 원을 조달할 예정이다.양세환 네오이뮨텍 대표는 “당사가 추진 중인 NT-I7의 임상 개발, 사업화 등에 대한 전략적 투자를 위해 지금이 상장의 적기라고 판단했다”며 “상장을 통해 혁신 신약의 가치와 잠재력을 입증하고 신약개발 성과를 바탕으로 기업가치와 경쟁력을 극대화할 것”이라고 말했다.기관투자자 대상 수요예측은 내달 1일과 2일이다. 공모가는 4일 최종 확정된다. 5일과 8일 일반 청약을 받는다. 2월 중순 상장 예정으로 상장 주관사는 하나금융투자와 미래에셋대우이다. /강도원기자 theone@sedaily.com▶ 상위 1% 투자자 픽! [주식 초고수는 지금]▶ 전문가에게 듣는 성공 방정식 [투자의 창]▶ 네이버 채널에서 '서울경제' 구독해주세요!저작권자 ⓒ 서울경제, 무단 전재 및 재배포 금지"
    },
    {
        "title": "시장 못따라가는 목표주가·지수...애널들 \"난감하네\"",
        "date": "2021.01.08. 오후 5:53",
        "content": "삼성SDI·SK이노 등 목표가 격차 최대 10만 원증권사 예상 코스피 지수도 벌써 뛰어넘어\n\n\n\n[서울경제] 코스피가 3,000시대로 접어든 지 단 하루 만에 3,100을 돌파할 정도로 국내 증시가 쉴 틈 없이 치고 오르자 증권사 애널리스트들도 당황한 모습을 감추지 못하고 있다. 지난해 말부터 제시했던 코스피 예상 지수와 주요 종목의 목표 주가를 훌쩍 뛰어넘는 장세가 펼쳐지고 있기 때문이다.8일 관련 업계에 따르면 증권사의 목표 주가를 웃도는 종목들이 속출하고 있다. 전기차 배터리 업체들이 대표적이다. 에프앤가이드에 따르면 삼성SDI(006400)의 경우 최근 3개월 내 증권사들이 내놨던 목표 주가 평균은 63만 3,158원으로 나타난다. 하지만 올해 첫 거래일(종가 67만 1,000원)부터 이를 가뿐하게 뛰어넘었다. 이날 삼성SDI는 전일 대비 5.87% 오른 73만 9,000에 거래를 끝내 목표가와 10만 원 정도 격차가 벌어졌다. 증권사들은 통상 6개월 또는 12개월의 기간을 예상하고 목표 주가를 산정한다. SK이노베이션(096770)도 마찬가지다. 목표 주가 평균치가 21만 1,000원인 SK이노베이션은 이날 28만 3,000원으로 마감했다. 한 애널리스트는 “SK이노베이션은 정유주와 배터리 업체의 성격이 혼재돼 있고 소송 등의 이슈를 감안해 목표가를 보수적으로 제시했다”면서도 “주가가 예상보다 더 빠르게 움직여 당황스럽기는 하지만 시장의 평가가 맞다고 봐 목표 주가 재산정이 필요할 것 같다”고 말했다. ‘애플카’ 이슈로 엮였던 종목들도 증권사 목표 주가를 넘어서고 있다. LG전자(066570)는 현재 14만 7,500원 수준인데 증권사 목표가는 13만 6,632원이다. 이날 현대차(005380)·현대모비스(012330) 등도 증권사 목표 주가를 넘겼다. 현대차와 현대모비스는 각각 24만 6,000원,  35만 9,500원으로 마감했고 각각의 목표가는 23만 8,684원, 31만 8,611원이다.계속된 강세로 목표가를 서둘러 올리는 종목들도 잇따른다. 가령 삼성전자의 경우 지난해 12월께 증권사들이 전망했던 주가 수준은 8만 6,000~9만 5,000원 선이었다. 하지만 새해 들어서면 10만 원대의 목표가를 제시하고 있다. 키움증권이 처음으로 10만 원의 목표가를 내놨고 이후 하나금융투자(11만 1,000원), 이베스트투자증권(10만 원), DS투자증권(10만 4,000원) 등도 10만 원대로 눈높이를 높였다.코스피지수도 증권사들의 예상보다 더 빠르게 오르는 추세다. 지난해 11월 당시 올해 코스피 3,000 선을 예상한 국내 증권사들은 많지 않았다. 대신증권이 처음으로 3,080 선을 제시했다. 지난해 말 국내 증시가 산타 랠리를 이어가자 주요 증권사들은 부랴부랴 예상치를 3,000 선으로 높여 잡았다. 하지만 현재 지수는 수정 전망치도 가뿐히 제쳤다. 한 증권사 투자전략팀장은 “시장 지수를 뒤따라가면서 계속해서 타깃을 수정하는 것은 적절하지 않다고 판단한다”며 “기업 이익 추정 등을 다시 확인한 뒤 코스피 예상 지수를 고칠지 결정할 계획”이라고 말했다. /이완기기자 kingear@sedaily.com▶ 상위 1% 투자자 픽! [주식 초고수는 지금]▶ 전문가에게 듣는 성공 방정식 [투자의 창]▶ 네이버 채널에서 '서울경제' 구독해주세요!저작권자 ⓒ 서울경제, 무단 전재 및 재배포 금지"
    },
    {
        "title": "외인 10년來 최대 '사자'···코스피 3,150 넘었다",
        "date": "2021.01.08. 오후 5:51",
        "content": "1조 6,424억 '바이코리아'에4% 급등···7개월래 최대 상승대형주들 호재도 잇따라 터져삼전 7%·현대차 19.4% 폭등\n\n\n\n8일 오후 서울 중구 하나은행 딜링룸에서 딜러들이 모니터를 주시하며 분주하게 업무를 보고 있다. /오승현기자[서울경제] ‘동학 개미’와 기관에 이어 외국인 투자가들이 10년 만에 가장 강력한 ‘바이 코리아’에 나서면서 코스피지수가 단숨에 3,100포인트마저 돌파했다. 경제 회복 기대감이 기저에 흐르는 가운데 반도체·자동차·2차전지 등 새해 증시를 이끌던 대형 주도주들의 호재도 때마침 터져 나오면서 투자 심리를 자극했다. 투자 주체들이 번갈아가며 적극적으로 매매에 뛰어들면서 이날 국내 양대 증시의 거래 대금도 사상 처음으로 50조 원을 돌파했다. \n\n\n\n8일 한국거래소에 따르면 이날 코스피지수는 전거래일보다 3.97%(120.50포인트) 뛴 3,152.18로 장을 마쳤다. 이날 상승 폭은 지난해 6월 16일(5.28%) 이후 7개월 만에 최대다. 외국인들의 순매수세가 대거 유입되면서 지수 상승의 원동력이 됐다. 외국인은 올해 들어 4,155억 원을 순매도했지만 이날은 하루에만 유가증권시장에서 1조 6,479억 원을 순매수하면서 개인 투자자(-5,591억 원), 기관(-1조 1,479억 원)이 내놓은 물량을 대부분 사들였다. 이날 외국인의 순매수 규모는 지난 2011년 7월 8일(1조 7,200억 원) 이후 10여 년 만에 가장 컸다.  특히 올 들어 개인과 기관·외국인이 번갈아 순매수 주체로 나서면서 지수를 끌어올리는 모습이다. 코스피지수가 장중 3,000포인트를 기록한 5일 개인들은 7,283억 원을 순매수했으며 7일에는 기관이 1조 원을 사들이면서 종가 기준 3,000포인트를 넘어섰고 이날은 외국인이 주인공이었다. 외국인이 6,000억 원 이상 순매수한 삼성전자는 7.12%나 올랐으며 현대자동차는 애플과의 협업 검토 소식에 19.42% 급등했다. 비대면 관련주로 한동안 오름폭이 작았던 카카오와 NAVER도 외국인 수요가 유입되며 오랜만에 각각 7%대의 강세를 보였다. 이재선 하나금융투자 연구원은 “미국의 경기 부양책 확대에 따른 달러 약세 가능성으로 외국인 중심의 강한 매수세가 나타났다”며 “시가총액 상위 10위권 내 전 종목이 상승했다”고 말했다. /박성호기자 junpark@sedaily.com▶ 상위 1% 투자자 픽! [주식 초고수는 지금]▶ 전문가에게 듣는 성공 방정식 [투자의 창]▶ 네이버 채널에서 '서울경제' 구독해주세요!저작권자 ⓒ 서울경제, 무단 전재 및 재배포 금지"
    },
    {
        "title": "개인·기관·外人 번갈아 폭풍매수···빚투 20조 넘어 '증시 뇌관'",
        "date": "2021.01.08. 오후 5:50",
        "content": "[브레이크 없는 K증시]■3,150도 뚫은 코스피양대 증시 하루 거래액 60조시총 10위 중 7개 종목 신고가\"과열따른 변동성확대 조심을\"\n\n\n\n코스피지수가 급등세를 타며 3,100 선마저 돌파한 8일 오후 서울 중구 하나은행 딜링룸에서 딜러들이 환하게 웃고 있다.  /오승현기자\n\n\n\n[서울경제] “작은 충격에도 시장이 크게 흔들릴 수 있습니다.”(이주열 한국은행 총재. 6일)“경기회복 과정에서 불거질 수 있는 위험 요인을 예의주시해야 합니다”(김용범 기획재정부 제1차관. 7일)새해 초부터 상승 랠리를 펼치고 있는 국내 증시에 대해 정부 당국자들이 잇따라 경고성 발언을 내놓고 있지만 시장은 아랑곳하지 않고 급등세를 타고 있다. 지난 7일 종가 기준으로 처음 3,000 선을 돌파한 코스피지수는 하루 만에 또 120포인트 넘게 오르면서 3,100 선마저 돌파했다. 미국의 블루웨이브(미국 행정부와 상·하원을 모두 민주당이 장악하는 것)가 현실화되면서 경기 부양책에 대한 기대감이 높아진 상황에서 국내 증시를 주도하는 자동차·2차전지·반도체 업종에서의 호재가 맞물리자 외국인들이 대거 증시로 ‘유턴’한 것이 지수를 또다시 큰 폭으로 끌어올렸다. 하지만 파죽지세인 증시를 타고 신용 융자액도 처음으로 20조 원을 돌파하는 등 ‘빚투’ 역시 빠르게 늘고 있어 향후 증시 변동성이 커질 경우 증시의 뇌관으로 작용할 수 있다는 지적이다. 8일 한국거래소에 따르면 코스피지수는 지난해 3월 24일 이후 가장 큰 폭인 120.5포인트(3.97%) 오르면서 3,152.18까지 치솟았다. 유가증권시장 시가총액도 사상 처음으로 2,100조 원을 돌파했으며 코스닥 시장 시총을 포함할 경우 국내 증시 전체 시총은 2,500조 원을 넘어섰다. 이날 양대 증시 거래액도 60조 원을 처음으로 돌파하는 등 거래가 그야말로 ‘폭발’했다. 한동안 매도세를 유지했던 외국인들이 돌아오면서 지수 상승을 견인했다. 이날 외국인은 유가증권시장에서만 1조 6,494억 원어치를 순매수했다. 오전에는 순매도세를 보였지만 오후 들어 방향을 전환해 2011년 7월 8일(1조 7,200억 원) 이후 가장 큰 규모의 순매수세를 기록했다. 미국의 경기 부양책 확대에 따른 달러 약세가 지속될 것이라는 전망과 함께 국내 기업들의 이익 전망치가 지속적으로 상향되고 있는 점이 외국인의 ‘유턴’을 가능하게 했다는 설명이다. 외국인은 이날 삼성전자(005930)(6,052억 원)를 비롯해 현대차(005380)(2,633억 원), 카카오(035720)(2,588억 원), SK하이닉스(2,472억 원), NAVER(035420)(1,627억 원) 순으로 사들였다. 이날 시가총액 상위 15위 종목까지는 모두 상승했으며 시총 10위권 내 52주 신고가를 새로 쓴 종목도 삼성전자·SK하이닉스·LG화학(051910)·현대차·삼성SDI(006400)·카카오·현대모비스(012330) 등 7개에 달할 정도로 대형주 쏠림현상이 두드러졌다. 반면 개인은 오후 들어 차익 실현 매물을 대거 쏟아내면서 5,614억 원어치를 순매도했고 기관도 1조 1,451억 원어치의 주식을 내다 팔았다. 서상영 키움증권 연구원은 “대형주의 강세가 주식시장 상승을 이끌었다”며 “외국인이 전기·전자 및 금융업, 화학 등을 중심으로 대규모 순매수로 돌아서자 지수는 3,100을 돌파했다”고 말했다. 특히 올 들어 개인과 기관·외국인이 번갈아 순매수 주체로 나서면서 지수를 끌어올리고 있다. 코스피지수가 장 중 3,000을  기록한 5일 개인들은 7,283억 원을 순매수하며 코스피지수를 장 중 처음으로 3,000 선을 넘게 했고 7일에는 기관이 1조 원을 사들이면서 종가 기준 3,000을 넘어섰다.  특히 이날 증시는 블루웨이브로 인한 경기 부양책 확대에 대한 기대 심리에 국내 증시를 이끌어나가던 2차전지·자동차·반도체 업종에 호재가 드러나면서 수직 상승했다. 실제로 삼성전자는 이날 시장의 전망치(9조 6,000억 원)에 미치지 못하는 4·4분기 영업이익 실적(9조 원)을 발표했지만 주가는 오히려 7.12% 급등했다. 이는 신종 코로나바이러스 감염증(코로나 19) 글로벌 확산으로 주가가 폭락한 뒤 반등했던 지난해 3월 24일(10.47%) 이후 최대 폭의 상승이다. 4·4분기 실적은 저조했지만 이를 기반으로 올해 실적이 상향되고 있다는 점이 부각됐다. 송명섭 하이투자증권 연구원은 삼성전자에 대해 “올해 실적이 예상보다 좋을 것 같은 데다 유동성이 엄청나게 들어오면서도 밸류에이션 배수가 상향 조정 중인 것도 영향을 미치고 있다”고 설명했다. 현대차는 애플의 전기차 생산을 협의 중이라는 소식이 전해지면서 현대차그룹주와 밸류체인에 속한 부품주 등 관련주가 모조리 급등했다. 특히 이날 하루에만 현대차그룹의 시가총액은 전날보다 17조 원 이상 급증했다. 현대차 시총 역시 8조 5,000억 원이 늘면서 삼성바이오로직스에 이어 시총 5위에 자리매김했다. 미국의 블루웨이브에 따른 신재생에너지 정책 강화로 직접적인 수혜가 기대되는 2차전지 업종도 초강세였다. LG화학은 3.85%, 삼성SDI는 5.87% 올랐으며 SK이노베이션(096770)은 7.6% 급등해 시총 13위까지 올라왔다. 코스피지수가 3,000을 넘어선 후 단기 급등한 만큼 투자자들이 주가 수준에 부담을 느낄 것이라는 증권가의 전망은 코스피 지수가 하루 만에 3,150까지 오르면서 기우로 끝나버렸다. 하지만 여전히 증권가에서는 과열에 따른 변동성 확대를 조심해야 한다고 입을 모은다. 국내 증시가 우상향할 것이라는 전망이 우세하지만 과열에 따른 심리적 부담감과 금리 상승, 미국 민주당 정부의 기업 규제 강화 등의 악재가 나올 경우 이를 빌미로 증시가 단기적으로 약세를 보일 가능성도 있다. 실제로 신용융자 잔액은 지난 7일 기준 20조 1,223억 원으로 처음으로 20조 원을 넘어섰다. 올 들서만 4거래일 동안 1조 원 가까이 빠르게 늘었다. 지난해 5월만 해도 10조 원에 불과했으나 7개월여 만에 ‘빚투’가 2배 급증한 셈이다. 이효석 SK증권 연구원은 “주식시장이 과열 국면에 진입했다는 것은 부정할 수 없는 사실”이라며 “갑작스럽게 변동성이 커질 수 있으며 변동성에도 대비할 필요가 있다”고 조언했다. /박성호기자 junpark@sedaily.com▶ 상위 1% 투자자 픽! [주식 초고수는 지금]▶ 전문가에게 듣는 성공 방정식 [투자의 창]▶ 네이버 채널에서 '서울경제' 구독해주세요!저작권자 ⓒ 서울경제, 무단 전재 및 재배포 금지"
    },
    {
        "title": "파죽지세 코스피…8일도 4% 폭등",
        "date": "2021.01.08. 오후 5:50",
        "content": "◆ 삼성전자 실적발표 ◆ \n\n\n\n 외국인이 1조6000억원 넘게 순매수하며 코스피가 3100선을 돌파했다.8일 한국거래소에 따르면 코스피는 전일 대비 3.97% 상승한 3152.18에 장을 마감했다. 외국인이 유가증권시장에서 1조6479억원을 순매수하며 상승을 주도했다. 반면 개인과 기관은 순매도했다. 코스닥지수는 장중 995.22까지 올라갔지만 전일 대비 0.11% 하락한 987.79에 거래를 마쳤다. 코스닥시장에서는 개인이 2854억원 순매수했다. 이날 코스피 거래대금은 사상 처음으로 40조원을 돌파한 40조9095억원을 기록했다. 특히 삼성전자와 현대차는 각각 역대 종목별 거래대금 1, 2위를 기록했다. 자동차주가 증시를 이끈 가운데 시가총액 상위주가 대부분 상승 마감했다. 시총 1위 삼성전자는 7.12% 오른 8만8800원을 기록했다. 삼성전자는 이날 장중 9만원을 찍었다. [신유경 기자]빨라도 너무빠른 코스피…금융위원장 \"불안과 기대 교차\"외인 매수에 3100도 뚫었다코스피 시총 첫 2100조 돌파은성수 \"불안과 기대 교차본인 자금여력 내 투자 중요\" \n\n\n\n 8일 코스피가 외국인의 집중 매수에 힘입어 3100선을 돌파했다. 외국인은 이날 하루에만 유가증권시장에서 1조6000억원어치 넘게 사들였다. 이경수 하나금융투자 연구원은 \"중국 통신사 3개 종목이 미국 행정명령으로 MSCI 지수에서 추가로 제외된 점과 MSCI 아시아지수와 관련한 리밸런싱 자금 등을 고려한다면 코스피의 외국인 순매수 자금이 설명될 것\"이라고 분석했다.코스피가 종가 기준으로 3000을 돌파한 지 하루 만인 이날 3100을 넘기면서 과열 논란이 벌어지고 있다. 이날 코스피는 전일 대비 3.97% 급등해 3152.18로 장을 마쳤다. 한국거래소에 따르면 이날 유가증권시장 거래대금은 40조9095억원으로 사상 최고치를 기록했다.전문가들은 단기간 코스피가 급등해 과열 우려가 있다면서 주의를 요청했다. 금융정보 제공 업체 에프앤가이드에 따르면 코스피 12개월 선행 주가수익비율(PER)은 14.7배까지 올라온 상황이다. PER는 기업들의 순이익 대비 주가 수준이 얼마나 되는지 나타내는 지표다. PER가 높을수록 투자자들이 미래 가치를 높게 본다는 것을 의미한다. 오태동 NH투자증권 리서치센터장은 \"그동안 경험하지 못한 수준으로 주가가 올라온 셈\"이라며 \"이 정도로 투자자들이 기대를 가지면 꽤나 투자심리가 오래 지속될 것 같다\"고 말했다.한국 증시가 역대급 호황을 누리던 2007년 코스피 12개월 선행 PER는 12~13배 수준이었다. 이미 코스피가 2008년 금융위기 직전 수준으로 오른 만큼 숨 고르기 장세가 언제든 닥칠 수 있다.한편 은성수 금융위원회 위원장은 이날 주간업무회의에서 \"긍정적 (주가) 흐름을 지속·강화하기 위해 보다 적극적으로 노력하겠다\"면서도 \"코로나19 추이에 따라 위기 시에는 언제든지 금융시장의 안전판 역할을 할 것\"이라고 말했다. 이어 그는 \"시중 유동성이 실물로 흘러 들어갈 수 있도록 정책적 노력을 강화하겠다\"고 설명했다. 특히 은 위원장은 \"주가 3000 시대를 맞아 불안감과 기대가 교차하고 있다\"며 \"무엇보다 기업 실적에 대한 정확한 분석을 통해 '본인의 투자 여력 범위 내'에서 투자하는 것이 중요하다\"고 강조했다.  [김규식 기자 / 신유경 기자]▶ 네이버 메인에서 '매일경제'를 받아보세요▶ 궁금한 제조과정 영상으로 보세요. '이렇게 만들죠'▶ 아파트 살까 청약할까. 여기서 확인하세요. '매부리tv'[ⓒ 매일경제 & mk.co.kr, 무단전재 및 재배포 금지]"
    },
    {
        "title": "\"나만 '벼락거지'될라\"...연초부터 ‘중년 개미’들 증권사 러시",
        "date": "2021.01.08. 오후 5:48",
        "content": "[코스피 4.1% 폭등 3,150선 안착]\"상승장서 소외될수 없다\" 판단하루 10만개 이상 신규 계좌 터삼성전자 등 대형종목 중심 투자'공모주 대박' 노려 미리 개설도\n\n\n\n[서울경제] 50대 직장인 김 모 씨는 며칠 전 증권사 객장을 찾아가 주식 계좌를 새로 만들었다. 10여 년 전 중국 펀드 붐이 일었을 때는 금융 위기로 큰 재미를 보지 못했고 이후 증권사 직원이 권유한 주식을 샀다가 큰 손해를 보고 증권사 계좌는 거들떠보지도 않았다. 지난해 신종 코로나바이러스 감염증(코로나19)으로 충격을 받았던 증시가 반등세를 이어가는 가운데서도 김 씨는 조정을 기다렸다. 그러나 연초에도 코스피지수가 3,000을 넘어서는 등 불을 뿜자 ‘나 혼자’ 증시에서 소외되고 있다는 불안감이 커져 드디어 행동에 나섰다. 다만 그는 이번에는 ‘안 망할 회사’인 삼성전자·현대차와 같은 우량 종목 위주로만 살 계획이다.  새해 들어 증시에 입성하는 투자자들의 발길이 더 빨라지고 있다. 특히 코스피지수가 올해 들어 닷새 만에 10%가량 오르자 보수적인 투자층이었던 중장년·노년층까지도 증권사 객장을 찾고 있다. 8일 키움증권·미래에셋대우·한국투자증권·NH투자증권·KB증권 등 국내 5개 주요 증권사에서 4~7일 나흘간 개설된 신규 계좌 수는 42만 9,133개에 달했다. 전체적으로 50만 개 이상의 계좌가 새로 만들어졌을 것으로 추정된다. 전체 주식거래 활동 계좌 수도 7일 기준 3,574만 3,583개로 지난해 말에 비해 1주일 새 25만 8,182개가 늘었다. 상당 비중이 비대면으로 개설되고 있지만 증권사 영업점 역시 붐비고 있다. 비대면 계좌 개설에 익숙하지 않거나 미성년 자녀 혹은 손주의 계좌를 만들기 위해 직접 지점을 찾는 중장년층이나 노년층 때문이다. 특히 서울보다는 수도권이나 지방의 증권사 지점들에서 내방객들이 하루 종일 대기하거나 직원들이 야근하는 경우가 많다는 게 증권사들의 설명이다. 한 대형 증권사 관계자는 “카톡방, 소셜네트워크서비스(SNS) 등을 통해 트렌드에 민감한 2030세대가 지난해부터 급격하게 주식시장에 뛰어들었지만 주식에 보수적이었던 중장년층은 주가 조정을 기다리며 뒷짐을 지고 있었다”며 “그러나 요즘 들어 주식 유무에 따라 자산 격차가 크게 벌어지는 상황을 보면서 ‘포모 증후군(fear of missing out)’을 견디지 못해 주식을 시작하는 사례가 많다”고 말했다. 포모 증후군이란 상승장에서 나만 소외될 수 있다는 불안증을 말한다. 중장년층의 경우 레버리지를 활용해 단기 고수익을 좇는 2030세대와 달리 대형주 장기 투자 성향이 강하다는 게 증권가의 진단이다. 남혜림 유안타증권 삼척지점 매니저는 “신규든 기존 고객이든 기본적으로 삼성전자는 포트폴리오에 가져가려 한다”며 “유튜브를 통해 접한 주식 정보로 높은 수준의 질문을 하면서도 대형주 위주의 안정적인 투자를 선호하는 모습”이라고 전했다. 김성용 유안타증권 대구서지점 PB는 “40대 후반에서 60대의 장년층 신규 고객들이 앞으로 주가가 더 오를 것이라는 기대감에 객장을 많이 찾고 있다”며 “단기 트레이딩보다 주도주 위주의 대형 종목에 주로 관심을 갖는 편”이라고 말했다. 어린 자녀들에게 미리미리 주식을 사주려는 젊은 부모나 손주에게 주식으로 증여하려는 노년층도 눈에 띄게 늘었다는 전언이다. 이지연 미래에셋대우 마포WM 선임 매니저는 “신규 계좌를 개설해 은행예금을 국내 주식과 해외 주식, 상장지수펀드(ETF)에 투자하는 나이 드신 고객들이 급증했다”며 “이전까지는 드물었던 자녀에게 증여하기 위한 문의가 크게 늘어난 것도 특징”이라고 귀띔했다. 또 올해 초부터 줄줄이 이어질 공모주(IPO) 청약을 위해 미리 계좌를 만들어두려는 수요도 많다. 주명진 NH투자증권 반포WM센터장은 “지난해 ‘공모주 대박’에서 소외됐지만 올해는 공모주 물량을 최대한 신청하기 위해 미리 계좌를 만들고 상품을 일부 가입해두려는 투자자들이 꽤 있다”고 말했다. 증권사별로 기존 고객들에게 청약 한도를 차등적으로 배정하는 경우가 많아 조건을 미리미리 충족시키려는 발 빠른 투자자들인 셈이다. /이혜진·양사록기자 hasim@sedaily.com▶ 상위 1% 투자자 픽! [주식 초고수는 지금]▶ 전문가에게 듣는 성공 방정식 [투자의 창]▶ 네이버 채널에서 '서울경제' 구독해주세요!저작권자 ⓒ 서울경제, 무단 전재 및 재배포 금지"
    },
    {
        "title": "코스피 4% 급등에 옵션 수익률 2,660% '잭팟'",
        "date": "2021.01.08. 오후 5:46",
        "content": "코스피 200지수 콜옵션 최대 2,660% 상승률\n\n\n\n[서울경제] 코스피 200지수 옵션 수익률이 최대 2,660.00%까지 치솟은 것으로 나타났다. 이날 코스피가 3,100선을 넘어 강세를 보이면서 옵션 시장에서는 ‘잭팟’이 터졌다.8일 한국거래소에 따르면 코스피 200지수 옵션 중 콜옵션 행사가격 450.0인 종목의 상승률은 2,660.0%에 달했다. 행사가격이 447.5인 종목도 2,357.14%나 급등했다. 이외에도 445.0(1,135.29%), 442.5(1,026.09%), 440.0(941.94%) 종목이 높은 수익률을 기록한 것으로 나타났다.대표적인 파생상품인 지수옵션은 지수가 정해진 기간 안에 행사가격을 넘느냐 못 넘느냐에 베팅한다. 지수가 정해진 수준을 넘는 것이 콜옵션, 반대는 풋옵션이다./신한나기자 hanna@sedaily.com▶ 상위 1% 투자자 픽! [주식 초고수는 지금]▶ 전문가에게 듣는 성공 방정식 [투자의 창]▶ 네이버 채널에서 '서울경제' 구독해주세요!저작권자 ⓒ 서울경제, 무단 전재 및 재배포 금지"
    },
    {
        "title": "애플發 자율차 희소식에…현대차·모비스 20%대 급등",
        "date": "2021.01.08. 오후 5:41",
        "content": "현대차-애플, 자율차 협업현대차시총 하루새 8.5조 늘어LG화학 등 배터리株도 탄력\n\n\n\n 애플카가 한국 자동차 주식을 강타했다. 애플이 현대자동차그룹에 자율주행 전기차, 즉 애플카 공동개발을 제안했다는 소식에 현대차그룹주는 물론이고 배터리 등 밸류체인 전반 대부분의 자동차 관련주 주가가 들썩였다. 8일 현대자동차 주가는 전날에 비해 19.42% 오른 24만6000원에 마감했다. 시가총액이 44조원(7일 기준)에 달하는 현대차는 장 초반 변동성 제한조치(VI)에 걸리며 장중 25%가량 급등한 후 상승폭을 줄인 채 마쳤다. 현대차의 주가 상승률은 가격제한폭이 30%로 확대된 이후 종가 기준 가장 높은 상승률이다. 이날 현대차 시총은 하루 새 8조5500억원가량 늘어나며 네이버를 제치고 국내 시총 6위(삼성전자 우선주 제외 시 5위)를 탈환했다. 현대차그룹의 대표 부품업체인 현대모비스와 현대위아도 각각 18.06%, 21.33% 급등했다. 대표 차량 부품업체인 만도 역시 14.33% 상승했다.배터리 3사의 주가흐름 역시 좋았다. LG화학(3.85%), 삼성SDI(5.87%), SK이노베이션(7.6%) 등이 5% 내외로 상승했다. 다만 지난달 세계 3위 자동차부품업체 마그나와 합작법인을 설립한 후 애플카에 부품을 공급할 것으로 예상됐던 LG전자는 1.67% 하락했다. 금융투자업계는 애플카와 현대차그룹 간 협력 추진 소식이 당장 현대차그룹주 주가에 상승 동력이 될 것으로 전망하고 있다. 강성진 KB증권 연구원은 \"미래 모빌리티 산업 주도권을 쥘 수 있는 유력한 정보기술(IT) 업체와 협력 가능성이 제기됐다는 점에서 현대차그룹 주가는 긍정적 영향을 받을 것\"이라고 평가했다.현대차그룹을 넘어 국내 자동차주 전반에 훈풍이 예상된다는 의견도 많다. 국내 자동차산업은 수직계열화 체제가 완비된 데다 IT, 배터리 등 관련 인프라스트럭처가 잘 갖춰져 있어 양사 간 협력이 가시화되면 폭발력이 클 것이란 분석이다. 김진우 한국투자증권 연구원은 \"애플이 현대차에 손을 내민 이유를 잘 생각해볼 필요가 있다\"며 \"이번 건이 성사될 경우 자동차 부품회사들도 활로를 넓힐 수 있게 된다\"고 전망했다.  [강봉진 기자]▶ 네이버 메인에서 '매일경제'를 받아보세요▶ 궁금한 제조과정 영상으로 보세요. '이렇게 만들죠'▶ 아파트 살까 청약할까. 여기서 확인하세요. '매부리tv'[ⓒ 매일경제 & mk.co.kr, 무단전재 및 재배포 금지]"
    },
    {
        "title": "`3152` 너무빠른 코스피…금융위원장 \"불안과 기대 교차\"",
        "date": "2021.01.08. 오후 5:41",
        "content": "외인 매수에 3100도 뚫었다코스피 시총 첫 2100조 돌파은성수 \"불안과 기대 교차본인 자금여력 내 투자 중요\"\n\n\n\n 8일 코스피가 외국인의 집중 매수에 힘입어 3100선을 돌파했다. 외국인은 이날 하루에만 유가증권시장에서 1조6000억원어치 넘게 사들였다. 이경수 하나금융투자 연구원은 \"중국 통신사 3개 종목이 미국 행정명령으로 MSCI 지수에서 추가로 제외된 점과 MSCI 아시아지수와 관련한 리밸런싱 자금 등을 고려한다면 코스피의 외국인 순매수 자금이 설명될 것\"이라고 분석했다.코스피가 종가 기준으로 3000을 돌파한 지 하루 만인 이날 3100을 넘기면서 과열 논란이 벌어지고 있다. 이날 코스피는 전일 대비 3.97% 급등해 3152.18로 장을 마쳤다. 한국거래소에 따르면 이날 유가증권시장 거래대금은 40조9095억원으로 사상 최고치를 기록했다.전문가들은 단기간 코스피가 급등해 과열 우려가 있다면서 주의를 요청했다. 금융정보 제공 업체 에프앤가이드에 따르면 코스피 12개월 선행 주가수익비율(PER)은 14.7배까지 올라온 상황이다. PER는 기업들의 순이익 대비 주가 수준이 얼마나 되는지 나타내는 지표다. PER가 높을수록 투자자들이 미래 가치를 높게 본다는 것을 의미한다. 오태동 NH투자증권 리서치센터장은 \"그동안 경험하지 못한 수준으로 주가가 올라온 셈\"이라며 \"이 정도로 투자자들이 기대를 가지면 꽤나 투자심리가 오래 지속될 것 같다\"고 말했다.한국 증시가 역대급 호황을 누리던 2007년 코스피 12개월 선행 PER는 12~13배 수준이었다. 이미 코스피가 2008년 금융위기 직전 수준으로 오른 만큼 숨 고르기 장세가 언제든 닥칠 수 있다.한편 은성수 금융위원회 위원장은 이날 주간업무회의에서 \"긍정적 (주가) 흐름을 지속·강화하기 위해 보다 적극적으로 노력하겠다\"면서도 \"코로나19 추이에 따라 위기 시에는 언제든지 금융시장의 안전판 역할을 할 것\"이라고 말했다. 이어 그는 \"시중 유동성이 실물로 흘러 들어갈 수 있도록 정책적 노력을 강화하겠다\"고 설명했다. 특히 은 위원장은 \"주가 3000 시대를 맞아 불안감과 기대가 교차하고 있다\"며 \"무엇보다 기업 실적에 대한 정확한 분석을 통해 '본인의 투자 여력 범위 내'에서 투자하는 것이 중요하다\"고 강조했다.  [김규식 기자 / 신유경 기자]▶ 네이버 메인에서 '매일경제'를 받아보세요▶ 궁금한 제조과정 영상으로 보세요. '이렇게 만들죠'▶ 아파트 살까 청약할까. 여기서 확인하세요. '매부리tv'[ⓒ 매일경제 & mk.co.kr, 무단전재 및 재배포 금지]"
    },
    {
        "title": "원자재 값 동반 랠리에 철강·정유 '웃고' 음식료 '울고'",
        "date": "2021.01.08. 오후 5:40",
        "content": "경기회복 기대·물가상승 압력에철강·구리·원유 등 가격 오르자현대제철·풍산·S-Oil 등 주가 ↑농산물값 상승, 음식료주에 악재로\n\n\n\n[서울경제] 글로벌 경기회복 기대감과 유동성에 의한 물가 상승 압력으로 유가는 물론 산업용 원자재, 대두 등 농산물 가격까지 급등하는 상황에서 주식시장의 희비가 엇갈리고 있다. 철강·구리 값 상승은 관련 기업들의 주가를 대폭 끌어올렸지만 곡물 값이 오르면 원가가 올라가는 음식료 기업의 주가는 지지부진한 흐름을 보이고 있다. 8일 코스콤과 한국자원정보서비스 등에 따르면 지난 6일(현지 시간) 기준 영국 런던금속거래소(LME)에서 거래되는 구리 가격은 톤당 8,129.5달러를 기록해 8,000달러 선을 넘어섰다. 약 두 달 전인 11월 초와 비교해 20% 이상 오른 수치다. 금융 투자 업계는 최근 경기회복 기대감에 따른 산업 활동 재개 등으로 올해 상반기 구리 가격이 톤당 9,000달러까지 치솟을 것으로 전망하고 있다. 글로벌 철강 가격 역시 거침없는 상승세를 이어가는 중이다. 글로벌 철광석 가격은 지난 1일 기준 톤당 161.8달러로 두 달여 전인 11월 초 대비 37%나 급증했다. 이는 미국·유럽의 철강 설비 가동률 회복 속도에 비해 글로벌 자동차 판매량의 증가 속도가 더 빨라 빚어진 수급의 불균형 때문이라는 게 전문가들의 분석이다. 산업용 원자재 가격 상승은 신종 코로나바이러스 감염증(코로나19)으로 인해 위축됐던 경기가 회복세로 접어들었다는 신호로 해석되며 관련 기업들의 주가까지 끌어올렸다. 인프라 건설 등 산업 활동이 재개되면 수요가 늘고 철강값이 더 올라 기업들의 실적이 개선되리라는 기대감이 반영된 것이다. 실제로 현대제철(004020)과 POSCO(005490) 등은 올해 들어 5거래일 동안에만 각각 18.1%, 8.3%씩 주가가 상승했다. 구리 값에 영향을 받는 풍산(103140)과 LS(006260) 역시 같은 기간 각각 11.8%와 9.9% 올랐다. 최근 서부텍사스산원유(WTI)가 배럴당 50달러를 돌파하자 S-Oil과 GS 등 정유주도 올 들어 8.7%, 10.8%씩 상승하며 간만에 화색이 돈 모습이다. 반면 음식료 기업들의 경우 대두·옥수수 등 곡물 값 상승이 악재로 작용했다. 국내 음식료 기업들의 원가 경쟁력을 훼손하기 때문이다. 키움증권에 따르면 올해 1·4분기 옥수수·소맥·대두·원당의 평균 가격은 지난해 상반기 말 대비 각각 45%, 33%, 53%, 36% 상승했다. 대두 값에 영향을 받는 샘표(007540)의 경우 새해 들어 코스피가 3,000을 돌파한 상황에서도 주가가 1.5% 상승하는 데 그쳤다. 박상준 키움증권 연구원은 “국제 곡물 가격이 원화 강세폭 이상으로 뛰어오르며 국내 음식료 기업들의 원가 부담이 급격히 상승하고 있다”며 “제품 가격 인상으로 원가 부담을 해소해야만 하지만 실물 경기가 회복되지 않는 이상 이는 쉽지는 않을 것”이라고 설명했다. 그는 “다만 곡물 가격 상승세가 지속하고 실물 경기가 회복되는 하반기 즈음에는 제품가를 본격적으로 올릴 수 있어 실적이 회복 국면으로 접어들 것”이라고 덧붙였다. /김경미기자 kmkim@sedaily.com▶ 상위 1% 투자자 픽! [주식 초고수는 지금]▶ 전문가에게 듣는 성공 방정식 [투자의 창]▶ 네이버 채널에서 '서울경제' 구독해주세요!저작권자 ⓒ 서울경제, 무단 전재 및 재배포 금지"
    }
]