[
    {
        "title": "[표] 주간 주요 증시 지표",
        "date": "2021.01.31. 오후 6:45",
        "content": "▶ 네이버 메인에서 '매일경제'를 받아보세요▶ 궁금한 제조과정 영상으로 보세요. '이렇게 만들죠'▶ 아파트 살까 청약할까. 여기서 확인하세요. '매부리tv'[ⓒ 매일경제 & mk.co.kr, 무단전재 및 재배포 금지]"
    },
    {
        "title": "'경영권 분쟁 점화' 금호석화 \"3월 주총 전까지 변동성↑\"[株포트라이트]",
        "date": "2021.01.31. 오후 6:12",
        "content": "[헤럴드경제=이세진 기자] 금호석유화학 주가 변동성이 주주총회를 앞둔 상황에서 촉발된 경영권 분쟁으로 극대화됐다는 분석이 나왔다. SK증권 박한샘 연구원은 최근 보고서를 통해 오는 3월 주주총회에서 경영권 분쟁 가능성의 향방을 예측할 수 있을 것으로 내다봤다. 경영권 분쟁이 가시화하기 전까지 주가 변동성은 지속 확대할 전망이다. 박 연구원은 \"최근 한진칼 경영권 분쟁에 빗대어 볼 때 펀더멘털과 무관한 주가 변동성을 보였음을 감안해, 본업 이외의 요소로 인한 주가 움직임을 보일 가능성이 있다\"고 말했다. 앞서 지난 28일 경영권 분쟁 가능성이 수면위로 올라온 후 금호석유는 전거래일 대비 5만2000원(23.11%) 오른 27만7000원에 장을 마감했다. 금호석유는 장중 한때 28만8000원까지 오르며 고점을 경신하기도 했다.이어 29일에는 하락 반전해 전 거래일 대비 2만9500원(10.65%) 떨어진 24만7500원에 거래를 마감했다. 이는 경영권 분쟁 논란이 제기되면서 지분 확보 경쟁이 심화돼 주가 변동성이 극대화된 것으로 해석된다. 박찬구 금호석유화학 회장의 조카이자 개인 최대주주(10%)인 박철완 상무는 금호석화 측에 배당 확대와 이사 교체 등을 요구하는 내용의 주주 제안서를 발송했다.박 상무는 또 \"기존 대표 보고자(박 회장)와의 지분 공동 보유와 특수 관계를 해소한다\"고 공시했다. 금호석유의 박찬구 회장의 지분율은 6.7%다. 박 회장의 아들인 박준경 전무가 7.2%, 박주형 상무가 0.8%씩 보유 중이다박철완 상무는 금호그룹 3대 회장인 고 박정구 회장의 아들이다. 박찬구 회장이 박철완 상무의 삼촌이다. 두 사람은 지금까지 특수 관계인으로 묶여 있었다.금호그룹은 지난 2010년 박삼구 전 회장과 박찬구 회장 간 경영권 분쟁인 이른바 '형제의 난'으로 쪼개진 바 있다.조현렬 삼성증권 연구원은 \"사상 최대 이익 구간에서 벌어진 경영권 분쟁은 주주가치 극대화로 이어지며, 첫번째 표대결이 일어나는 오는 3월까지 주가 모멘텀이 이어질 것으로 보인다\"고 말했다.jinlee@heraldcorp.com▶환경적 대화기구 '헤럴드에코'▶밀리터리 전문 콘텐츠 ‘헤밀’▶헤럴드경제 네이버 채널 구독- Copyrights ⓒ 헤럴드경제 & heraldbiz.com, 무단 전재 및 재배포 금지 -"
    },
    {
        "title": "가장 비싼 종목 LG생활건강, 중국 호실적 타고 200만원 갈까[株포트라이트]",
        "date": "2021.01.31. 오후 6:04",
        "content": "서울 광화문 소재 LG생활건강 본사 [사진제공=LG생활건강][헤럴드경제=박이담 기자] LG생활건강은 국내 주식시장에서 가장 비싼 종목입니다. 지난 29일 기준 155만7000원에 거래를 마쳤죠. 100만원이 넘는 유일한 종목입니다.이런 LG생활건강이 중국에서 가파른 성장을 이어가고 있습니다. 우리 증시에 찾아온 조정국면을 뚫고 LG생활건강이 상승세를 이어갈지 투자자들의 관심이 모이고 있습니다. 증권사들은 줄줄이 LG생활건강의 목표가로 200만원을 제시한 상황입니다.지난 4분기 LG생활건강의 매출 2조944억원. 분기 매출로는 사상 최대치입니다. 전년 동기보다 4% 성장하며 분기 매출 2조원의 벽을 넘어섰습니다. 영업이익도 전년 보다 6.3% 오른 2563억원을 기록했습니다.신종 코로나바이러스 감염증(코로나19)으로 인한 타격에도 뚜렷한 성장세를 이어갈 수 있었던 이유는 중국에서의 호실적 덕분입니다. LG생활건강은 중국 화장품 매출액이 전년보다 41.1%나 성장했습니다.특히 온라인 시장에서 큰 성과를 거뒀습니다. 중국판 블랙프라이데이로 불리며 최대 온라인 쇼핑이 이뤄지는 광군제(11월11일)에서 두각을 나타냈습니다. 은성민 DS투자증권 리서치센터장은 \"LG생활건강은 광군제 행사에서 호실적을 거두며 매출액이 110% 성장하며 온라인 매출 비중 55%를 달성했다\"고 설명했습니다.면세점 채널에서도 분위기가 좋았습니다. 화장품 부문의 면세 채널 매출은 전년보다 7% 성장했습니다.지난 4분기 화장품 뿐만 아니라 생활용품과 음료 부문도 호실적을 거뒀습니다. 생활용품은 뉴에이본과 피지오겔 매출 확대에 힘입어 매출은 23.6%, 영업이익은 7.4% 증가했고, 음료부문도 매출 3.7%, 영업이익 17.1% 성장했습니다.더 기대되는 건 올해입니다. 금융투자업계에선 중국 현지 매출과 중국인 보따리상 매출 성장세가 올해 실적을 견인하며 주가도 200만원에 도달할 것이란 예상이 나옵니다.성준연 신한금융투자 연구원은 \"올해 LG생활건강의 영업이익은 지난해보다 9.8% 증가한 1조3400억원으로 추정된다\"면서 \"특히 중국인 보따리상 매출의 꾸준한 증가세와 중국 현지매출 성장세, 그리고 올해 4분기 중국인 개별 관광객 증가할 수 있는 점 반영하면 화장품 부문의 매출은 지난해보다 14.6% 증가한 9430억원에 달할 것\"이라고 분석했습니다.parkidam@heraldcorp.com▶환경적 대화기구 '헤럴드에코'▶밀리터리 전문 콘텐츠 ‘헤밀’▶헤럴드경제 네이버 채널 구독- Copyrights ⓒ 헤럴드경제 & heraldbiz.com, 무단 전재 및 재배포 금지 -"
    },
    {
        "title": "온라인 생중계·실시간 질의…'코로나 주총' 매경이 도와드려요",
        "date": "2021.01.31. 오후 5:56",
        "content": "매경 온택트 주총 대행서비스삼성전자·LG전자·네이버…온오프라인 주총 잇따라 개최中企엔 온라인 행사 큰 부담주주들에 모바일 초청장 발송개별 아이디 부여해 주주 관리사전 홍보영상·공시사항 전달3D 가상현실 구현도 가능해◆ 온택트 주주총회 ◆ \n\n\n\n지난해 3월 박정호 SK텔레콤 사장이 SK텔레콤 서울 본사에서 열린 정기 주주총회에서 발언하고 있다.  [사진 제공 = SK텔레콤] \"주주들이 먼저 물어 옵니다. 3월 주주총회를 온라인으로 개최하는지를. 주총 참석은 하고 싶은데 코로나19로 방역이 걱정되니까요.\"3월 주총을 준비 중인 중견기업의 기업설명회(IR) 담당자가 \"고객 요구도 있어 주총을 오프라인과 온라인으로 동시에 준비하려고 하는데 솔직히 엄두가 나지 않는다\"고 말했다.코로나19가 장기화되면서 3월 주총을 온·오프라인 동시 행사로 개최하려는 기업이 늘고 있다. LG전자는 지난 28일 열린 이사회에서 이번 주총부터 전자투표제를 도입해 주총을 온·오프라인으로 동시에 진행하기로 했다. 이에 앞서 삼성전자, 현대자동차, 네이버 등 주요 대기업 역시 주주 안전을 위해 온라인 주총을 개최하기로 결정했다.정지수 자본시장연구원 연구원은 \"전자 주총은 주총 활성화에 효과적일 뿐 아니라 주주들의 낮은 참석률을 해결할 수 있는 중요한 대안이며 방역 문제까지 해결해 줄 수 있다\"면서 \"코로나19로 국내 기업도 전자 주총에 대한 관심이 더욱 높아지고 있다\"고 말했다. 하지만 많은 기업이 온라인 주총 개최를 선뜻 결정하지 못하고 있다. 온라인 주총 준비를 위한 별도 조직을 마련할 형편도 안 되고 기술적 여건을 갖추지도 못하고 있기 때문이다.매일경제가 제공하는 '온택트 주주총회 원스톱 대행 서비스'는 기업의 이런 고민을 해결해 줄 수 있는 효과적인 대안이다. 온택트란 비대면을 뜻하는 언택트(Untact)에 온라인(Online)을 결합한 개념으로 온라인을 통해 대면하는 소통 방식을 말한다. 매일경제는 온택트 주총 개최 안내부터 온라인 생중계 등 전반적인 행사 운영, 보고서 제공 등 사후 관리까지 온택트 주총과 관련된 모든 서비스를 제공한다. 기업은 원하는 수요에 따라 △베이식 △베이식 플러스 △스탠더드 △프리미엄 △플래티넘 중에서 선택할 수 있다. 또 기업의 온라인 IR 활동도 지원할 방침이다.온택트 주총을 위해서는 챙겨야 할 일이 많다. 온택트 주총을 실시하려는 상장 기업은 우선 오프라인과 온라인 주총을 어떤 방식으로 진행할 것인지 결정한 다음 주총 개최 일시·장소·안건 등을 기업 홈페이지에 게시해야 한다. 주총에 주주들이 어떤 방식으로 참석할 것인지 참가 신청도 접수해야 한다. 이와 동시에 전자 투표를 병행 실시하면 기업 홈페이지에 사전 전자 투표 방법과 의결권 행사 절차를 공지한다. 상장사협의회 관계자는 \"주총을 온라인으로 진행하다 중계가 끊기는 등 기술적 문제가 발생하고 주주들의 의결권 행사가 제대로 이뤄지지 않으면 이것이 법적 소송으로 확대될 수도 있다\"며 \"이런 걱정 때문에 중견기업 중에서는 온라인 주총을 주저하는 곳이 많다\"고 말했다.매일경제가 추진하는 베이식 서비스에는 온라인 주총에 꼭 필요한 필수 요소만을 콤팩트하게 담았다. 주총을 온라인에 기반해 생방송으로 중계하고, 사전 제작된 회사 홍보 영상과 주요 의결 결과 및 공시 사항을 전달할 수 있다. 채널은 유튜브, 네이버TV, 카카오 TV 등 원하는 대로 선택하면 된다.베이식 플러스 상품부터는 쌍방향 소통 온택트 주총이 이뤄진다. 주총 현장에서 계속 이벤트가 진행되는 가운데 직접 주총 현장에 참석하지 않은 주주들도 온라인 공간에서 의견 개진이 가능하다. 줌, 시스코 등을 사용해 영상회의 형태의 주총이 진행되는 셈이다.기업이 보유한 주총 참석 희망 주주 명단을 토대로 특정된 참석자들에게 모바일 초청장을 발송하고 개별적인 입장 코드나 ID·비밀번호를 부여해 참가 여부 등을 관리하는 서비스가 가능하다.스탠더드 서비스를 이용하면 온라인 주총에 참석한 주주들이 실시간 질의응답을 할 수 있다. 영상회의 형태로 참여한 참가자들을 진행자가 실시간 화면으로 확인하면서 온택트 주총을 진행하다가 발언권을 요청한 주주가 전체 화면으로 등장해 회의장 전체 참석자를 대상으로 발언하는 것도 가능하다. 프리미엄 상품부터는 글로벌 최첨단 수준의 대규모 주총 연출이 가능하다. 프리미엄은 참가자가 대형 LED에 송출돼 웨비나, 론칭쇼 등에 적합한 형태로 개최된다. 플래티넘은 3D 가상현실 타입의 참가자가 크로마키 스튜디오에서 촬영한 영상이 실시간 송출되는 방식으로 가장 화려한 무대 연출이 필요한 자리를 위한 상품이다. 상담과 문의는 매경비즈의 전화나 이메일로 할 수 있다.[김기철 기자]▶ 네이버 메인에서 '매일경제'를 받아보세요▶ 궁금한 제조과정 영상으로 보세요. '이렇게 만들죠'▶ 아파트 살까 청약할까. 여기서 확인하세요. '매부리tv'[ⓒ 매일경제 & mk.co.kr, 무단전재 및 재배포 금지]"
    },
    {
        "title": "테슬라 온라인주총 보셨나요…한국서도 매경 통하면 됩니다",
        "date": "2021.01.31. 오후 5:35",
        "content": "'온택트 주총' 대행 서비스韓 특유의 온오프라인 병행준비 어려움 겪는 상장사에개최 안내부터 전과정 지원◆ 온택트 주주총회 ◆미국 테슬라의 '2020년 주주총회'는 지난해 9월 22일 온라인으로만 진행됐다. 일론 머스크 테슬라 최고경영자는 미국 캘리포니아주 프리몬트 테슬라 공장 주차장에 설치된 무대에 올라 온라인으로 지켜보는 주주들에게 '반값 배터리' 비전을 설명했다. 공장 주차장에는 추첨을 통해 선발된 주주 240여 명만이 테슬라 차에 탑승한 채 자동차 경적으로 그의 발표에 환호를 표시했다.야론 닐리 미국 위스콘신대 교수 등의 조사에 따르면 지난해 미국 상장기업 1874개사 가운데 1577개사가 전자주주총회를 개최했고, 이 중 1512개사는 온라인으로만 주주총회를 개최했다. 코로나19 대유행(팬데믹) 여파로 미국 상장사 중 80% 이상이 온라인 주주총회를 열 만큼 미국에서 대세로 자리 잡은 것이다.하지만 한국에서는 테슬라 방식의 주주총회 개최가 불가능하다. 상법상 온라인 주주총회는 오프라인 주주총회와 병행해서만 열 수 있기 때문이다. 이런 한계 속에서도 코로나19로 인해 비대면 방식의 주주총회를 요구하는 주주들이 늘면서 언택트 주주총회는 점차 확대되고 있다. 지난해 SK텔레콤이 온라인 주주총회를 열었고 올해는 삼성전자, 현대자동차, SK하이닉스, 네이버 등 시가총액 상위 대기업도 온라인과 오프라인이 결합된 주주총회를 모색하고 있다.시총 상위 대기업들은 온오프라인 주주총회를 개최할 수 있는 인적·기술적·재정적 여력이 되지만 상당수 상장기업들은 그렇지 못한 형편이다. 신지수 자본시장연구원 연구원은 \"주주총회를 비대면 방식으로 진행하려면 양방향으로 주주총회를 생중계할 수 있어야 하고 전자투표 등을 위한 시스템도 갖춰야 하는데 많은 기업들은 이런 것을 갖추는 데 어려움을 겪고 있다\"고 말했다.많은 기업들의 이 같은 어려움을 해결해주기 위해 매경미디어그룹이 올해 주주총회 시즌부터 상장기업을 위한 '온택트 주주총회 원스톱 대행 서비스'를 선보인다. 온라인 주주총회 개최 안내, 온라인 초대장 발송 등 사전 운영은 물론, 온라인 주주총회 사전 기획과 리허설, 온라인 생중계 등 전반적인 행사 운영과 참가자 통계, 설문조사 결과 등을 포함한 보고서 제공 등 사후 관리까지 온오프라인 주주총회와 관련한 일체의 서비스를 제공한다.   온라인 생중계·실시간 질의…'코로나 주총' 매경이 도와드려요 매경 온택트 주총 대행서비스삼성전자·LG전자·네이버…온오프라인 주총 잇따라 개최中企엔 온라인 행사 큰 부담주주들에 모바일 초청장 발송개별 아이디 부여해 주주 관리사전 홍보영상·공시사항 전달3D 가상현실 구현도 가능해 \n\n\n\n \"주주들이 먼저 물어 옵니다. 3월 주주총회를 온라인으로 개최하는지를. 주총 참석은 하고 싶은데 코로나19로 방역이 걱정되니까요.\"3월 주총을 준비 중인 중견기업의 기업설명회(IR) 담당자가 \"고객 요구도 있어 주총을 오프라인과 온라인으로 동시에 준비하려고 하는데 솔직히 엄두가 나지 않는다\"고 말했다.코로나19가 장기화되면서 3월 주총을 온·오프라인 동시 행사로 개최하려는 기업이 늘고 있다. LG전자는 지난 28일 열린 이사회에서 이번 주총부터 전자투표제를 도입해 주총을 온·오프라인으로 동시에 진행하기로 했다. 이에 앞서 삼성전자, 현대자동차, 네이버 등 주요 대기업 역시 주주 안전을 위해 온라인 주총을 개최하기로 결정했다.정지수 자본시장연구원 연구원은 \"전자 주총은 주총 활성화에 효과적일 뿐 아니라 주주들의 낮은 참석률을 해결할 수 있는 중요한 대안이며 방역 문제까지 해결해 줄 수 있다\"면서 \"코로나19로 국내 기업도 전자 주총에 대한 관심이 더욱 높아지고 있다\"고 말했다. 하지만 많은 기업이 온라인 주총 개최를 선뜻 결정하지 못하고 있다. 온라인 주총 준비를 위한 별도 조직을 마련할 형편도 안 되고 기술적 여건을 갖추지도 못하고 있기 때문이다.매일경제가 제공하는 '온택트 주주총회 원스톱 대행 서비스'는 기업의 이런 고민을 해결해 줄 수 있는 효과적인 대안이다. 온택트란 비대면을 뜻하는 언택트(Untact)에 온라인(Online)을 결합한 개념으로 온라인을 통해 대면하는 소통 방식을 말한다. 매일경제는 온택트 주총 개최 안내부터 온라인 생중계 등 전반적인 행사 운영, 보고서 제공 등 사후 관리까지 온택트 주총과 관련된 모든 서비스를 제공한다. 기업은 원하는 수요에 따라 △베이식 △베이식 플러스 △스탠더드 △프리미엄 △플래티넘 중에서 선택할 수 있다. 또 기업의 온라인 IR 활동도 지원할 방침이다.온택트 주총을 위해서는 챙겨야 할 일이 많다. 온택트 주총을 실시하려는 상장 기업은 우선 오프라인과 온라인 주총을 어떤 방식으로 진행할 것인지 결정한 다음 주총 개최 일시·장소·안건 등을 기업 홈페이지에 게시해야 한다. 주총에 주주들이 어떤 방식으로 참석할 것인지 참가 신청도 접수해야 한다. 이와 동시에 전자 투표를 병행 실시하면 기업 홈페이지에 사전 전자 투표 방법과 의결권 행사 절차를 공지한다. 상장사협의회 관계자는 \"주총을 온라인으로 진행하다 중계가 끊기는 등 기술적 문제가 발생하고 주주들의 의결권 행사가 제대로 이뤄지지 않으면 이것이 법적 소송으로 확대될 수도 있다\"며 \"이런 걱정 때문에 중견기업 중에서는 온라인 주총을 주저하는 곳이 많다\"고 말했다.매일경제가 추진하는 베이식 서비스에는 온라인 주총에 꼭 필요한 필수 요소만을 콤팩트하게 담았다. 주총을 온라인에 기반해 생방송으로 중계하고, 사전 제작된 회사 홍보 영상과 주요 의결 결과 및 공시 사항을 전달할 수 있다. 채널은 유튜브, 네이버TV, 카카오 TV 등 원하는 대로 선택하면 된다.베이식 플러스 상품부터는 쌍방향 소통 온택트 주총이 이뤄진다. 주총 현장에서 계속 이벤트가 진행되는 가운데 직접 주총 현장에 참석하지 않은 주주들도 온라인 공간에서 의견 개진이 가능하다. 줌, 시스코 등을 사용해 영상회의 형태의 주총이 진행되는 셈이다.기업이 보유한 주총 참석 희망 주주 명단을 토대로 특정된 참석자들에게 모바일 초청장을 발송하고 개별적인 입장 코드나 ID·비밀번호를 부여해 참가 여부 등을 관리하는 서비스가 가능하다.스탠더드 서비스를 이용하면 온라인 주총에 참석한 주주들이 실시간 질의응답을 할 수 있다. 영상회의 형태로 참여한 참가자들을 진행자가 실시간 화면으로 확인하면서 온택트 주총을 진행하다가 발언권을 요청한 주주가 전체 화면으로 등장해 회의장 전체 참석자를 대상으로 발언하는 것도 가능하다. 프리미엄 상품부터는 글로벌 최첨단 수준의 대규모 주총 연출이 가능하다. 프리미엄은 참가자가 대형 LED에 송출돼 웨비나, 론칭쇼 등에 적합한 형태로 개최된다. 플래티넘은 3D 가상현실 타입의 참가자가 크로마키 스튜디오에서 촬영한 영상이 실시간 송출되는 방식으로 가장 화려한 무대 연출이 필요한 자리를 위한 상품이다. 상담과 문의는 매경비즈의 전화나 이메일로 할 수 있다.[김기철 기자]▶ 네이버 메인에서 '매일경제'를 받아보세요▶ 궁금한 제조과정 영상으로 보세요. '이렇게 만들죠'▶ 아파트 살까 청약할까. 여기서 확인하세요. '매부리tv'[ⓒ 매일경제 & mk.co.kr, 무단전재 및 재배포 금지]"
    },
    {
        "title": "동학개미 새해 삼성전자 10조원 넘게 샀는데…수익률은 -5.7%",
        "date": "2021.01.31. 오후 5:32",
        "content": "동학개미 1월 투자성적표순매수 상위10개종목 모두 손실뉴욕증시 다우지수는 3만 붕괴개인투자자들이 1월 한 달간 삼성전자를 10조원 넘게 순매수한 것으로 집계됐다. 31일 한국거래소에 따르면 개인은 삼성전자를 지난달 10조1564억원어치 순매수했다. 지난해 연간으로 개인은 삼성전자를 9조5951억원어치 샀는데, 불과 한 달 만에 지난해 연간 순매수 금액을 뛰어넘은 것이다. 지난해 시작된 '동학개미운동'의 파도가 올해 더욱 크게 밀려온 셈이다. 특히 지난 1월 삼성전자 순매수 금액은 전체 유가증권시장 순매수 24조355억원 가운데 42.2%를 차지한다. 이 같은 매수에도 개인의 투자 성적표는 마이너스였다. 지난 1월 개인의 삼성전자 평균 매수단가는 8만7001원에 달했는데, 지난 29일 종가는 8만2000원에 그쳤다. 이를 수익률로 환산하면 -5.7%에 그친다.삼성전자를 포함해 개인들이 순매수한 상위 10개 종목의 수익률도 모두 마이너스였다.최도연 신한금융투자 연구원은 \"올해 1분기 D램 가격 상승이 본격화할 전망\"이라며 \"삼성전자 주주환원에 집중된 시선이 이제는 반도체 업황으로 전환될 것\"이라고 밝혔다.한편 지난 29일(현지시간) 미국 증시는 일제히 하락 마감했다. 뉴욕증권거래소(NYSE)에서 다우존스30 산업평균지수는 전 거래일보다 620.74포인트(2.03%) 내린 2만9982.62를 기록하며 3만 선 밑으로 떨어졌다. 동학개미 22조 샀는데…셀트리온 -12%, 현대차 -11%동학개미 1월 투자성적표대형주 위주 매매패턴 여전코스피 조정흐름에 수익 주춤증시 단기과열 해소되는 국면우량주 위주 투자전략은 유효 \n\n\n\n 올해 1월 개인투자자는 유가증권시장에서 22조3384억원어치 주식을 사들이고 같은 기간 코스닥시장에서는 3조5165억원어치를 순매수했다. 동학개미(국내 주식을 직접 투자하는 개인)가 양대 증시 모두에서 무려 25조8549억원어치를 순매수한 것이다.31일 한국거래소에 따르면 '동학개미운동'이라는 신조어까지 만든 개인들이 지난해 유가증권시장과 코스닥시장에서 사들인 주식은 모두 63조8083억원어치에 달한다. 불과 한 달 만에 지난해 사들인 금액의 40.5%가량을 한꺼번에 쓸어담은 것이다. 올해 들어 코스피가 3.58% 오른 배경에는 개인의 주식 투자 열풍이 깔려 있다.1월 유가증권시장에서 기관투자가는 17조3826억원, 외국인투자자는 5조2154억원어치를 팔아치웠는데, 이 같은 매도 물량을 개인이 받아내면서 코스피 버팀목 역할을 했다. 참고로 올해 1월 미국 S&P500지수는 0.83%, 중국 상하이종합지수는 0.29% 상승하는 데 그쳤다.지난 29일 코스피가 '삼천피(코스피 3000)'를 반납했지만, 코스피가 급락할 가능성을 낮게 보는 배경에는 개인투자자들의 꾸준한 매수세가 자리 잡고 있다. 기관 가운데 연기금은 1월 유가증권시장에서 8조646억원어치 팔았는데, 이는 주식 편입 비중이 높아진 데 따른 기계적인 매도였다. 한국 증시의 펀더멘털(기초체력)과 무관하게 벌어진 일이라는 뜻이다.이경민 대신증권 연구원은 \"지난해 11월부터 거침없이 상승한 코스피가 흔들리고 있다\"면서도 \"글로벌 증시 대비 상대적으로 빠르게 오르면서 단기적으로 과열된 양상이 해소되고 있을 뿐\"이라고 설명했다. 그는 이어서 \"긴 호흡으로 보면 이보 전진을 위한 일보 후퇴로 판단한다\"고 강조했다.대형주 위주인 매수 흐름 또한 긍정적인 요소로 작용하고 있다. 거래소에 따르면 개인이 지난 한 달간 가장 많이 순매수한 종목은 삼성전자였다. 두 번째로 많이 순매수한 삼성전자우 순매수 금액을 더하면 무려 12조591억원어치를 개인이 사들인 것이다. 1월 수익률은 각각 -5.7%에 그쳤지만, 장기적으로 보면 반드시 손해로 이어지지 않을 것이라고 전문가들은 예상한다.반도체 경기가 올해 1분기 급격히 반등할 가능성이 높고, 삼성전자가 올해부터 연간 배당금 지출액을 기존 9조6000억원에서 9조8000억원으로 상향 조정하기로 했기 때문이다. 지난해 연간 배당금을 기준으로 산출한 배당수익률이 3.65%에 달하는 것을 감안하면 비록 단기 수익률이 마이너스라고 해도 중장기적 손해로 이어질 가능성은 낮다는 분석이다. 최도연 신한금융투자 연구원은 \"올해 1분기 D램 가격이 본격적으로 오르고 낸드(NAND) 출하량 또한 급증하면서 반도체 업황이 회복되는 신호가 나타나고 있다\"면서 \"연간 배당을 소폭 상향 조정했고 매해 조기 주주환원을 검토할 예정인 것도 호재\"라고 말했다. 삼성전자 뒤를 이어 개인이 많이 순매수한 종목은 현대모비스(1조667억원) 현대차(9409억원) SK하이닉스(9189억원) 등이다. 모두 전기차 등과 같은 미래 성장산업으로 대규모 투자를 단행하면서도 안정적으로 전 세계 시장을 지배하고 있는 글로벌 기업이다.올해 들어 증시가 과열 구간에 진입했지만 여전히 이 같은 우량주 투자는 유효하다고 전문가들은 분석한다. 실제로 지난해 상반기 코로나19 대유행에 따라 금융시장이 급변동할 때 개인은 삼성전자 SK하이닉스 현대차 SK 등을 대거 사들였는데, 모두 40% 넘는 고수익을 거뒀다. [김규식 기자]▶ 네이버 메인에서 '매일경제'를 받아보세요▶ 궁금한 제조과정 영상으로 보세요. '이렇게 만들죠'▶ 아파트 살까 청약할까. 여기서 확인하세요. '매부리tv'[ⓒ 매일경제 & mk.co.kr, 무단전재 및 재배포 금지]"
    },
    {
        "title": "동학개미 22조 샀는데…셀트리온 -12%, 현대차 -11%",
        "date": "2021.01.31. 오후 5:27",
        "content": "동학개미 1월 투자성적표대형주 위주 매매패턴 여전코스피 조정흐름에 수익 주춤증시 단기과열 해소되는 국면우량주 위주 투자전략은 유효\n\n\n\n 올해 1월 개인투자자는 유가증권시장에서 22조3384억원어치 주식을 사들이고 같은 기간 코스닥시장에서는 3조5165억원어치를 순매수했다. 동학개미(국내 주식을 직접 투자하는 개인)가 양대 증시 모두에서 무려 25조8549억원어치를 순매수한 것이다.31일 한국거래소에 따르면 '동학개미운동'이라는 신조어까지 만든 개인들이 지난해 유가증권시장과 코스닥시장에서 사들인 주식은 모두 63조8083억원어치에 달한다. 불과 한 달 만에 지난해 사들인 금액의 40.5%가량을 한꺼번에 쓸어담은 것이다. 올해 들어 코스피가 3.58% 오른 배경에는 개인의 주식 투자 열풍이 깔려 있다.1월 유가증권시장에서 기관투자가는 17조3826억원, 외국인투자자는 5조2154억원어치를 팔아치웠는데, 이 같은 매도 물량을 개인이 받아내면서 코스피 버팀목 역할을 했다. 참고로 올해 1월 미국 S&P500지수는 0.83%, 중국 상하이종합지수는 0.29% 상승하는 데 그쳤다.지난 29일 코스피가 '삼천피(코스피 3000)'를 반납했지만, 코스피가 급락할 가능성을 낮게 보는 배경에는 개인투자자들의 꾸준한 매수세가 자리 잡고 있다. 기관 가운데 연기금은 1월 유가증권시장에서 8조646억원어치 팔았는데, 이는 주식 편입 비중이 높아진 데 따른 기계적인 매도였다. 한국 증시의 펀더멘털(기초체력)과 무관하게 벌어진 일이라는 뜻이다.이경민 대신증권 연구원은 \"지난해 11월부터 거침없이 상승한 코스피가 흔들리고 있다\"면서도 \"글로벌 증시 대비 상대적으로 빠르게 오르면서 단기적으로 과열된 양상이 해소되고 있을 뿐\"이라고 설명했다. 그는 이어서 \"긴 호흡으로 보면 이보 전진을 위한 일보 후퇴로 판단한다\"고 강조했다.대형주 위주인 매수 흐름 또한 긍정적인 요소로 작용하고 있다. 거래소에 따르면 개인이 지난 한 달간 가장 많이 순매수한 종목은 삼성전자였다. 두 번째로 많이 순매수한 삼성전자우 순매수 금액을 더하면 무려 12조591억원어치를 개인이 사들인 것이다. 1월 수익률은 각각 -5.7%에 그쳤지만, 장기적으로 보면 반드시 손해로 이어지지 않을 것이라고 전문가들은 예상한다.반도체 경기가 올해 1분기 급격히 반등할 가능성이 높고, 삼성전자가 올해부터 연간 배당금 지출액을 기존 9조6000억원에서 9조8000억원으로 상향 조정하기로 했기 때문이다. 지난해 연간 배당금을 기준으로 산출한 배당수익률이 3.65%에 달하는 것을 감안하면 비록 단기 수익률이 마이너스라고 해도 중장기적 손해로 이어질 가능성은 낮다는 분석이다. 최도연 신한금융투자 연구원은 \"올해 1분기 D램 가격이 본격적으로 오르고 낸드(NAND) 출하량 또한 급증하면서 반도체 업황이 회복되는 신호가 나타나고 있다\"면서 \"연간 배당을 소폭 상향 조정했고 매해 조기 주주환원을 검토할 예정인 것도 호재\"라고 말했다. 삼성전자 뒤를 이어 개인이 많이 순매수한 종목은 현대모비스(1조667억원) 현대차(9409억원) SK하이닉스(9189억원) 등이다. 모두 전기차 등과 같은 미래 성장산업으로 대규모 투자를 단행하면서도 안정적으로 전 세계 시장을 지배하고 있는 글로벌 기업이다.올해 들어 증시가 과열 구간에 진입했지만 여전히 이 같은 우량주 투자는 유효하다고 전문가들은 분석한다. 실제로 지난해 상반기 코로나19 대유행에 따라 금융시장이 급변동할 때 개인은 삼성전자 SK하이닉스 현대차 SK 등을 대거 사들였는데, 모두 40% 넘는 고수익을 거뒀다. [김규식 기자]▶ 네이버 메인에서 '매일경제'를 받아보세요▶ 궁금한 제조과정 영상으로 보세요. '이렇게 만들죠'▶ 아파트 살까 청약할까. 여기서 확인하세요. '매부리tv'[ⓒ 매일경제 & mk.co.kr, 무단전재 및 재배포 금지]"
    },
    {
        "title": "서학개미, 하루새 게임스톱 주식 600억 팔아치웠다",
        "date": "2021.01.31. 오후 5:27",
        "content": "29일 순매도액 테슬라 제쳐전문가 \"등락폭 커 투자 주의\"美 언론 \"게임스톱 사태는시장 민주주의 승리\" 평가\n\n\n\n 미국 오프라인 비디오 게임 판매점 '게임스톱'의 주가가 폭등하면서 서학개미(해외 주식에 투자하는 국내 개인투자자)들이 관련 주식을 600억원어치 매도해 차익 실현에 나섰다. 이는 서학개미들이 가장 많이 거래하는 테슬라를 제친 금액이다.31일 예탁결제원에 따르면  지난 29일 기준으로 예탁원을 통해 거래된 게임스톱 순매도 결제금액은 5396만달러(약 603억원)로 미국 주식 전 종목 중 1위를 차지했다. 매수 결제액은 4286만달러, 매도 결제액은 9682만달러를 기록해 총결제금액은 1억3968만달러에 육박했다. 2위인 테슬라의 총결제금액은 1억2386만달러였다.게임스톱은 미국 게임 유통 업체로 지난해 8월 미국 온라인 반려동물 용품 쇼핑몰 '추이'의 라이언 코언 최고경영자(CEO)가 이사진에 합류한다는 소식이 알려지며 주가가 급등하기 시작했다. 주가가 고평가됐다고 판단한 헤지펀드들이 게임스톱 공매도에 나서면서 이른바 '게임스톱 대란'이 일어났다. 개인투자자들이 기관의 공매도에 맞서기 위해 조직적으로 게임스톱 주식을 사들이면서 개미와 헤지펀드 간 경쟁 구도가 형성됐다. 그사이 게임스톱 주가는 하루에도 수백 달러씩 오르내리기를 반복했다. 서학개미들도 게임스톱 대전에 뛰어들어 지난 18~27일에만 주식을 5992만달러(약 667억원)어치 사들였다.증권 업계에서 게임스톱 투자에 개인투자자들의 주의가 요구된다고 말하는 것도 이 같은 변동성 때문이다. 올해 1월 게임스톱 주가가 주당 100달러 수준에서 200달러 이상으로 치솟은 것은 맞으나, 상승폭만큼 낙폭도 매우 컸다. 팩트셋 리서치에 따르면 지난 28일 하루 동안 게임스톱 주가는 주당 469달러에서 132달러를 오갔다.한편 미국에서는 게임스톱 대란을 두고 '시장 민주주의의 승리'라는 사회경제학적 분석이 나오고 있다. 월스트리트저널(WSJ)은 지난 30일(현지시간) 이번 사태를 '게임스톱 혁명'이라고 부르며 \"소파에 누워 TV를 보던 '카우치 포테이토' 군단이 농구코트에 뛰어들어 르브론 제임스의 공을 가로채 덩크슛을 하는 것\"이라고 평가했다. 반면 개미들의 집단행동이 앞으로 주식시장에 가져올 혼란을 우려하는 시각도 있다. 투자자들이 추후에도 비슷한 움직임을 보이면 그 피해는 결국 개인투자자에게 되돌아갈 것이라는 의견도 나온다. 파이낸셜타임스(FT)는 \"사회정의가 실천된 이번 이야기는 말 그대로 그저 이야기일 뿐\"이라며 \"진짜 동기는 돈에 대한 열망\"이라고 짚었다.  [강인선 기자 / 고보현 기자]▶ 네이버 메인에서 '매일경제'를 받아보세요▶ 궁금한 제조과정 영상으로 보세요. '이렇게 만들죠'▶ 아파트 살까 청약할까. 여기서 확인하세요. '매부리tv'[ⓒ 매일경제 & mk.co.kr, 무단전재 및 재배포 금지]"
    },
    {
        "title": "국고채 장단기 금리차 80bp 육박...10년 만에 최대",
        "date": "2021.01.31. 오후 4:07",
        "content": "3·10년물 금리차 77.6bp로 커져2년물 발행량 시장 예상 밑돈 영향\n\n\n\n/이미지투데이[서울경제] 우리나라 국고채 3·10년물 금리 차가 약 10년 만에 최대 수준으로 커졌다. 지난 28일 발표된 국고채 발행 계획에서 2년물 발행량이 예상보다 적게 발표된 점이 단기적으로 금리차 확대에 영향을 줬다는 해석이 나온다.31일 금융투자협회에 따르면 국고채 3년물과 10년물 사이의 금리 차는 77.6bp(1bp=0.01%)로 나타나 지난 2011년 3월 24일(81bp) 이후 최대로 벌어졌다.정부에서 시장 예상보다 적은 국고채 2년물 발행량을 발표한 것과 관련이 있다는 분석이 나온다. 지난 28일 기획재정부는 국고채 2년물을 7,000억 원 신규 발행하겠다고 발표한 바 있다. 기재부는 재정 확대에 따른 국채 수급 부담 완화를 위해 올해부터 국고채 2년물을 신설했다.그러나 증권가에선 이번에 국고채 2년물을 1조 원 이상 발행할 것이라는 전망이 우세했던 만큼 3년물 이하 단기물에 매수세가 몰리자 장단기 금리차가 확대됐다. 실제로 지난 29일 국고채 10년물 금리는 전날보다 0.4bp 오른 연 1.768%에 거래를 마쳤는데 국고채 3년물은 0.6bp 내린 연 0.971%에 마감했다.증권가에선 당분간 재정 확대 이슈에 따른 수급 변수가 국채 시장에 꾸준히 영향을 줄 것이라는 분석이 나온다. 공동락 대신증권 연구위원은 “현재 채권 시장에서 형성되고 있는 수급 변수 영향은 지속적”이라며 “당장 수급에 대한 부담을 상쇄할 정도의 다른 쟁점이 부각되지 않는다면 시중 금리의 상승이나 변동성 확대 국면은 추가로 연장될 수 있다”고 진단했다.정부에서도 장단기 금리차 확대에 주목하는 발언이 나오고 있다. 지난 19일 김용범 기재부 제 1차관은 서울 은행회관에서 거시경제금융회의에서 “최근 국고채 금리가 장기물을 중심으로 상승함에 따라 장단기 금리차가 확대되고 있는 점은 특징적”이라고 진단한 바 있다./심우일 기자 vita@sedaily.com▶ 상위 1% 투자자 픽! [주식 초고수는 지금]▶ 전문가에게 듣는 성공 방정식 [투자의 창]▶ 네이버 채널에서 '서울경제' 구독해주세요!저작권자 ⓒ 서울경제, 무단 전재 및 재배포 금지"
    },
    {
        "title": "[표]주간 유가증권·코스닥 투자주체별 매매동향(1월 25~29일)",
        "date": "2021.01.31. 오후 3:54",
        "content": "[서울경제] /김현옥 기자 ok@sedaily.com▶ 상위 1% 투자자 픽! [주식 초고수는 지금]▶ 전문가에게 듣는 성공 방정식 [투자의 창]▶ 네이버 채널에서 '서울경제' 구독해주세요!저작권자 ⓒ 서울경제, 무단 전재 및 재배포 금지"
    },
    {
        "title": "[그래픽] 투자자별 국내·해외 주식 매수 현황",
        "date": "2021.01.31. 오후 2:32",
        "content": "(서울=연합뉴스) 이재윤 기자 = 새해 들어 1월 한 달간 개인 투자자들이 국내 주식을 26조원 가까이 사들이며 '동학 개미' 열풍을 이어갔다.    또한 미국 증시를 뒤흔드는 '게임스톱 대란'으로 해당 종목 주가가 폭등하자 '서학개미'들도 게임스톱 주식 600억원 어치를 매도, 차익 실현에 나선 것으로 나타났다.    yoon2@yna.co.kr    트위터 @yonhap_graphics  페이스북 tuney.kr/LeYN1▶네이버에서도 뉴스는 연합뉴스[구독 클릭]▶[팩트체크]성관계영상 유포 '재촬영물'은 처벌불가?▶제보하기<저작권자(c) 연합뉴스(https://www.yna.co.kr/), 무단 전재-재배포 금지>"
    },
    {
        "title": "'게임스톱 대전'에 외인 자금 빠질까..전문가들 \"근거없다\"",
        "date": "2021.01.31. 오후 1:51",
        "content": "외인 대량 매도에 코스피 3000선 무너져..일각선 '게임스톱' 악재 제기\"게임스톱 사태와 연관 없어..패시브 펀드의 韓비중 축소·中긴축·强달러 영향\"\"코스피 내 외인 비중은 변함 없어..게임스톱 사태는 일부 심리적인 영향 그쳐\"  \n\n\n\n [파이낸셜뉴스] 코스피가 외국인의 매도세에 16거래일 만에 3000선을 내줬다. 일각에서는 미국 증시에 불어닥친 '게임스톱 공매도 대전'으로 외국인의 이탈이 이어지고 있다는 우려가 제기되지만, 전문가들은 '직접적인 관련이 없다'는 입장이다.   1월 31일 한국거래소에 따르면 외국인은 유가증권시장에서 지난 26일부터 29일까지 내리 '팔자'를 유지하며, 총 5조6225억원을 순매도했다. 외국인의 물량이 쏟아진 여파에 지수도 나흘 연속 하락세를 기록, 29일에는 2976.21까지 급락하며 1월 6일(2968.21) 이후 처음으로 3000선을 밑돌았다. 시장에서는 지난주 벌어진 미국 게임스톱발(發) 악재가 외국인의 '엑소더스(대탈출)'을 부추겼다는 분석이 나온다.   게임스톱 사태란 미국 온라인 커뮤니티 레딧의 이용자들을 필두로 월가의 투기세력에 전쟁을 선포한 것이 발단이다. 이들은 공매도 비중이 높은 종목을 집중 사들여 주가 하락에 배팅한 헤지펀드 등 기관에 막대한 손실을 입히려고 한다. 태풍의 중심에 있는 미국 비디오게임업체 게임스톱의 주가는 1월 26일 92.71%, 27일 134.84% 폭등했다가 28일에는 44.29% 감소한 뒤 다음날 다시 67.87% 급등하는 전례 없는 '널뛰기 가격'을 보이고 있다. 이 과정에서 게임스톱 헤지펀드들의 손실 규모는 지난 기준 29일 기준 197억5000만달러(약 23조원)에 이른다고 CNBC는 보도했다.   태평양 건너 동학개미도 이번 상황을 주시하고 있다. 특히, 지난주 외국인의 매도세와 게임스톱 사태를 연결시키며 국내 증시에 부정적인 영향을 끼친다는 의견이 줄줄이 나오고 있다. 어마어마한 손실을 입은 헤지펀드들이 한국 주식시장에서 대량으로 주식을 팔아치우고 있다는 해석이다. 이에 대해 전문가들은 ‘허무맹랑한 주장’이라고 일축했다.   오현석 삼성증권 리서치센터장은 “(게임스톱 사태가)우리 증시와 직접적인 연관이 있다고 보지 않는다”며 “국내 주식시장에 들어온 외국인 자금은 이머징 마켓 패시브(인덱스) 펀드자금이 많다. 패시브 펀드는 국가별 투자 비중을 맞춰 들어가는데, 최근 우리나라 시장의 비중이 늘면서 이를 줄이는 매도가 이어졌고, 달러 강세도 영향을 미친 것으로 분석된다”고 설명했다.   지난주 시장의 수급만 놓고 보면 체감상 외국인이 썰물처럼 빠져나가고 있다고 느껴질 수 있지만, 통계가 보여주는 실상은 그렇지 않다는 진단이다. 코스콤에 따르면 지난 29일 기준 코스피 시가총액 전체에서 외국인 자금이 차지하는 비중은 37.63%로, 지난해 말(36.51%)보다 더 높은 규모다. 2019년 말(38.15%)과 비교해서도 그 격차가 크지 않다. 즉, 외국인 자금은 늘 예년 수준을 유지하고 있다는 것이다.   김형렬 교보증권 리서치센터장은 게임스톱이 국내 증시의 수급에 영향을 미치고 있다는 주장에 대해 “전혀 잘못된 분석”이라며 “단기적인 숫자만 보고 얘기를 하면, 근거 없는 허황된 시나리오를 쓰게 된다”고 지적했다.   김 센터장은 “최근 외국인의 순매도는 개인의 시장진입이 확대되면서 주가가 뛰자 차익실현에 나서려는 외국인의 일부 물량이 나오는 것일 뿐”이라며 “전체 시장 비중을 보면 한국시장에서 외국인은 사지도 않고, 팔지도 않는 ‘현상유지’ 기조를 보이고 있다”고 설명했다.   정용택 IBK투자증권 리서치센터장도 “외국인의 이탈 이유는 현재 코스피에 대한 가격 부담과 중국발 긴축 등 우려 때문”이라며 “게임스톱 사태는 일부 심리적인 영향 정도에 그쳤을 것”이라고 판단했다.   국내 증시에 직접적인 영향을 미치진 않더라도 이번 사태는 글로벌 증시가 ‘버블의 정점’에 달했다는 위험신호라는 측면에서 예의주시해야한다는 의견도 나왔다.   오현석 센터장은 “공매도 세력을 때려잡겠다는 일념으로 우량기업이 아닌 게임스톱에 매수가 집중되는 행태는 시장의 불안감을 가중시키는 이벤트”라며 “현재 글로벌 증시는 ‘미국이 부러지지 않는다’는 전제로 움직이고 있다는 점에서 이번 사태는 나쁜 시그널로 볼 수 있다”고 말했다.    fnljs@fnnews.com 이진석 기자   ▶ 헉! 소리나는 스!토리 뉴스 [헉스]▶ '아는 척'하고 싶은 당신을 위한 [두유노우]▶ 날로먹고 구워먹는 금융이슈 [파인애플]  ※ 저작권자 ⓒ 파이낸셜뉴스. 무단 전재-재배포 금지"
    },
    {
        "title": "[주간증시전망]'게임스톱發' 변동성 확대..美대형주 실적 주목",
        "date": "2021.01.31. 오후 12:41",
        "content": "美개인·헤지펀드 '공매도 대전', 국내증시 여파 우려애플·아마존 등 미국 빅테크 실적 줄줄이 공개美부양책 협상 관심..국내외 경제지표도 잇따라 발표  \n\n\n\n [파이낸셜뉴스] 2월 첫 주(1~5일) 주식시장은 게임스톱발(發) 미국 증시의 혼란이 이어지며 변동성이 단기적으로 확대될 전망이다. 또 아마존과 알파벳 등 미국 대형주들의 지난해 4·4분기 실적 발표와 바이든 행정부의 추가 부양책 협상과 같은 외풍에 크게 좌우될 것으로 보인다. 금융투자업계는 이번 주 코스피지수 밴드를 2870~3160선으로 제시했다.     ■'게임스톱 사태' 변동성 확대 여파 1월 31일(이하 현지시간) 한국거래소에 따르면 지난 1월 29일 코스피 지수는 전주 대비 164.42포인트(5.24%) 하락한 2976.21에 마감했다. 코스피는 지난 1월 25일 종가 기준 사상 처음으로 3200선을 넘기며 사상 최고치를 갈아치웠으나 기관과 외국인의 매물 출회로 이후 4거래일째 하락, 16거래일만에 3000선을 내줬다. 유가증권시장에서는 개인이 8조3208억원을 순매수했고, 외국인과 기관이 각각 5조3363억원, 2조9133억원을 순매도했다.   지난주 가장 뜨거웠던 이슈는 개인과 헤지펀드 간 ‘공매도 대전’을 불러일으킨 미국의 게임스톱이었다. 게임스톱은 1월 26일 92.71%, 27일 134.84% 급등했다가 28일에는 44.29% 폭락, 29일 다시 67.87% 폭등하는 '롤러코스터급 변동성'을 보였다. 헤지펀드 공매도 손실이 타 주식 매각으로 이어질 수 있다는 우려감에 미국 증시가 급락했다. 이러한 변동성이 국내 증시에도 악재로 작용할 지 시장의 시선이 쏠리고 있다.   김성근 한국투자증권 연구원은 “숏 스퀴즈(숏 포지션을 커버하기 위해 주식을 매수하는 것)에 직면한 헤지펀드가 공매도 포지션을 청산하기 위해 다른 자산을 매도해야 하는데, 그 과정에서 시장 변동성이 급격하게 커질 수 있다”며 “지금처럼 버블에 대한 경계심리가 고조될 때는 충격 강도가 예상보다 더 커질 수 있어 미국 내 공매도 태풍이 진정될 때까지 시장은 다소 흔들리는 모습을 보일 수 있다”고 분석했다.   오는 2일에는 아마존과 알파벳(구글) 등 빅테크(대형 기술주)와 화이자, 엑슨모빌 등 미국 주요 기업들의 실적이 발표된다. 앞서 실적을 발표한 테슬라 등 일부 성장주들이 부진했으나 전체적으론 분위기가 나쁘지 않다는 평가다.   노동길 NH투자증권 연구원은 “일부 성장주의 어닝 쇼크는 미국 기업들의 이익이 과대 계상됐다는 의구심을 불러일으키지만 지난 27일까지 실적을 발표한 S&P500 기업의 82.7%는 어닝 서프라이즈를 기록 중”이라며 “주도주인 IT 및 경기소배재 섹터의 어닝서프라이즈 비율도 각각 95.8, 75%를 기록해 미국 기업 실적에 대한 투자자들의 의심은 과도한 측면이 있다”고 밝혔다.     ■美 경기부양책·국내외 경제지표 주목 바이든 정부의 추가 경기부양책 여부도 유동성 측면에서 주요 변수로 꼽힌다. 현재 1조9000억달러 규모의 부양책 협상은 공화당의 반대로 지지부진한 상황이지만 슈머 민주당 상원 원내대표는 이르면 이번 주 중 ‘예산 조정’ 과정에 들어갈 수 있다고 언급한 바 있다.   안소은 IBK투자증권 연구원은 “의회에서 부양책 규모가 축소된다고 해도 미국 내수 경기에 긍정적인 영향을 미칠 것”이라며 “현재 추가 실업수당 지급 조치가 3월 종료되기 때문에 2월 중 정책통과가 가시화될 것”이라고 내다봤다.   국내외 경제지표들과 국내 기업들의 남은 실적 발표도 주목할 필요가 있다. 1일에는 1월 국내 수출입동향, 미국 공급관리자협회(ISM)의 제조업지수, 5일에는 미국 비농업부분고용자수 변동과 실업률이 발표될 예정이다. 경제지표가 시장 기대를 웃돌지 여부에 따라 경기 개선 기대감이 증시에 반영될 것으로 관측된다.   이재선 하나금융투자 연구원은 “유동성에 민감한 시기”라며 “증시는 지수 레벨 보다는 실적에 따른 종목별 차별화가 전개될 가능성이 높다”고 전망했다.    fnljs@fnnews.com 이진석 기자   ▶ 헉! 소리나는 스!토리 뉴스 [헉스]▶ '아는 척'하고 싶은 당신을 위한 [두유노우]▶ 날로먹고 구워먹는 금융이슈 [파인애플]  ※ 저작권자 ⓒ 파이낸셜뉴스. 무단 전재-재배포 금지"
    },
    {
        "title": "게임스톱發 변동성 커진 증시…2월은 다를까",
        "date": "2021.01.31. 오전 11:57",
        "content": "[머니투데이 김소연 기자] [[주간증시전망]] \n\n\n\n(서울=뉴스1) 송원영 기자 = 29일 오후 서울 중구 하나은행 명동점 딜링룸 전광판에 코스피 지수가 전 거래일 대비 92.84 포인트(3.03%) 떨어진 2976.21을 나타내고 있다. 이날 코스닥은 32.50 포인트(3.38%) 급락한 928.73에 마감했다. 원·달러환율은 전일대비 0.8원 내린 1118.8원에 장을 마쳤다. 2021.1.29/뉴스1게임스톱발 불확실성이 언제까지 지속될까. 증시 참가자들의 고민은 온통 게임스톱과 그로 인한 외국인 이탈에 쏠려 있다. 증권업계 전문가들은 당분간 증시 출렁임이 있겠지만 저금리와 약달러 환경, 경기 부양책이 지속되는 한 증시가 본격 조정국면에 들어서진 않을 것이라고 입을 모았다.━다이내믹했던 1월 증시…게임스톱 우려에 3000선 내줘━1월 증시는 그야말로 다이내믹했다. 동학개미로 일컬어지는 개인과 외국인, 기관 연합의 팽팽한 수급 줄다리기가 지속됐다. \n\n\n\n새해 벽두 동학개미의 '사자'세 속 가뿐히 3000선을 넘어 3200고지까지 오르더니 기관의 급제동으로 3000선이 붕괴할 위험에 처하기도 했다. 이후 진정되는 듯했던 증시는 '게임스톱'이라는 새로운 복병을 만나 결국 지난 29일 3000선을 내주며 1월의 마지막 거래일을 마무리했다. 특히 이번주 코스피 지수는 3208.99에서 2976.21포인트까지 하락하며 증시 변동성이 극대화됐음을 보여줬다. 한 주간 낙폭이 5%를 웃돈다. 증시 하락 주범은 외국인이고, 기관도 동참했다. 한 주간 외국인은 5조3363억원 어치 팔았고, 기관은 2조9132억원 매도했다. 동학개미가 8조3207억원 순매수하며 지수 방어에 나섰지만 힘에 부쳤다. \n\n\n\n(뉴욕 AFP=뉴스1) 우동명 기자 = 뉴욕증시가 급락하자 뉴욕증권거래소의 트레이더들이 심각한 표정을 하고 있다.  ⓒ AFP=뉴스1외국인 이탈은 미국 게임스톱발 불확실성 확대로 추정된다. 미국에서도 공매도 저항 운동이 지속되고 있다. 헤지펀드들의 투기성 공매도에 저항하려는 미국 개인투자자들이 공매도가 집중된 게임스톱을 대거 순매수하면서 게임스톱 주가가 폭등했다. 게임스톱 등 숏스퀴즈(공매도친 주식을 비싼 가격에 사서 갚는 것)로 막대한 손실 위기에 처한 헤지펀드들은 이를 만회하려 다른 종목을 매도했고 이것이 국내 대규모 외국인 자금 이탈 이유로 꼽힌다. 중국 정부가 유동성을 거둬들이는 모습을 보이면서 증시가 경색된 것도 중국 증시와 커플링 현상이 강한 한국 증시에 악재로 작용했다. 중국 상하이 지수는 이번 주 3624.24에서 3483.07까지 떨어졌다. ━강세장 원동력은 저금리·약달러…훼손 안돼━증권업계 전문가들은 당분간 글로벌 공매도 저항운동, 중국 유동성 경색 우려로 국내 증시 변동성이 극대화될 것이라고 내다봤다. 그러나 지난해와 올해까지 이어지고 있는 강세장의 근본 동력이 훼손된 것은 아닌만큼 단기 조정에 그칠 것이라고 입을 모았다. 안소은 IBK투자증권 연구원은 \"미국 게임스톱 이슈로 주식시장에 비이성적 과열에 대한 우려가 형성돼 단기 변동성 확대가 예상된다\"며 \"이런 상황에서는 경기 회복이나 부양책 기대를 약화하는 작은 재료에도 시장이 쉽게 흔들릴 수 있다\"고 말했다. 증시가 과열국면이라고 인식하면서 위험자산 선호 심리가 약화했다는 지적이다. \n\n\n\n(워싱턴 FP=뉴스1) 우동명 기자 = 제롬 파월 미국 연방준비제도 의장이 2일(현지시간) 워싱턴 의사당의 하원 금융서비스 위원회 청문회에 출석해 자료를 살펴보고 있다.   ⓒ AFP=뉴스1그러나 저금리와 경기 회복 기대감, 약달러 등 증시 강세를 이끌어온 동력은 훼손되지 않았다고 평가했다. 정명지 삼성증권 연구원은 \"저금리와 약달러 방향성은 여전하기 때문에 이번 조정을 주도주 매수 기회로 삼아야 한다\"며 \"과열이 최대 악재인만큼, 조정은 최대 호재가 될 수 있고 4일간 7.3% 하락했으면 단기 과열은 일정 수준 해소됐다\"고 진단했다. 이경민 대신증권 연구원은 IMF(국제통화기금)의 GDP성장률 전망을 토대로 신흥 아시아의 경기 안정성, 회복력을 재확인했다고 평가했다. IMF는 2020년, 2021년 GDP 성장률 전망을 각각 -3.5%, +5.5%로 상향했다. 또 1분기는 코로나 재확산 등으로 성장 모멘텀이 약화하더라도 2분기부터 2022년까지 모멘텀이 강화될 것으로 내다봤다. 이와 관련 이 연구원은 \"글로벌 경제는 2021년 코로나19 이전 수준으로 회복할 전망인데, 그 중심에 신흥아시아 경기회복 모멘텀이 자리한다\"며 \"한국은 회복세가 가장 강한데 글로벌 대비 코스피 밸류에이션이 68% 수준으로 낮아 시장 재평가가 지속될 것\"이라고 예상했다. ━차·화·전 여전히 유망…조정시 매수━\n\n\n\n현대차 4대엔진 / 사진제공=현대차,로이터올해 주도주인 차·화·전(전기차, 2차전지, 반도체)도 여전히 강할 것으로 예상된다. 김중원 현대차증권 연구원은 \"지난 7월부터 본격화된 차화전 랠리가 올해 애플카 기대감에 더 강해지고 있다\"며 \"주식 시장 조정은 인플레이션이 높아져 금리를 자극할 때 나타날 것인만큼 자동차, 화학, 반도체와 더불어 IT가전까지 주도주 투자를 확대할 때\"라고 판단했다. 정명지 연구원도 \"업종으로는 차화전(車化電) 3총사, 투자테마로는 Green과 Mobility에 집중해야 한다\"며 \"친환경에서 가장 벗어나 있으면서 동시에 친환경으로의 변화가 빠른 분야가 자동차이고, 전기차는 화학과 전자업종에도 기회의 영역\"이라고 설명했다. 김소연 기자 nicksy@▶부동산 투자는 [부릿지]▶조 변호사의 가정상담소▶줄리아 투자노트 <저작권자 ⓒ '돈이 보이는 리얼타임 뉴스' 머니투데이, 무단전재 및 재배포 금지>"
    },
    {
        "title": "게임스탑 전쟁에 뛰어든 서학개미…치열하게 사고팔았다",
        "date": "2021.01.31. 오전 11:04",
        "content": "29일 하루 거래규모 테슬라 제치고 게임스탑 1위주초에는 매수가 더 많다가 후반 대거 매도공매도 잔고 높은 블랙베리도 대거 거래\"변동성 확대 우려\"[이데일리 권소현 기자] 미국서 로빈후더(개인투자자)들이 공매도 세력에 맞서 대거 결집하면서 주가를 끌어올린 게임스탑 전쟁에 국내 서학개미들도 적극 참여하고 있는 것으로 나타났다. 다만 최근 매수금액보다 매도금액이 더 많아 뒤늦게 매수에 뛰어들기 보다는 기존 투자에 대한 차익실현에 나선 것으로 보인다. \n\n\n\n미국 비디오게임 소매 체인업체인 게임스탑의 모습(사진=AFP)31일 한국예탁결제원 증권정보포털 세이브로에 따르면 올들어 지난 29일까지 미국 주식 가운데 매수와 매도금액을 합친 결제규모로 게임스탑은 3억957만달러(약 3459억원)으로 전체 15위에 올랐다. 월초만 해도 거래비중이 크지 않아 50위권에 들지 못했던 게임스탑은 지난 28일에서야 월간 누적 기준으로 34위에 올랐고 29일에는 15위로 껑충 뛰었다. 지난주 초부터 공매도 세력의 숏 스퀴즈로 주가가 급등하면서 서학개미들의 주목을 받기 시작했고 급등락을 보인 28일과 29일 집중적으로 거래에 나선 것으로 보인다.  특히 29일 하루동안 게임스탑은 1억3968만달러 거래돼 그동안 부동의 1위였던 테슬라 거래규모 1억2386만달러를 제치고 1위에 올랐다. \n\n\n\n[그래픽=이데일리 이미나 기자]다만 이날 서학개미들은 게임스탑을 4286만달러어치 산 반면 9682만달러 팔았다. 지난 한주간 흐름을 보면 28일까지는 매도보다 매수가 많았지만 29일에는 대거 차익실현에 나서는 모습이었다. 이에 따라 25~29일 매도규모(1억6077만달러)가 매수규모(1억949만달러)를 웃돌았다. 공매도 잔고가 많아 제2의 게임스탑으로 꼽혔던 블랙베리도 서학개미들의 관심종목으로 급부상했다. 이달 중반까지만 해도 거래규모 50위 내에 못 들었지만 지난 27일에는 37위에 오른데 이어 28일에는 11위, 29일에는 4위로 올라섰다. 27~29일 사흘간 서학개미는 블랙베리를 5583만달러어치 사고 3474만달러어치 팔았다. 한대훈 SK증권 연구원은 “미국서 공매도한 헤지펀드들이 압박감에 보유하고 있던 주식을 매도하면서 시장 전체의 낙폭을 키우고 있다”며 “유통주식 대비 공매도 비중이 높은 기업으로 매수세가 이어질 경우 수급 꼬임으로 변동성이 확대될 가능성이 높다”고 말했다.권소현 (juddie@edaily.co.kr)▶ #24시간 빠른 #미리보는 뉴스 #eNews+▶ 네이버에서 '이데일리 뉴스'를 만나보세요▶ 빡침해소, 청춘뉘우스 '스냅타임'＜ⓒ종합 경제정보 미디어 이데일리 - 무단전재 & 재배포 금지＞"
    },
    {
        "title": "몸 사리는 개미...'빚투' 사흘 연속  감소",
        "date": "2021.01.31. 오전 10:15",
        "content": "신용융자잔액 3,887억↓ 28일 21.2조증시 조정에 일단 '안전모드'로 선회\n\n\n\n[서울경제] 국내 증시가 최근 크게 흔들리면서 빚을 내 주식을 사는 '빚투'도 감소세로 돌아섰다. 코스피지수가 나흘 연속 하락세를 보이면서 지난해 3월 ‘코로나 급락장’ 이후 가장 강한 조정국면에 들어서자 개인투자자들도 일단 ‘안전모드’로 돌아선 것으로 풀이된다.31일 금융투자협회에 따르면 지난 28일 기준 개인 투자자의 신용융자 잔고는 25일 대비 3,887억원 줄어든 21조2,444억원을 나타냈다. 신용융자 잔고는 개인투자자들이 주식 투자를 위해 증권사에서 빌린 금액이다. 증시가 랠리를 펼치면서 작년 말부터 신용융자잔고는 연일 사상 최대치를 갈아치워 왔다. 이후 증권사들도 잇따라 신용융자 중단을 선언하는 등 ‘빚투 줄이기’에 합류했다. 하지만 무엇보다 신용융자가 줄어든 가장 큰 이유는 최근 증시 조정이 꼽힌다.신용융자는 새해 들어서만 2조원 이상 늘어 지난 25일엔 21조6,331억원까지 급증했다가 지난주 증시가 조정장세를 보이면서 사흘 연속 감소세로 돌아섰다. 코스피는 지난 25일 3,200선을 돌파한 뒤 4거래일 연속 하락해 29일엔 3,000선 밑으로 떨어졌다.시장이 연일 급락하면서 일명 '공포 지수'로 불리는 코스피200 변동성지수(VKOSPI)는 29일 전날보다 7.98% 급등한 35.73에 마감했다. 이는 지난 6월 18일(37.05) 이후 7개월 만에 가장 높은 수치다. 이경민 대신증권 연구원은 \"중장기 투자전략 측면에서는 추가 매수 기회가 가까워지고 있다고 판단한다\"면서도 \"28일 코스피가 급락한 가운데 이틀 연속 거래대금이 증가세를 보인 점 등을 고려할 때 당분간 변동성 확대 가능성을 열어두고 단기 리스크 관리에 집중해야 한다\"고 말했다. /양사록기자 sarok@sedaily.com▶ 상위 1% 투자자 픽! [주식 초고수는 지금]▶ 전문가에게 듣는 성공 방정식 [투자의 창]▶ 네이버 채널에서 '서울경제' 구독해주세요!저작권자 ⓒ 서울경제, 무단 전재 및 재배포 금지"
    },
    {
        "title": "게임스톱 거래제한 해명한 로빈후드 \"의무예치금 10배 올라서\"",
        "date": "2021.01.31. 오전 8:23",
        "content": "개미 거래 제한했다가 뭇매…\"주식 못사게 하려던 것 아니다\"\n\n\n\n게임스톱과 로빈후드 로고[AFP=연합뉴스]    (뉴욕=연합뉴스) 강건택 특파원 = 개인 투자자들의 게임스톱 주식 거래를 제한해 뭇매를 맞은 미국의 온라인 증권사 로빈후드가 해명에 나섰다.    로빈후드는 30일(현지시간) 블로그를 통해 '클리어링하우스'에서 요구하는 주식 의무 예치금이 10배 치솟은 탓에 일부 주식들에 대해 매수를 일시 중단한 것이라고 밝혔다.    클리어링하우스란 주식, 파생상품 등의 거래를 실행하는 과정에서 계약 불이행 위험을 줄이기 위해 설립된 금융 관련 기관으로 주식의 중앙 보관소와 같은 역할을 한다.    주식 매매 거래를 완전히 마무리하는 정산 과정에 2일이 걸리는데 갑자기 급등한 주식의 경우 그 기간 내에 다시 급락할 위험도 있는 만큼 이틀 내에 한 쪽이 거래를 이행하지 못할 가능성도 커진다. 따라서 증권사들의 의무 예치금이 늘어나는 것이라고 로빈후드 등은 설명했다.    로빈후드는 블로그에서 \"사람들이 이들 주식을 사지 못하게 막기를 원했기 때문에 그런 것이 아니다\"며 \"우리가 클리어링하우스에 예치해야 하는 의무 금액이 너무나 커져서 의무 기준을 맞출 수 있기 위해 변동성이 큰 주식들의 매수를 제한하는 조치를 해야 했다\"고 말했다.    '개미 대 공매도 세력'의 전장이 된 체인형 비디오게임 유통업체 게임스톱 주식은 이번 주에만 400%, 1월 전체로는 1,600% 이상 오를 정도로 폭등세를 보였다. 온라인 커뮤니티를 통해 뭉친 개인 투자자들이 게임스톱과 AMC 등 공매도 타깃이 된 주식을 거꾸로 사들여 가격을 끌어올린 것이다.    그러나 개인 투자자들이 가장 많이 애용하는 무료 증권앱인 로빈후드가 28일 해당 주식들의 매수를 중지시키면서 투자자들 사이에서는 '로빈후드로부터 배신당했다'는 불만이 제기됐다.     헤지펀드는 매수와 매도가 모두 가능한데 개인 투자자들은 매도만 해야 하는 상황이 불공평하다는 주장이었다.    민주·공화 양당 소속의 정치인들이 일제히 로빈후드를 비판하고, 증권거래위원회(SEC)가 관련 상황을 점검하겠다고 엄포를 놓자 로빈후드도 블로그를 통해 어쩔 수 없는 조치였다고 해명에 나선 것으로 보인다.    firstcircle@yna.co.kr▶네이버에서도 뉴스는 연합뉴스[구독 클릭]▶[팩트체크]성관계영상 유포 '재촬영물'은 처벌불가?▶제보하기<저작권자(c) 연합뉴스(https://www.yna.co.kr/), 무단 전재-재배포 금지>"
    },
    {
        "title": "복합악재에 흔들린 증시…반도체·2차전지 '저가매수' 기회?[주간전망]",
        "date": "2021.01.31. 오전 8:00",
        "content": "中 유동성 회수·美 경기 불확실성 우려…위험자산 선호 후퇴\"당분간 조정 받을 수 있어\"…반도체·2차전지 매수 기회\n\n\n\n(사진=게티이미지뱅크)국내 증시가 흔들리고 있다. 대외요인이 위험자산 선호심리를 위축시키면서다. 당분간 증시가 조정 받을 수 있다는 의견이 많은 가운데 이번 주 증시는 종목장세가 펼쳐질 가능성이 높다는 진단이다. 다만 상승추세가 꺾이지 않은 만큼 반도체 화학 자동차 등 주도주에 대한 관심을 가질 필요가 있다고 설명했다.복합 악재에 시장 '흔들'31일 한국거래소에 따르면 지난주 코스피지수는 직전 주보다 164.42포인트(5.23%) 내린 2976.21에 거래를 마쳤다. 지난주 첫 거래일인 25일 3208.99까지 급등하면서 사상 최고치를 기록한 코스피는 나흘 연속 하락하면서 약 20일 만에 결국 2900선으로 내려왔다. 코스닥지수 역시 같은 기간 장중 20년 만에 1000선을 넘어서는 등 분위기가 좋았지만 상승폭을 대부분 반납하고 920선으로 떨어졌다.미국 증시도 부진했다. 다우존스 30 산업평균지수는 이번 주 약 3.3% 내렸다. 스탠더드앤드푸어스(S&P)500 지수는 약 3.3%, 나스닥은 3.5% 하락했다. 다우지수는 지난해 12월 중순 이후 처음으로 3만선을 밑돌았다.중국이 춘절(설날)을 앞두고 유동성을 회수하면서 투자심리를 위축시켰다. 중국 중앙은행인 인민은행은 지난 28일 만기가 돌아온 2500억위안어치의 7일물 역환매조건부채권(역RP) 중 1500억위안을 회수했다. 26일과 27일도 각각 1000억위안, 780억위안의 역RP를 순회수했다. 인민은행의 조치에 중국 상하이은행간금리(Shibor·시보)는 3%를 넘어섰다. 시중금리 급등은 주식시장에도 영향을 미쳤다. 미국발(發) 경기 불확실성 위험도 악재로 작용했다. 미국 중앙은행(Fed)는 지난 주 연방공개시장위원회(FOMC) 회의 결과 예상대로 금리나 자산 매입 등에 변화를 주지는 않았다. 다만 FOMC는 성명을 통해 \"경제 활동과 고용시장의 회복 속도가 최근 몇 달 사이 둔화했다\"며 \"신종 코로나바이러스 감염증(코로나19) 팬데믹(세계적 대유행)의 악영향을 가장 많이 받은 산업들 중심으로 약해졌다\"고 평가했다.코로나19 백신 공급이 지연되면서 불안감이 커졌다. 미국과 유럽 주요국의 접종률은 각각 7.1%와 3% 수준으로 빠르게 증가하지 못하고 있다. 아스트라제네카는 유럽연합(EU)에 백신 공급 차질을 통보하는 등 접종이 지연되면서 글로벌 경제 활동이 정상화될 것이라는 낙관론도 후퇴했다.\n\n\n\n(사진=게티이미지뱅크)\"종목장세 전망…주도주 관심 필요\"시장에 남아 있는 불확실성으로 증시 변동성 확대가 지속될 것이라는 전망이 많다. 종목별로 차별화된 장세가 나타날 것이라는 설명이다. 이재선 하나금융투자 연구원은 \"증시가 유동성에 민감해진 가운데 지수보다는 실적에 따른 종목별 차별화가 전개될 가능성이 높다\"고 예상했다.노동길 NH투자증권 연구원도 \"백신 관련 불확실성과 바이든 행정부의 추가 부양책 등도 당장 현실화되기는 어려운 환경\"이라며 \"단기적으로 위험자산 선호심리는 더 훼손될 수 있을 것\"이라고 했다.다만 실적과 수급이 받쳐주고 있는 만큼 증시가 하락세로 전환할 가능성은 낮다는 판단이다. 근본적으로 주식시장 강세를 이끈 저금리와 올해 경기 회복이라는 동력이 훼손된 것은 아니어서다. 증시가 조정을 받는다면 반도체, 2차전지(화학), 자동차 업종과 바이든 친환경정책 관련 업종을 사들일 기회라는 진단이다. 이들 업종은 상승 추세가 다시 시작되는 국면에서도 여전히 주도주가 될 가능성이 높기 때문이다.이송렬 한경닷컴 기자 yisr0203@hankyung.com▶ 경제지 네이버 구독 첫 400만, 한국경제 받아보세요▶ 한경 고품격 뉴스레터, 원클릭으로 구독하세요▶ 한국경제신문과 WSJ, 모바일한경으로 보세요 ⓒ 한국경제 & hankyung.com, 무단전재 및 재배포 금지"
    },
    {
        "title": "삼천피 깨졌는데, 내 주식 어쩌지?",
        "date": "2021.01.31. 오전 8:00",
        "content": "공포 지수 지난해 6월 이후 최고치대신 \"1보 전진을 위한 2보 후퇴\"삼성 \"주류의 흐름은 아직 긍정적\"\n\n\n\n29일 서울 을지로 하나은행 딜링룸에서 한 딜러가 모니터를 주시하고 있다. /문호남 기자 munonam@[아시아경제 황준호 기자] 29일 코스피 3000이 깨지면서 개인 투자자들의 불안감이 커졌다. 다음주부터 본격 내리막 길이 시작되는 것 아닌가 하는 불안감이다. 투자자들의 심리적 불안감을 나타내는 코스피200변동성지수(VKOSPI)도 지난해 6월18일 이후 최고치(35.73)를 찍었다. 다만 각 증권사들은 이 같은 우려에 대해 \"코스피 조정은 일시적 현상\"이라며 쉬어가는 타이밍이라는 점을 강조했다. 대신 \"2보 전진을 위한 1보 후퇴\"\n\n\n\nVKOSPI는 지난해 6월18일 이후 최고치를 나타냈다.대신증권은 지난 29일 조정장에 대해 \"2보 전진을 위한 1보 후퇴\"라고 판단했다. 근거는 경기 지표다. IMF는 지난해와 올해 GDP성장률 전망을 각각 3.5%, +5.5%로 제시했다. 2020년 10월 전망보다 0.9%p, 0.3%p 올렸다. 올해 경기 정상화 이상의 회복 가능성을 높이는 수치다. 특히 2분기부터는 회복 모멘텀이 강화될 것으로 전망했다. 미국, 일본 등 주요국의 추가 경기 부양책도 긍정적 요인이다.한국기업의 영업이익 전망도 긍정적이고 글로벌 시장 대비 코스피 선행 PER도 70%를 조금 넘는 수준으로 저평가됐다 볼 수 있다. 이경민 대신증권 연구원은 \"코스피의 단기 변동성 확대는 비중 확대 기회로 판단한다\"며 \"코스피 3000 시대는 이제 시작됐다. 아직 갈 길이 멀다\"고 진단했다.삼성 \"흐름은 여전히 긍정적\"\n\n\n\n삼성증권은 이번 증시 조정을 단기 차익실현의 연장선으로 봤다. 코스피 3000을 이끈 개인의 투자 성향 중 하나는 과열에 대한 경계심이 강하다는 점이며, 미국 증시 등에 민감하게 반응했다는 것이다.기저 흐름은 여전히 긍정적이라는 평가다. 아직 시장의 주류는 백신 보급에 따른 경제활동 정상화 기대, 장기간 유지될 가능성이 높은 저금리 환경, 코로나19로 이연된 수요의 폭발 등 증시의 펀더멘탈을 믿고 있다고 평가했다.서정훈 삼성증권 연구원은 \"지엽적 현상 하나가 경기 방향 자체를 되돌릴 가능성은 지극히 낮을 것\"이라며 \"오히려 특이한 이벤트로 인해 주식의 적정 밸류에이션에 대한 중요성이 다시금 환기된 장점도 적지 않다\"고 분석했다.황준호 기자 rephwang@asiae.co.kr▶ 2021년 신축년(辛丑年) 신년운세와 토정비결은?▶ 발 빠른 최신 뉴스, 네이버 메인에서 바로 보기▶ 2021년부터 이렇게 달라진다! 필수 체크!<ⓒ경제를 보는 눈, 세계를 보는 창 아시아경제 무단전재 배포금지>"
    },
    {
        "title": "1월에 개인들 삼성전자 주식 10조원 쓸어담았다",
        "date": "2021.01.31. 오전 6:07",
        "content": "지난해 연간 순매수 금액 넘어서\n\n\n\n서울 서초동 삼성 사옥 앞 기. [연합뉴스 자료사진]    (서울=연합뉴스) 김태종 기자 = 1월 한 달간 개인 투자자들이 삼성전자에 투자한 돈이 지난해 전체보다 많다.    이달 들어 지난 29일까지 개인들은 삼성전자 주식을 10조1천563억원 순매수했다. 지난해 연간 순매수(9조5천951억원)를 넘는 규모다. 작년 1월(1조2천769억)과 비교하면 8배, 월별 기준으로 지난해 가장 많았던 3월(4억9천587억원)과 비교하면 두배에 달한다.    이 같은 순매수 금액은 이달에 개인들의 유가증권시장 전체 순매수(24조355억원)의 42.2%를 차지한다.    이달 개인들의 삼성전자 순매수는 꾸준한 흐름을 보였다. 20거래일 중 16거래일을 순매수했다.     하루 1천만주 넘게 순매수한 날도 3차례였다. 지난 한 해 이런 경우는 5차례뿐이었다.     수량으로 보면 이달에 개인들이 쓸어 담은 삼성전자 주식은 1억1천673만주(전체 발행주식수의 1.96%)에 달한다.    기관과 외국인이 팔아치운 물량을 모두 흡수한 셈이다. 1월 기관과 외국인은 삼성전자 주식을 각각 6천646만주, 5천239만주 순매도했다.    정명지 삼성증권 투자정보팀장은 \"투자자 중에는 단타성 소액주주도 있겠지만, 삼성전자에 대한 믿음, 분기 배당, 적지 않은 총 배당 등으로 주식을 사려고 하는 수요는 거액 자산가일수록 정말 많다\"며 \"이런 자금은 매우 보수적일 수 있다\"고 말했다.     taejong75@yna.co.kr▶네이버에서도 뉴스는 연합뉴스[구독 클릭]▶[팩트체크]성관계영상 유포 '재촬영물'은 처벌불가?▶제보하기<저작권자(c) 연합뉴스(https://www.yna.co.kr/), 무단 전재-재배포 금지>"
    }
]