[
    {
        "title": "3천 무너진 코스피…이번주 투자전략 어떻게",
        "date": "2021.01.30. 오후 6:22",
        "content": "새해 들어 승승장구 하던 '삼천피'가 1월의 마지막날 무너지자 개인 투자자들의 불안감이 커지고 있다. 여의도 증권가에서는 조정장인지, 하락의 전조인지 논쟁이 한창이다. 30일 한국거래소에 따르면 4일 연속 하락세를 보이던 코스피 지수는 지난 29일 2976.21에 한 주를 마감했다. 한주간 무려 5.27%나 떨어지며 3000선이 붕괴됐다. 이 기간 코스피 하락을 주도한 것은 외국인과 기관투자자다. 개인 투자자들은 8조3341억원을 매수했지만 외국인(5조3463억원)과 기관(2조9144억원)의 매도 총공격을 막아내기에 역부족이었다. 글로벌 증시의 악재가 국내까지 여파가 미쳤다. 미국에서 게임스탑, AMC 등에서 시작된 공매도 세력 공방에 따라 위험자산에 대한 경고등이 켜졌다. 실제 화학, 통신, 철강 등 일부를 제외하고 전기전자 등 대부분의 업종에서 매도가 넘치고 있다. 지난 11월 이후 급격하게 유입됐던 외국계 헤지펀드 자금으로 추정된다. 미국 내 개인투자자와의 공방전으로 손실을 입은 헤지펀드들이 국내뿐 아니라 신흥국, 대다수 시장에서 차익실현 매도가 쏟아지면서 국내 수급상황에 악영향을 줬다는 얘기다.  반면, 증시 하락에도 개인투자자들은 매수 심리가 여전히 살아있다는 분석이다. 특히 매수세가 특정종목에 치우치면서 많은 시장 투자자들이 패닉성 매수세를 이어가고 있는 것으로 풀이된다. 나 혼자 뒤쳐질 수 없다는 위기감이 깔린 전형적인 포모(FOMO, Fear of Missing out) 장세라는 것이다. 증권가에서는 당분간 증시는 변동성이 커질 가능성이 있어 대비가 필요하다는 분위기다. 노동길 NH투자증권 연구원은 \"원·달러 환율 상승으로 외국인 자금 유출 속도가 빨라지고 있고 기관들의 프로그램 매도세가 이어질 가능성이 높아 단기적으로 대형 경기민감주를 중심으로 조정폭이 커질 것\"이라며 \"바이든 정부의 추가 부양책도 현실화되기 힘들고 백신에 대한 불확실성으로 투자 심리가 후퇴할 수 있다\"고 내다봤다. 이재선 하나금융투자 연구원은 \"이번 주는 국내를 포함해 세계적으로 유동성에 민감하게 반응했다\"며 \"이번주 연방공개시장위원회(FOMC)에서 호재성으로 받아드릴 뚜렷한 시그널을 전달하는 데 실패했고, 중국 인민은행의 역환매조건부채권(역RP) 발행과 미국 내 숏 스퀴즈 사태가 시장의 우려를 자극했다\"고 분석했다. 이번 코스피 상위종목을 둘러싼 수급환경은 오히려 증시 중·소형주에 더 불리할 전망이다. 이 연구원은 \"이번 이벤트로 촉발된 조정이 하락장을 의미하기보다는 실적 장세에 진입하기 전 단기적으로 높아진 위험자산가격에 대한 투자자들의 불안심리가 표출된 것\"이라며 \"국내 증시는 밸류에이션(실적 대비 주가 수준) 부담이 높았기 때문에 실적에 따른 종목별 차별화가 전개될 가능성이 높다\"고 설명했다. 노 연구원 역시 \"성공적 백신공급은 글로벌 경제 정상화의 필요조건인데, 접종이 지연됨에 따라 당초 증시 상승을 뒷받침했던 경기 낙관론이 흔들리고 있다\"며 \"경기 회복에 대한 눈높이 조정으로 시간이 필요한 부분\"이라고 말했다.[김규리 매경닷컴 기자 wizkim61@mk.co.kr]▶ 네이버 메인에서 '매일경제'를 받아보세요▶ 궁금한 제조과정 영상으로 보세요. '이렇게 만들죠'▶ 아파트 살까 청약할까. 여기서 확인하세요. '매부리tv'[ⓒ 매일경제 & mk.co.kr, 무단전재 및 재배포 금지]"
    },
    {
        "title": "'코로나 홈트족' 의류株 희비 가르다",
        "date": "2021.01.30. 오전 11:23",
        "content": "[아시아경제 황준호 기자] 코로나19로 집에서 운동하는 '코로나 홈트족'이 많아졌다. 집에서 운동하겠다는 사람들이 늘어나면서 관련 의류 매출도 크게 늘었다. 코로나19 창궐 직후에는 매출 감소로 고전을 면치 못했지만 '코로나 홈트족'이 의류업체의 구원투수로 등판한 격이다.30일 대신증권은 최근 홈트족의 여파에 대해 이같이 분석했다. 코로나19, 희비 갈리는 의류 OEM업계\n\n\n\n지난해 초 코로나19가 세계적으로 퍼지고 난 후 글로벌 기능성 의류 주문자상표부착생산(OEM)업체들의 수주고는 30~40% 가량 빠졌다. 특히 운동복 소재의 의류를 만드는 제조사들의 파고가 심했다. 예를 들어, 기능성 우븐 소재 의류 OEM업체인 에끌라의 지난해 7~8월 매출은 전년 대비 2% 늘어나는데 그쳤다. 일반 의류를 제조하는 마칼롯의 매출이 25% 늘어난 것에 비하면 늘었다고 보기도 힘든 수준이다. 마칼롯의 경우 코로나19로 인해 마스크, 방호복 등의 수요가 늘면서 오히려 코로나 특수를 맞았다. 코로나19로 홈트 인기.. 기능성 우븐 OEM 매출 급증\n\n\n\n하지만 코로나19가 쉽사리 잡히지 않고 미국, 유럽 등지에서 오히려 심해지면서 의류 OEM 업계의 파고는 더욱 커졌다. 그런데 세계적으로 집에서 운동하고자 하는 수요인 '홈트(홈트레이닝)'족이 생겨나면서 기능성 의류 OEM업체들에게 기회가 됐다. 에끌라는 지난해 4분기 매출액이 전년 대비 29%나 늘었다. 2019년은 코로나19 이전 상황임에도 매출이 신장된 것이다. 반면 마칼롯의 매출은 0.2% 늘었다. 대신증권은 올해 백신 접종이 시작되고 미국과 유럽 등 주요 소비 시장의 봉쇄 조치 해제 등이 이뤄진다면 일반 의류의 수요도 본격 회복될 수 있을 것으로 봤다. 우리나라에서는 의류 OEM업체인 영원무역과 한세실업이 저평가 상태라며 영원무역의 경우 코로나19 수혜기업으로 저평가 상태인 점이 큰 매력이라고 했다. 한세실업은 글로벌 의류 OEM 산업의 구조조정 수혜가 예상되나, 앞서 언급한 것처럼 2-3분기 방역제품 특수가 올해 실적에 단기 부담으로 작용하고 있어 이 부분에 대한 확인을 거치면서 주가는 다시 회복 흐름을 보일 것으로 예상했다. 황준호 기자 rephwang@asiae.co.kr▶ 2021년 신축년(辛丑年) 신년운세와 토정비결은?▶ 발 빠른 최신 뉴스, 네이버 메인에서 바로 보기▶ 2021년부터 이렇게 달라진다! 필수 체크!<ⓒ경제를 보는 눈, 세계를 보는 창 아시아경제 무단전재 배포금지>"
    },
    {
        "title": "[금나와라 뚝딱]카겜株 3주 받은 개미는 어떻게 됐을까",
        "date": "2021.01.30. 오전 10:49",
        "content": "장기투자 계획했지만 수익률 108% 매도IPO에 매력 느껴 꾸준한 투자 계획하기도상장 후 공모가 밑돌수도…스터디는 필수[이데일리 이지현 기자] 요즘 증시를 보면 어지럽다는 반응을 보이는 분이 많습니다. 지난 26일엔 코스피가 3200선을 돌파했는데 29일엔 3000선 밑으로 뚝 떨어지는 등 변동폭이 커졌기 때문입니다. 이런 상황에서도 IPO(기업공개) 시장은 뜨겁습니다. 지난 12일 투자자예탁금은 74조원을 기록하는 등 증시 대기자금이 사상 최고를 기록했습니다. 여기에 청약공모 시장은 1000대 1의 경쟁률을 보이고 있습니다. 이렇게 핫한 이유는 무엇일까요? IPO 해보셨나요IPO는 기업이 경영내용을 공개해 주식을 외부 투자자들에게 나누고 이를 통해 성장 자금을 마련하는 것이 주된 이유입니다.30일 기업설명(IR) 전문 컨설팅기업 IR큐더스가 분석한 IPO 시장 자료에 따르면 지난해 IPO를 진행한 신규 상장기업은 76개사, 공모금액 규모만 5조7888억원에 이릅니다. 이 중 일반 청약 경쟁률 1000대 1 이상을 기록한 기업이 33개사(47%), 상장 당일 시초가가 공모가의 2배를 기록한 기업이 26개사, 시초가가 2배에서 시작해 상한가(따상)를 간 기업도 10개사나 됩니다. 신규상장기업 공모가 대비 수익률(지난해 12월 23일 기준)은 평균 66.8%를 기록했습니다. 100원을 투자해 67원의 수익을 얻었다는 뜻입니다. 그야말로 ‘IPO붐’이었습니다. 이러한 붐이 올해 꺼지지 않을까라는 우려도 있었지만 1월에만 10개 기업이 IPO를 진행하는 등 IPO붐은 올해도 이어지고 있는 상태입니다. 모바일 포인트 플랫폼 전문기업 엔비티(236810)는 청약 경쟁률이 4397대 1을 기록하는 등 10개 기업의 일반 평균경쟁률은 1628대 1로 흥행몰이에 성공한 상태입니다.  IPO 대박 카카오게임즈 수익률 100% \n\n\n\n표=마켓포인트 제공이같은 흥행은 모두 수익실현에 대한 기대 때문입니다. 지난해 IPO대어로 꼽혔던 카카오게임즈(293490)의 사례를 살펴볼까 합니다. 저의 지인은 카카오게임즈 공모주를 청약하기 위해 은행에서 5000만원을 빌려 청약증거금으로 넣었고 총 3주를 받았습니다. 1주당 공모가는 2만4000원으로 총 7만2000원을 제외한 나머지 환불금은 이틀 후 모두 은행에 상환했습니다. 이틀간의 이자는 총 8000원이 들었습니다. 카카오게임즈는 상장 첫날 시초가가 공모가의 2배에 형성된 후 상한가를 기록하며 따상으로 직행했습니다. 이틀째에도 상한가를 치며 ‘따상상’을 기록했습니다. 셋째날에도 상한가를 갈 것으로 기대를 모았지만 8만9100원을 터지한 이후 하락세로 돌아섰습니다. 제 지인이 최고가였던 8만9100원에 매도했다면 1주당 수익률은 271%, 총 공모가와 이틀간의 은행이자 8000원을 제외하고서도 18만7300원을 손에 쥘 수 있었을 겁니다. 하지만 제 지인은 이 주식을 팔지 않았습니다. 평생 가지고 있어도 좋을 주식이라고 생각하고 손에 꼭 쥐고 있었습니다. 하지만 그 기간은 오래가지 않았습니다. 지난해 11월 주택값 폭등에 전세난까지 겹쳐 결국 ‘영끌(영혼까지 끌어모은 대출)’로 집을 마련했고 이 과정에서 평생주식으로 가져가려 했던 카카오게임즈 주식을 모두 팔았습니다. 주당 4만9900원, 수익률 108%입니다. 제 지인이 카카오게임즈 공모주 청약 이후 얻은 총 수익은 6만9700원(대출이자 제외)입니다. 어떻게 보면 적은 돈이지만, 이 과정에서 값진 교훈을 얻었다고 합니다. 은행에서 대출을 받고 주식 계좌를 만들어 청약에 넣는 수고로움이 들지만, 투자를 결정하면서 이 기업에 대해 공부하면서 뭔가를 배운 것 같았다고. 그래서 아파트 대출을 갚기에 바쁘지만 여윳돈이 생긴다면 다시 IPO에 참여해볼 계획이라고 했습니다. ‘공모주=수익’ 공식 아냐IPO는 우량기업의 주식을 상대적으로 저렴하게 확보할 수 있다는 장점이 있습니다. 하지만 모두가 그런 것은 아닙니다. 어떤 회사인지, 신주규모가 얼만큼인지, 보호예수물량이 얼만큼인지도 모른 채 높은 경쟁률만 보고 쫓다가는 손해를 볼 수 있습니다. 지난 28일 상장한 마스크 필터 제조업체 씨앤투스성진(352700)은 수요예측 경쟁률 1010대 1, 청약경쟁률 674대 1로 흥행에 성공했습니다. 공모가는 희망밴드(2만6000~3만2000원) 최상단인 3만2000원에 결정됐습니다. 하지만 상장 당일 시초가가 공모가에서 약 1% 낮은 3만1700원으로 결정됐고 상장 첫날 9.46%, 둘째 날 12.72% 하락한 2만5050원에 장을 마쳤습니다. 공모에 참여했다면 주당 22%의 손실을 본 셈입니다. 그나마 다행인 점은 상장 주관사였던 미래에셋대우가 ‘풋백 옵션’을 걸었던 덕분에 투자자들이 어느 정도 손실을 보전받을 권리가 주어진다는 점입니다. ‘풋백 옵션’은 상장 후 주가가 공모가를 10% 이상 밑도는 경우 주관사가 공모가의 90% 가격으로 이를 되사주는 제도입니다. 투자자들은 행사 기간인 3개월 이내에 해당 권리를 행사할 수 있습니다. 하지만 상장 주관사가 미래에셋대우처럼 풋백 옵션을 걸지 않는다는 점입니다.한 투자업계 관계자는 “모든 공모주가 수익 실현으로 이어지지 않는다는 점을 명심해야 한다”며 “기업의 재무적인 상황 점검 등과 같은 스터디를 먼저 한 후 실행에 옮기는 게 필요하다”고 조언했습니다.이지현 (ljh423@edaily.co.kr)▶ #24시간 빠른 #미리보는 뉴스 #eNews+▶ 네이버에서 '이데일리 뉴스'를 만나보세요▶ 빡침해소, 청춘뉘우스 '스냅타임'＜ⓒ종합 경제정보 미디어 이데일리 - 무단전재 & 재배포 금지＞"
    },
    {
        "title": "[그래픽] 게임스톱 주가 추이",
        "date": "2021.01.30. 오전 9:09",
        "content": "(서울=연합뉴스) 이재윤 기자 = 29일(현지시간) '개미 대 헤지펀드'의 대결로 주목받는 게임스톱 주가는 67.9% 폭등하며 전날 급락(-44.3%)을 거의 만회했다. 인기 증권앱 로빈후드 등 주식거래 중개업체들이 게임스톱 등에 대한 거래 제한 조치를 일부 완화한 덕분으로 풀이된다.    yoon2@yna.co.kr    트위터 @yonhap_graphics  페이스북 tuney.kr/LeYN1▶네이버에서도 뉴스는 연합뉴스[구독 클릭]▶[팩트체크]성관계영상 유포 '재촬영물'은 처벌불가?▶제보하기<저작권자(c) 연합뉴스(https://www.yna.co.kr/), 무단 전재-재배포 금지>"
    },
    {
        "title": "게임스톱 반란 이끈 '대장 개미' \"일단 집 한채 지을래요\"",
        "date": "2021.01.30. 오전 9:00",
        "content": "매사추세츠 사는 전직 보험사직원 키스 질…금융 계좌에 370억원\"가치투자 믿는다…이렇게 될 줄 예상 못해\"\n\n\n\n게임스톱 공매도 반란 이끈 키스 질 [유튜브채널 Roaring Kitty 영상캡처. 재판매 및 DB금지](서울=연합뉴스) 김용래 기자 = 미국 비디오게임 유통사 게임스톱이 대형 헤지펀드의 투기성 공매도에 대응한 '개미 투자자의 반란'을 이끈 이는 두 살짜리 딸을 둔 유튜버이자 개인투자자 키스 질(34)이다.    대학 때까지 장거리 달리기 선수였다는 그는 이번에 번 돈으로 일단 고향에 실내 트랙을 갖춘 집을 짓겠다고 29일(현지시간) 월스트리트저널(WSJ)과 인터뷰에서 말했다.     WSJ 기자가 지난 21일 주식시장 마감 이후 그의 허락을 얻어 들여다본 그의 온라인 거래계좌에는 옵션과 주식, 현금을 모두 합쳐 3천300만달러(약 370억원) 가량이 들어있었다고 한다.    지난해 말 13억 달러(약 1조5천억원)였던 게임스톱의 시가총액은 질을 비롯한 개미 투자자들이 헤지펀드의 투기성 공매도에 맞서 벌인 전쟁으로 현재 200억 달러(약 22조3천억 원) 이상으로 늘었다.    질이 게임스톱에 투자하기 시작한 것은 2019년 6월. 이 해 상반기에 게임스톱은 1년 사이에 다섯 번째 대표이사 선임을 준비하는 등 고전을 거듭하고 있었다.     질은 평소 슈퍼마리오 외에 많은 비디오 게임을 많이 해보진 않았지만 게임스톱이 최신 게임콘솔을 바탕으로 새 고객을 끌어모을 잠재력이 있다고 판단했다. 당시 5달러 내외에 불과했던 게임스톱의 주가는 현재 325달러에 달한다.    질은 상황이 이렇게까지 커질 줄은 몰랐다면서도 자신은 저평가된 주식에서 가치를 찾아낼 수 있다고 믿는 사람이라고 소개했다.    의회, 연준(Fed) , 헤지펀드, 증권사, 개미투자자 수십만명의 이목을 끌려고 이 일을 시작한 것은 아니라고 했지만, 그는 사회관계망서비스(SNS) 레딧의 주식토론방인 '월스트릿베츠'에선 이미 유명 인사다.\n\n\n\n게임스톱 공매도 반란 이끈 키스 질 [유튜브채널 Roaring Kitty 영상캡처. 재판매 및 DB금지]    작년 여름엔 '포효하는 키티'(Roaring Kitty)라는 이름의 유튜브 채널을 개설해 활동 중이다. 레딧과 유튜브는 그가 거대 헤지펀드의 공매도를 상대로 '전쟁'을 주도할 수 있게 한 강력한 무기였다.     많은 개인 투자자는 그의 주도로 개미 투자자가 거대 헤지펀드에 큰 타격을 입힐 만큼 강력하게 뭉칠 수 있었다고 입을 모은다.     레딧의 한 사용자는 \"당신의 지도력이 (게임스톱의) 주식을 매입해 갖고 있도록 확신을 줬다\"면서 \"당신의 모범이 수천명의 평범한 사람의 삶을 바꿨다. 고맙다. 당신은 그 모든 돈을 벌 자격이 있다\"고 적었다.    최근까지 매사추세츠 생명보험에서 마케팅 직원으로 일했던 그는 대학 때까지 장거리 달리기 선수였다고 했다. 대학 시절 전국육상대회에서 수상하기도 한 그는 2009년 회계학으로 학업을 마치고서는 공인재무분석사(CFA) 자격도 땄다.    게임스톱 사태로 하루아침에 삶이 완전히 바뀌어 버렸지만, 미래에 대한 계획은 아직 세우지 않았다고 한다.    일단 지금처럼 유튜브 채널을 계속 운영하면서 집을 하나 새로 지을 생각이다.    그는 고향인 매사추세츠주 브록튼에 실내 트랙이나 필드가 있는 집을 항상 짓고 싶었다면서 그 꿈을 \"이제 정말 이룰 수 있을 것 같다\"고 말했다.    yonglae@yna.co.kr\n\n\n\n미국 뉴욕시 맨해튼 지역에 있는 비디오 유통체인 게임스톱의 매장 앞 [로이터=연합뉴스]▶네이버에서도 뉴스는 연합뉴스[구독 클릭]▶[팩트체크]성관계영상 유포 '재촬영물'은 처벌불가?▶제보하기<저작권자(c) 연합뉴스(https://www.yna.co.kr/), 무단 전재-재배포 금지>"
    },
    {
        "title": "[주톡피아]\"100만원도 분산투자 해야하나요?\"…염블리 답은",
        "date": "2021.01.30. 오전 8:31",
        "content": "'주톡피아'서 염승환 이베스트투자증권 부장과 인터뷰'월급의 몇% 투자?' 주린이들 질문에 직접 답해[이데일리 이슬기 기자] 이데일리의 유튜브 채널 ‘주톡피아’가 염승환 이베스트투자증권 부장과 만나 주린이(주식 초보자)들의 궁금증을 1부터 10까지 풀어보는 시간을 가졌다. 이데일리는 ‘투자금이 적은데 분산투자가 낫나요?’부터 ‘월급의 몇 퍼센트를 투자하는 게 낫나요?’ ‘주가가 오른 종목을 지금이라도 살까요?’라는 질문까지 기초적인 질문을 물어봤다.\n\n\n\n이데일리는 지난 28일 서울 서대문구 이데일리 사옥에서 염 부장과 인터뷰를 가졌다. 염 부장은 이데일리 유튜브 채널인 ‘주톡피아’의 1호 게스트로, 이날 특별히 주톡피아 구독자들의 질문에 직접 대답해 줬다. 염 부장과의 인터뷰는 1편과 2편으로 나뉘어져 업로드 될 예정으로, 이번엔 1편 내용만 살펴봤다.먼저 가장 많은 구독자들이 질문했던 주제는 분산투자냐, 집중투자냐의 문제였다. 주식을 처음 시작하는 사람들은 통상 적은 금액으로 투자하기 마련인데, 이 적은 금액에서도 여러 종목을 나눠 사는 게 필요하냐는 질문이었다.염 부장은 금액과 상관없이 주린이에게 분산투자는 중요하다고 강조했다. 염 부장은 “여러 종목을 한 번 담아봐야 종목이 오르고 내릴 때 왜 그런지 공부가 된다”며 “또 만약 주도주만 갖고있을 경우 주도주가 가는 시장에선 성적이 좋지만 그렇지 않을 때엔 수익률이 지나치게 낮아지며 변동성이 커지는데 이를 주린이가 견디긴 쉽지 않다”고 설명했다. 다음 주요 질문은 ‘월급의 몇 퍼센트를 투자하는 게 맞나요?’라는 질문이었다. 염 부장은 “월급수준과 형편이 사람마다 다르기 때문에 일률적으로 말할 순 없다”면서도 “고정비가 많이 드시는 분들은 10% 정도, 월급의 50% 정도는 저축하실 여유가 되는 분들은 40~50%는 투자를 하는 것도 나쁘지 않다”고 조언했다.눈에 띄는 또 다른 질문은 종목 선별에 대한 질문이었다. 염 부장은 종목을 고를 때 노하우가 있는지에 대한 질문이다. 염 부장은 LG전자(066570)와 마그나의 합작 이슈, 현대차(005380)와 애플카의 이슈를 들며 뉴스를 꼼꼼히 챙기면 이슈 파악이 가능하다고 말했다. 염 부장은 “뉴스를 보고 시대의 변화가 느껴지면 스스로 증권사 보고서를 찾아 공부를 한 뒤 상상력을 펼쳐보는 게 좋다”며 “이 기업이 과연 어디까지 성장할 수 있을지를 계속 상상하는 습관을 들였으면 좋겠다”고 힘주어 말했다.문제는 거대한 시대의 변화는 느껴지는데 이미 주가가 너무 많이 올랐을 때다. 염 부장은 그 때는 앞으로 그 사업으로 회사가 얼마나 더 벌 수 있을지를 따져봐야 한다고 강조했다.염 부장은 “커다란 뉴스가 나오면 애널리스트들이 관련 사업에서 앞으로 얼마정도 이익이 나올 것이라는 추정치를 보고서에 쓴다”며 “더 벌 것이라는 게 납득이 되면 사는 거고 그렇지 않으면 무시하면 된다”고 말했다.염승환 부장과 한 인터뷰는 유튜브 ‘주톡피아’ 채널에서 더 자세히 볼 수 있다. 1편은 29일 업로드 됐으며, 2편은 다음주 업로드 될 계획이다.이슬기 (surugi@edaily.co.kr)▶ #24시간 빠른 #미리보는 뉴스 #eNews+▶ 네이버에서 '이데일리 뉴스'를 만나보세요▶ 빡침해소, 청춘뉘우스 '스냅타임'＜ⓒ종합 경제정보 미디어 이데일리 - 무단전재 & 재배포 금지＞"
    },
    {
        "title": "[이번주 증시인물]로빈후더는 왜 월가를 점령했나",
        "date": "2021.01.30. 오전 7:30",
        "content": "로빈후더, 게임스탑戰으로 전세계 증시 들썩동학개미운동과 출발은 비슷하나 진행양상은 딴판자기파괴적으로 치닫는 모습…비트코인에도 달려가[이데일리 이슬기 기자] 이번주 전세계 증권가를 뒤흔들었던 인물은 뭐니뭐니 해도 ‘로빈후더’라 불리는 미국의 개인투자자들일 것이다. 월가의 헤지펀드를 혼내주자고 봉기했던 이들은 결국 친정인 증권사 ‘로빈후드’에 배신당하며 일보 후퇴한 양상이다. 로빈후더의 봉기는 어떻게 마무리가 될까. 이번주 증시인물은 로빈후더를 통해 알아본다.\n\n\n\n(사진=AFP)이번주(25~29일) 미국 시장에서 게임스탑은 최고 483달러까지 오르며 폭발적인 주가상승세를 보였다. 지난해 연말까지만 해도 18.84달러에 장을 마쳤던 걸 감안하면 2000%가 넘는 주가 상승세를 보였던 셈이다. 게임스탑은 지난 27일(현지시간) 거래대금이 296억달러나 됐는데, 이는 테슬라(224억달러)나 애플(188억달러) 등 시가총액 상위종목보다 훨씬 큰 수준이었다. 이날 하루에만 게임스탑은 무려 134.84%나 급등했었다.게임스탑 주가의 광란은 미국의 개인투자자들의 봉기(?) 때문이다. 게임스탑은 오프라인 게임업체다 보니 코로나19 피해주로 꼽히며 주가가 많이 하락했던 종목이다. 그러나 경기 반등 기대감에 단숨에 2배나 오르면서 공매도 투자자의 표적이 됐다. 시트론(Citron) 등 공매도 투자자들은 “지금 주가는 설명되지 않는다”며 공매도에 나섰고, 개인들은 SNS ‘레딧’에 모여 작당해 게임스탑의 주가를 올리기 시작한다. 숏스퀴즈에 몰린 기관들과 이를 부추기는 개인투자자들의 대결이 벌어지는 가운데 게임스탑의 주가는 하늘로 치솟았다.미국 개인투자자들의 감정은 한국 개인투자자와 크게 다를 바가 없다. 한국의 투자자들이 기관과 외인의 매도세에 분노하며 ‘동학개미운동’을 일으켰던 것처럼, 미국 투자자 역시 공매도 하는 기관에 혼쭐을 내주자는 심정으로 이번 사태를 일으켰기 때문이다. 그러나 다른 점은 동학개미운동이 주가를 상승시키며 윈윈하는 방향으로 진행된 반면, 로빈후더들의 봉기는 자기파괴적이었다는 사실이다. 공매도로 손실을 본 헤지펀드의 경우 애초 레버리지를 일으켜 공매도에 나섰었는데, 로빈후더의 매수세로 주가가 상승하자 추가 담보를 요구받으면서 반대매매에 몰렸다. 이런 헤지펀드들이 손실을 메우기 위해 갖고있던 다른 종목들을 팔아치우면서 주가가 큰 폭으로 하락한 것이다. 27일(현지시간) S&P500 지수는 2.57% 떨어진 채로 마감한 것이 이를 방증한다.문제는 이 로빈후더에게 물리적 압력(?)을 가하면서 커졌다. 28일(현지시간) 미국의 로빈후드는 게임스탑 등 최근 숏스퀴즈를 노리고 급등하고 있는 종목들의 신규매수를 원천 차단했다. 새 매수세가 들어오지 않자 게임스탑은 무려 44%대 하락하며 장을 마친다. 마치 친정이 로빈후더들을 버린 모양새다. 이에 로빈후더들은 로빈후드 어플을 삭제하고 다른 증권사 계좌를 트는 등 행동에 나서고 있다. 그러면서 ‘헤지펀드가 시장을 들썩이는 건 가능하고 로빈후더는 안 되냐’며 분통을 터뜨리고도 있다. 미국판 ‘기울어진 운동장’론이다.\n\n\n\n한국시간으로 29일 오후 6시 일론 머스크가 자신의 트위터 프로필에 Bitcoin이라고 쓴 모습(사진=일론 머스크 트위터 캡쳐)심지어 테슬라의 CEO 일론 머스크는 여기에 불을 붙였다. 한국 시간으로 29일 오후 6시경 그는 자신의 트위터 계정 프로필에 ‘Bitcoin’이라는 한 마디만을 남겼다. 비트코인은 ‘탈 중앙화 자산’으로 어떠한 권력도 좌지우지 할 수 없는 성격의 자산이다. 봉기를 일으킨 로빈후더들이 기존 금융 권력인 월스트리트에 대한 반감으로 비트코인에 주목하게 된 이유다. 29일 오후 비트코인은 이 영향을 받아 한 때 16%대 급등하기도 했다. 앞서 일론 머스크는 자신의 트위터에 ‘Gamestonk!!’라며 이번 봉기가 시작된 레딧 사이트를 포스팅하기도 해 눈길을 끈 바 있다. Gamestonk는 게임스탑에 ‘맹폭격’을 의미하는 ‘stonk’를 합친 단어다. 머스크는 테슬라가 공매도 세력에 여러 차례 수난을 당해온 탓에 공매도 세력을 싫어하기로 유명한 인물이다.게임스탑과 관련한 일련의 사태는 애초 헤지펀드에 대한 반발심으로 시작한 측면이 크다. 그런데 시스템이 로빈후더를 억누르는 모양새가 되자 헤지펀드와 금융시스템에 대한 로빈후더들의 반발은 더 극심해지는 상황이다. 이미 미국 하원은 게임스탑 사태에 대한 청문회를 열겠다고 밝힌 상황. 게임스탑 사태가 어떻게 종결이 될 지 귀추가 주목된다.이슬기 (surugi@edaily.co.kr)▶ #24시간 빠른 #미리보는 뉴스 #eNews+▶ 네이버에서 '이데일리 뉴스'를 만나보세요▶ 빡침해소, 청춘뉘우스 '스냅타임'＜ⓒ종합 경제정보 미디어 이데일리 - 무단전재 & 재배포 금지＞"
    },
    {
        "title": "게임스톱 경영진, 스톡옵션 대박…1조4천억원 이상으로↑",
        "date": "2021.01.30. 오전 4:52",
        "content": "회사는 적자 났지만 개미 덕에 스톡옵션 가치 폭등\n\n\n\n'개민들의 반란'에 롤러코스터 주가 연출하는 게임스톱[AP=연합뉴스 자료사진](뉴욕=연합뉴스) 고일환 특파원 = 미국의 비디오게임 유통업체 게임스톱 경영진이 헤지펀드를 굴복시킨 개미 투자자들 덕분에 막대한 장부상 이익을 얻은 것으로 나타났다.    블룸버그통신은 29일(현지시간) 헤지펀드와 개미 투자자들의 공매도 전쟁 와중에 게임스톱 경영진의 스톡옵션 가치가 13억 달러(한화 약 1조4천500억 원)로 부풀어 올랐다고 보도했다.    조지 셔먼 최고경영자(CEO)가 향후 수년간 회사로부터 받게 되는 주식의 가치는 이날 오전 10시45분 현재 거래 가격을 기준으로 7억 달러(약 7천800억 원)로 뛰어올랐다.    제임스 벨 최고재무책임자(CFO)가 받게 될 주식 가치는 1억7천만 달러(약 1천900억 원), 프랭크 햄린 고객담당임원(CCO)의 주식 가치는 1억2천만 달러(약 1천340억 원)로 커졌다.    게임스톱 경영진의 스톡옵션 대박은 헤지펀드의 공매도에 맞서 개인 투자자들이 게임스톱 주식을 사들이면서 주가가 뛰어올랐기 때문이다.    지난해 말 13억 달러였던 게임스톱의 시총은 현재 200억 달러(약 22조3천억 원) 이상이다.     물론 주가 변동에 따라 경영진의 스톡옵션 가치는 줄어들 수 있다.     게임스톱의 주가는 기업 실적과 관련 없이 급등했기 때문에 주가를 유지하는 것도 만만치 않을 것으로 보인다.    지난 회계연도에 게임스톱의 매출은 22% 감소했고, 4억7천100만 달러(약 5천260억 원)의 적자를 기록했다.    블룸버그통신은 주가 폭등으로 게임스톱 대주주들이 보유한 지분의 가치도 함께 늘었다고 전했다.    게임스톱 지분 13%를 보유한 라이언 코언의 지분 가치는 20억 달러(약 2조2천억 원) 이상이 됐고, 또 다른 대주주 도널드 포스의 지분가치는 11억 달러(약 1조2천300억 원)로 불었다.    koman@yna.co.kr▶네이버에서도 뉴스는 연합뉴스[구독 클릭]▶[팩트체크]코로나 백신 선택권, 한국만 없다?▶제보하기<저작권자(c) 연합뉴스(https://www.yna.co.kr/), 무단 전재-재배포 금지>"
    },
    {
        "title": "[표]채권 수익률 현황(1월 29일)",
        "date": "2021.01.29. 오후 6:45",
        "content": "[서울경제] /오세순 기자 osss@sedaily.com▶ 상위 1% 투자자 픽! [주식 초고수는 지금]▶ 전문가에게 듣는 성공 방정식 [투자의 창]▶ 네이버 채널에서 '서울경제' 구독해주세요!저작권자 ⓒ 서울경제, 무단 전재 및 재배포 금지"
    },
    {
        "title": "[표]코스피200지수 옵션 시세(1월 29일)",
        "date": "2021.01.29. 오후 6:43",
        "content": "[서울경제] /오세순 기자 osss@sedaily.com▶ 상위 1% 투자자 픽! [주식 초고수는 지금]▶ 전문가에게 듣는 성공 방정식 [투자의 창]▶ 네이버 채널에서 '서울경제' 구독해주세요!저작권자 ⓒ 서울경제, 무단 전재 및 재배포 금지"
    },
    {
        "title": "[표]코스피200지수 ·국채·달러 선물 시세(1월 29일)",
        "date": "2021.01.29. 오후 6:42",
        "content": "[서울경제] /오세순 기자 osss@sedaily.com▶ 상위 1% 투자자 픽! [주식 초고수는 지금]▶ 전문가에게 듣는 성공 방정식 [투자의 창]▶ 네이버 채널에서 '서울경제' 구독해주세요!저작권자 ⓒ 서울경제, 무단 전재 및 재배포 금지"
    },
    {
        "title": "[표]유가증권·코스닥 투자주체별 매매동향(1월 29일-최종치)",
        "date": "2021.01.29. 오후 6:26",
        "content": "[서울경제] /오세순 기자 osss@sedaily.com▶ 상위 1% 투자자 픽! [주식 초고수는 지금]▶ 전문가에게 듣는 성공 방정식 [투자의 창]▶ 네이버 채널에서 '서울경제' 구독해주세요!저작권자 ⓒ 서울경제, 무단 전재 및 재배포 금지"
    }
]