[
    {
        "title": "노브랜드버거 빠른 확장세…신세계푸드 목표주가 8만원",
        "date": "2021.01.02. 오후 10:11",
        "content": "[헤럴드경제=박이담 기자]한화투자증권은 신세계푸드가 운영하는 '노브랜드버거(No Brand Burger)'가 빠른 확장세를 보이며 이익이 본격화되고 사업구조 재편도 가속화할 것이란 전망을 내놨다. 이에 신세계푸드에 대한 투자의견으로 '매수'를 내놨다. 목표가는 8만원을 유지했다.\n\n\n\n노브랜드 버거 부산대연점 전경 [제공=신세계푸드]노브랜드버거는 2019년 8월 신세계푸드가 론칭한 햄버거 브랜드다. 브랜드 론칭 이후 직영점만 운영하다 지난해 7월부터 가맹사업에 나섰다. 지난해 11월 기준 직영점 51개, 가맹점 10개를 출점했다. 지난달엔 가맹점 6곳의 출점을 준비하고 있는 것으로 알려졌다.업계에선 올해 노브랜드버거의 가맹사업이 더욱 탄력 받을 것으로 예상한다. 남성현 한화투자증권 연구원은 \"지난 4분기부터 가맹사업이 본격화됐다는 점을 감안하면 가맹점이 상당히 빠르게 확장하고 있다\"면서 \"이런 추세가 유지될 경우 올해는 100개 수준의 신규점 출점이 가능할 것\"이라고 전망했다.매장이 늘어나는만큼 실적도 개선될 것으로 보인다. 한화투자증권은 올해 노브랜드버거 매출액은 약 210억원, 영업이익은 60~70억원에 달할 것으로 분석했다.\n\n\n\n서울의 한 대형마트에 진열된 밀키트 관련 제품들. [연합]신세계푸드는 사업구조를 발빠르게 재편할 것으로 예상된다. 수익이 나지않는 사업부를 최대한 줄이고 경쟁력이 높은 사업구조로 전환하는 것이다. 수익성이 악화되고 있는 단체급식부문과 경기변동 영향이 큰 외식사업부는 축소한다. 다만, HMR 및 밀키트 제조라인을 확대하는 등 제조사업부에는 힘을 쏟을 것으로 보인다.남 연구원은 \"간편조리식 시장 확대가 가속화되고 있어 제조를 통한 상품공급 시장은 더욱 커질 것으로 전망되기에 신세계푸드의 사업구조 개편은 가장 최선의 선택이라 생각한다\"고 설명했다.parkidam@heraldcorp.com▶환경적 대화기구 '헤럴드에코'▶밀리터리 전문 콘텐츠 ‘헤밀’▶헤럴드경제 네이버 채널 구독- Copyrights ⓒ 헤럴드경제 & heraldbiz.com, 무단 전재 및 재배포 금지 -"
    },
    {
        "title": "SK바이오사이언스, HK이노엔 등 출격 대기···올해도 IPO 시장 열기 이어질까",
        "date": "2021.01.02. 오전 11:17",
        "content": "[서울경제] 지난해 SK바이오팜이 불러온 공모주 청약 열풍이 올해도 이어질 전망이다. 올해도 SK바이오사이언스, HK이노엔 등 대어급 기업의 상장이 예고돼 있다. SK바이오사이언스는 올해 상반기 유가증권시장에 상장한다. SK바이오사이언스는 지난해 12월 한국거래소에 기업공개(IPO)를 위한 상장 예비 심사 신청서를 제출했다. 거래소는 상장 예비 심사 신청서를 접수 받은 후 상장위원회 심의를 거쳐 45일 이내에 심의 결과를 통보할 예정이다. SK바이오사이언스는 거래소 승인 후 금융위원회에 증권 신고서를 제출하고 이르면 올해 상반기 중 코스피에 입성할 계획이다. 대표 주관사는 NH투자증권이며 한국투자증권과 미래에셋대우가 공동 주관사다.SK바이오사이언스는 지난 2018년 7월 SK케미칼(285130)에서 분사해 신설된 백신 전문 기업이다. 자체 개발한 세포 배양 독감 백신과 대상포진 백신, 수두 백신을 판매하고 있다. 빌앤멀린다게이츠재단의 지원 아래 국제백신연구소와 장티푸스 백신, 글로벌 기구 PATH와 소아장염 백신의 임상 3상을 진행하고 있디. 또 사노피파스퇴르와 공동 개발 중인 차세대 폐렴구균 백신은 미국에서 임상 2상을 진행하고 있다. 지난해 말 신종 코로나바이러스 감염증(코로나19) 백신 후보 물질  ‘GBP510’(1·2상),  ‘NBP2001’(1상)의 임상에도 돌입했다.위탁생산(CMO)도 주요 사업 분야 중 하나다. 지난해 7월 아스트라제네카와 영국 옥스퍼드대가 개발해 임상 3상 중인 코로나19 백신 후보 물질의 원액과 완제를 위탁생산하는 CMO 계약을 체결했다. 8월에는 국제 민간 기구인 CEPI(전염병대비혁신연합)와의 시설 사용 계약에 따라 미국 바이오 기업 노바백스와 코로나19 백신 후보 물질의 항원 개발과 생산, 글로벌 공급에 대한 CDMO 계약을 체결해 생산을 진행 중이다.\n\n\n\n2018년 한국콜마(161890)에 인수된 후 CJ헬스케어에서 사명을 변경한 HK이노엔도 올해 상장을 준비 중이다. HK이노엔은 지난 2019년 3월 위식도역류질환 신약 케이캡정 출시 후 우리나라를 비롯해 중국, 베트남, 중남미 국가 등에 진출한 데 이어, 최근에는 몽골·싱가포르 제약사와 계약을 통해 판매국을 25개국으로 늘렸다. 같은 해 원외처방실적 기준 264억원대 수익을 올린 케이캡정은 지난해 10월까지 지난해 2배를 넘어서는 577억원대 수익을 기록, 위식도역류질환 치료제 시장 1위에 올랐다. 현재 HK이노엔은 케이캡정의 국내외 경쟁력 확보를 위해 적응증 확대 임상을 진행 중이다.한국MSD와 손잡고 백신 사업에도 나선다. 올해부터 가다실·가다실9·로타텍 등 한국MSD가 보유한 백신 5개 품목의 공동 영업 마케팅과 함께, 해당 제품들을 포함한 7개 품목의 유통을 맡는다.허혜민 키움증권 연구원은 “성장주에 대한 관심이 높아졌고 코로나19 등으로 제약·바이오 섹터에 대한 우호적인 투자 심리가 있다”며 “올해 SK바이오사이언스 등 중대어 종목들의 상장이 예상돼 공모자금 규모가 올해와 유사하거나 더 높을 가능성이 있다”고 했다./이주원기자 joowonmail@sedaily.com▶ 엄마 기자 취재수첩 [서지혜의 건강한 육아]▶ 中투자 알짜정보만 쏙쏙  [니하오 중국증시]▶ 네이버 채널에서 '서울경제' 구독해주세요!저작권자 ⓒ 서울경제, 무단 전재 및 재배포 금지"
    },
    {
        "title": "[이번주 증시인물]파월·트럼프·강성부…올해의 증시人",
        "date": "2021.01.02. 오전 9:31",
        "content": "유동성이 밀어올린 증시…파월 언급 가장 많아'무역분쟁·대선 불복' 트럼프…'한진칼' 강성부도[이데일리 이슬기 기자] 올 한 해 한국 주식시장은 그야말로 롤러코스터를 탔다. 코로나19로 인해 코스피 지수가 반토막 가까이 폭락하더니 금세 언제 그랬냐는 듯 회복해 이번엔 사상 최고치를 연이어 경신하기 시작했다. 이번주는 한 해 동안 ‘이번주 증시인물’에서 언급된 인물들을 통해 2020년을 돌아보는 시간을 가져본다.\n\n\n\n위에서부터 제롬 파월 연방준비제도 의장, 도널드 트럼프 미국 대통령, 강성부 KCGI 대표, 일론 머스크 테슬라 CEO(사진=AFP)2일 마켓포인트에 따르면 지난해 코스피 지수는 총 30.75% 올랐다. 코스피 지수는 지난해 마지막 거래일까지 사상 최고치를 경신하며 한 해를 마쳤다. 한국거래소에 따르면 지난해 주요20개국(G20) 증시 중 코스피 지수의 상승률이 가장 컸다. 한국 다음으론 △터키(27.57%) △아르헨티나(27.57%) △일본(16.53%) △인도(15.36%) 순으로 주가 상승폭이 컸다.지수의 상승폭만 보면 화려해 보이지만, 한 해 동안 지수의 움직임 자체는 굴곡졌다. 코스피 지수는 코로나19로 인해 3월 장중 1439선까지 내렸지만 7월 다시 전고점을 회복했고, 이후 줄곧 상승하더니 11월 사상 최고치를 경신했다. 이후에도 줄곧 상승하며 사상 최고치를 계속 다시 써내려갔고, 마지막 거래일까지 사상 최고치를 경신하며 장을 마쳤다.매 주 언급되는 증시인물에도 이같은 분위기가 반영됐다. 올해 ‘이번주 증시인물’에서 가장 많이 언급됐던 인물은 제롬 파월 연방준비제도(연준·Fed) 의장이었다. 올 한 해 증시는 가히 유동성의 산물이라고도 볼 수 있는데, 그 유동성의 핵심을 쥐고 있는 파월의 한마디 한마디에 그만큼 시장이 귀를 기울였다는 방증이다.그 다음으로 자주 언급된 인물은 도널드 트럼프 미국 대통령이다. 올해에도 미·중 무역분쟁이 이어지며 화웨이 제재 등 굵직굵직한 뉴스가 시장에 제기됐기 때문이다. 화웨이 제재나 틱톡 매각 등이 그 예다. 뿐만 아니라 연말엔 미국 대선이라는 이슈도 있었는데, 트럼프 대통령이 사상 초유의 불복 선언을 하면서 증시의 불확실성을 한층 키우기도 했었다.한국인으로는 강성부 KCGI 대표가 3번이나 언급됐다. 한진칼(180640)에 대해 행동주의에 나섰던 강성부 대표는 올초 기자회견까지 자청하며 승부수를 던지는 등 이슈를 선점했다. 그러나 하반기 정부 주도로 대한항공(003490)과 아시아나항공(020560)이 통합되는 과정에서 한진그룹이 산업은행을 백기사로 맞으면서 강성부 대표는 진퇴양난에 빠졌다.이밖에 조 바이든 미국 대통령 당선인과 일론 머스크 테슬라 CEO도 각각 두 번씩 언급됐다. 특히 일론 머스크의 경우 올 한 해 테슬라의 주가가 급등하면서 그만큼의 이목이 쏠린 인물이다. 올해 일론 머스크는 실적 발표 전후로 자신의 트위터에 아리송한 게시물을 올리며 시장 관계자들의 눈을 사로잡았다.이슬기 (surugi@edaily.co.kr)▶ #24시간 빠른 #미리보는 뉴스 #eNews+▶ 네이버에서 '이데일리 뉴스'를 만나보세요▶ 빡침해소, 청춘뉘우스 '스냅타임'＜ⓒ종합 경제정보 미디어 이데일리 - 무단전재 & 재배포 금지＞"
    },
    {
        "title": "코로나 속 미국 부호들 재산 1천조원 불렸다…머스크 5배로",
        "date": "2021.01.02. 오전 8:03",
        "content": "일론 머스크 (베를린 AFP=연합뉴스)    (서울=연합뉴스) 신유리 기자 = 미국에서 지난해 신종 코로나바이러스 감염증(코로나19) 여파로 서민 경제가 휘청이는 와중에도 부호들의 재산은 1천조원 넘게 불어난 것으로 나타났다.    워싱턴포스트(WP)는 블룸버그 집계를 인용해 지난해 코로나19 대유행 이후 미국 부호들의 재산이 1조 달러(1천88조원) 증가했다고 1일(현지시간) 보도했다.    재산이 가장 많이 불어난 사람은 일론 머스크 테슬라 창업자로, 지난해 1월 이후 1천320억 달러 증가해 총재산이 1천590억 달러가 됐다.    이는 1년 사이에 5배로 불어난 것으로, 세계 갑부 순위에서도 머스크는 빌 게이츠를 제치고 2위로 뛰어올랐다.    부동의 1위인 제프 베이조스 아마존 창업자는 700억 달러 불어나 총재산이 1천860억 달러가 됐다.    두 사람의 재산 증가분을 합치면 약 2천억 달러(217조원)으로, 139개국 국내총생산(GDP)을 합친 것과 맞먹는다고 WP는 집계했다.    이들의 재산 증가는 대체로 보유 주식의 가격 상승에 따른 것으로 나타났다.    테슬라 주가는 지난해 8배 뛰었으며, 여기에는 중국 상하이 공장 가동, 분기별 영업이익 흑자, 전기차 수요 훈풍 등이 호재로 작용했다.    아마존 주가는 지난해 70% 상승률을 기록했으며, 코로나 사태로 온라인 쇼핑에 나선 미국인이 늘었기 때문으로 분석됐다.    클라우드(Cloud·컴퓨팅 서버 대여) 사업인 아마존웹서비스(AWS) 또한 코로나 사태로 수요가 늘었다고 WP는 진단했다.    기부 규모는 정확하게 집계되지 않고 있다.     다만 WP 보도에 따르면 베이조스는 지난해 기후변화 대응에 100억 달러를 기부하겠다고 선언한 이후 11월 첫 기부처에 8억 달러를 전달했고, 구호단체 등에 억단위 기부를 했다.    머스크는 자신이 소유한 자선 재단에 2억5천700만 달러를 기부한 것으로 파악됐다.\n\n\n\n제프 베이조스 [연합뉴스TV 제공]    newglass@yna.co.kr▶네이버에서도 뉴스는 연합뉴스[구독 클릭]▶[팩트체크]검찰총장의 '벌금수배 해제'는 월권?▶제보하기<저작권자(c) 연합뉴스(https://www.yna.co.kr/), 무단 전재-재배포 금지>"
    },
    {
        "title": "한국 증시 작년 시총 증가율 G20중 중국 이어 2위",
        "date": "2021.01.02. 오전 7:02",
        "content": "코스피, 마지막 거래일에도 최고치 (서울=연합뉴스) 이지은 기자 = 증시 폐장일인 12월 30일 오후 서울 중구 하나은행 본점 딜링룸에서 직원이 전광판 앞을 지나고 있다. 이날 코스피지수는 전 거래일보다 52.96포인트(1.88%) 오른 2,873.47로 마감했고, 코스닥지수는 전 거래일보다 11.01포인트(1.15%) 오른 968.42로 마감했다. 2020.12.30 jieunlee@yna.co.kr     (서울=연합뉴스) 이귀원 기자 = 지난해 한국 증시의 시가총액 증가율이 주요 20개국(G20) 가운데 중국 다음으로 높았던 것으로 나타났다.    2일 블룸버그가 지난해 한국 증시의 폐장일인 12월 30일 현재 달러화 기준 주요 86개국 증시의 시가총액을 집계한 결과, 총 102조9천550억달러로 2019년말보다 18.4% 늘었다.     이 가운데 한국 증시의 시총은 2조982억달러(약 3천239조9천430억원)로 같은 기간 45.6% 증가한 것으로 집계됐다.    한국 증시의 시총 증가율은 86개국 중 6번째다.     특히 G20 국가들 가운데서는 중국에 이어 두번째로 높았다.    중국의 시총은 10조7천84억달러로 이 기간 45.9% 늘었다.      증가율 1위는 슬로베니아(167.6%)였으며 짐바브웨(124.4%), 룩셈부르크(70.0%), 사이프러스(46.1%) 등 4위권에는 증시 규모가 작은 나라들만 포진했다.      G20 국가의 증시 가운데 미국은 시가총액이 42조5천203억달러로 23.7% 늘었으며 독일(10.5%), 프랑스(9.3%), 일본(8.5%) 등도 증가세를 보였다.    그러나 영국(-5.8%)의 시총은 감소했다.     86개국 중 서인도제도의 바베이도스는 시총이 95.3%나 줄어 가장 저조한 성적을 냈고 베네수엘라(-63.1%)도 그 다음으로 부진했다.     lkw777@yna.co.kr▶네이버에서도 뉴스는 연합뉴스[구독 클릭]▶[팩트체크]검찰총장의 '벌금수배 해제'는 월권?▶제보하기<저작권자(c) 연합뉴스(https://www.yna.co.kr/), 무단 전재-재배포 금지>"
    },
    {
        "title": "몸값 2조 `요기요` 어디로 배달될까…군침 삼키는 기업들",
        "date": "2021.01.01. 오후 5:42",
        "content": "공정위, 獨 DH에 6개월내 매각명령 따라 인수전 막올라점유율 19% 요기요 품으면배달앱시장 단숨에 2위로자금 충분한 PEF 운용사게임사도 인수전 가세할 듯오프라인 유통강자 롯데네이버·카카오·쿠팡은배민위협 우려 커 DH에 부담◆ 레이더M ◆ \n\n\n\n 몸값 2조원이 거론되는 요기요에 새해 인수·합병(M&A) 시장의 눈이 쏠리고 있다. 공정거래위원회가 최근 독일 딜리버리히어로(DH)의 배달의민족(배민) 운영사 우아한형제들 인수와 관련해 DH가 한국 자회사 DH코리아(요기요 운영사) 지분을 6개월 안에 처분할 것을 조건으로 내걸었기 때문이다.1일 투자은행(IB) 업계에 따르면 국내외 주요 유통업체와 네이버, 카카오, 쿠팡, 위메프, 넥슨, 넷마블 등 정보기술(IT) 기업, 사모펀드(PEF) 운용사 등은 요기요 매물가치 평가에 착수했다. 요기요는 지난해 거래액 기준 국내 2위 배달 애플리케이션(앱)으로 시장점유율이 19.6%에 달한다. 누구든 인수만 하면 시장 2위로 올라설 수 있는 매물이다.비록 본격적인 매각 시동이 걸리기 전이지만, 유통 대기업이 요기요를 인수하기는 어려울 것이란 관측이 제기된다. DH가 본인들과 강한 라이벌 관계를 형성할 기업에 요기요를 넘기지는 않을 것이라는 분석에서다. 당장은 배민이 배달 앱 시장점유율 78%를 차지하며 절대적 1위를 지키고 있지만, 배달음식 시장 성장성을 봤을 때 언제든 지각변동이 발생할 수 있다. 이마트, 롯데몰과 같은 오프라인 유통채널은 온라인 플랫폼의 경쟁력을 키우면 언제든 시장 상황을 바꿀 수 있는 것으로 평가된다.DH가 네이버 카카오 쿠팡 등 IT 강자에 요기요를 안겨주기에도 버거울 것이라는 분석이다. 인지도가 높은 플랫폼을 바탕으로 순식간에 배달업계 강자로 떠오를 수 있어서다. 실제 네이버는 배민 지분 인수를 비롯해 부릉, 생각대로 등 배달 앱·배달대행 기업에 대한 투자를 이어왔다. 카카오의 주문하기 역시 지난해 상반기 가입자가 650만명에 달하는 등 상승세가 강하다.이에 자금력이 충분한 사모펀드 운용사들을 유력 후보로 꼽는 전망이 부상하고 있다. 최근 1년 새 주요 사모펀드 운용사는 규모가 큰 펀드를 조성하면서도 코로나19 상황으로 인해 실탄을 충분히 소진하지 못했다. MBK파트너스가 신규 조성한 약 7조8000억원의 펀드를 비롯해 지난해 새로 꾸린 조 단위 사모펀드만 4개에 달한다.온라인 게임사가 복병이 될 것으로 보는 쪽도 있다. 게임사는 사회적 거리두기의 수혜를 보며 자금이 두둑할 뿐 아니라 온라인 플랫폼 운용 노하우를 보유했기 때문이다. IB업계 관계자는 \"넷마블이 코웨이를 인수한 것처럼 넥슨, 엔씨소프트 등이 의외로 사업 다각화를 꾀할 수 있다\"고 했다.일부 PEF 운용사는 요기요의 상승 여력이 얼마나 되는지 발 빠르게 계산해보고 있다. 앞서 국내외 사모펀드 운용사와 벤처캐피털(VC)은 배민 투자로 결실을 맺은 바 있다. 글로벌 사모펀드 운용사인 골드만삭스PIA는 2014년 400억원을 들여 배민 지분을 매입했다. 해당 지분은 현재 가치가 8000억원에 달하는 것으로 추정된다.다만 사모펀드 운용사들 사이에선 요기요가 엑시트(투자금 회수) 방안이 뚜렷하지 않은 매물이라는 우려도 나온다. 4~5년 후 투자금을 회수해야 할 때 매각할 상대방이 마땅치 않을 수 있다는 것이다. IB업계 관계자는 \"딜리버리히어로가 다시 사들이기엔 불가능한 상황에서 추후 어떤 기업에 팔 수 있을지 모르겠다\"고 설명했다.IB들도 분주히 움직이고 있다. 2조원 이상의 대형 딜로 예상돼 매각 주관과 인수 금융, 매각 자문에 따른 수수료도 상당할 것으로 보이기 때문이다. 이에 앞서 우아한형제들이 DH에 인수될 때는 JP모간체이스가 매각 자문사를 맡았으며, 인수 자문사는 모건스탠리 한국지사가 담당했다.요기요 기업가치에 대해선 시선이 엇갈린다. 한 IB업계 관계자는\"시장에서 언급되는 2조원은 지나치게 높다\"며 \"DH가 배민을 5조원에 인수했으니, 시장점유율이 배민의 4분의 1 수준인 데다가 1위 프리미엄도 없는 요기요 가치는 1조원 안팎이 적당하다\"고 말했다. 반면 또 다른 IB업계 관계자는 \"현재 배민 가치가 7조~8조원 수준으로 올랐으므로 요기요도 1조5000억~2조원 사이로 평가 가능하다\"며 \"공정위가 매각 유예조건을 달아뒀기 때문에 DH는 이를 적극적으로 활용하면서 본인들에게 유리한 딜을 만들어갈 것\"이라고 봤다.[강두순 기자 / 박창영 기자]▶ 네이버 메인에서 '매일경제'를 받아보세요▶ 궁금한 제조과정 영상으로 보세요. '이렇게 만들죠'▶ 아파트 살까 청약할까. 여기서 확인하세요. '매부리tv'[ⓒ 매일경제 & mk.co.kr, 무단전재 및 재배포 금지]"
    },
    {
        "title": "서학개미 사로잡은 美 ESG ETF, 올해도 高高할까",
        "date": "2021.01.01. 오후 5:42",
        "content": "작년 `착한 투자`에 30조 몰려인베스코솔라 年 220% 급등美기업 IPO 열기도 뜨거워`로빈후드`등 줄줄이 상장대기\n\n\n\n 올해도 뉴욕증시에서는 ESG 상장지수펀드(ETF)와 기업공개(IPO)주가 서학개미(해외 증시에 투자하는 개인투자자)의 눈길을 끌 것으로 보인다. ESG는 회계 장부상 드러나는 재무제표 외에 기업 비재무 요소인 환경·사회·지배구조 가치를 줄인 말이다. 새롭게 증시에 문을 연 기업 중에서도 쟁쟁한 업체가 많다.우선 ESG 관련 인베스코 솔라 ETF는 지난달 31일(현지시간) 뉴욕증시 마감 가격 기준으로 작년 한 해 시세가 220% 올랐다. 해당 ETF는 엔페이즈에너지와 솔라에지, 퍼스트솔라, 징코솔라 등 태양에너지 기업들 주가를 추종한다. '파리기후변화협약 복귀'를 선언한 미국 조 바이든 정부가 이달 출범하면 친환경 에너지 부문이 상승세를 탈 것이라는 투자자들의 기대를 받는다. 테슬라와 중국 전기차 '니오', 전기차 배터리용 리튬 공급업체 '앨버말' 등을 담고 있는 퍼스트트러스트 나스닥 클린에지 ETF도 177% 올랐다. 글로벌 증시 데이터분석업체 팩트셋이 추산한 바에 따르면 지난해 뉴욕 증시에서는 투자자들이 ESG 관련 ETF에 최소 274억달러(약 30조원)를 쏟아부었다. 이는 사상 최대 규모로 직전 해인 2019년의 두 배 수준이다.  \n\n\n\n 뉴욕증시 ESG ETF는 100여 개인데 지난해 1월부터 12월 16일까지 새로 출시된 것만 31개로, 2019년 전체(16개)의 2배에 달한다. 대표적인 사례가 지난해 7월 나온 '스탠더드앤드푸어스(S&P) 500지수 ESG ETF'다. 출시 넉 달 만에 9000만달러를 끌어모았다.올해도 기업 상장 열기가 이어질 것으로 보인다. 제프 자코프스키 JP모건 미국 증시 수석전략가는 \"지금처럼 금리가 거의 0%인 상황에서는 물가상승률 이상 수익을 낼 수 있는 자산이 많지 않은데 그나마 있다면 미국 주식, 특히 IPO 상장 주식이 대표적\"이라면서 매수세가 몰릴 수밖에 없다고 분석했다. 이런 가운데 지난달 29일 독일계 명품 온라인 상거래 플랫폼 마이테레사는 미국 증권거래위원회(SEC)에 IPO를 신청했다. 회사가 뉴욕증권거래소 IPO를 통해 끌어모을 예상 금액은 1억5000만달러다. 앞서 28일 IPO를 신청한 클라우드 기반 기업용 소프트웨어 업체 퀄트릭스도 올해 1~2월께 나스닥 증권거래소를 통해 증시에 데뷔할 계획이다. 이 밖에 르네상스캐피털에 따르면 청소년 인기 온라인 게임업체 로블록스와 소비자 대출 핀테크(금융기술) 업체 어펌도 올해 초 IPO에 나설 것으로 보인다. 두 회사는 지난달 도어대시와 에어비앤비가 상장 첫날 100%를 넘나드는 주가 폭등세를 기록하는 등 투자 과열 양상을 보이자 IPO 계획을 올해로 미뤘다. 또 한국 배달 플랫폼인 쿠팡과 미국 신선 식료품 배달 플랫폼 인스타카트, 가상화폐 거래소 코인베이스, '미국판 개인 투자 열풍'을 이끈 주식 중개수수료 무료 애플리케이션 로빈후드 등도 뉴욕증시 상장을 저울질 중이다. 기업인수목적회사(SPAC)를 통한 '우회 상장'도 관심사다. '리틀 버핏' 빌 애크먼이 이끄는 퍼싱스퀘어탄틴홀딩스가 핀테크 스타트업 스트라이프를 인수·합병(M&A)할지 눈길을 끈 바 있다. 다만 상장기업 주가는 록업(보호예수) 기간을 전후해 투자 시점을 정해야 한다. 온라인 중고차 거래업체 브이룸은 지난해 6월 상장 때 시초가 대비 100%를 넘나드는 폭등세를 보였고, 한때 70달러를 돌파하기도 했지만 록업이 해제되면서 주가가 급락해 지난달 31일 기준 40.97달러에 마감했다. [김인오 기자]▶ 네이버 메인에서 '매일경제'를 받아보세요▶ 궁금한 제조과정 영상으로 보세요. '이렇게 만들죠'▶ 아파트 살까 청약할까. 여기서 확인하세요. '매부리tv'[ⓒ 매일경제 & mk.co.kr, 무단전재 및 재배포 금지]"
    },
    {
        "title": "신생 PEF운용사 `안타` 떡볶이업체 SJ코레 사들여 1년만에 매각…80억 차익",
        "date": "2021.01.01. 오후 5:40",
        "content": "미국, 호주, 뉴질랜드 등 전 세계 20여 개국으로 뻗어나가며 한류를 주도하는 떡볶이가 있다. 에스제이(SJ)코레가 카카오톡, 온라인 쇼핑몰 등을 통해 판매 중인 가정간편식(HMR) '추억의 국민학교 떡볶이'다. 신생 사모펀드(PEF) 운용사 제이앤프라이빗에쿼티(PE)는 2019년 에스제이코레를 인수한 뒤 재무·기획 기능을 강화해 다시 코스닥 상장사에 매각하면서 PEF와 중소기업 간의 모범적 '윈윈' 사례를 만들어냈다는 평가를 받는다. 1일 투자은행(IB) 업계에 따르면 최근 제이앤PE(대표 이준상·현상진)는 에스제이코레 경영권을 신약 개발 바이오기업 메디프론디비티에 매각하는 계약을 했다. 매각 대금은 220억원이다. 제이앤PE는 이 중 140억원을 현금으로, 나머지 80억원은 메디프론이 발행하는 신주인수권부사채(BW)로 받기로 했다. 2019년 제이앤PE가 에스제이코레를 140억원에 인수했음을 감안하면 연환산 내부수익률(IRR)은 50%를 훌쩍 넘을 것으로 추정된다. 떡볶이 밀키트 온라인 시장에서 독보적인 지배력을 갖고 있었지만 재무·기획 능력은 부족했던 에스제이코레는 제이앤PE를 만나 탄탄한 체계를 갖춘 기업으로 성장하게 됐다. 제이앤PE에 인수된 뒤 지난해 상반기 매출은 52억원대로 2019년 1년 동안 올린 매출 77억원의 70%에 육박한다. 제이앤PE는 이번 엑시트(투자금 회수) 후에도 최고경영자(CEO)로서 지위를 유지하게 해달라는 창업자 요구를 반영해 '국떡'의 핵심 경쟁력을 이어갈 수 있게 했다는 후문이다. [강두순 기자 / 박창영 기자]▶ 네이버 메인에서 '매일경제'를 받아보세요▶ 궁금한 제조과정 영상으로 보세요. '이렇게 만들죠'▶ 아파트 살까 청약할까. 여기서 확인하세요. '매부리tv'[ⓒ 매일경제 & mk.co.kr, 무단전재 및 재배포 금지]"
    },
    {
        "title": "\"올 주식시장 황소랠리 온다…반도체·2차전지 유망\"",
        "date": "2021.01.01. 오후 4:22",
        "content": "리서치센터장 4인 증시전망경기부양책 계속 나오면코스피 20%안팎 오를 여력신흥국 주식도 비중 확대를최대 변수는 금리인상 시기美10년물 추이 잘 살펴야◆ 2021 신년기획 재테크 기상도 / 증권 ◆ \n\n\n\n 국내 주요 증권사 리서치센터장들은 2021년 채권과 대체투자 자산군보다 주식이 상대적인 매력도가 높을 것이라고 내다봤다. 특히 한국 등 신흥국 주식 매력도가 높다고 진단했다. 코로나19 회복 국면에서 신흥국 회복 속도가 월등히 빠르기 때문이라는 분석이다. 하지만 경기 회복 국면에서 금리가 급등할 수 있는 것은 최대 변수로 꼽았다. 코로나19 변이 바이러스가 등장하는 것도 위험 요인이라고 짚었다. NH투자증권과 DB금융투자는 올해 주식이 다른 자산군보다 상대적으로 높은 수익률을 보일 것이라고 전망했다. NH투자증권은 글로벌 경기 회복 과정에서 성과가 좋았던 한국과 신흥국 주식 비중을 늘릴 것을 조언했다. 특히 '그린에너지' 관련 테마에 집중할 만하다는 분석이다. 오태동 NH투자증권 리서치센터장은 \"선진국을 중심으로 환경 분야에 대한 정부 투자가 가시화될 예정\"이라면서 \"투자가 가시화되고 환경 테마의 성장이 시작되면 최소 5년, 길게는 수십 년 동안 성장 흐름을 이어갈 수 있다\"고 내다봤다. DB금융투자는 해외 주식보다는 국내 주식을, 성장주보다는 가치주를 담아야 한다고 밝혔다. 장화탁 DB금융투자 리서치센터장은 \"백신이 보급되고 올해 하반기부터 정상적인 생활로 돌아갈 수 있다면 저평가 가치주들이 적정 가치를 되찾을 가능성이 높다\"고 말했다. 메리츠증권은 위험자산군에서 국내와 중국 등 신흥국 주식을 추천했다. 안전자산군에서는 현금과 채권보다는 금을 가져가는 게 좋다는 조언이다. 이경수 메리츠증권 리서치센터장은 \"현재는 기술적 혁신에 의해 주가가 반응하고 있다고 보기 때문에 올해에도 반도체·2차전지·바이오 위탁생산(CMO) 관련주가 주도할 것\"이라면서 \"안전자산 쪽에서는 인플레이션에 대비하고 위험자산 변동성이 나올 때 방어할 수 있는 금을 추천한다\"고 말했다. SK증권은 상반기 국내 주식을 가져가고, 하반기 채권과 미국 주식에 투자하는 전략을 추천했다. 국내 주식 중에서도 경기민감주에 주목해야 한다는 조언이다. 최석원 SK증권 리서치센터장은 \"상반기 중에는 경기 회복이 주된 이슈가 될 것이기 때문에 경기 민감주와 소재·부품 등 중간재 업종이 각광받을 것\"이라면서 \"하반기 경기가 회복된 이후에는 미국 기술주를 포함한 성장주를 선별적으로 가져가는 것이 좋다\"고 말했다. 하반기 달러도 강세 흐름으로 바뀐다면 미국 주식이 더 유망할 것이란 설명이다. 증권사들은 대부분 올해에도 코스피가 상승 흐름을 이어갈 것이라고 전망했다. NH투자증권은 올해 코스피 상단을 3000으로 잡았다. 오 센터장은 \"지금은 코로나19에 따른 실물경기 부양책이 계속 나와야 하는 시점\"이라면서 \"통화·재정 정책은 내년에도 계속 우호적일 것으로 보이고, 경기도 완만히 회복되면서 시장 밸류에이션이 비싸질 수 있다. 그 과정에서 목표주가들도 상향 조정될 가능성이 있다\"고 분석했다. 메리츠증권은 코스피가 2800선보다 20% 정도 상승 여력이 있다고 내다봤다. SK증권은 올해 코스피 적정가를 2900~3000선으로, 코스피 밴드 상단을 3200으로 잡았다. 다만 DB금융투자는 올해 '넓은 범위의 박스권'을 예상했다. 장화탁 센터장은 \"글로벌 금융위기 등 경기 침체 국면에서는 주가가 급격히 빠졌다가 급격히 상승하고, 그다음 해에는 변동성이 줄어들면서 지수도 박스권 내에서 움직이는 흐름을 보였다\"며 \"지난해는 마켓 타이밍이 중요했던 시기였다면, 올해는 어떤 주식을 선택하느냐가 더 중요한 시기\"라고 설명했다. 한편 인플레이션에 따른 금리 급등은 올해 주식시장에 변수가 될 수 있다. NH투자증권은 미국채 10년물 금리 지표를 유심히 살펴봐야 한다고 조언했다. 오 센터장은 \"올해 3~4월 인플레이션 지표가 일시적으로 급등하면서 미 국채 금리도 급등할 수 있는데, 미국채 10년물 금리가 1.2%를 넘어가면 주식시장에 조정이 발생할 것으로 보고 있다\"고 전망했다. DB금융투자도 금리 상승이 올해 최대 변수가 될 것이라고 내다봤다. 장 센터장은 \"원자재 가격 상승으로 물가가 올라가면 채권시장이 반응하게 되고, 금리에 따라 모든 자산의 가격이 결정되므로 이는 변수가 될 수 있다\"고 밝혔다.  [신유경 기자]▶ 네이버 메인에서 '매일경제'를 받아보세요▶ 궁금한 제조과정 영상으로 보세요. '이렇게 만들죠'▶ 아파트 살까 청약할까. 여기서 확인하세요. '매부리tv'[ⓒ 매일경제 & mk.co.kr, 무단전재 및 재배포 금지]"
    },
    {
        "title": "[그래픽] GDP대비 코스피 시가총액 비율",
        "date": "2021.01.01. 오전 11:37",
        "content": "(서울=연합뉴스) 이재윤 기자 = 1일 한국거래소 등에 따르면 지난해 명목 국내총생산(GDP·국제통화기금 전망치 기준) 대비 지난해 종가(12월 30일) 기준 코스피 시가총액의 비율은 104.2%로 사상 최고치 기록을 다시 썼다.    yoon2@yna.co.kr    트위터 @yonhap_graphics  페이스북 tuney.kr/LeYN1▶네이버에서도 뉴스는 연합뉴스[구독 클릭]▶[팩트체크]검찰총장의 '벌금수배 해제'는 월권?▶제보하기<저작권자(c) 연합뉴스(https://www.yna.co.kr/), 무단 전재-재배포 금지>"
    },
    {
        "title": "코스피 시총, 사상 최초 GDP 넘어선 듯…삼전 150조원 증가",
        "date": "2021.01.01. 오전 10:20",
        "content": "GDP 전망치 기준 1900조원 넘어…1980.5조원까지 불어삼성전자 시총 1년새 150조원 증가…주가 46.7% 상승[이데일리 김소연 기자] 코스피에 상장된 기업 시가총액이 사상 처음으로 우리나라 한 해 명목 국내총생산(GDP)를 넘어섰을 가능성이 제기됐다. 1일 한국거래소 등에 따르면 지난해 명목 GDP 대비 대비 지난해 종가(12월 30일) 기준 코스피 시가총액의 비율은 104.2%다. 지난해 코스피가 사상 최고치인 2873.47로 화려한 피날레를 장식한 덕분이다. \n\n\n\n2020년 증시 마지막 거래일인 12월 30일 오후 서울 중구 하나은행 딜링룸 전광판에 코스피 지수가 전일대비 52.96(1.88%) 상승한 2,873.47, 코스닥 지수는 11.01p(1.15%) 상승한 968.42, 원·달러 환율은 5.80원 내린 1,086.30원을 나타내고 있다. (사진=이영훈기자)이에 따라 코스피 시총은 지난달 11일 처음으로 명목 GDP(국제통화기금IMF 전망치 기준)인 1900조원을 넘어섰다. 지난해 폐장일인 지난달 30일 코스피 시총은 1980조5000억원까지 규모가 커졌다. 동학개미로 불리는 개인투자자들의 매수와 연말 외국인 자금 유입에 힘입어 코스피는 연말 랠리를 이어가고 있다. 코스피는 올해들어 30.75 % 올라 주요 20개국(G20) 증시 중 단연 최고 상승률을 기록했다. 동학개미의 역할이 컸다. 지난해 개인은 코스피와 코스닥을 합쳐 총 63조8000억원어치 순매수해 역대 최대 규모로 주식을 담았다. 개인의 거래비중도 크게 늘어 코스피에서는 18.3%포인트 상승한 66%를, 코스닥에서는 3.5%포인트 늘어난 88%를 차지했다. 특히 대장주 삼성전자는 시가총액이 333조1000억원에서 483조6000억원으로 1년 사이에 150조원 이상 불었다. 삼성전자 주가는 지난해 초(1월 2일 종가) 5만5200원에서 1년 사이에 8만1000원(12월30일 종가)으로 46.7% 껑충 뛰어올랐다. 이에 반해 코로나19 사태 여파로 지난해 명목 GDP는 2019년(1919조원) 보다 줄어들 것으로 전망됐다. 이에 코스피 시총 비율은 더 높아졌다. 지금까지 코스피 시총이 명목GDP를 넘어선 적은 없다. 명목 GDP 대비 코스피 시총 비율은 2000년대 강세장의 막바지였던 2007년 11월에 94.5%까지 오른 적이 있지만 100%를 넘긴 적은 없다.여기에 더해 코스닥시장 상장기업까지 포괄한 전체 상장사 시가총액은 2366조1000억원이다. 이는 GDP 대비 124.5%에 달하는 수치다.GDP 대비 전체 상장주식 시총 비율은 ‘버핏 지수’로도 불린다. 증시가 역사적 평균 대비 고평가됐는지 저평가됐는지를 판단하는 지표 중 하나다. 워런 버핏 버크셔해서웨이 회장은 미국 증시를 판단하면서 이 지수가 80% 미만이면 저평가, 100% 이상이면 고평가 국면이라고 판단했다.일각에서 국내 증시 고평가 논란을 제기하기도 하지만, 국내 주요 증권사는 올해 코스피가 추가로 상승할 여력이 있다고 전망했다. 시장에서는 한국증시에 대한 낙관적인 전망을 내놓으며 3000선도 거뜬히 돌파할 것으로 내다봤다.김소연 (sykim@edaily.co.kr)▶ #24시간 빠른 #미리보는 뉴스 #eNews+▶ 네이버에서 '이데일리 뉴스'를 만나보세요▶ 빡침해소, 청춘뉘우스 '스냅타임'＜ⓒ종합 경제정보 미디어 이데일리 - 무단전재 & 재배포 금지＞"
    },
    {
        "title": "4월부터 불법 공매도 감시·처벌 강화",
        "date": "2021.01.01. 오전 10:01",
        "content": "자본시장법 개정안 5일 공포3개월 지난 4월 초부터 시행\n\n\n\n이미지투데이[서울경제] 3월 공매도 재개에 따라 금융당국이 불법(무차입) 공매도에 대한 처벌과 감시를 강화한다. 공매도 제도 개선을 통해 개인 투자자들의 불신과 우려가 줄어들지 주목된다. 신종 코로나 바이러스 감염증(코로나19) 사태에 따른 증시 급락을 계기로 지난해 3월부터 전면 금지된 공매도는 오는 3월 16일부터 재개될 예정이다. 1일 금융당국에 따르면 불법 공매도에 대한 처벌과 감시를 강화하는 내용을 담은 자본시장과 금융투자업에 관한 법률 개정안(이하 개정안)이 최근 국무회의를 통과해 오는 5일 공포될 예정이다. 개정안은 공포 3개월 후인 4월 초부터 시행된다. 개정안에 따르면 불법 공매도에 대해 주문 금액 범위 내 과징금이 부과되며 부당 이득액의 3~5배의 벌금 부과 또는 1년 이상 징역의 형사 처벌이 도입된다. 금융당국 관계자는 “고의적인 불법 공매도 시도를 사전에 차단하는 효과뿐만 아니라 착오나 실수 등으로 인한 위반이 발생하지 않도록 투자자의 주의를 촉구하는 예방 효과도 있을 것으로 기대된다”고 설명했다. 또한 공매도 투자자는 대차 거래 계약 내역을 5년 간 보관하고 금융당국 요구 시 제출하게 된다. 유상증자 계획이 공시된 후 해당 기업의 주식을 주식시장에서 공매도한 경우에는 유상증자 참여가 제한되며 이를 위반하면 최대 5억 원 또는 부당 이득액의 1.5배 이하의 과징금이 부과된다. 공매도를 통해 유상증자 가격에 부당한 영향을 미쳤다고 볼 수 없는 경우에는 예외적으로 증자 참여가 허용된다. 증자계획 공시 후 공매도를 했으나 신주가격 산정기간 이전 동일 수량 이상을 장내 시장에서 매수한 경우 등 시행령에서 예외가 규정될 예정이다. 금융위원회는 개정안 시행 전 시행령을 포함한 하위 규정 개정 등 후속 작업을 신속히 추진한다는 계획이다. 이에 더해 불법 공매도에 대한 감시를 강화한다. 한국거래소와 함께 실시간 공매도 주체·거래량 등 감시 시스템을 구축하고 불법 공매도 정기 점검 주기를 6개월에서 1개월로 줄이는 한편 한국거래소의 불법 공매도 감시 인력·조직을 강화할 방침이다. /박경훈기자 socool@sedaily.com▶ 엄마 기자 취재수첩 [서지혜의 건강한 육아]▶ 中투자 알짜정보만 쏙쏙  [니하오 중국증시]▶ 네이버 채널에서 '서울경제' 구독해주세요!저작권자 ⓒ 서울경제, 무단 전재 및 재배포 금지"
    },
    {
        "title": "동학개미 덕에 코스피 시가총액, 사상 최초 GDP 넘어선 듯",
        "date": "2021.01.01. 오전 9:54",
        "content": "104%로 역대 최대···삼성전자만 150조원 불어나코로나 19 여파로 GDP는 감소한 반면 시총은 늘어\n\n\n\n[서울경제] 코스피 상장기업의 시가총액이 사상 처음으로 우리나라의 한 해 명목 국내총생산(GDP)을 넘어설 것으로 보인다. 신종 코로나바이러스 감염증(코로나19) 사태 여파로 GDP는 감소한 반면 올해 주식시장은 활황으로 크게 올랐기 때문이다.1일 한국거래소 등에 따르며 지난해 명목 국내총생산 대비 지난해 종가(12월 30일) 기준 코스피 시가총액 비율은 104.2%로 나타났다. 이는 사상 최고치 기록이다.시장에서는 이른바 ‘동학개미’로 불린 개인 투자자들의 매수와 연말 외국인 자금 유입에 힘입어 지난해 코스피가 사상 최고치인 2,873.47로 한 해 거래를 마쳤기 때문으로 분석하고 있다.실제로 코스피 시총은 지난달 11일 처음으로 명목 GDP(IMF 전망치 기준 1,900조원)를 넘어선 데 이어 ‘연말 랠리’가 이어지면서 폐장일인 지난달 30일에는 1,980조5,000억원으로 규모를 키웠다.특히 대장주 삼성전자 시가총액이 약 333조1,000억원에서 약 483조6,000억원으로 1년새 150조원 이상 불어나는 등 시총 증가에 크게 기여했다.반면 코로나19 사태 여파로 지난해 명목 GDP는 2019년(1,919조원) 대비 감소할 것으로 전망되면서 코스피 시총 비율이 더욱 높아졌다.과거 명목 GDP 대비 코스피 시총 비율은 2000년대 강세장의 막바지였던 2007년 11월에 94.5%까지 오른 적이 있지만 100%를 넘긴 적은 없다.여기에 코스닥시장 상장기업까지 포괄한 전체 상장사 시가총액은 2,366조1,000억원으로, GDP 대비 124.5%에 달했다.GDP 대비 전체 상장주식 시총 비율은 ‘버핏 지수’로도 불리며, 증시가 역사적 평균 대비 고평가됐는지 저평가됐는지를 판단하는 지표 중 하나로 주로 사용된다. 투자의 대가인 워런 버핏 버크셔해서웨이 회장은 미국 증시를 판단할 때 이 지수가 80% 미만이면 저평가, 100% 이상이면 고평가 국면이라고 봤다.하지만 국내 주요 증권사들은 증시 고평가 논란에도 올해 코스피가 추가로 상승할 여력이 있다고 보며 상단을 3,000선 초반대까지 열어두고 있다./신한나기자 hanna@sedaily.com▶ 엄마 기자 취재수첩 [서지혜의 건강한 육아]▶ 中투자 알짜정보만 쏙쏙  [니하오 중국증시]▶ 네이버 채널에서 '서울경제' 구독해주세요!저작권자 ⓒ 서울경제, 무단 전재 및 재배포 금지"
    },
    {
        "title": "동학개미 멘토의 새해 투자 코칭···\"흥분 말고 냉철할 때\"",
        "date": "2021.01.01. 오전 8:30",
        "content": "강방천 에셋플러스자산운용 회장 \"진중해야할 시기\"존 리 메리츠자산운용 대표 \"단타 습관 버려라\"[서울경제] 신종코로나바이러스 감염증(코로나19)이 덮쳤던 지난해 증시에서 개인 투자자들은 격랑 속에 각자의 ‘조각배’를 띄웠다. 최첨단 설비로 무장한 거함을 갖지 못한 개인 투자자들은 기사로, 유튜브로 항로를 더듬더듬 찾아가며 노를 저었고, 흔들리는 시장 속에서 방향을 제시해준 귀한 투자 멘토들이 있었다. 그중 대표적인 투자가가 바로 강방천 에셋플러스자산운용 회장과 존 리 메리츠자산운용 대표다. 어려운 시기 개인 투자자들을 격려하고 원칙을 알려줬던 이 두 멘토들 덕에 많은 개인 투자자들은 풍랑이 걷힌 투자의 바다에서 상당한 수익을 냈다. 신축년 새해를 맞아 두 멘토가 개인 투자자들에게 건네는 덕담이자 조언을 물었다.   \n\n\n\n강방천 에셋플러스자산운용 회장강방천 에셋플러스자산운용 회장지수 이미 넘칠듯 치솟아시기·종목 분산투자 필수빚투는 변동성 장 못버텨◇“흥분이 지배하고 있는 상황···냉정함을 가질 때다”=강 회장은 2021년 투자 전략에 대해 ‘용기와 노력의 대가로 얻은 가치를 잃지 않는 진중한 투자를 해야 할 시기’라고 못 박았다. 그는 “시장이 공포에 휩싸였을 때 한발 다가가고, 반대로 흥분에 차오르면 냉정함을 찾아야 한다는 점은 언제나 잊어서는 안 될 투자 원칙”이라며 “현재는 증시가 다소 과열된 상태가 아닌가 싶다”고 말했다. 따라서 냉정함을 찾는 마음가짐으로 새해를 맞는 것이 좋겠다는 게 강 회장의 조언이다. 그는 “조정이 언제, 어느 정도의 강도로 나올지는 아무도 모르지만 시장에는 늘 변동성이 있다는 점은 확실하다”며 “지난해 증시에 진입하기 위해 용기가 필요했다면 올해는 수익을 지키기 위해 노력이 필요한 시기”라고 조언했다. 어떤 노력이 필요할까. 좋은 기업을 찾는 노력이 무엇보다 중요하다. 강 회장은 “지수는 넘칠 듯이 올랐고 이제는 좋은 기업을 찾는 일이 더욱 중요한 상황이 됐다”며 “미래 환경의 변화에 적응하는 좋은 비즈니즈 모델을 갖고 있는 기업들은 올해 밸류에이션 재평가를 받을 수 있으며 투자자들은 이런 기업을 찾아야 한다”고 말했다. 강 회장은 시장 변동성에 대응할 수 있는 강력한 수단으로 ‘분산’을 꼽았다. 그는 “시기의 분산과 종목의 분산은 투자의 제1 원칙”이라고 강조했다. 특히 그가 인터뷰 내내 강조한 점은 “내 돈으로 투자하라”였다. 강 회장은 “개인들로부터 ‘빚이 무서워 아파트를 못 샀는데 집값이 오르고 나니 억울하다’며 ‘이번 기회에 대출을 당겨서 주식에 투자하겠다’는 얘기를 가끔 듣는다”면서 “결코 대출을 받아서 주식 투자를 해서는 안 된다”고 말했다. 그는 “아무리 좋은 종목이라도 빚을 내서 사면 시장이 출렁거릴 때 매도할 수밖에 없다”며 “언제 올지 모르는 조정에 대비하기 위한 기본적인 방법은 내 돈으로 투자하는 것”이라고 했다. 그는 “주식시장은 장기적으로 항상 보답하지만 그 시점이 앞으로 3년이 될지 5년이 될지는 누구도 모르는 일”이라며 “남의 돈으로, 특히 지금의 증시에 뛰어드는 것을 무조건 말리고 싶다. 자기 돈으로 분산투자하라”는 조언을 남겼다.\n\n\n\n존 리 메리츠자산운용 대표이사존 리 메리츠자산운용 대표좋은 경영진 여부 가리고경쟁자 나오기 힘든 업종확장성 뛰어난 회사 주목◇ “투자는 마라톤, 단기 수익률 자랑 마라”=존 리 대표는 개인 투자자들이 단기 수익률에 연연하면서 주식을 샀다 팔았다 하는 ‘잘못된 습관’을 경계해야 한다고 강조했다. 그는 “지난해 주식을 시작한 투자자는 이제 출발한 마라톤 선수”라며 “단기 수익률이 잘 나왔다고 자랑하는 것은 마치 50m 정도 뛴 기록에 우쭐대는 것과 마찬가지”라고 말했다. 그는 “최근 수익률을 자랑하는 투자자들을 많이 봤다”며 “수익률 자랑은 아마추어나 하는 것이고 진정한 프로는 어떤 주식을 몇 주를 갖고 있느냐를 이야기한다”고 일침을 놓았다. 예컨대 지난해까지는 ‘○○주식 100주 있었는데, 올해는 200주를 보유한다’는 식으로 주식으로 모아가는 식으로 투자해야 한다는 게 존 리 대표의 조언이다. 새해에는 매일 꾸준히 주식하는 방법도 해볼 만하다고 권했다. 존 리 대표는 “주식은 꾸준하게 여유 자금으로 사 모으는 것”이라며 “매일 불필요한 지출을 줄이고 매일 주식을 사보라”고 권유했다. 또 꾸준한 투자를 위해서는 펀드도 유용한 수단이라고 강조했다. 그렇다면 어떤 주식과 펀드를 사모아야 할까. 존 리 대표는 회사를 고를 때 ‘좋은 경영진’을 최우선 기준으로 꼽았다. 그는 “주주가 되는 일은 경영진과의 동업”이라며 “따라서 좋은 지배구조를 갖고 있고, 경영진이 믿을 만한 회사인지가 가장 중요하다”고 설명했다. 두 번째로는 경쟁자가 나오기 힘든 회사를 택해야 한다고 조언했다. 대표적인 사례가 반도체다. 지금 반도체 사업을 시작하기에는 막대한 자본을 투자해야 하고 이는 진입 장벽이 된다. 세 번째로는 확장성이 높은 기업이 유망하다고 평가했다. 일례로 네이버·카카오 같은 기업은 공장을 안 짓고도 사업의 확장성이 무궁하다고 설명했다. 마지막으로는 헬스케어 업종의 회사 중에 좋은 기업을 찾아볼 것을 권했다. 그는 “코로나19 이후 건강에 대한 염려가 늘었고 고령화는 갈수록 심해지고 있다”며 “헬스케어 제품·서비스에 대한 소비의 증가는 장기 추세”라고 내다봤다. 좋은 펀드를 고르는 기준에 대해서는 세 가지를 제시했다. 존 리 대표는 “장기 투자를 철학으로 하는 운용사인지가 중요하다”며 “또 낮은 수수료와 낮은 매매 회전율의 펀드인지가 좋은 펀드를 가른다”고 말했다. 존 리 대표는 “주식을 사는 행위는 희망을 갖는 일”이라며 “지난해 많은 이들이 주식을 시작하면서 ‘소확행(작지만 소소한 행복)’ ‘헬조선’ ‘욜로(YOLO·You live only once)’와 같은 말들이 쏙 들어갔다”고 지적했다. 그는 “올해도 꾸준히 주식을 사모으면서 미래에 대한 희망을 가졌으면 한다”며 ‘개미들’에게 덕담을 건넸다. /이혜진기자 hasim@sedaily.com▶ 엄마 기자 취재수첩 [서지혜의 건강한 육아]▶ 中투자 알짜정보만 쏙쏙  [니하오 중국증시]▶ 네이버 채널에서 '서울경제' 구독해주세요!저작권자 ⓒ 서울경제, 무단 전재 및 재배포 금지"
    },
    {
        "title": "\"새해 증시도 高高\"···고객예탁금 65.6조 사상 최고",
        "date": "2021.01.01. 오전 8:06",
        "content": "증시 폐장일 양대시장 3,600억원 순매도매도 금액 상당부분 증시에 남겨둬단기 급등 따른 조정 우려에도개인 자금 버팀목 될 것 기대\n\n\n\n[서울경제] 고객 예탁금이 사상 최대치를 기록하는 등 개인 투자자들이 연일 국내 증시로 자금을 쏟아붓고 있다. 개인들의 풍부한 자금이 2,900선에 육박한 코스피지수의 하방을 든든히 받쳐주고 있어 새해 증시의 단기 급등에 대한 부담감도 덜어줄 수 있을 것이라는 전망이다. 31일 금융투자협회에 따르면 2020년 증시 폐장일인 지난 12월 30일 기준 고객 예탁금은 전 거래일보다 1,031억 원 증가한 65조 6,234억 원을 기록하며 사상 최대치를 다시 한 번 경신했다. 개인 투자가들은 전날 일부 차익 실현을 시도하면서 유가증권시장에서 4,916억 원어치를 순매도하고 코스닥 시장에서 1,235억 원을 순매수하는 등 매도세가 더 컸다. 하지만 개인들은 매도한 자금을 증시 외부로 빼내지 않고 고스란히 증시에 남겨두면서 예탁금도 사상 최대치를 기록하게 됐다. \n\n\n\n2020년 고객 예탁금은 연초(27조 3,384억 원) 대비 38조 원가량 늘어났다. 여기에 유가증권시장과 코스닥 시장에서 개인들이 순매수한 자금(63조 4,400억 원)을 포함하면 2020년 한 해에만 국내 증시에 101조 원이 넘는 개인 자금이 유입됐다. 특히 2020년 말 증시가 가파른 상승세를 보이면서 투자자들이 단기 급등에 대한 부담감을 느꼈을 것으로 보이는 상황에서도 예탁금이 사상 최고치를 다시 경신한 것은 개인들이 새해에도 증시의 ‘우상향’을 기대하고 있는 것으로 해석할 수 있다. 증권가에서는  2021년 증시가 2020년보다는 상승 강도가 덜 할 것으로 예상하고 있다. 일부에서는 단기 급등에 따른 조정 가능성도 언급하는 모습이다. 실제로 코리아에셋증권은 11월부터 가파르게 오른데다 신종 코로나바이러스 감염증(코로나19) 백신 접종이 지연되고 있다는 이유에서 1월에는 상승 탄력이 약해질 것으로 내다보면서 코스피지수 밴드를 2,850포인트로 제시하기도 했다. 하지만 지속적으로 유입되는 풍부한 개인 자금은 지수의 하방을 든든하게 받쳐줘 단기 조정이 진행되더라도 하락 폭을 제한하는 역할을 할 수 있을 것으로 보인다. 여기에 연말 매도세로 잠시 전환했던 외국인 투자가 자금이 다시 국내 증시로 유입될 경우 추가 상승의 기회도 잡을 수 있을 것이라는 전망이 우세하다. 최유준 신한금융투자 연구원은 “신규 투자자와 자금이 계속 유입되고 저금리 지속으로 기대수익률 측면에도 매력이 있어 개인의 주식 비중은 지속적으로 확대될 것으로 예상한다”며 “개인이 증시를 주도할 가능성이 높으며 최소한 지수 하단을 견고하게 만드는 요인으로 작용할 것”이라고 말했다.  /박성호기자 junpark@sedaily.com▶ 엄마 기자 취재수첩 [서지혜의 건강한 육아]▶ 中투자 알짜정보만 쏙쏙  [니하오 중국증시]▶ 네이버 채널에서 '서울경제' 구독해주세요!저작권자 ⓒ 서울경제, 무단 전재 및 재배포 금지"
    }
]