[
    {
        "title": "물가 보면 美 증시 과도한 추종 금물…韓 저평가株가 낫다",
        "date": "2021.11.13. 오후 5:43",
        "content": "DB금융투자 분석물가상승은 결국 실질 GDP 하락으로 연결미국 주가와 기저간 괴리한국 증시는 적정 밸류 찾아 이동\n\n\n\n[이데일리 권소현 기자] 한미 증시의 디커플링(탈동조화) 현상이 갈수록 심화하고 있다. 미국 증시는 사상 최고치 수준에 머물고 있는 반면 한국 증시는 꽁꽁 얼어붙은 모양새다. 미국 물가 상승세를 감안할때 이같은 현상이 지속되기는 어려운 만큼 미국 증시를 과도하게 추종하는 전략은 위험하다는 분석이 나왔다. 강현기 DB금융투자 연구원은 13일 “물가가 오르는데도 미국 주식시장 성과가 뛰어난 이유는 미국 주식 상당수가 물가와 관련성이 적은 혁신산업이라는 믿음 때문”이라며 “물가가 오르니 미국은 테이퍼링을 진행하게 되는데 이 과정에서 달러가 강세를 보이며 미국 자산을 더욱 매력적으로 만들고 있다”고 설명했다. 이어 “이 과정에서 글로벌 투자자들이 모두 미국 증시에 대한 선호도를 높이며 매수함으로써 미국 주식이 더 오를 수밖에 없다”고 덧붙였다. 그러나 현재의 상태가 지속가능하지는 않다고 진단했다. 미국 기업의 비즈니스 모델이 물가에 영향을 받지 않더라도 이를 소비하는 사람들까지 물가에 무관하지는 않다는 이유에서다. 물가가 오르면 실질임금이 하락하고, 실질소비가 줄어들게 되며 결국 실질 국내총생산(GDP) 하락으로 이어진다는 것이다. 강 연구원은 “물가 상승은 수요에 영향을 주며 공급을 흔들 수 있다”며 “이미 미국의 매크로 환경을 보면 이러한 단계가 꽤 진행됐는데 미국 증시가 상승하자 투자자 모두가 기저의 변화를 크게 염두에 두지 않는 형국이다”고 지적했다. 중기적으로 보면 미국 증시는 주가와 기저 간 괴리를 보이고 있고 한국 증시는 적절한 밸류에이션을 찾아 이동하고 있다고 평가했다. 강 연구원은 “미국 주식시장의 현재 상승 흐름을 과도하게 추종하는 투자전략은 다소간의 리스크가 존재한다는 점을 염두에 둬야 한다”며 “향후 한국 주식시장이 내년 상반기에 먼저 바닥권을 형성할 수 있다”고 분석했다. 따라서 국내 주식에 대해 저평가 종목을 찾는 투자전략을 권했다."
    },
    {
        "title": "비즈니스온 최고 실적 달성할까…연속 M&A로 성장성↑",
        "date": "2021.11.13. 오후 5:14",
        "content": "[헤럴드경제=이세진 기자] 비즈니스온이 지속적인 인수합병(M&A)를 바탕으로 올해 역대 최고 실적을 달성할 것이란 전망이 나왔다. 비즈니스온은 최근 3분기 실적발표에서 연결기준 매출액 82억원, 영업이익 25억원으로 전년 동기 대비 각각 94%, 83.2% 증가했다고 밝혔다. 분기 기준 최고 매출액과 영업이익을 달성했다. 주요 사업인 스마트빌(매출비중 45.6%) 및 빅데이터 (매출비중 40.8%)의 매출액이 전년동기대비 각각 40.6%, 236.1% 증가하면서 성장을 견인했다. 박종선 유진투자증권 연구원은 이 실적에 대해 \"안정적인 매출 성장과 함께 분기 매출액이 80억원대, 영업이익도 20억원대에 안착했다는 점이 긍정적\"이라고 평가했다. 특히 최근 잇따른 M&A가 실적 성장 단초가 됐다는 분석이다. 비즈니스온은 올해 2월 넛지파트너스 지분 80%를 102억원에 인수함으로써 스마트빌 매출 증가에 기여하고 있다. 앞서 지난해 11월에는 플랜잇파트너스 지분 100%를 270억원에 인수하면서 빅데이터 사업 매출도 전망된다. 같은해 7월 인수한 글로싸인을 통해서는 전자계약 서비스 설치 용이성 및 낮은 비용을 기반으로 시장점유율 확대를 꾀하고 있다. 이를 바탕으로 4분기까지 역대 최고 실적 갱신이 전망된다. 유진투자증권은 비즈니온의 4분기 연결기준 매출액 87억원, 영업이익 26억원으로 전년 동기 대비 33.5%, 94.2% 증가할 것으로 예상했다."
    },
    {
        "title": "'시세 조종 있었나'···거래소 엔씨소프트 '슈퍼개미' 집중조사",
        "date": "2021.11.13. 오전 11:50",
        "content": "11일 엔씨 주식 5,000억원 거래한 슈퍼개미불공정 거래 여부에 대해 거래소 집중감시 들어가\n\n\n\n[서울경제] 한 개인 투자자가 엔씨소프트(036570) 주식을 하루 만에 5,000억 원 규모로 거래한 사건이 발생하면서 시장에서는 시세 조종에 대한 의혹이 커지고 있다. 금융당국 역시 거래 내역 확인 절차에 들어가는 등 집중 감시를 시작한 모습이다. 13일 금융투자업계에 따르면 엔씨소프트는 이번 주 마지막 거래일인 12일 투자주의 종목으로 지정됐다. 전날인 11일 하나의 특정 계좌(단일계좌)에서 상장 주식 수의 2% 이상이 거래되며 주가가 거래제한선(30%)까지 치솟는 이상 정황이 포착됐기 때문이다. 실제 거래소 공시에 따르면 11일 1인의 계좌에서 엔씨소프트 주식 70만 3,325주의 매수와 21만 993주의 매도가 이뤄졌다. 총 49만 2,392주의 순매수가 이뤄진 셈이다. 한꺼번에 대량 매수 주문이 들어오며 이날 엔씨소프트는 60만 5,000원이던 주가가 78만 6,000원(29.92%)까지 치솟아 상한가로 마감됐다. 하지만 다음날인 12일 엔씨소프트는 장 초반 급락하기 시작해 장중 11.7%까지 내려앉는 등 크게 곤두박질쳤다. 하루 만에 천국과 지옥을 오간 개인 투자자들 사이에서는 대량 매수에 나선 개인 투자자가 선물 투자와 연관된 시세 조종을 한 것 아니냐는 의혹이 제기됐다. 11월 선물 만기일이었던 11일 주식을 대규모로 사고 팔며 주가를 끌어올리는 방식으로 선물 투자 수익을 거둔 것 아니냐는 것이다. 이런 의혹을 해소하기 위해 거래소와 금융당국은 엔씨소프트에 대한 조사를 시작한 단계다. 한국거래소에 따르면 시장감시위원회가 엔씨소프트에 대한 심층 분석과 집중 감시를 나섰다. 시감위가 이번 매수에 대해 불공정거래 혹은 시세 조종 행위라고 판단한다면 금융감독원으로 이관돼 본격적인 수사가 시작된다. 시장감시위원회 한 관계자는 “심층분석이라는 집중감시 단계에 들어갔다”면서 “빠르면 일주일안에 결과가 나오나 좀 더 시간이 소요되면 2주에서 3주 정도 걸릴 것으로 예상된다”고 말했다."
    },
    {
        "title": "엔씨소프트 상한가 친 날 3000억원어치 산 슈퍼개미의 정체…거래소 거래 내역 살펴본다",
        "date": "2021.11.13. 오전 11:15",
        "content": "[사진 제공 = 연합뉴스] 엔씨소프트가 상한가를 기록한 지난 11일 한 개인투자자가 엔씨소프트 주식 약 50만주를 순매수한 것과 관련, 한국거래소가 거래내역 확인절차에 돌입한 것으로 전해졌다.11일 기점으로 주가가 가격제한폭까지 올랐다가 다음날 9% 이상 다시 급락했는데 시장에서는 작전 의혹 등이 제기되고 있다.13일 거래소 시장감시위원회에 따르면 엔씨소프트의 단일계좌 대규모 거래에 대해 확인절차를 진행하고 있다.앞서 11일 개인투자자의 한 계좌에서 엔씨소프트 주식 70만주를 사고 20만주를 팔아 총 50만주를 순매수하는 거래가 이뤄져 시장에서 여러 의혹이 제기되고 있다. 이 투자자의 이날 엔씨소프트 순매수 금액은 3000억원에 달한다.이날 엔씨소프트 일일 거래량은 365만5331주로 나타났는데, 하루 거래량의 25%가량이 개인투자자의 계좌에서 나왔다. 이에 대해 거래소가 시세조종이나 미공개정보이용 등의 자본시장법 위반요소가 있는지 살피고 있다.주식 토론방 등에서는 시세조종 의혹도 불거져 나왔다. 엔씨소프트를 기초자산으로 하는 파생상품에 투자한 개인이 만기일을 앞두고 주가를 임의로 끌어올렸다는 내용이다. 엔씨소프트가 올해 3분기 잠정 실적을 발표한 11일 주가는 전 거래일 대비 가격제한폭(29.92%)까지 치솟은 78만6000원에 마감했다. 엔씨소프트가 이날 실적 발표 컨퍼런스 콜에서 내년 중 NFT가 적용된 게임을 발표할 계획이라고 밝히면서 3분기 영업이익이 전년 대비 반토막 나고 시장 전망치도 밑돌았지만 주가는 날았다. 그러나 다음날 개인투자자가 대규모 매수를 한 사실이 시장에 알려지면서 주가는 9%이상 급락해 마감했다."
    },
    {
        "title": "엔씨소프트, 한마디 했을 뿐인데 주가 폭등했다…뭐라했길래",
        "date": "2021.11.13. 오전 9:36",
        "content": "게임사들 NFT 게임에 넣는다…주가 급등\n\n\n\n[사진출처 = 엔씨소프트] 최근 NFT(대체불가능토큰, Non-Fungible Token)를 도입한 게임사 주가가 강세를 보이고 있다. '게임을 하면서 돈을 번다'는 플레이 투 언(Play to Earn·P2E)'의 시대 도래와 맞물려 게임주와 엔터주를 중심으로 미래 먹거리로 급부상한 NFT과 엮인 종목의 주가가 들썩이고 있는 것. NFT는 블록체인 기술을 활용하지만 디지털 자산에 고유한 토큰 ID와 소유권이 명시돼 대체 불가능한 것이 특징이다. 대표적으로 게임사 엔씨소프트와 크래프톤, 위메이드, 펄어비스 등이 NFT를 게임에 넣는다는 소식에 힘입어 주가가 급등했다.13일 한국거래소에 따르면 엔씨소프트는 올해 3분기 잠정 실적을 발표한 지난 11일 전 거래일 대비 가격제한폭(29.92%)까지 치솟은 78만6000원에 마감했다. 3분기 영업이익이 전년 대비 반 토막이 나고 시장 전망치도 밑돌았지만 주가는 날았다.엔씨소프트는 이날 실적 발표 컨퍼런스 콜에서 게임 내 NFT와 블록체인 적용을 오랜 기간 준비해 왔다며 내년 중 NFT가 적용된 게임을 발표할 계획이라고 밝혔다. 회사는 중장기적으로 유니버스 플랫폼을 활용한 메타버스 서비스도 준비할 계획도 내놨다NFT, 메타버스 사업 잠재력을 감안해 증권사들은 엔씨소프트의 목표주가를 상향하는 보고서도 잇따라 내놨다. 가장 높게 잡은 곳은 DB금융투자다. 목표주가를 기존 88만원에서 125만원으로 올려잡았다. 다음으로 이베스트증권이 엔씨소프트의 목표주가를 기존 74만원에서 118만원으로 60% 대폭 상향했다. NFT 수혜 게임주는 위메이드도 있다. NFT 기술을 적용한 모바일 다중접속역할수행게임(MMORPG) '미르4' 글로벌이 흥행에 성공하면서 주가가 뛰었다.위메이드 주가는 8월 30일 상한가를 시작으로 다음날에도 이어 12.93%, 12.73% 급등세를 계속 이어가는 등 이달 초까지 연일 신고가를 새로 썼다. 연초 이후 주가 상승률은 871.26%에 이른다. 전날에도 주가는 4.71% 뛰었다.'엔터 대장주' 하이브도 NFT 사업 진출을 공식 발표한 지난 5일에는 전 거래일보다 7.57% 급등했다. 하이브와 블록체인 업체 두나무는 합작법인을 설립해 아티스트 지식재산권(IP)과 NFT를 결합한 팬덤 기반의 신규 사업을 추진하기로 했다.최근 NFT 시장 성장세는 놀랄 만큼 폭발적이다. 블록체인 데이터 업체 댑레이더가 집계한 올해 3분기 NFT 거래 규모는 106억7000만달러(약 12조5852억원)로 전 분기 대비 704% 늘었다. 1년전 보다는 무려 3만8060% 폭증했다."
    },
    {
        "title": "2,900선에 허덕이는 코스피 “공급난 완화 조짐···인플레 우려 과도” [다음주 증시전망]",
        "date": "2021.11.13. 오전 9:01",
        "content": "이번주 코스피  마감...미 3대지수도 '숨고르기'미 소비자물가 사상 최대치···금리인상 우려 커져\"동남아 코로나 진정···겨울철 이후 에너지 난 해소\"공급난 완화 수혜株 반도체·차량···위드코로나株 주목\n\n\n\n지난 8일 오전 서울 중구 하나은행 본점 딜링룸에서 딜러들이 업무를 보고 있다./연합뉴스[서울경제] 이번 주 미국과 중국의 10월 물가 상승률이 가파르게 상승하면서 인플레이션 우려가 커진 가운데 2,900선을 힘겹게 지키던 코스피는 또 3,000선을 돌파에 실패했다. 전문가들은 미국 물가지표에서 중고차와 운송서비스는 정체 양상을 보이며 부담이 낮아졌지만 식품과 에너지 등 헤드라인 소비자물가지수(CPI) 상승률이 확대된 점을 불안요소로 꼽았다. 특히 비중이 가장 큰 주거지 물가 상승률이 지속적으로 상승하며 핵심 CPI 상승률을 끌어올리고 있는 점이 금리인상 불안감을 키워 국내 증시에 부담이 될 것으로 보인다.13일 한국거래소에 따르면 이번 주 코스피는 전주 대비 8.60포인트(-0.29%) 하락한 2,968.80에 거래를 마쳤다. 지수는 2,960선으로 시작해 낙폭을 키우다 12일 1% 넘게 반등했지만 결국 3,000선 아래서 마감했다. 같은 기간 코스닥은 6.57포인트(0.65%) 내린 1,009.07에 장마감했다. 코스닥 역시 주 초반 1,000선을 이탈했다가 12일 1% 넘게 반등하며 1,000선을 탈환했다.\n\n\n\n8일(현지시간) 미국 뉴욕증권거래소 입회장에서 트레이더들이 업무를 처리하고 있다./연합뉴스이번 주 미 증시의 경우, 10월 물가지표가 시장전망치를 웃돌면서 숨고르기에 들어갔다. 특히 미국 10월 소비자물가지수(CPI)가 10일(현지시간) 전년 동월 대비 6.2% 상승해 시장 예상치(5.9%)를 웃돌면서 미 증시는 충격을 받았다. 이는 지난 1990년 12월(6.3%) 이후 거의 31년 만에 최고치다. 이에 같은 날 미국 뉴욕증권거래소에서 다우존스 30 산업평균지수는 전거래일 대비 0.66% 하락한 3만 6,079.94에 마감했다. 스탠더드앤드푸어스(S&P) 500 지수는 0.82% 내린 4,646.71에 거래를 마쳤다. 특히 반도체 등 국내 대표 산업군이 속해 있는 나스닥 지수는 1.66% 급락한 1만 5,622.71을 기록해 국내 증시에 악재로 작용했다. 미국발 인플레이션 우려가 커지며 코스피지수는 11일 1% 넘게 빠졌다. 국내 증시가 미국 CPI 물가 상승에 발작한 것은 금리인상 시기가 앞당겨질 것이라는 전망 때문으로 관측된다. 10월 미국 CPI 상승률이 급등하면서 미 연방공개시장위원회(FOMC)가 2022년 금리인상 일정을 앞당길 것이라는 주장이 힘을 얻고 있다. 박석현 KTB투자증권 연구원은 “연준의 내재정책금리에 반영되는 내년 6월, 9월, 12월 FOMC 회의 금리인상 횟수 전망은 일제히 상향조정되면서 10월에 기록했던 직전 상단을 동반 상회했다”며 “이는 물가 전망 불안이 한층 커지면서 연준이 테이퍼링을 종료(5월말 예상)한 직후 6월부터 곧바로 금리인상을 서둘러 시작할 수 있다는 우려가 팽배해지고 있다”고 분석했다.이와함께 대주주 양도세 이슈에 따른 개인 매도 물량 출회도 국내 증시를 압박한 것으로 보인다. 실제 개인은 이달 1일부터 11일까지 6,412억원을 순매도했다. 다만 대주주 양도세 이슈는 일시적인 현상인 만큼 점차 해소될 것으로 전망된다.김영환 NH투자증권 연구원은 “지난해에도 연내 순매수를 기록하던 개인이 11월 대주주 양도세 이슈로 물량을 일시적으로 내다 팔았다”며 “개인의 11월 순매도는 세금을 회피하기 위한 연말 1회성 이벤트로 보아야 한다”고 진단했다.\n\n\n\n11일 부산 남구 신선대·감만부두에서 수출입 화물이 쌓여 있다./부산=연합뉴스전문가들은 인플레이션에 따른 금리인상 우려가 국내 증시를 짓누를 것으로 보이지만 동남아시아에서 공급난이 해소될 조짐이 보이는 만큼 국내 증시도 반등을 시도할 것으로 내다봤다. 실제 최근 베트남, 말레이시아 등 동남아지역에서 코로나 확산세가 둔화되면서 차량용 반도체, 의류 주문자상표부착생산(OEM) 등 글로벌 병목현상이 완화될 것이라는 기대감이 커지고 있다. 김 연구원은 “동남아 지역 공급망 차질 완화 조짐과 겨울철 이후 완화될 에너지 수급상황을 감안하면 현재 물가우려는 지나친 수준”이라며 다음 주 주간 코스피 예상범위를 2,850~3,000선으로 제시했다.증권가에선 다음 주 주목할 만한 업종으로 공급망 완화와 위드 코로나 수혜주인 반도체·자동차·항공·유통·의류주를 눈여겨보고 있다. 또 다음 주엔 일진머티리얼즈(020150), 롯데지주(004990), 하이트진로(000080), 한전KPS(051600), 동화기업(025900), 농심(004370), 오뚜기(007310) 등의 주요기업의 3분기 실적 발표가 예정돼 있다."
    },
    {
        "title": "“젊은 세대 주도 조직 만들자”...깨끗한나라 ‘주니어 보드’ 출범",
        "date": "2021.11.13. 오전 9:01",
        "content": "[서울경제] 제지기업 깨끗한나라(004540)가 젊은 세대가 주도하는 조직문화 혁신을 위해 ‘주니어 보드(Junior Board)’를 출범하고 정기적인 소통커뮤니티(Kleannara Communication Community)를 운영한다.‘주니어 보드’는 MZ세대(1980년대~2000년대 출생 세대)로 구성된 인원들의 창의적인 목소리로 ‘다양성 이해’를 촉진하고 젊은 직원들의 성장을 지원하는 조직 혁신의 중심역할(Change Agent)을 수행한다. 또 각 사업부의 목소리를 지속 청취할 계획이다.소통 커뮤니티의 주제도 제한이 없이 운영된다. ‘주니어 보드’는 △사업 △경영현황 △조직문화 △근로환경 △고충 등과 관련된 광범위한 주제로 의견을 제시한다. 또 자율성을 극대화해 직접 의장 및 간사를 선발하고 토론 아젠다를 선정한다.깨끗한나라 관계자는 “형식적인 회의체가 아닌 자율성과 권한이 있는 주니어 보드의 모범 사례를 만들겠다”며 “내부고객 만족을 통해 조직문화를 혁신하고 100년 기업으로 나아갈 수 있는 토대를 만들어 나갈 것”이라고 말했다.한편, 깨끗한나라는 유연한 조직 문화 조성에 힘쓰고 있다. 앞서 애자일(Agile) 조직 체계를 도입해 부서 간 경계를 허물고 필요에 맞게 소규모 팀을 구성해 업무를 수행하는 등 급변하는 경영 환경에 대응할 수 있도록 했다. 수평적 기업 문화를 위해 직급 단계를 기존 7단계에서 사원 선임 책임 3단계로 조정하고 중요한 의사 결정 시에는 전 직원이 참여할 수 있는 사내 공모전을 통해 의견을 수렴한다."
    },
    {
        "title": "[뒷북경제] 세금 미뤄 '이재명 지원금' 주겠다는 여당의 '마법'",
        "date": "2021.11.13. 오전 8:40",
        "content": "전국민 25만원씩 나눠 주려면 13조 필요한데나라살림 적자 55조에 부채 1000조 돌파 임박여당 올해 세금 내년으로 미루는 '분식회계' 시도\n\n\n\n[서울경제] 이재명 더불어민주당 대선 후보가 지시한 ‘이재명표 지원금’에 대한 논란이 커지고 있습니다.공짜로 돈을 준다는데 마다할 사람이 있겠습니까만은, 첫 번째 문제는 지원 시기가 미묘해 ‘금권선거’가 우려된다는 것이고 두 번째 문제는 우리나라 재정 상황이 돈을 마구 퍼줄 정도로 넉넉하지 않다는 점입니다. 이 코너의 제목이 ‘뒷북경제’인만큼 이번에는 재정 여건에 대해서만 짚어보겠습니다.나라 살림 상태에 대해서는 여당인 더불어민주당과 예산당국인 기획재정부의 시각이 완전히 엇갈리고 있습니다. 이 후보는 최근 “곳간에 돈이 꽉꽉 들어차고 있다. 나라는 부자인데 국민이 가난해서는 안 된다\"며 몇 십 조 원쯤 더 써도 된다는 입장입니다.기재부 생각은 다릅니다. 내년 나라 수입에서 지출을 뺀 통합재정수지 적자(赤字)는 56조 원에 달해 국가 채무가 1,000조 원을 돌파하게 되는 상황이라 허리띠를 풀 여건이 못 된다는 겁니다. 긴축으로 돌아선 미국, 독일 같은 나라와 재정 운영이 정반대로 가는 것도 부담입니다. 까다롭기로 유명한 글로벌 신용평가기관들이 국가 신용등급을 내리기라도 할 경우 삽시간에 위기가 퍼질 수도 있습니다. 겉으로 드러내놓고 말은 못하지만 대통령도 아닌 이 후보의 말 한마디에 예산안을 뒤집는 것도 기재부로서는 자존심 상하는 일입니다.\n\n\n\n이재명 대선 후보가 관훈토론에서 발언하고 있다. /연합뉴스당정 내부에서조차 파열음이 나오고 국민들의 반대 의견의 커지면서 막다른 길에 몰린 민주당이 ‘마법' 같은 카드를 꺼내 들었습니다. 윤호중 민주당 원내대표는 최근 원내대책회의에서 “지원금 예산을 2022년도 본예산에 반영하고 그 재원은 올해 초과 세수를 내년으로 납부 유예하는 방식으로 재원을 마련하겠다”고 밝힌 것인데요. 세금을 올해 거두지 말고 내년에 받아 회계로 잡아놓으면 내년에 쓸 돈이 더 늘어난다는 일종의 ‘분식회계’입니다.통상 초과 세수는 정상 절차 대로라면 회계 결산을 거쳐 ‘세계잉여금’ 항목으로 편입된 뒤 국가재정법에 따라 △지방교부세 및 교부금 정산(40%) △공적자금상환기금 출자 및 채무 상환(30%) △다음 연도 세입 이입(30%)의 순서로 배분됩니다. 가령 올해 10조 원의 초과 세수가 발생하면 3조 원가량만 내년 예산에 반영해 쓸 수 있다는 뜻입니다.하지만 올해 받을 세금을 내년으로 미루면 지방세 교부 의무만 남고 채무 상환으로 반영해야 할 의무는 사라져 그만큼 가용 재원이 늘어나게 됩니다.\n\n\n\n언뜻 마술 같은 방법이지만 반응은 차갑습니다. 정의당에서는 ‘매표’ 행위라는 원색적인 비난까지 나왔습니다. 여기다 납부 유예하겠다는 세금의 구체적 세목(稅目)과 규모를 기재부조차 제대로 파악하지 못하고 있습니다. 어떤 세금을 얼마나 어떻게 내년으로 미룰지 분석이 안됐다는 뜻입니다.더구나 올해 세금 대부분은 이미 납부가 완료돼 납부 유예의 실효도 거의 없습니다. 국세는 크게 나눠 소득세·법인세·부가세 3대 축으로 구성되는데 이 중 사업소득세나 법인세 등 덩치가 큰 항목은 이미 올해분 납부가 마무리 돼서입니다. 미루고 싶어도 미룰 세금 자체가 남아 있지 않은 셈입니다. 올해 5조 원을 넘길 것으로 예상되는 종합부동산세의 경우 납부 기한이 12월 15일이기는 하지만 어차피 지방이 가져다 쓸 돈이기 때문에 납부 유예를 할 이유가 없습니다. 이 밖에 목적세로 분류돼 용처가 미리 정해져 있는 유류세(교통세) 등도 납부 유예를 해봐야 ‘이재명 지원금’에는 반영되기 어렵습니다.\n\n\n\n국내의 한 증권사 채권운용 담당자는 “최근 금리가 급등하고 시장이 불안정한 상황에서 여당이 국채를 더 찍겠다고 공식적으로 발표하기는 어렵다고 본다”며 “국세 납부 유예 같은 실체가 모호한 말을 하는 것도 ‘일단 소나기는 피하자’는 전략으로 해석된다”고 말했습니다.이 후보가 꼭 전국민에게 지원금을 주고 싶다면 나라 살림 상태를 정확히 파악한 뒤 국채를 찍어 재원을 조달하겠다고 정직하게 발표해주기를 바랍니다."
    },
    {
        "title": "[코주부] 주식 수익률 -40%, 기자는 이렇게 망했다<1편>",
        "date": "2021.11.13. 오전 7:12",
        "content": "3년간 곱씹은 투자 실패의 이유 '생각도 공부도 없었다'이상한 자신감·증권사 리포트에 대한 과도한 의존까지\n\n\n\nA주의 주가 추이. 에디터는 최고점으로부터 약 한 달 후에 A주를 샀습니다.[서울경제] 에디터는 지금으로부터 4년 전인 2017년 공부 삼아, 경험 삼아 주식을 시작했습니다. 결론부터 말씀드리면 짧은 시간 동안 쓴맛을 제대로 봤습니다. 투자자가 하지 말아야 할 실수를 모조리 다 저질렀기 때문입니다. 그 때는 실수를 깨닫지 못했을뿐더러 오히려 이상한 자신감에 차 있었습니다. 남들이 다 망해도 나는 왠지 성공할 것 같은, 누가 봐도 이상한데 투자자 스스로만 모르는 자신감 말입니다.아마 이제 투자를 시작하시는 분들은 제가 아무리 설명해도 잘 모를 겁니다. 직접 경험해 봐야, 시간이 지나봐야 뼈저리게 깨달을 수 있으니까요. 한두 분이라도 이 실패 후기를 읽고 마음을 다잡으시길 바라며 망한 썰을 풀어보겠습니다.━투자금 400만원, 현재 수익률 -40%2018년 봄의 일입니다. 명색이 경제신문 기자니까 주식도 경험해봐야 한단 생각에 종목을 몇 개 골랐습니다. 그런데 저는 주식투자 자체에 큰 관심이 없었습니다. 그래서 그나마 익숙한 회사를 고르기로 했습니다. 그 중에서 제가 400만원이란 거금을 투자한 종목은···이름을 밝히진 않겠습니다. 하지만 1인 가구인데도 장보러 가면 10만원어치를 카트에 담게 되는 그곳, 백화점과 식음료와 호텔과 패션, 화장품까지 다양한 형제 회사들을 두고 있는 그 곳이었습니다. 편의상 A주라고 부르겠습니다.잠깐, 기자가 주식에 투자해도 되냐고요?법적 제한은 없습니다. 언론사별로 내부 규정에 따라 투자를 금지하는 경우가 있지만 드뭅니다.기자가 남들보다 빠르게, 혹은 내부 정보를 얻어서 투기하는 것 아니냐는 오해를 받기도 하지만 어림없습니다. 도움은커녕 방해만 되는 기자들에게 따끈한 정보를 주는 기업 관계자는 아무도 없습니다. 내부 정보를 얻었다며 투자하는 기자를 딱 한 번 본 적 있는데, 결과적으로 길에 떨어진 돌멩이만큼이나 쓰잘데기 없는 정보였으며 그는 바보같이 속은 셈이 되었습니다. 오죽하면 금융감독원이 기자들의 불법 투기를 전수조사하려고 했다가 시퍼런 주식계좌만 잔뜩 보고 포기했단 우스갯소리가 돌겠습니까.A주를 고른 이유는 이랬습니다.①장보러 갈 때마다 손님들로 북적인다 ②경기가 나쁠 때도 다들 장을 보고 살지 않느냐. 설령 오프라인이 잘 안된다 해도 온라인몰 실적은 성장할 것이다. ③어차피 난 장기투자할 테니 단기간의 주가 변동은 상관 없다 ④매일 쏟아지는 애널리스트 리포트를 많이 읽는데, 자회사들 실적도 기대되고 A사 전망이 괜찮더라.그리고 2018년 4월 18일, 주당 27만7,166원에 15주를 매수했습니다. 3년 반 가량 지난 현재 A주의 근황은 아래와 같습니다.\n\n\n\n장부상 손실인 169만5,925원은 다행히 큰 돈은 아닙니다. 하지만 돈을 잃었다는 것보다도, 언제 회복할지 모른다는 사실보다도, 저의 멍청함에 가슴이 아픕니다. 지난 3년 반의 시간 동안 천천히 실패의 원인을 곱씹었습니다. 현재까지의 결론은 이렇습니다. 첫 번째 원인, 아무 생각이 없었습니다. 두 번째 원인, 공부를 안 했습니다. 세 번째 원인, 예측을 못 했습니다. 네 번째 원인, 이렇게까지 경영을 못할 줄은 몰랐습니다.━돌이켜보니 생각도, 공부도 없이 샀더라지나고 나서야 깨달았지만 저는 결코 앞서가는 소비자가 아니었습니다. 사실 1인 가구라 그 곳에서 장을 볼 일이 별로 없었습니다. 회사에 다니느라 가장 북적이는 주말에만 매장에 갈 수 있었구요. 이후로 자취생활 연차가 쌓이고 장보기 스킬에도 물이 오르면서 뒤늦게 깨달았지만, 그 곳은 결코 장보기 좋은 곳은 아니었습니다. 1, 2인 가구에겐 너무 대용량인 상품들을 팔고, 과일과 채소는 대체로 맛이 없는데도 비싼 편이고(TMI:한살림, 하나로마트, 연희동 사○가 마트가 농산물 퀄리티가 좋습니다), ‘어머 이건 사야 해!’ 싶은 제품들은 별로 없었습니다.그런 주제에 공부도 안 했습니다. 재무제표? 당연히 안 봤습니다. 다시 말씀드리지만 저는 투자에 큰 관심이 없는 편이고, 주식을 공부하고 기업을 공부해서 투자할 의지도 시간도 없습니다(그럼 투자를 아예 안 할거냐, 그건 아닙니다. 이 부분은 2편에서 다시 말씀드리겠습니다). 대충 애널리스트 리포트 몇 개 훑어본 게 전부였습니다.하지만 알고 보니, 애널리스트 리포트에는 밝고 희망찬 내용만 담겨 나오는 것이었습니다. 애널리스트들의 ‘투자 의견’은 거의 모두가 매수(BUY). 찾아보시면 아시겠지만 매도 의견인 리포트는 한국에 거의 존재하지 않습니다. 도저히 밝고 희망찬 구석이 없는 기업에 대한 리포트는 아예 안 나옵니다. 제가 A주에 투자했던 2018년 당시 A주 기업분석 리포트의 제목들은 이랬습니다.\n\n\n\n와...하마터면 또 매수할 뻔했습니다. 꿈과 희망이 가득한 2018년의 A주 리포트 제목들.물론, 이 모든 건 뒤늦게 깨달은 사실들입니다. 이어지는 이야기는 다음 레터에서 마저 전해드리겠습니다.코주부 뉴스레터 구독하기\n\n\n\n이 기사는 서울경제의 재테크 뉴스레터 ‘코주부’에 게재된 내용입니다. 코인, 주식, 부동산까지 요즘 가장 핫한 재테크 소식을 알기 쉽게 풀어드리는 코주부 레터. 아래 링크에서 구독신청하시면 이메일로 매주 월, 목요일 아침 8시에 보내드립니다.(무료!)구독 링크와 아카이브 → https://page.stibee.com/subscriptions/130181"
    },
    {
        "title": "너도나도 'NFT 합니다'…게임주·엔터주 줄줄이 급등",
        "date": "2021.11.13. 오전 6:59",
        "content": "엔씨 상한가, 하이브 최고가…\"차세대 블루오션, 중장기 관점 투자해야\"\n\n\n\n엔씨소프트 사옥[엔씨소프트 제공. 재판매 및 DB 금지]    (서울=연합뉴스) 김아람 기자 = 최근 게임주와 엔터주를 중심으로 미래 먹거리로 급부상한 대체불가토큰(NFT)과 엮인 종목의 주가가 들썩이고 있다.    13일 한국거래소에 따르면 엔씨소프트는 올해 3분기 잠정 실적을 발표한 지난 11일 전 거래일 대비 가격제한폭(29.92%)까지 치솟은 78만6천원에 마감했다.    엔씨소프트처럼 덩치가 큰 시가총액 20위권 대형주의 상한가는 이례적이다.    심지어 엔씨소프트의 3분기 영업이익은 작년 동기 대비 반 토막이 났으며 시장 전망치도 밑돌았다.    그런데 NFT 사업 진출이 상한가를 이끌었다. 엔씨소프트가 실적 발표 컨퍼런스콜에서 내년 중 NFT와 블록체인을 결합한 새 서비스를 선보이겠다고 밝히자 주가는 수직 상승했다.    대표적인 NFT 수혜 게임주는 위메이드다. NFT 기술을 적용한 모바일 다중접속역할수행게임(MMORPG) '미르4' 글로벌이 흥행에 성공하면서 주가가 급등했다.    위메이드 주가는 8월 30일 상한가를 시작으로 가파르게 올라 이달 초까지 연일 신고가를 새로 썼다. 연초 이후 주가 상승률은 871.26%에 이른다.    또 카카오게임즈, 펄어비스, 컴투스, 게임빌 등 여러 게임업체가 NFT 관련 사업 계획을 내놓으면서 주가도 상승 탄력을 받았다.    '엔터 대장주' 하이브도 NFT 사업 진출을 공식 발표한 지난 5일에 전 거래일보다 7.57% 급등한 38만3천500원에 거래를 마쳤다.    당시 상장 이후 최고가를 새로 썼으며, 주가는 상승 흐름을 이어가 지난 12일에는 처음으로 장중 40만원을 돌파했다.    하이브와 블록체인 업체 두나무는 합작법인을 설립해 아티스트 지식재산권(IP)과 NFT를 결합한 팬덤 기반의 신규 사업을 추진하기로 했다.\n\n\n\n하이브가 지난 4일 온라인으로 공개한 '2021 공동체와 함께 하는 하이브 회사 설명회'에서 방시혁 의장(왼쪽)과 송치형 두나무 의장.[하이브 제공. 재판매 및 DB 금지]그 외에도 SM, JYP, YG 등 엔터테인먼트 업계 대형 기획사들이 잇따라 차세대 먹거리로 부상한 NFT 관련 시장에 뛰어들거나 관심을 보이고 있다.    NFT는 블록체인 기술을 활용해 디지털 콘텐츠에 고유한 인식 값을 부여한 가상 자산이다. 영상, 그림, 음악 등을 복제 불가능한 콘텐츠로 만들 수 있어 새로운 투자 대상으로 주목받는다.    최근 NFT 시장 성장세는 폭발적이다. 블록체인 데이터 업체 댑레이더가 집계한 올해 3분기 NFT 거래 규모는 106억7천만달러(약 12조5천852억원)로 전 분기 대비 704% 늘었고, 작년 3분기보다는 3만8천60% 폭증했다.    이런 분위기에서 국내 기업뿐 아니라 메타(옛 페이스북), 나이키, 아마존, 코카콜라, 엔비디아 등 굴지의 글로벌 기업이 NFT 사업 계획을 잇달아 발표했다.    다만 최근 증시가 지지부진한 흐름을 보이는 가운데 상승세가 돋보이는 NFT 관련주가 과열 양상을 띠고 있어 신중하게 투자해야 한다고 전문가들은 당부한다.    엔씨소프트의 경우에도 NFT 발표에 상한가를 친 바로 다음 날인 지난 12일 9.03% 급락 마감했다.    이재선 하나금융투자 연구원은 \"메타버스 세계와 시너지 효과를 낼 수 있는 NFT 시장을 주요 글로벌 기업이 차세대 블루오션으로 주목하고 있다\"며 \"그렇기에 투자 관점에서도 단기 호재로 인식하기보다는 중장기적 접근이 필요하다\"고 강조했다.    한지영 키움증권 연구원은 \"NFT 등의 테마가 지닌 성장 스토리가 매력적이어서 시총 상위 대형주 주가가 부진한 상황에서 시장 관심을 끌기에 적절한 테마인 것은 사실\"이라고 설명했다.    그러나 \"테마 내 일부 기업은 아직 사업이나 실적이 실체화하지 않았는데도 주가가 폭등세를 보인 점은 우려스러운 부분\"이라며 \"쏠림 현상으로 과열 단계에 진입했을 가능성에 유의할 필요가 있다\"고 덧붙였다.    rice@yna.co.kr"
    },
    {
        "title": "[표]유가증권 코스닥 투자주체별 매매동향(11월 12일-최종치)",
        "date": "2021.11.12. 오후 6:15",
        "content": "[서울경제]"
    },
    {
        "title": "[펀드줌인] 가치주 펀드의 터줏대감 'KB밸류포커스'...누적수익률 188%",
        "date": "2021.11.12. 오후 6:08",
        "content": "지수나 경기전망 대신 내재가치 확신 갖고 투자1년 수익률 34% 달성···골프존·한솔케미칼 등 편입\n\n\n\n[서울경제] ‘KB밸류포커스펀드’는 올해로 출시 12년째가 된 장수 펀드다. KB자산운용을 국내에서 손꼽히는 가치주 하우스 반열에 올린 펀드로 10년이 넘는 기간 동안 188%에 달하는 성과를 냈다. 지난해부터 국내 증시에서 가치주들이 부침을 겪는 상황 속에서도 KB밸류포커스는 종목 리밸런싱을 통해 수익률을 견고히 했다는 평가다.통상적으로 가치 투자는 기업가치 대비 주가가 저평가된 종목을 발굴, 투자 이후 기업가치에 부합하는 수준으로 주가 상승을 노리는 전략을 취한다. 일명 싼 주식에 투자해 큰 폭의 주가 상승을 기대하는 것이다. 이에 따라 가치 투자 펀드들은 주로 주가순자산비율(PBR)을 주요 지표로 삼아 투자한다. 그러나 KB밸류포커스펀드는 기업가치에 비해 주가가 저평가된 종목을 발굴해 투자하는 기본 철학을 갖고 있다. PBR·주가수익비율(PER) 등 재무제표 수치뿐 아니라 프랜차이즈 밸류, 이익의 질, 산업 패러다임의 변화 등 다양한 각도에서 기업을 분석해 투자할 종목을 선별한다. 종목의 시가총액 등에 구애받지 않고 유망 종목이 저평가 구간에 접어들면 적극적으로 편입하고 단기간 급등으로 주가가 과열 국면에 진입하면 차익을 실현하는 전략을 편다.특히 지수나 경기 전망을 배제한 채 내재 가치에 확신이 있는 종목 선정에 주력한다. 이익이 안정적으로 증가하는 종목들이 구간별로 소외 국면에 들어갈 경우 적극적으로 매수하는 방식이다. 펀더멘털 이외의 요인에 의해 급락하는 경우 적극적으로 투자를 한다. 지난 12일 기준 KB밸류포커스는 골프존(10.34%), 한솔케미칼(7.92%), NAVER(5.95%), 티앤알바이오팹(5.03%), 티와이홀딩스(4.44%), 동원산업(4.36%), SBS(3.95%), 동진쎄미켐(3.64%) 등을 편입하고 있다.가치주 철학 덕분에 KB밸류포커스펀드는 펀드 설정 이후 거의 매해 플러스 수익률을 내고 있다. 지난해 국내 증시가 성장주 위주로 상승세를 보였던 상황 속에서도 성과는 빛을 발했다. 한국펀드평가에 따르면 이 상품은 1개월 수익률 2.26%, 6개월 수익률 5.4%, 1년 수익률 33.78%를 기록했다.KB자산운용은 당분간 불확실성 장세가 이어짐에 따라 리스크 관리와 개별 기업 펀더멘털에 집중해 경쟁력 있는 업체들을 발굴하겠다는 계획이다. KB자산운용 관계자는 “거시 경제 상황이 불안감이 지속되고 있고 각종 원자재들의 가격 급등으로 인플레이션 우려가 더욱 커지고 있는 국면”이라며 “시장을 무리해서 예측하기보다는 구조적 변화로부터 수혜를 누리고 경쟁력 있는 비즈니스 모델을 가진 기업들을 발굴해 투자할 계획”이라고 말했다."
    },
    {
        "title": "\"中 안살아나면 도루묵\"...항공·호텔·여행주 '우울'",
        "date": "2021.11.12. 오후 6:07",
        "content": "[위드코로나 2주 ···수혜 기대주 성적표는]대한항공·하나투어·호텔신라 등특수 기대 리오프닝주 대부분 하락\"中 의존도 높은 특성 때문\" 분석\"K-POP, 中뿐 아니라 美·유럽서도 성장\"글로벌 경쟁력 입증한 엔터주는 강세\n\n\n\n진에어 체크인 시스템 문제로 항공권 탑승 수속 등에 문제가 발생한 12일 오전 인천국제공항 제1여객터미널 진에어 카운터 앞에 탑승 지연으로 승객들의 수하물이 줄지어 세워져 있다./연합뉴스[서울경제] 국내에서 ‘단계적 일상 회복(위드 코로나)’ 시행 2주를 맞았지만 애초에 ‘특수’를 기대했던 리오프닝주들은 대부분 울상을 짓고 있다. 전문가들은 리오프닝 업종의 매출에서 중국이 차지하는 비중이 적지 않은 만큼 주가가 지지부진한 것으로 분석하고 있다. 중국 내 강력한 코로나 통제 정책과 부진한 경제지표가 해소돼야 일상 회복 관련 주가 탄력을 받을 수 있다는 해석이다. 반면 중국뿐 아니라 북미와 유럽 등 전 세계에서 경쟁력을 입증한 엔터주는 코로나 일상 회복 시대를 맞아 기대가 커지고 있다.\n\n\n\n11일 한국거래소에 따르면 이날 코스피 지수가 1.5% 뛰었지만 대표적인 일상 회복 수혜주인 리오프닝주들은 대부분 하락 마감했다. 항공 대장주인 대한항공(003490)은 전날과 같은 3만 550원에 거래를 끝냈다. 아시아나항공(020560)은 전 거래일보다 0.69% 떨어진 2만 1,600원에 거래를 마쳤다. 대한항공은 항공 화물 호황 등 호실적에도 국제 여객 수요 회복이 더딘 데 따른 실망감에 주가가 움직이지 못한 것으로 추정된다. 대한항공은 이날 올해 3분기 영업이익이 4,386억 원으로 전년 동기 대비 5,771% 상승했다고 공시했다. 같은 기간 매출은 2조 2,270억 원으로 전년 동기 대비 43.6% 증가했는데 화물 사업 매출이 1조 6,503억 원으로 역대 최대치를 기록했다. 여행주인 하나투어(039130)·모두투어(080160)도 각각 전일보다 0.62%, 0.83% 내린 8만 300원, 2만 3,850원에 거래를 끝냈다. 호텔주인 호텔신라(008770)·파라다이스(034230) 등도 전일 대비 0.25%, 0.90% 소폭 상승한 8만 1,300원, 1만 6,850원에 거래를 마감했다. 반면 엔터주인 하이브는 1.93% 상승한 39만 6,500원에 장을 마쳐 최근의 강한 기세를 이어갔다.단계적 일상 회복이 2주 차에 접어든 시점에 리오프닝주의 성적표는 대부분 좋지 않다. 일상 회복이 시작된 지난 1일부터 이날까지 2주간으로 시야를 넓혀봐도 엔터주를 제외한 리오프닝주 주가는 지지부진하다. 대한항공(0.33%)·아시아나항공(-4.21%) 등 항공주와 호텔신라(-6.98%)·파라다이스(-3.16%) 등 호텔주의 흐름은 좋지 않았다. 하나투어(-4.06)·모두투어(-7.36) 등 여행주의 흐름도 나빴다. 하지만 4분기 미국 콘서트를 재개하는 하이브(18.36%)는 크게 올랐다.\n\n\n\n11일 시진핑 중국 국가주석이 11일 베이징에서 속개된 공산당 제19기 중앙위원회 6차 전체회의(19기 6중 전회)에서 연설하는 모습이 베이징 시내의 대형 옥외 전광판에 비치고 있다./연합뉴스증권가에서는 리오프닝주의 성적표가 좋지 않은 이유를 중국 의존도가 높은 산업 특성으로 꼽고 있다. 허재환 유진투자증권 연구원은 “호텔·면세업 등 리오프닝주의 실적은 중국 영향이 크기 때문에 주가가 오르려면 중국 관련 매출이 좋아져야 한다”며 “중국 쪽 데이터들이 좋지 않기 때문에 관련 주가가 가지 않는 것으로 보인다”고 진단했다. 실제 한국관광공사에 따르면 올 1월부터 9월까지 한국을 찾은 외국인 중 미국 다음으로 높은 비중을 차지한 중국인은 13만 2,017명에 그쳤다. 이는 전년 동기 대비 무려 79.9%(65만 7,792명) 줄어든 수치다. 이와 함께 일상 회복에도 불구하고 부진한 내수 소비 부진도 리오프닝 주가에 악영향을 미쳤을 것으로 추정된다. 실제 일상 회복이 시작됐음에도 전국 자영업자 매출 성장세는 지난달과 큰 차이가 없는 것으로 조사됐다. 한국신용데이터에 따르면 올 44주 차(11월 1~7일) 전국 자영업자 매출액은 전주 대비 2.6% 올라 지난달부터 계속된 전주 대비 한 자릿수 매출 성장세를 벗어나지 못했다.\n\n\n\n하이브가 4일 오전 공식 유튜브 채널을 통해 ‘2021 공동체와 함께하는 하이브 회사 설명회’를 온라인으로 공개했다. 사진은 방시혁 의장(왼쪽)과 송치형 두나무 의장./연합뉴스반면 중국의 영향을 덜 받는 엔터업종은 일상 회복의 직접 수혜를 받았다. 이는 K팝이 중국 시장뿐 아니라 글로벌 시장에서 경쟁력을 입증했기 때문이라는 시각이 지배적이다. NH투자증권에 따르면 2017년부터 올해까지 K팝 음반류 연평균 수출 성장률은 북미 지역이 98%, 유럽이 107%에 달한다. 이화정 NH투자증권 연구원은 “음반에 대한 주된 수요자는 K팝 팬덤이라는 점을 고려하면 코로나19를 전후로 서구권 K팝 팬덤의 규모가 대략 2배 이상 확장됐다고 볼 수 있다”고 내다봤다."
    },
    {
        "title": "천보 사상 최대 실적 업고 장중 12% ↑",
        "date": "2021.11.12. 오후 6:02",
        "content": "[서울경제] 3분기 역대 최고 실적을 경신한 천보(278280)가 장중 12% 이상 오르며 52주 최고가를 새로 썼다. 12일 2차전지 소재업체인 천보는 전거래일 대비 6.84% 오른 34만 1,900원에 거래를 마쳤다. 장중에는 12.25% 오른 35만 9,200원까지 주가가 치솟으며 52주 신고가를 새로 썼다. 천보는 11일 분기 기준 역대 최고 실적을 발표하며 투자자들의 주목을 받았다. 천보의 3분기 매출은 738억 원으로 전년 동기대비 93%가 늘었고 영업이익은 119억 원으로 전년 동기대비 68.6%가 증가했다. 특히 9월부터 가동이 시작된 P타입 전해질 증설과 범용전해질(LiPF6)의 가격 상승 효과에 힘입어 3분기 매출이 사상 최대치를 기록했다. 증권가는 천보의 3분기 호실적은 물론 앞으로의 성장성에도 주목하고 있다. 김현수 하나금융투자연구원은 “일반 2차전지 소재업체들의 실적에서 배터리 출하량이 주요 변수인 것과 달리 천보는 전해질과 첨가제 등 배터리 시장 내 주력 제품의 침투율 상승이 중요하다”며 “해당 제품들은 배터리 수명 향상과 충전속도 증대 등 주문제작업체(OEM)들의 최대 관심사와 부합하는 제품이기에 시장 침투율이 지속적으로 상승할 것”이라고 내다봤다. 정재헌 DB금융투자 연구원 역시 “가파른 특수 전해질 수요 성장에 따라 증설 기대감이 여전히 남아있는 가운데 2023년 기준 주가수익비율(PER)은 31배로 경쟁 업체 대비 저평가돼있다”며 천보의 목표주가를 32만 원에서 43만 원으로 30% 이상 올려잡았다."
    },
    {
        "title": "코스피 이제는 반등 타이밍?…'이 업종'에 주목하라",
        "date": "2021.11.12. 오후 5:57",
        "content": "[내일의 전략]\n\n\n\n[서울=뉴시스] 권창회 기자 = 코스피가 전 거래일(2924.92)보다 43.88포인트(1.50%) 오른 2968.80에 마감한 12일 오후 서울 중구 하나은행 딜링룸 전광판에 지수가 표시되고 있다. 이날 코스닥 지수는 전 거래일(992.65)보다 16.42포인트(1.65%) 상승한 1009.07, 원·달러 환율은 전 거래일(1180.8원)보다 1.2원 내린 1179.6원에 마감했다. 2021.11.12.코스피가 오랜만에 훈풍을 달았다. 시가총액 상위주를 비롯해 대부분 업종이 강세를 보였다. 지수는 단숨에 2960선을 회복했다. 증권가에서는 기술적 반등이 기대되는 만큼 그간 소외돼왔던 반도체·바이오 등을 주목하라고 조언했다. 12일 코스피는 전일 대비 43.88포인트(1.50%) 오른 2968.80에 거래를 마쳤다. 개장 직후부터 강세를 보이던 지수는 외인 및 기관 매수세에 2950선을 가볍게 뛰어넘었다.이날 외국인과 기관은 각각 4315억원, 5938억원을 순매수하며 강세장을 견인했다. 개인은 1조413억원을 팔아치웠다. 개인이 1조원 넘게 순매도한 것은 지난 2일(1조752억원) 이후 열흘 만이다. 대부분 업종이 빨간 불을 켠 가운데 의료정밀이 9% 넘게 뛰었고, 철강금속, 화학, 의약품, 건설업, 은행 등도 2~4% 상승했다. 시가총액 상위주 가운데는 카카오뱅크가 5% 넘게 뛰었고, 기아와 POSCO도 3%대 강세였다. 카카오, 삼성바이오로직스, LG화학 등도 1~2% 올랐다. 코스닥지수는 전일 대비 16.42포인트(1.65%) 오른 1009.07에 거래를 마쳤다. 개인과 기관은 각각 1785억원, 493억원을 순매도했고, 외국인은 2223억원을 순매수했다. 업종별로는 통신장비, 반도체, IT부품 등이 2~3% 올랐고 종이목재는 6%대 급등했다. 코스닥 시총 상위주 가운데는 엘앤에프가 6% 넘게 올랐고, 카카오게임즈와 위메이드, SK머티리얼즈, 천보도 4~6% 상승했다. 최근 부진을 겪어왔던 코스피가 반등 국면에 접어들 것이라는 분석이 나온다. 이경민 대신증권 투자전략팀장은 \"다음주 미국·중국·유럽 경제지표를 보면 코스피의 추가 반등 시도에 힘을 실어줄 동력으로써 역할을 기대해 볼 수 있다\"며 \"유럽 경기호전은 단기적으로 경기 불안심리 진정, 달러 약세 압력 확대로 코스피에 긍정적일 수 있고 미국 소매판매 및 산업생산 호조는 경기불안심리를 진정시키며 증시에는 우호적인 분위기 형성 가능하다\"고 분석했다.다만, 추세 반전보다는 기술적 반등이라고 보는 것이 타당하다는 지적이다. 이 팀장은 \"추세 반전이라기보다는 억눌려온데 따른 반작용\"이라며 \"장기 소외, 단기 부진 업종들의 반등이 올해 마지막일 가능성이 높은 코스피 기술적 반등 국면의 중심에 설 것\"이라고 예상했다. 그는 \"기술적 반등이라면 올해 가장 부진했고, 최근 반등 국면에서도 소외당했던 업종에 주목할 필요가 있다\"며 \"대표적으로는 반도체, 제약·바이오, 필수소비재 등이 있다\"고 조언했다."
    },
    {
        "title": "삼정KPMG \"기업 탈탄소화 전략에서 '인적 자원' 고려해야\"",
        "date": "2021.11.12. 오후 5:52",
        "content": "11개국 최고경영진·이사회 1095명 대상기후 위험 및 지속가능성 설문글로벌리더 33%“탈탄소화, 인력에 부정적 영향효과적 인력 관리 중요“\n\n\n\n조직 내 탈탄소화 과정이 직원에게 미칠 영향. [자료 = 삼정KPMG] 기업의 탈탄소화 전략에서 '인적 자원'에 대한 고려가 중요하다는 조사 결과가 나왔다.회계·컨설팅 기업 KPMG와 법무법인 에버셰즈 서더랜드가 글로벌 경영진을 대상으로 기후 변화 관련 설문 조사한 보고서(Climate change and the people factor)에 따르면, 글로벌 리더 3명 중 1명은 탈탄소화로 인해 조직 인력에 일부 부정적인 영향을 미칠 것으로 전망했다.보고서는 미국, 영국, 중국, 일본 등 11개국의 최고경영진 및 이사회 소속 1095명을 대상으로 기후 위험과 지속가능성에 대해 설문했다. 금융, 제조, 에너지 등 16개의 주요 산업 분야의 리더들이 조사에 참여했으며, 보고서는 지난해에 이어 두 번째로 발간됐다.기업의 탈탄소화 과정에서 직원들이 어떤 영향을 받을 것으로 예상하는지를 묻는 질문에 응답자의 34%는 부정적인 영향이 있을 것으로 전망했다. 또 이에 대응하기 위해 직원들을 재교육할 것이라고 답했다. 응답자 30%는 저탄소 조직으로의 전환으로 일부 감원이 있을 것으로 응답했고, 13%는 변화를 거부하는 직원들이 새로운 일자리를 찾아 떠날 것으로 봤다.응답자의 46%는 탈탄소화에 따른 비즈니스 모델 변화에 대한 임직원들의 저항이 예상됨에 따라, 효과적인 인력 변화 관리가 비즈니스 성장에 중요한 요소가 될 것으로 내다봤다. 보고서는 성공적인 탈탄소화 전환을 위해 임직원 뿐만 아니라 모든 이해 관계자들에 대한 고려가 필수적이며, 필요한 기술 확보를 위해 정부 등과의 협력도 필요하다고 조언했다.설문에 응답한 모든 전세계 경영진들이 기후 위험에 대한 파악 및 검증·보고에 대한 전략을 가지고 있다고 응답한 반면, 명확한 탄소중립 계획을 수립한 곳은 절반(49%)에 불과한 것으로 나타났다.이사회 내 기후 변화 전문가를 영입한 곳은 응답자의 47% 뿐이었다. 응답자 38%는 기존 이사회가 기후 위험에 대한 책임 의무를 지지만 기후 위험에 대한 전문 지식이 없다고 답했고, 15%는 현재 이사회 내 기후 변화 전문가가 없어 포함시킬 계획이라고 밝혔다.또 응답자의 82%가 탈탄소화 목표 달성을 위한 고위 임직원의 보수 및 인센티브를 도입한 반면, 응답자 3명 중 1명 미만만이 더욱 포괄적인 범위의 직원에 대해 개인 또는 팀 단위의 KPI와 인센티브를 설정했다고 답했다.아울러 모든 응답자가 기후 위험에 효과적으로 대응하기 위해 기업의 비즈니스 모델을 변경해야 한다는 것에 동의했다. 지난해엔 74%만이 변화가 필요하다고 응답했다.글로벌 리더의 74%는 현재 탄소중립 계획을 개발하고 이행할 수 있는 전문 기술과 인력을 보유하고 있다고 응답했다. 지난해 47%의 글로벌 리더들은 탈탄소화 걸림돌로 기술 부족을 꼽은 바 있다.정지영 삼정KPMG 조직·인사 컨설팅팀 전무는 \"기후 변화에 대한 대비책 마련의 중요성 및 필요성에 대해서는 상당한 인식 전환이 이루어 졌으나, 여전히 구체적 사업모델 변화 및 운영계획 수립이라는 측면에서는 진일보해야 할 필요성이 있다\"며 \"이를 위해서는 고위 임원들의 기후 관련 전문성 확보가 중요하다. 변화된 사업모델을 실행할 인적 자원의 역량 명확화 및 리스킬링(Reskilling) 방안 확립, 무엇보다도 기후변화와 연관된 사업 운영 방식에 대한 대직원 변화관리 실행이 조속히 이루어져야 한다\"고 강조했다."
    },
    {
        "title": "한국상륙 잔칫날에…울고싶은 디즈니",
        "date": "2021.11.12. 오후 5:39",
        "content": "3분기 구독자수 기대치 하회美증시서 10년만에 최대 하락동영상서비스 한국서 시작관련 KT·LG유플 주가 미지근콘텐츠 제작 회사들은 후끈\n\n\n\n 월트디즈니컴퍼니 주가가 실적 둔화 우려에 7% 급락했다. 2011년 9월 이후 10년 만의 최대폭 하락이다. 공교롭게도 디즈니의 온라인동영상서비스(OTT)인 디즈니플러스(디즈니+)는 12일 한국 시장에서 본격적인 서비스를 시작했지만 디즈니의 실적 둔화에 관련주들 주가도 희비가 엇갈리는 모습이다. 11일(현지시간) 디즈니 주가는 7% 하락한 162.11달러에 마감했다. 지난 3월 203달러로 고점을 찍은 디즈니 주가는 조정기를 거치면서 170~185달러 박스권을 유지했지만 이날 지지선이 무너지며 크게 하락했다. 주가 급락의 배경은 실적 부진 우려 때문이다. 디즈니의 3분기(디즈니 회계기준상 4분기·7~9월) 디즈니플러스 구독자 수는 1억1810만명으로 직전 분기 대비 210만명 증가에 그쳤다. 시장 예상치는 1700만명 증가한 1억3300만명이었다. 코로나19 델타 변이 바이러스 확산으로 인한 콘텐츠 제작 차질로 신규 콘텐츠 공급이 부족했던 것이 원인으로 지목된다.다만 증권가 전망은 긍정적이다. 디즈니플러스가 여전히 세계 시장 확장 초기 단계인 점을 고려할 필요가 있다는 것이다. 디즈니플러스는 올해 대만, 홍콩을 포함해 내년엔 동유럽, 중동 등에 서비스를 시작할 예정이다. 최민하 삼성증권 연구원은 \"연말부터 OTT는 더 많은 국가에서 서비스되고 영화, 테마파크 부문도 단계적 일상 정상화로 본격 회복될 것\"이라고 밝혔다. \n\n\n\n 디즈니플러스 출시 기대감에 그동안 주가가 상승세를 탔던 국내 관련주들은 이날 희비가 엇갈렸다. 일부 종목은 상승세를 탔지만 일부는 디즈니 주가 급락 영향으로 하락했다. 하락 종목들은 과도한 주가 선반영에 따른 조정과 예정된 호재에 직면하면 주가가 오히려 상승 동력을 잃는 '재료 소멸' 현상도 작용했다는 것이 전문가들 지적이다. 12일 한국거래소에 따르면 통신주인 KT는 2.77% 상승한 3만1550원, LG유플러스는 1.42% 상승한 1만4300원에 마감했다. LG유플러스는 디즈니플러스와 제휴를 맺고 자사 IPTV 서비스를 통해 디즈니플러스 콘텐츠를 독점 제공한다. 또 KT와 더불어 모바일 요금제와 디즈니플러스 서비스를 결합한 요금제를 출시하기도 했다. 디즈니플러스, 넷플릭스 등에 콘텐츠를 제공하는 제이콘텐트리는 6.49% 오른 6만7300원에 마감했다. 제이콘텐트리는 다음달 디즈니플러스와 JTBC에 동시에 드라마 '설강화'를 반영할 예정이다. 수혜주로 엮이면서 제이콘텐트리 주가는 줄곧 상승세를 유지해 지난 8월 말 바닥을 찍은 후 지금까지 98% 올랐다.반면 주가가 상승 탄력을 받지 못하는 종목도 있다. 디즈니와 허스트의 합작 미디어 법인인 '에이앤이텔레비전네트웍스코리아'가 지분을 보유한 IHQ는 이날 3.9% 하락했다. IHQ 감사보고서에 따르면 에이앤이텔레비전네트웍스코리아는 IHQ와 최소방송가구수·매출액을 보장하는 채널유통대행 계약을 체결 중이다. IHQ 지분 4.9%를 보유하고 있다.애플TV플러스(애플TV+), 디즈니플러스 등 세계 OTT 기업들의 한국 상륙 등 이벤트성 호재를 제외하고도 증권 업계는 내년까지 국내 미디어·콘텐츠주의 강세를 전망하고 있다. 세계 미디어, 제작사들의 러브콜이 이어질 것으로 보인다. 이화정 NH투자증권 연구원은 \"한국 콘텐츠는 더 이상 아시아용이 아닌 세계 콘텐츠로 자리 잡고 있다\"며 \"디즈니플러스, 애플TV플러스 등 세계 OTT의 아시아 서비스 출시가 시작되면 한국 콘텐츠에 대한 가파른 수요 증가가 전망된다\"고 밝혔다."
    },
    {
        "title": "[표] 주간 수익률 베스트&워스트",
        "date": "2021.11.12. 오후 5:37",
        "content": ""
    }
]