[
    {
        "title": "오미크론發 악재, 내주 주목할 증시 유망테마는?",
        "date": "2021.11.27. 오후 1:52",
        "content": "삼성증권 \"대형주 위주·배터리·반도체·소부장株 주목\" \n\n\n\n [파이낸셜뉴스] 삼성증권은 코로나발 변이 신종바이러스인 오미크론으로 인해 대외변동성이 높아진만큼 포트폴리오 전략에 신중해야 할 시점이라고 27일 밝혔다.   시장 하락의 원인으론 변이 바이러스발 우려와 매크로 불확실성, 신규 상장주 수급을 꼽았다. 이에 따라 단기적으론, IT·배터리 소·부·장, 바이오를 주목하고 중장기적 측면에선 대형 코스피 가치주가 유망하다고 봤다.   신승진 연구원은 \"지난 10월 이후 반등 중인 시장 흐름에 새로운 변이 바이러스 우려가 다시 확산되고 있다“며 ”미국 국채 금리 급락, 엔화 강세, 일본 시장 급락 등 금융 시장이 즉각적 반응을 보였다. 경제 활동 정상화에 따른 경기 회복 기대에 돌발 악재가 생긴 것“이라고 평가했다. 그러면서 “중간재 수출 비중이 높은 우리 나라에 글로벌 경기 회복 속도는 중요한 변수”라며 “이 때문에 향후 변이 바이러스 확산을 면밀히 체크해야 한다. 국내 확진자 수도 사상 최대치를 경신 하며 리오픈, 내수·소비주 동반 약세로 시장 전방위 대응이 쉽지 않은 양상”이라고 밝혔다.   삼성증권은 향후 변이 바이러스에 따른 봉쇄가 확산된다면 공급망 병목 이슈가 다시 부각될 수도 있다고 봤다.   이로인한 글로벌 경기 둔화 우려가 재부각된다면, 미국 연준이 진행중인 긴축 스케줄의 연기 또한 불가피하다고 전망했다. 다만 현재 시점에서 매도는 실익이 없어 보인다고 언급했다.   신 연구원은 “지금 코스피는 MSCI KOREA 2022년 이익 전망치 기준에 근거해 PER 10배 수준의 영역이기 때문이다”며 “ 다만, 보유 포트폴리오의 압축과 적절한 현금 비중 확보는 필요하다”고 말했다.   이어 “중장기 투자자라면 이번 조정 구간에서도 외국인 투자자들의 매수가 집중되었던 삼성전자, SK하이닉스 등 대형 반도체 업종을 매수하는 전략이 유효하다”며 “단기적 측면에서는 성장 모멘텀이 좋은 반도체와 OLED 소재·부품·장비 중소형주와 올해 가장 성과가 나빴던 바이오 업종의 매매가 좋아 보인다”고 부연했다.   특히 삼성증권은 최근 국면 불확실성이 다시 부각되는 시점이라고도 봤다.   신 연구원은 “변이 바이러스의 확산속도와 각국 정부들의 대응책을 살펴보면서 대응하는 것이 낫다”며 “투자 아이디어론 IT·소·부·장 관련해선 삼성전자, 리노공원, 덕산네오룩스를 추천한다”며 “모빌리티·소재 테마주와 관련해선 삼성SDI, 기아, 포스코케미칼, 고려아연, SKC를 추천한다“고 밝혔다. 이어 “삼성바이오로직스와 하이브는 대형 성장주 중에서 유망하다”고 덧붙였다. #삼성전자 #삼성증권 #코로나 #하이브 #오미크론 #변이신종바이러스"
    },
    {
        "title": "금융硏 “내년 韓성장률 3.2% 전망, 성장 하방 위험도↑”",
        "date": "2021.11.27. 오전 11:07",
        "content": "한국금융연구원‘2022년 거시경제 전망 및 정책적 시사점’[이데일리 김윤지 기자] 한국금융연구원이 27일 내년 한국 경제성장률을 3.2%로 내다봤다. 성장의 하방 위험도 높아진 만큼 중장기적으로 포스트 코로나 시대의 성장 동력을 확보하기 위해 선제적 대응 정책을 추진해야 한다고 조언했다.박성욱 금융연구원 거시경제연구실장은 27일 ‘2022년 거시경제 전망 및 정책적 시사점’이란 제목의 보고서에서 이처럼 밝혔다. \n\n\n\n사진=연합뉴스올해 우리 경제는 4.1% 성장률을 기록할 것으로 전망했다. 전년의 역성장에 따른 기저효과와 함께, 선진국의 강력한 통화 및 재정 정책과 백신 접종 확대로 수출이 늘어난 데다, 두 차례 추경과 초저금리 하에서 내수도 점차 회복되며 빠른 성장세를 보였다고 짚었다.내년 역시 백신 접종 확대를 기반으로 견조한 수요 회복을 기대했다. 2022년 국내총생산(GDP)을 항목별로 살펴보면 백신 접종 확대로 대면접촉 활동이 늘어나면서 민간소비 성장세가 확대되고 건설투자도 기존 수주 실적이 착공으로 이어져 성장기여도가 높아질 것으로 예상했다. 수출과 설비투자는 2021년 같은 빠른 증가세는 아니더라도 글로벌 공급 병목 현상의 점진적 해소, 신흥국 백신 접종 확대을 바탕으로 확대될 것이라 점쳤다. 연간 소비자물가 상승률은 2022년 물가목표수준인 2.0%를 기록할 것으로 전망했다.리스크 요인도 산재했다. 감염병 관련 불확실성, 인플레이션 장기화 가능성, 우리나라와 주요국의 통화정책 완화 축소, 높아진 자산 가격과 부채규모에 따른 금융 불균형 등이 하방 위험이었다. 박 연구원은 거시경제 정책은 경제 회복 정도에 맞춰 코로나19 대응 정책을 점차 정상화하되 확대된 하방위험에도 유의해야 한다고 강조했다. 단기적으로는 위드 코로나(단계적 일상회복) 체제가 시작된 만큼 감염병 관련 정보 제공 및 의료대응 능력 강화, 손실 보상체제 확충 등을 통해 단계적 일상회복 과정이 안정적으로 이뤄질 수 있도록 기반을 조성해야 한다고 강조했다. 장기적 관점에서 이뤄져야 할 선제적 대응 정책으로는 △중소 기업의 디지털 전환 지원 △취약계층에 대한 소득지원 및 재교육 등 노동시장 구조 개혁 △기후 변화 과제 적극적 대응 △대기업과 기술 중소 기업 간 협력체계 강화 △저출산·고령화 등 구조적 문제 해결책 강구 등을 제안했다."
    },
    {
        "title": "자동차 부품株, 이익 증가 전망에 '개인' 자금 몰린다",
        "date": "2021.11.27. 오전 9:45",
        "content": "[파이낸셜뉴스] 전기차와 자율주행 등 미래차 산업과 관련해 자동차 업종의 이익 증가가 기대되면서 부품사에 대해 개인 투자자들의 매수세가 몰리고 있다.   27일 한국거래소에 따르면 전일 종가 기준 개인 투자자들은 현대모비스에 대해 최근 한 달간 2336억원의 순매수를 기록했다. 같은 기간 개인들이 코스피에서 4463억원의 순매도를 기록한 것을 고려하면 현대모비스에 대한 집중도를 알 수 있다.   개인들은 현대글로비스(560억원), 한온시스템(160억원), 한국타이어앤테크놀로지(67억원), 넥센타이어(31억원) 등에 대해서도 매수 우위를 기록했다.   증권 전문가들은 내년 자동차 산업에 대한 긍정적인 투자 의견을 유지하는 동시에 완성차 대비 부품사들의 영업이익 증가가 두드러질 것이라고 전망했다.   강성진 KB증권 연구원은 \"도소매 판매 대비 부족했던 출하 대수는 2022년 빠르게 증가할 가능성이 높다\"라며 \"부품사들의 경우 완성차 출하 증가에 따른 매출액 증가와 마진율 개선을 누리게 될 것이다\"라고 전망했다. 강 연구원은 이어 \"내년 타이어 업체들의 영업이익도 전년 대비 개선될 것으로 보인다\"면서 \"그간 상승했던 원재료 가격이 비용 증가요인으로 작용할 전망이며 업체별로 2021년 말에서 2022년 상반기 피크 현상이 나타날 것으로 전망된다\"고 덧붙였다.   이재일 유진투자증권 연구원은 \"내년 글로벌 신차 수요는 전년 대비 6.1% 증가한 8586만대를 기록할 전망\"이라면서 \"반도체 수급은 여전히 타이트하지만 올해보다 영향력이 완화돼 차량 생산 증가가 예상되며 글로벌 이동 제한 조치가 해제되면서 신차 구입이 재개되는 점도 수요에 긍정적으로 작용할 전망\"이라고 말했다."
    },
    {
        "title": "2년새 주가 무려 50배나 뛴 대선 테마주··· 그 끝은 [코주부]",
        "date": "2021.11.27. 오전 7:27",
        "content": "18대 대선부턴 지연·학연 등 비이성적 이유로 급등락대선 후 테마주서 시총 17.3조 증발...거래정지 사례도\n\n\n\n/국회사진기자단[서울경제] 정치 테마주의 계절이 찾아왔습니다. 경선 단계부터도 들썩거렸지만, 내년 3월 대선이 가까워질수록 더 심해지겠죠. 대선 시즌, 총선 시즌마다 그래왔으니까요.기억을 되살려보면 16대 대선에서는 노무현 전 대통령의 ‘충청권 수도이전 계획’을 근거로 충청권 기업의 주가가 치솟았고, 17대 대선 때는 대운하 공약으로 중소 건설사 주가가 급등했습니다. 대선 후보의 지연·학연에 따른 테마주가 활개를 친 건 18대 대선부터고요.\n\n\n\n써니전자 2011~2014년 주가 추이정말 가느다란 연결고리 하나만으로도 상한가를 친 테마주가 많았습니다. 2년 동안 주가가 50배 넘게 오른 써니전자의 사례도 있었는데 이유가 어이없었습니다. 안철수 대선 후보가 창업한 안랩 출신의 인사가 재직중이란 이유가 전부였거든요. 써니전자는 대선 직후 최고가 대비 88%나 하락했습니다.16~18대 대선 당시 상위권 후보 2명과 관련된 테마주를 살펴보면, 언론에 보도된 테마주 수는 60개 정도였고 이 중 5일 이내에 정상수익률을 20% 이상 초과해 단기 급등한 종목은 43개에 달했습니다.그럼 누가 이기느냐에 따라 수익률도 희비가 갈렸을까요? 선거 다음날만 그랬다고 합니다. 자본시장연구원의 조사에 따르면 당선자와 관련된 테마주는 선거 이튿날 주가가 오르고 패자 테마주는 주가가 내렸지만 선거가 끝나고 5일이 지나면 양쪽 모두 하락세를 보이면서 그동안의 상승분이 소멸되는 패턴을 보였습니다.━테마주 손실 평균 77만원대선의 열기가 가라앉으면 테마주도 시들해지기 마련입니다. 18대 대선 후에는 정치인 테마주로 분류된 150개 종목이 반토막 났고, 17조3,000억원의 시가총액이 증발했습니다. 한국거래소가 제19대 대선 시즌(2016년 2월~2017년 2월)에 조사한 데 따르면 테마주(정치 테마주 비중은 76.9%)는 높은 주가변동률, 거래량변동률을 보였습니다. 이 기간 동안 테마주에 투자한 개인투자자들은 계좌당 평균 77만원의 손실을 본 것으로 조사됐습니다.\n\n\n\n이 같은 결말은 당연하다고 볼 수 있습니다. 정말 비이성적인 이유로 정치 테마주에 돈이 몰리는 경우가 많거든요. 지난 23일 주가가 전일보다 10.8%나 오른 '신원종합개발'은 이 회사 회장+사외이사가 윤석열 국민의힘 대선 후보와 같은 서울대 출신이라는 이유로 급등했습니다. 경영진이 서울대 법대 출신이란 이유만으로 '윤석열 테마주'로 분류되는 기업은 이밖에도 서연, 서연탑메탈, 덕성, 위즈코프 등이 있습니다. NE능률은 최대 주주가 윤 후보와 같은 ‘파평 윤씨’라는 이유로 테마주에 포함됐습니다.이재명 더불어민주당 대선후보와 엮인 테마주도 근거가 부실하긴 마찬가지입니다. 성남시장을 역임했던 이재명 후보와 연이 닿을 것 같아서(ex. 대표이사가 성남창조경영 CEO포럼 운영위원인 에이텍티앤), 대표이사가 이재명 후보와 동문이라(ex. 토탈소프트, 프리엠스)...이런 식입니다. 하지만 이유야 어쨌든 많은 투자자가 단숨에 몰려들어 주가가 급등하니 기회를 노리는 이들이 달려드는 겁니다.'테마주'로 찍힌 기업들은 부지런히 '대선 후보와의 사업적 관련성이 없음', '친분 관계 없음' 같은 공시를 내놓습니다. 한국거래소는 불확실한 정보가 퍼진 종목의 주가·거래량이 급변했을 때 '풍문관여과다종목'으로 분류해 투자주의종목으로 지정하기도 합니다.◆한국거래소의 시장감시제도주가가 비정상적으로 오르는 등 투기성·불공정 거래 가능성이 있는 종목을 지정해 공시. 투자주의종목->투자경고종목->투자위험종목 으로 점점 경고 수위가 높아집니다. 위탁증거금 100% 납부(투자주의종목), 신용융자 금지(투자경고종목) 등의 페널티도. 허수성 주문을 자꾸 제출하거나 시세에 과다 관여하는 투자자들의 계좌에 대해서도 감시(심하면 거래 중단까지)하고, 이상거래 혐의가 있는 종목은 별도로 샅샅이 분석해 감시하기도 합니다.테마주 투자 정보를 내세운 오픈채팅방도 기승을 부리고 있다고 합니다. 단타로 대선테마주에 투자해서 수익을 내는 사람들도 분명히 있긴 할 겁니다. 하지만 그 타이밍을 맞추는 게 쉬운 일은 아닐 겁니다. 그리고 무엇보다도, 그런 불확실한 운에 독자님의 소중한 자금을 맡기시겠습니까?코주부 뉴스레터 구독하기\n\n\n\n이 기사는 서울경제의 재테크 뉴스레터 ‘코주부’에 게재된 내용입니다. 코인, 주식, 부동산까지 요즘 가장 핫한 재테크 소식을 알기 쉽게 풀어드리는 코주부 레터. 아래 링크에서 구독신청하시면 이메일로 매주 월, 목요일 아침 8시에 보내드립니다.(무료!)구독 링크와 아카이브 →https://url.kr/kojubu"
    },
    {
        "title": "[표]유가증권 코스닥 투자주체별 매매동향(11월 26일-최종치)",
        "date": "2021.11.26. 오후 6:14",
        "content": "[서울경제]"
    },
    {
        "title": "델타보다 센 '누' 변이, 글로벌 증시 덮쳤다",
        "date": "2021.11.26. 오후 5:59",
        "content": "닛케이·항셍 2%넘게 급락코스피 1.47%↓ 2,936美 선물, 유럽 증시도 ↓비트코인도 한때 8% 하락\n\n\n\n26일 일본 도쿄 시내의 증시 정보 전광판 앞으로 행인이 지나가고 있다./연합뉴스[서울경제] 전염력이 강한 것으로 알려진 아프리카발 코로나19 ‘누(Nu)’ 변이 바이러스 소식으로 26일 아시아 증시가 일제히 급락했다. 뒤이어 열린 미국과 유럽 증시 역시 장중 큰 폭으로 하락하며 출렁였다. 신종 바이러스의 확산세가 거세질 경우 국내외 금융시장이 또다시 흔들릴 수 있다는 우려도 제기됐다.이날 코스피는 전 거래일보다 43.83포인트(1.47%) 내린 2,936.44로 거래를 마쳤다. 외국인과 기관이 1,823억 원, 3,711억 원어치를 순매도하면서 하락 폭이 커졌다. 이날 일본 닛케이225지수는 2.53% 급락한 2만 8,751.62로 마감하며 지난 6월 21일 이후 약 5개월 만에 가장 큰 하락 폭을 기록했다. 새로운 변이 바이러스 감염 사례가 2건 발견된 홍콩의 충격도 컸다. 홍콩 H지수는 2.65% 내린 8,576.07에 거래를 마쳤고 대만 자취엔지수도 1.61% 하락한 1만 7,369.39로 마감했다. 중국 상하이종합지수는 20.09포인트(0.56%) 내린 3,564.09를 기록하는 등 아시아 증시가 일제히 하락세를 보였다.뒤이어 개장한 미국 선물 시장에서는 다우존스지수 선물이 개장 직후 2% 이상, S&P500과 나스닥지수 선물은 각각 1% 넘게 급락하는 등 신종 변이의 여파가 이어졌다. 유럽 우량주를 모아놓은 유로스톡스지수도 장중 한때 3% 가까이 내리면서 흔들렸다. 암호화폐 시장 역시 출렁였다. 이날 비트코인은 한때 8% 가까이 급락한 5만 4,300달러에 거래됐는데 이는 10월 이후 최저 수준이다. 증시 전문가들은 누 변이 바이러스 확산이 위험자산 회피로 이어질 가능성에 대해 우려를 나타냈다."
    },
    {
        "title": "“내년엔 반격 시작”... 美 독주에 가려졌던 신흥국펀드 해뜰까",
        "date": "2021.11.26. 오후 5:56",
        "content": "올 선진국 20% 뛸때 신흥국 -3%\"경기부양 모색···디커플링 해소 기대인도보단 소외됐던 동남아 매력적\"\"선진국이 속 편한 선택지\" 반론도\n\n\n\n[서울경제] 미국의 독주에 올해 선진국과 신흥국 증시 간 성과 차이가 20% 이상 벌어진 가운데 내년에는 ‘신흥국의 반격’이 시작될 수 있다는 전망이 나온다. 경제 정상화 모색과 중국의 부양 기조 전환으로 신흥국에 대한 호감이 되살아날 것으로 기대되며 그중에서도 동남아시아의 매력이 높다는 평가다. 다만 경기회복 및 미국 긴축 속도에 불확실성이 남아 있어 신흥국 접근은 시기상조라는 의견도 있다.26일 펀드 평가사 에프앤가이드에 따르면 국내에서 판매된 65개 신흥국 주식형 펀드는 연초 이후 2.96%의 손실을 입었다. 반면 선진국인 북미와 유럽 주식형 펀드는 올 들어 각각 29.34%, 18.88%의 수익률을 올려 한 해 성과가 경제 권역별로 극명하게 엇갈렸다. 올해 초부터 지난 24일까지 미국 S&P500지수와 유로스톡스50지수는 각각 25.2%, 20.4% 올랐지만 델타 바이러스 재확산, 강달러 심화, 공급 대란 등의 악재에 노출됐던 아시아 신흥국 주요 지수는 같은 기간 4.5% 하락했다. 올해 들어 65개의 신흥국 주식형 펀드에서 698억 원의 자금이 빠져 나갔지만 북미 주식형은 3조 9,435억 원이 새로 설정됐다.하지만 잔뜩 움츠러든 신흥국 증시가 내년에 기지개를 켜면서 선진국과 격차 좁히기를 시도할 것이라는 전망이 나온다. 두 권역의 성과를 가른 핵심 요인은 백신 접종률로, 4월부터 디커플링이 본격화됐다. 현재 주요 신흥국의 백신 접종률은 50% 수준으로 선진국(72%)에 크게 뒤지지만 올 하반기 접종에 탄력이 붙으면서 내년 상반기에는 75% 도달이 가능할 것으로 전망된다. 리오프닝 모멘텀 기회가 남아 있는 셈으로 최근 발틱운임지수(BDI)가 급락하는 등 물류대란발(發) 생산 차질이 완화되고 있다는 점도 긍정적이다.미국의 기준금리 조기 인상론이 신흥국에 대한 경계수위를 높이고 있지만 실제 타격은 제한될 것으로 보인다. 유동성 환경 변화에 대한 우려는 이미 시장에 녹아 있고 한국은행이 하반기에 기준금리를 두 차례 올리는 등 자금 유출에 대비한 금리 인상이 선제적으로 이뤄져 내년 신흥국의 승차감이 편안할 수 있다는 설명이다.변준호 흥국증권 연구원은 “최근 8개월 신흥국 증시 성과가 선진국을 22% 밑돌았는데 이 같은 과도한 부진은 2000년 이후 단 두 번밖에 없었다”며 “시장은 긴축보다 긴축 전환에 더 예민하게 반응하며 미국 금리 인상에 따른 신흥국 발작 위험은 제한적”이라고 분석했다. 규제 일변도로 신흥국 증시 전반의 불안을 높였던 중국 정부가 내년 하반기 부양 기조로 돌아설 것이라는 전망이 점점 힘을 얻는 것도 긍정적이다. 이달 6중전회 이후 권력이 공고해진 시진핑 중국 국가주석은 내년 말 당대회에서 3기 출범을 최종 승인할 것으로 전망되며 이를 위해 하반기 부양책이 나오고 정책 불확실성도 해소될 것으로 관측된다.전문가들은 신흥국 중에서도 올해 약진한 인도보다 그간 소외됐던 동남아 증시에 눈을 돌려볼 것을 조언했다. 글로벌 기업의 공장이 집중된 동남아는 올해 코로나19 재확산, 물류 병목현상으로 경제 위축 정도가 특히 컸다. 이종훈 삼성자산운용 글로벌주식운용팀장은 “동남아 증시는 기술주 입지가 미약하고 원자재 등 가치주의 비중이 높아 위드 코로나 국면에서 존재감이 부각될 수 있다”며 “상대 수익률 관점에서도 관심이 쏠릴 시기가 돼 내년 신흥국이 선진국을 추격하는 과정에서 동남아가 큰 역할을 할 것”이라고 말했다.다만 미국 긴축 속도에 대한 불확실성이 크고 경기 모멘텀도 약화되고 있어 선진국이 속 편한 선택지라는 견해도 여전하다. 박희찬 미래에셋증권 연구원은 “두 권역 간 격차가 더 확대될 것으로 보지는 않지만 주요국의 출구 전략이 가시화됐고 경기회복세도 생각보다 약할 수 있어 내년에도 선진국을 더 선호한다”면서 선진국과 신흥국의 주식 비중을 9 대 1 수준으로 담는 전략을 추천했다."
    },
    {
        "title": "꿈틀대던 대형주에 찬물···바이오 등 코로나 수혜주 '홀로 급등'",
        "date": "2021.11.26. 오후 5:52",
        "content": "■다시 찾아온 '코로나 장세'상승세 타던 삼성전자 2%↓'시총 톱10' 중 삼바만 올라진단키트 뛰고 여행주 급락\"안전자산 선호 현상 커질듯\"\n\n\n\n[서울경제] 델타 변이 바이러스보다 더 전염력이 강한 것으로 추정되는 코로나 변이가 확산되면서 국내 증시에서는 뚜렷한 ‘코로나 장세’가 펼쳐졌다. 최근 꿈틀대던 코스피가 또다시 큰 폭으로 하락한 가운데 바이오를 비롯해 진단 키트, 재택근무 등 전통적인 코로나19 수혜주들이 급등하고 여행과 항공 관련주들은 크게 떨어졌다. 변이 바이러스가 또다시 위세를 떨칠 경우 국내외 금융시장의 리스크가 커질 수 있다는 우려도 나온다.26일 유가증권시장 시가총액 10위 종목 가운데 코로나19 수혜주로 분류된 삼성바이오로직스가 2.72% 상승한 것을 제외하고는 모든 종목이 일제히 하락했다. 최근 반도체 D램값이 바닥을 쳤다는 기대감에 추세 전환을 시도해오던 삼성전자는 1.9% 내린 7만 2,300원으로 거래를 끝냈고 SK하이닉스도 하락세를 기록했다. NAVER(-1.89%), 카카오(-1.95%), LG화학(-2.44%) 등 대장주들은 일제히 하락 마감했다. 최근 매수세를 보이던 외국인들이 이날 1,823억 원어치를 팔아치우는 등 매도세를 강화하면서 대형주들이 힘을 쓰지 못했다.특히 여행·항공주의 주가 하락 폭이 두드러졌다. 아시아나항공은 4.09% 하락하며 3거래일 연속 약세가 이어졌고 티웨이항공(-5.78%), 대한항공(-3.37%) 등도 하락했다. 참좋은여행(-6.3%), 노랑풍선(-5.8%), 레드캡투어(-4.61%), 모두투어(-4.39%) 등도 하락 폭을 키웠다.\n\n\n\n하지만 코로나19 진단 키트와 치료제, 백신주는 일제히 주가가 급등했다. 진단 키트 업체 랩지노믹스(084650)는 전일보다 24.6% 오른 3만 1,400원에 거래를 마쳤다. 씨젠(096530)(17.1%), 수젠텍(253840)(15.33%) 등 진단 키트주가 줄줄이 상승세를 보였다. 백신주인 SK바이오사이언스(302440)와 진원생명과학(011000)도 큰 폭으로 올랐다. SK바이오사이언스는 싱가포르 당국에 노바백스 코로나19 백신의 잠정 승인을 신청했다는 소식이 전해지며 전일보다 9.41% 오른 27만 9,000원에 거래를 끝냈다. 경구용 코로나19 치료제에 대한 임상 2상을 진행 중인 진원생명과학은 6.56% 오른 2만 7,600원으로 장을 마감했다.재택근무 관련 종목 역시 급등했다. 오는 29일 정부가 발표할 방역 강화 대책에 따라 ‘단계적 일상 회복’이 중단되고 재택근무로 전환할 것이라는 가능성 때문이다. 영구 재택근무 가능성마저 제기되며 비대면·원격 솔루션 전문 기업 알서포트(131370)는 전일 대비 17.38% 오른 9,050원에 거래를 끝냈다.한편 이날 서울 외환시장에서 원·달러 환율은 전일 보다 3원 10전 오른 달러당 1,193원 30전에 거래를 마쳤다. 국내외 코로나19의 재확산으로 위험 회피 심리가 커지면서 안전자산에 대한 수요가 커진 것으로 풀이된다.김석환 미래에셋증권 연구원은 “코로나 변이 바이러스로 인한 우려감이 확대되며 아시아 시장이 전반적으로 약세를 보였고 국내시장에도 부담으로 작용해 증시가 하락했다”며 “‘누 변이’ 바이러스가 국제보건기구가 지정한 ‘우려 바이러스’로 지정이 된다면 경제 정상화가 지연돼 채권 금리 및 유가가 하락하고 안전자산이 강세를 보일 수도 있다”고 말했다."
    },
    {
        "title": "커지는 서학개미···키움증권, 외환거래 조직 신설",
        "date": "2021.11.26. 오후 5:51",
        "content": "해외·대체투자 늘며 환전 수요 증가서울외환시장 진출···대형사와 어깨\n\n\n\n[서울경제] 키움증권(039490)이 외환거래(FX)팀을 신설하며 서울 외환시장에 진출했다. 해외 주식 투자를 하는 ‘서학개미’들이 불어나며 환거래에 대한 필요성이 커지면서 서비스 확장에 나선 것이다.26일 금융투자 업계에 따르면 키움증권은 최근 홀세일본부 산하에 FX팀을 새로 만들었다. 총 7명으로 구성된 이 팀은 환 헤지(방어) 및 외환 포지션 관리, 사내 외화 거래 업무(현물환·선물환·스와프 등), 환전 포지션 처리 및 환율 고시 등의 업무를 담당한다. 서울 외환시장에 새롭게 진출하면서 키움증권은 기존 서울 외환시장에 참여하고 있던 10개 대형 증권사들과 어깨를 나란히 하게 됐다.키움증권의 한 관계자는 “지난 1년여간 TF팀을 통해 환거래를 위한 정보기술(IT) 시스템 구축 등 외환시장 진출 준비를 해왔다”면서 “외환시장에서 본격적으로 거래를 개시한 것은 지난 4월부터”라고 말했다.키움증권이 외환거래팀을 신설한 것은 최근 해외투자와 대체 투자가 늘면서 환거래에 대한 필요성이 커졌기 때문이다. 대부분의 증권사들은 외환시장에 직접 참여하지 않고 환전 수요를 은행의 세일즈 부서를 통해 충족해왔다. 그러나 해외투자와 대체 투자가 늘어남에 따라 외환 거래를 통한 트레이딩 비중이 높아지면서 거래 비용 절감의 필요성이 커졌다. 직접거래에 나서면서 은행과의 거래 과정을 생략해 수수료와 시간을 절약할 수 있게 된 것이다. 증권 업계의 한 관계자는 “고객과 회사 내부의 해외 주식, 채권 투자가 증가함에 따라 환전, 환 헤지, 외화 조달 등의 외국환 업무는 꾸준히 증가할 것”이라고 말했다."
    },
    {
        "title": "韓증시도 불안불안…하루새 '코스피 하락 상품'에 1600억 뭉칫돈",
        "date": "2021.11.26. 오후 5:45",
        "content": "코스피 1.5% 떨어져 2936호텔신라·대한항공 등일상회복 수혜株 하락코로나 재확산 우려에진단키트 종목은 급등◆ 변이 코로나 덮친 증시 ◆ \n\n\n\n 코로나19 신종 변이 바이러스의 급속한 세계적 확산은 외국인과 기관투자자 수급이 중요한 국내 증시에도 예상치 못한 '악재'로 작용했다.세계보건기구(WHO)가 긴급 대책회의를 소집할 만큼 역대 최악의 변종 가능성까지 제기되면서 26일 시가총액 상위 종목을 포함한 유가증권시장(코스피)과 코스닥은 매도세에 밀려 동반 하락세를 탔다. 이날 기관투자자들은 지수 하락에 베팅하는 '곱버스'라 불리는 '인버스 레버리지 상장지수펀드(ETF)'를 약 1648억원어치 순매수했다. 이날 한국거래소에 따르면 코스피는 1.47% 하락한 2936.44에 마감했다. 한국은행이 기준금리를 1.00%로 전격 인상한 25일에도 코스피는 0.47% 하락에 그쳤지만 코로나19 신종 변이 바이러스 확산에 증시가 충격을 받은 모습이다. 코스닥도 0.96% 하락한 1005.89에 마감했다. 코스닥은 지난 12일 이후 10거래일 만에 장중 1000선 밑으로 내려가기도 했다. 최근 유럽과 국내를 중심으로 코로나19 확진자가 늘어나고 '최악의 변이'라는 평가를 받는 신종 변이 바이러스마저 확산되자 국내 증시 투자심리가 단기적으로 꺾인 모양새다. 특히 WHO가 긴급회의를 소집할 정도로 상황이 심각할 경우 정부의 '단계적 일상 회복(위드 코로나)' 기조에 변화가 생기는 것 아니냐는 경계감에 시장이 요동쳤다.이날 기관투자자들이 가장 많은 순매수를 기록한 종목도 곱버스라 불리는 KODEX 200선물인버스2X ETF였다. 기관투자자들은 KODEX 인버스도 228억원어치 사들였다.시가총액 상위 종목들도 대부분 하락세를 탔다. 삼성전자(-1.9%), SK하이닉스(-1.7%) 등 최근 수급 개선으로 상승세를 이어갔던 반도체 종목도 매도세를 이겨내지 못했다. 그 밖에 시가총액 10위권 종목인 NAVER(-1.89%), 카카오(-1.95%), LG화학(-2.44%), 현대차(-2.14%), 기아(-2.18%) 등도 마찬가지였다. 위드 코로나 관련주인 호텔신라(-3.85%), 대한항공(-3.37%), 하이트진로(-2.83%), 파라다이스(-3.03%) 등도 하락세를 탔다. 이날 의료정밀(5.71%), 의약품(3.21%)을 제외한 대부분의 코스피 업종이 하락하는 모습을 보였다.반면 세계적으로 코로나19 확진자 급증세가 이어지자 진단키트 관련주인 씨젠(17.1%), 랩지노믹스(24.6%), 휴마시스(8.45%) 등은 상승세를 보였다. 백신주인 SK바이오사이언스도 9.41% 올랐다. 카카오페이도 지수 하락에도 불구하고 2.27% 오른 22만2500원에 마감했다.카카오페이는 지난 11일 14만원으로 바닥을 찍은 후 상승세를 탔고 11거래일 동안 무려 58%나 폭등했다. 최근 코스피200지수 특례 편입으로 인한 패시브 자금 유입에 대한 기대감이 상승 모멘텀으로 작용한 모습이다. 이로써 카카오페이 시가총액은 29조67억원을 기록하며 그룹사인 카카오뱅크(32조4059억원)와 금융주 1위 자리를 놓고 경합을 펼치게 됐다."
    },
    {
        "title": "[표]코스피200지수 옵션 시세(11월 26일)",
        "date": "2021.11.26. 오후 5:44",
        "content": "[서울경제]"
    },
    {
        "title": "[표]코스피200지수·국채·달러 선물 시세(11월 26일)",
        "date": "2021.11.26. 오후 5:41",
        "content": "[서울경제]"
    },
    {
        "title": "국내 편의점 5위 미니스톱 매각 본격화",
        "date": "2021.11.26. 오후 5:41",
        "content": "재무 투자자 등 후보 선정미니스톱 명칭 사용 불허매각가 3천억원 안팎 예상이르면 연내 우선협상자\n\n\n\n 연매출 1조원을 올리는 국내 5위 편의점 한국미니스톱 매각이 본격화됐다. 26일 투자은행(IB) 업계에 따르면 한국미니스톱 매각 주관사 삼일PwC는 최근 복수의 재무적투자자(FI)를 숏리스트(적격 인수 후보)로 선정하고 실사를 진행 중이다. 매각 대상은 일본 미니스톱이 보유한 한국미니스톱 지분 100%다. 3000억원 안팎에 거래될 것으로 관측되고 있다.  한국미니스톱은 국내 5대 편의점 중 하나다. 1990년 서울 목동에 1호점을 오픈한 이래 전국 점포 2607개(2020년 말 기준)로 규모가 커졌다. 초반에는 매장에서 직접 제조한 패스트푸드를 취급하는 유일한 편의점 브랜드로 인기를 끌었다. 현재 편의점시장에선 자체브랜드(PB) 상품을 내세운 CU와 GS25가 2강을 차지하는 가운데 세븐일레븐, 이마트24, 한국미니스톱이 뒤를 쫓고 있다. 금융감독원 전자공시시스템에 따르면 지난해(2020년 3월~2021년 2월) 한국미니스톱 매출은 1조795억원으로 전년 동기 1조1271억원 대비 소폭 줄었고, 영업이익은 적자로 전환했다. 한국미니스톱은 과거에도 매각 절차를 진행한 바 있다. 2018년 인수전에는 세븐일레븐을 운영하는 롯데그룹, 이마트24를 앞세운 신세계그룹, 사모투자펀드(PEF) 운용사 글랜우드프라이빗에쿼티(PE)가 참여했다. 당시 롯데는 4300억원, 신세계는 3500억원, 글랜우드PE는 4000억원가량을 제시했으나 매각 측과 가격에 대한 기대치가 달라 무산된 것으로 알려졌다. 이번 거래가로 당시보다 다소 낮은 3000억원 안팎이 언급되는 이유는 매각 측이 내세운 브랜드 사용 불허 조건 때문이란 해석이 나온다. 이는 연간 수십억 원인 브랜드 사용료를 더 이상 지불하지 않아도 된다는 점에서는 호재이지만, 반대로 브랜드를 새로 구축해야 한다는 부담이 있다."
    },
    {
        "title": "[표] 주간 수익률 베스트&워스트",
        "date": "2021.11.26. 오후 5:40",
        "content": ""
    },
    {
        "title": "[표] 주요 증시 지표 (11월 26일)",
        "date": "2021.11.26. 오후 5:40",
        "content": ""
    }
]