[
    {
        "title": "\"대조양, M&A 불확실성 넘어야\" 투자의견 중립",
        "date": "2021.11.21. 오후 9:29",
        "content": "[헤럴드경제=이세진 기자] 대우조선해양이 3분기 예상보다 부진한 실적을 기록한 가운데 현대중공업그룹과의 인수합병(M&A) 불확실성도 걸림돌이 되고 있다는 분석이 나왔다.21일 관련 업계에 따르면 공정거래위원회는 내달 22일 '현대중공업과 대우조선해양 간 기업결합'에 대한 전원회의(심의)를 열기로 잠정 계획하고 있다.현대중공업과 대우조선해양 간 기업결합 심사는 총 6개국 경쟁당국이 진행 중이다. 이 가운데 중국, 카자흐스탄, 싱가포르는 이미 승인 결정을 내렸고 현재 한국, EU, 일본의 결정만 남은 상태다.특히 유럽에 글로벌 대형 선주들이 몰려 있기 때문에 EU의 결정이 가장 중요한 상황에서 추이가 주목되고 있다.앞서 대우조선해양은 3분기 연결 기준 매출액이 전년 동기대비 33.4% 감소한 9597억원을, 영업손실은 190억원으로 적자 전환했다고 밝혔다.김현 메리츠증권 연구원은 \"환율 상승과 잔고 증가에도 매출이 예상치를 하회한 이유는 2020년 4분기 이전까지의 수주 부진 장기화가 원인\"이라며 \"다만 2분기 영업적자 1조74억원의 원인이던 일회성 요인(약 9500억원)이 없다는 점은 긍정적\"이라고 평가했다.김 연구원은 이어 \"현대중공업과 M&A 불확실성이 걸림돌이 되고 있다\"며 \"EU 승인 지연이 지속된다면 무산 가능성까지 열어놓아야 한다\"고 덧붙였다. EU의 기업결합심사 승인 지연이 지속될수록 운전자본과 차입금 등 재무구조 악화 우려가 부각될 수 있다는 설명이다.이에 메리츠증권은 2023년 이전까지 의미있는 실적 모멘텀이 부재하다며 투자의견 '중립', 적정주가 3만원을 유지했다.김 연구원은 \"미인도 드릴쉽 5기의 재매각 지연 리스크와 경쟁사 대비 더딘 수주 회복으로 인해 2022년까지 의미있는 매출 증가와 이익 개선 기대가 어렵다\"고 말했다."
    },
    {
        "title": "[단독] 우리금융, 20년 만에 완전 민영화 성공",
        "date": "2021.11.21. 오후 7:11",
        "content": "예보 지분 10% 유진PE·두나무 등 인수 확정국민연금·우리사주가 1·2대 주주로 등극할 듯KTB자산운용·사모펀드 얼라인도 새 주주 가세\n\n\n\n[서울경제] 우리금융지주(316140)가 20년 만에 완전 민영화에 성공하게 됐다. 기존 최대주주인 예금보험공사의 지분 10% 가량의 매각이 확정돼 국민연금이 최대주주에 등극하고 우리금융 우리사주조합도 2대주주에 오를 것으로 예상된다.21일 투자은행(IB) 업계에 따르면, 금융위원회 산하 공적자금관리위원회는 우리금융 지분 10% 인수자로 유진프라이빗에쿼티(PE)와 KTB자산운용, 얼라인파트너스, 두나무, 우리사주조합 등 5곳을 22일 선정해 발표할 예정이다. 지난 18일 본입찰에 참여했던 9곳의 후보 중 ST인터내셔널과 호반그룹, 한국투자증권 등은 최종 인수자에 포함되지 못했다.유진PE는 4% 지분을 취득해 사외이사 추천권을 획득할 것으로 보인다. 주당 1만 4,000원 수준의 가장 높은 가격을 써낸 두나무는 약 1%의 지분을 배정받을 것으로 알려졌다. 나머지 투자자들도 각각 2% 미만의 지분을 가져갈 것으로 전해졌다.이번 지분 매각이 마무리되면 우리금융은 20년 만에 완전 민영화에 성공하게 된다. 우리금융은 정부가 1997년 외환위기 이후 부실 금융기관 정리 목적에서 공적자금을 투입한 한빛은행·평화은행·경남은행·광주은행·하나로종금 등 5개 금융사를 묶어 2001년 4월 설립한 우리나라 최초의 금융지주회사다.한빛은행이 이름을 바꾼 우리은행이 현행 지주사의 핵심 자회사다. 설립 당시만 해도 예금보험공사가 우리금융 지분을 100% 소유했으나 그동안 꾸준히 매각해 지금은 15.25% 수준까지 줄었고, 이번에 10%를 팔게 돼 최대주주 지위를 내려놓게 됐다.정부는 1997년 외환위기 이후 금융회사 구조조정 과정에서 우리금융에 12조 7,663억 원을 투입했는데 이후 자회사 매각과 소수지분 매각 등을 통해 꾸준히 공적 자금을 회수해왔다. 미회수된 자금 규모는 1조 3,445억 원이다.예보는 우리금융 지분 15.25%를 보유한 최대주주지만 이번 매각으로 보유 지분율이 5.25%로 낮아져 국민연금(9.80%)과 우리사주조합(8.38%), IMM PE(5.57%)에 이은 4대 주주 지위로 내려오게 된다.유진PE는 우리금융의 새로운 과점주주에 오를 전망이다. 유진PE는 우리금융이 금리 인상에 반사이익을 볼 것으로 기대해 투자를 결정한 것으로 알려졌다. 입찰 참여 후보 중 유일하게 인수금융 확약서를 확보하는 등 자금 조달 측면에서 앞섰다는 후문이다.업비트 운영사 두나무의 신규 주주 합류도 주목된다. 암호화폐거래소로서 국내 주요 금융지주 지분을 확보해 입지를 강화하려는 차원으로 해석된다. 얼라인파트너스는 콜버그크래비스로버츠(KKR) 출신 이창환 대표가 설립한 신생 사모펀드 운용사다. 현재 우리금융의 3대주주인 우리사주조합은 이번에 지분을 추가로 매입하면서 2대 주주 지위에 오를 전망이다."
    },
    {
        "title": "\"포스코, 스프레드 축소에도 4분기 역대급 실적 전망\"",
        "date": "2021.11.21. 오후 6:43",
        "content": "[헤럴드경제=이현정 기자]하나금융투자는 21일 포스코에 대해 4분기 스프레드가 축소될 전망이지만 역대급 실적을 기록할 것이라고 전망했다. 투자의견은 '매수', 목표주가는 50만원을 유지했다.박성봉 하나금융투자 연구원은 \"현대차그룹향 차강판 가격 인상과 제품판매 믹스 개선으로 4분기에도 탄소강 평균판매단가(ASP)는 1만8000원/톤 상승할 전망\"이라며 \"그에 반해 9월부터 급등한 원료탄가격의 영향으로 원재료 투입단가는 6만5000원/톤 상승해 4분기 스프레드는 3분기 대비 축소될 것으로 예상되지만 4분기 영업이익은 올해 3분기에 이어 역대 두 번째로 높을 것으로 기대된다\"고 전망했다.중국의 구조적인 변화 수혜와 미국발 긍정적인 소식이 호재로 작용할 것이란 전망이다.박 연구원은 \"지난달 중국 조강생산량이 전년 동기 대비 23.3%나 급감했고 올해 연간으로도 지난해 대비 2.8% 감소할 전망으로 중국 정부의 탄소배출 저감을 위한 철강 감산 의지가 강하다는 사실이 확인됐다\"며 \"건설과 운송 부문의 탄소배출 정점 시기를 2035년까지 장기로 설정한 상황에서 철강과 같이 에너지 다소비 산업의 탄소배출 정점 시기를 최대한 단축시켜야 한다\"고 했다.이어 \"2030년 탄소 배출 정점을 달성하기 위해서는 지난해 10억5000만톤 수준이었던 중국 조강생산량이 2025년에는 9억5000만톤, 2030년에는 9억톤까지 감소할 것으로 예상된다\"고 전망했다.박 연구원은 또 \"최근 미국은 EU산 철강재 기존 수입 관세 25%를 철폐하기로 합의했다\"며 \"미국은 일본, 영국 한국과도 관세 분쟁 관련 협상 예정인데 동맹국들 대상으로 철강수입 규제 완화 가능성이 높을 것으로 예상된다\"고 내다봤다.그러면서 \"중국이 더 이상 과거와 같이 자국내 공급과잉에 따른 밀어내기식 철강 수출 확대 가능성은 제한적이라 판단되는 가운데 중국 철강가격 조정과 수요 둔화 우려로 올해 역대 최고 영업이익이 예상됨에도 불구, 최근 2개월간 주가가 하락했다\"며 \"현재 주가는 피크아웃 우려가 지나치게 과도하게 반영됐다\"고 판단했다."
    },
    {
        "title": "\"내년 코스피 최하단 2650~2740\"…증권사예측 왜 자꾸 낮아질까",
        "date": "2021.11.21. 오후 5:43",
        "content": "10월엔 대부분 \"2800지지\"이달들어 하한 2700안팎최상단 예측치도 하향추세공급대란·인플레 우려 여전자산매각·금리인상 경계심도기업이익 성장전망이 변수\n\n\n\n 연말이 다가오자 증권사들의 내년 국내 증시 '하우스뷰(시장전망)'가 나오기 시작했다. 벌써 증권사 13곳이 내년 유가증권시장(코스피) 움직임을 전망했다. 10월에 의견을 표명한 증권사들은 3400~3600선까지 코스피가 상승할 여력이 있고 2800선에서 지지를 해줄 것으로 예상했다. 하지만 이달 중순 들어 코스피가 2650선까지도 하락할 가능성이 있다는 분석이 나오는 등 시간이 지날수록 전망치가 낮아지는 모양새다. 코로나19 기저효과 소멸로 국내 기업의 이익성장률 둔화가 예상되고 긴축 장세가 본격적으로 시작된다는 경계감이 영향을 미쳤다는 분석이다.21일 금융투자업계에 따르면 내년 국내 증시 전망을 내놓은 증권사 13곳의 2022년 코스피 전망 평균 예상치(컨센서스)는 2800~3400선이었다. 문제는 지난 10월 때보다 이달 중순 들어 예측을 한 증권사들의 코스피 하락폭이 크고 상승폭은 작다는 점이다. 지난 10월 말 예측을 한 증권사 중 내년 코스피 밴드 최하단이 가장 낮은 곳은 삼성증권(2800선)이었다. 그 외 신한금융투자·KTB투자증권은 코스피가 2850선에서 지지할 것으로 봤다. 키움증권은 2950선이었다. 최상단과 관련해선 대부분이 3400~3500선을 제시했는데 특히 KB증권은 코스피가 3600선까지도 오를 수 있다고 예상했다. 증권사 13곳 중 가장 높은 수치다. KB증권은 \"유동성 흡수가 시작되면 시장의 출렁임이 재현될 수 있지만 지금의 각종 우려는 바닥을 찍을 것이며 내년 하반기에는 경기 사이클도 반등을 준비할 것\"이라고 밝혔다.반면 11월 중순 들어 전망을 한 증권사 중 일부는 코스피 상승 여력을 보다 낮춰 잡는 모습을 보였다. 대표적으로 DB금융투자는 내년 코스피가 조정을 거쳐 2650~3200선에서 움직일 것으로 봤다. DB금융투자는 \"내년 상반기 기업 마진이 압박을 받으면서 실적 컨센서스가 하향 수정될 가능성이 존재한다\"며 \"물가 상승률도 경제 성장률을 넘어서며 주식시장을 압박하는 현상이 나타나는 등 조정 압력을 가할 것\"이라고 밝혔다. 이베스트투자증권도 2015년 이후 코스피 움직임을 분석해 2740~3150선을 제시했다.이는 최근 세계 공급 대란으로 인한 산업 생산 차질과 인플레이션 우려가 좀처럼 잡히지 않고 있는 탓이 크다. 연방준비제도(Fed·연준)는 이달 초 자산 매입 축소(테이퍼링) 현실화를 공식 선언했다. 내년 말 보유 자산 매각 및 조기 금리 인상까지 진행되면 과거처럼 '긴축 발작'이 찾아올 가능성도 있다. 증권사들은 내년에는 코로나19 기저효과가 사라지면서 국내 기업들의 이익증가율이 둔화된다고 내다봤다. 메리츠증권은 내년 코스피 순이익을 시장 컨센서스에서 7% 하향 조정된 175조원으로 예상했다."
    },
    {
        "title": "\"IB부문 적극투자 'IPO 일류' 입지 굳힐 것\"",
        "date": "2021.11.21. 오후 5:00",
        "content": "오익근 대신증권 대표 인터뷰취임 후 IB부문 대대적 강화카카오페이 등 IPO 대어 주관엔켐, 16조 청약증거금 흥행도나인원한남 분양 등 수익 호조금융·부동산 역량 리츠집중\"실적 악화돼도 안정적 배당\"\n\n\n\n 이달 코스닥에 상장한 전해액 제조업체 엔켐은 지난달 기업공개(IPO)를 위한 공모주 청약에서 증거금을 16조원 넘게 모았다. 공모가는 희망밴드(3만~3만5000원) 상단을 초과한 4만2000원으로 결정됐으며 지난 19일 종가는 12만7500원으로 공모가의 약 3배에 달한다. 시가총액은 2조원에 육박해 올해 가장 성공한 IPO 중 하나로 꼽힌다. 엔켐 상장 주관사인 대신증권은 올해 들어 신규 상장 총 13건을 주관하며 6617억원의 주관 실적을 올려 전년도 5건 1282억원에서 큰 폭으로 도약했다. 변화의 중심에는 지난해 취임한 오익근 대신증권 대표(58·사진)가 있다. 취임 후 투자은행(IB) 조직을 3본부 1부에서 4본부 2부 체제로 전면 개편하며 힘을 실었다. IB 실무 경력자, 리서치센터 출신 애널리스트, 회계사, 변호사, 바이오 분야 석·박사를 충원해 점점 다양화하는 국내 산업군에 대응할 수 있도록 했다. 카카오페이, LG에너지솔루션 등 대어급 IPO뿐만 아니라 수제맥주 기업 제주맥주와 같은 해당 업계 첫 IPO를 대표 또는 공동 주관할 수 있었던 비결이다. 최근 서울 중구 본사에서 만난 오 대표는 \"대신증권 IB를 톱티어(top-tier·일류)로 끌어올리기 위해 내년에도 해당 부문에 대한 투자를 계속해나갈 것\"이라고 강조했다. 이어 \"올해 기세를 몰아 IPO 시장에서 입지를 한층 강화할 방침\"이라며 \"맞춤형 기업금융 서비스로 솔루션 프로바이더(해결책 제공자) 역할을 충실히 수행할 것\"이라고 말했다. 그는 \"증권사에서는 IPO, 주식발행시장(ECM), 채권발행시장(DCM) 등으로 서비스 영역을 나누지만 고객인 기업 입장에서 보면 그런 구분은 중요하지 않다\"며 \"해당 기업이 필요로 하는 자금을 가장 효율적으로 조달할 수 있는 방법을 찾아주고 각 기업에 맞는 맞춤형 서비스를 제공해줄 수 있도록 역량을 확대할 것\"이라고 강조했다. 대신증권은 IB뿐 아니라 자산관리(WM), 브로커리지(위탁매매) 등 전 부문 실적이 상승세를 보이고 있다. 3분기 연결 누적 영업이익은 8184억원으로 전년 동기 대비 6배 넘게 성장했으며 같은 기간 별도 기준 누적 순이익은 1506억원으로 45% 이상 늘었다. 오 대표는 \"대신자산신탁, 저축은행 등 주요 계열사 실적이 모두 성장하고 있다\"며 \"특히 부실채권투자(NPL) 수익성이 개선되고, 나인원한남 분양을 성공리에 마무리한 대신에프앤아이가 세전이익 4000억원을 돌파하며 흑자를 기록했다\"고 설명했다. 각 부문의 고른 실적은 '올라운드 플레이어'로 수식 가능한 오 대표 경력과도 무관하지 않다. 1987년 대신증권에 입사한 이래 영업추진팀장, 마케팅팀장, 인사팀장, 회계부장, 리스크관리본부장, IB사업단장, 대신저축은행 대표 등을 지냈다. 그는 \"다양한 부서를 경험해봤기 때문에 과감하게 권한을 위임할 수 있다\"며 \"대표의 역할은 핵심 사업이 올바른 방향으로 진행되고 있는지 점검해주는 것\"이라고 말했다. 향후에는 대신금융그룹의 금융과 부동산 역량을 결합해 '리츠 넘버원 하우스'로 자리매김한다는 포부다. 대신자산신탁은 지난해 초 리츠 자산관리회사(AMC) 본인가를 취득했으며 지난 8월 출시한 '대신케이리츠물류1호'를 통해 청약 경쟁률 14.05대1을 기록했다. 대신금융그룹은 계열사가 협업해 미국, 유럽, 일본 등에서 확보한 물건을 기초자산으로 담는 '글로벌리츠' 상장도 준비 중이다. 오 대표는 \"대신증권이 가장 잘할 수 있는 부문을 발굴해 경쟁사와 차별화한다는 전략\"이라며 \"대신금융그룹은 리츠에 편입할 부동산 확보에 그룹의 전사적 역량을 집중하고 있다\"고 말했다. 대신증권 주주를 위해서는 안정성 있는 배당 정책을 지속해나갈 계획이다. 별도 실적 기준 배당성향(당기순이익 대비 배당금 비율) 30~40%를 유지하되 실적이 악화하더라도 최소 보통주 1주당 1200원 수준의 배당을 실시하겠다는 것이다. 그는 \"배당성향을 일정하게 유지하더라도 실적 변동에 따라 실제 배당금액이 달라진다\"며 \"보통주 기준 배당금 1200원 이상을 목표로 해 장기 투자하는 주주들에게 도움이 될 것\"이라고 밝혔다."
    },
    {
        "title": "[표] 주간 주요 증시 지표",
        "date": "2021.11.21. 오후 4:52",
        "content": ""
    },
    {
        "title": "11월 더 낮아진 22년 코스피 전망…최하단 2650~2740 의견도",
        "date": "2021.11.21. 오후 3:32",
        "content": "10월 2800 지지 대부분 예측이달 2650까지 하락 가능성 제기최상단 예측치도 점차 낮아져공급 대란·인플레 우려 여전자산매각·조기금리인상 경계심도코로나19 기저효과 소멸로국내기업 이익성장률도 둔화\"인플레 우려 시점 반등 랠리\"\n\n\n\n여의도 KB금융센터 딜링룸 2021.10.05 [이승환 기자] 연말이 다가오자 증권사들의 내년 국내 증시 '하우스뷰(시장전망)'가 나오기 시작했다. 벌써 13곳의 증권사들이 내년 유가증권시장(코스피) 예상 움직임을 전망했다. 10월에 의견을 표명한 증권사들은 3400~3600선까지 코스피가 상승 여력이 있고 2800선에서 지지를 해줄 것으로 예상했다. 하지만 이달 중순 들어 코스피가 2650선까지도 하락할 가능성이 있다는 분석이 나오는 등 시간이 지날수록 전망치가 낮아지는 모양새다. 코로나19 기저효과 소멸로 국내 기업의 이익성장률 둔화가 예상되고 긴축 장세가 본격적으로 시작된다는 경계감이 영향을 미쳤다는 분석이다.21일 금융투자업계에 따르면 내년 국내 증시 전망을 내놓은 증권사 13곳의 2022년 코스피 전망 평균 예상치(컨센서스)는 2800~3400선이었다. 문제는 지난 10월 때보다 이달 중순 들어 예측을 한 증권사들의 코스피 하락폭이 크고 상승폭은 작다는 점이다. 지난 10월 말 예측을 한 증권사 중 내년 코스피 밴드 최하단이 가장 낮은 곳은 삼성증권(2800선)이었다. 그 외 신한금융투자·KTB투자증권은 코스피가 2850선에서 지지할 것으로 봤다. 키움증권은 2950선이었다. 최상단 관련해선 대부분이 3400~3500선을 제시했는데 특히 KB증권은 코스피가 3600선까지도 오를 수 있다고 예상했다. 13곳 증권사 중 가장 높은 수치다. KB증권은 \"유동성 흡수가 시작되면 시장의 출렁임이 재현될 수 있지만 지금의 각종 우려들은 바닥을 찍을 것이며 내년 하반기엔 경기 사이클도 반등을 준비할 것\"이라고 밝혔다.반면 11월 중순 들어 전망을 한 증권사 중 일부는 코스피 상승 여력을 보다 낮춰 잡는 모습을 보였다. 대표적으로 DB금융투자의 경우 내년 코스피가 조정을 거쳐 2650~3200선에서 움직일 것으로 봤다. DB금융투자는 \"내년 상반기 기업 마진이 압박을 받으면서 실적 컨센서스가 하향 수정될 가능성이 존재한다\"며 \"물가 상승률도 경제 성장률을 넘어서며 주식 시장을 압박하는 현상이 나타나는 등 조정 압력을 가할 것\"이라고 밝혔다. 이베스트투자증권도 지난 2015년 이후 코스피 움직임을 분석해 2740~3150선을 제시했다.이는 최근 세계 공급 대란으로 인한 산업 생산 차질과 인플레이션 우려가 좀처럼 잡히지 않고 있는 탓이 크다. 미국 중앙은행인 연방준비제도(Fed·연준)는 이달 초 자산 매입 축소(테이퍼링) 현실화를 공식 선언했다. 내년 말 보유 자산 매각 및 조기 금리 인상까지 진행될 경우 과거 '긴축 발작'이 찾아올 수 가능성도 있다. 하이투자증권은 \"내년은 금리가 가장 중요하다\"며 \"금리 인상 국가가 늘어나고 통화증가율 하락으로 경기선행지수가 꺾이는 나라가 증가하고 있다\"고 밝혔다.추정 근거도 각각 다르다. DB금융투자는 코스피 12개월 선행 주가수익비율(PER) 3년 평균(11.8배)과 주가순자산비율(PBR) 1.1배 수준을 적용해 전망치를 산출했다. 최근 코스피의 PER은 올해 초 15배에서 약 10.5배까지 하향된 바 있다. 삼성증권은 모건스탠리캐피털인터내셔널(MSCI) 한국지수의 12개월 선행지표, 한국투자증권은 자기자본이익률(ROE)을 활용했다.증권사들의 또 다른 공통적인 의견은 내년엔 코로나19 기저효과가 사라지면서 국내 기업들의 이익증가율이 둔화된다는 점이다. 메리츠증권에 따르면 내년 코스피 순이익은 현재 시장 컨센서스에서 7% 하향 조정된 175조원으로 예상됐다. 올해 코스피 추정 순이익은 180조원 이상을 거둘 것으로 시장은 보고 있다. 주요 투자 주체인 외국인 투자자들의 단기 투자 심리가 얼어붙을 가능성이 있는 것이다. 다만 세계 공급난이 일정 부분 해결되고 인플레이션 우려가 해소되는 시점에 반등 랠리가 찾아올 것으로 보인다. '강달러' 기조가 계속될 경우 환율의 J커브 효과로 인해 초기 무역수지가 악화되더라도 향후 수출 경쟁력이 높아져 무역수지가 개선될 수도 있다. 한국투자증권은 \"방향성을 좌우하는 가장 큰 요인은 인플레이션\"이라며 \"인플레이션 압력이 상반기에 고점을 찍고 서서히 잦아들면서 하반기 반등 계기를 마련할 것으로 판단한다\"고 밝혔다. DB금융투자는 \"선진국, 신흥국의 제반 여건을 고려할 때 내년 하반기에는 수출 매커니즘이 재가동될 수 있다\"고 전했다."
    },
    {
        "title": "[표]주간 투자주체별 매매동향(11월 15일~19일)",
        "date": "2021.11.21. 오후 2:17",
        "content": "[서울경제]"
    },
    {
        "title": "강달러 기조 속에서도...외국인 최근 코스피 1.8조 순매수",
        "date": "2021.11.21. 오후 2:11",
        "content": "11~19일 1조 8,519억 원 어치 순매수SK하이닉스·크래프톤·SKIET 등 사들여\n\n\n\n/로이터연합뉴스[서울경제] 외국인 투자자들이 강(强)달러 기조 속에서도 최근 국내 주식을 순매수한 것으로 나타났다.21일 한국거래소에 따르면 외국인은 지난 11~19일 코스피 시장에서 1조 8,519억 원 어치를 순매수했다.올해부터 지난 19일까지 총 30조 원을 순매도한 것을 고려하면 최근 1주일 사이 외국인의 매수 규모가 기존 대비 상대적으로 컸다는 의미다.이 기간 외국인이 가장 많이 순매수한 종목은 SK하이닉스로 총 3,490억 원 어치를 사들였다. 크래프톤(2,919억 원), SK아이이테크놀로지(2,715억 원), 엔씨소프트(2,382억 원), 카카오(2,302억 원), 삼성SDI(1,752억 원) 등이 그 뒤를 이었다. 카카오뱅크(1,293억 원), 카카오게임즈(1,278억 원), 에스디바이오센서(978억 원), 삼성전자(957억 원)에도 외국인의 매수세가 몰렸다.다만 외국인의 추세적인 귀환을 점치기는 아직 어려운 상황이다. 강달러 기조가 이어지고 있기 때문이다. 지난 19일(현지 시간)엔 달러 인덱스가 96을 넘어 지난해 7월 이후 최고치를 기록했다. 달러화가 강세를 보일 경우엔 신흥국 주식의 상대 가치가 떨어지고 달러를 이용한 차익거래(달러 캐리 트레이드)의 기대 수익률도 낮아진다."
    },
    {
        "title": "\"종목투자 힘드니 ETF로\"···개인 이달 순매수 톱10 중 4개가 ETF",
        "date": "2021.11.21. 오후 2:09",
        "content": "증시 횡보 속 테마상품 잇단 출시에코스피 1.7조 매도·ETF 1.5조 담아中전기차·메타버스 등에 매수 쏠려\n\n\n\n16일 오전 서울 중구 을지로 하나은행 본점 딜링룸의 모습./사진=연합뉴스[서울경제] 이달들어 동학개미의 순매수 상위 10개 종목 중 4개를 상장지수펀드(ETF)가 휩쓸었다. 연말까지 증시가 안개 속을 걸을 것이라는 전망에 무게가 실리자 개별 종목을 정리해 수익을 확정짓는 반면 변동성이 덜하고 유행에 민첩하게 대응할 수 있는 ETF에는 자금이 유입되고 있다.\n\n\n\n21일 한국거래소에 따르면 11월1~19일 개인투자자는 유가증권시장에서 총 1조 7,042억 원(상장지수상품 제외)을 순매도했다. 하반기 들어 매수 화력이 점점 떨어지더니 급기야 이달에는 증시를 이탈하고 있는 것이다. 다만 개인은 ETF 상품에는 1조 4,729억 원을 투입하며 차별적인 매수세를 나타냈다. 개별 종목에서 2조 원에 가까운 ‘팔자’세를 보였던 순매도 규모는 ETF를 포함할 경우 2,313억 원으로 줄어든다.개인 순매수 상위 종목도 ETF 일색이다. 이달 동학개미는 중국의 전기차 밸류체인에 투자하는 ‘TIGER 차이나전기차SOLACTIVE’를 6,461억 원 사들여 국내 종목 중 최다 매수했다. 최근 시장의 화두로 지난달 동시 상장한 ‘KODEX K-메타버스액티브(401470)’와 ‘TIGER Fn메타버스(400970)’가 각각 6위, 8위에 올랐고 기초지수를 역방향으로 따라가는 ‘KODEX 코스닥150선물인버스’도 9위를 차지했다. 반면 그간 무한한 지지를 보냈던 SK하이닉스(000660)와 삼성전자(005930)는 이달 각각 7,831억 원, 4,139억 원 매도 우위를 기록했다.하반기 약세장 진입으로 계좌 잔고가 깎여나가고 신흥국 시장의 방향성을 두고 전문가들의 의견이 분분해지자 ETF의 매력이 한층 강화되고 있다는 평가다. 최소 10개 이상 종목으로 구성된 ETF는 소액으로도 분산 투자를 할 수 있고 테마 상품 출시로 개념이 모호한 미래 산업에 대해서도 별다른 노력 없이 투자가 가능해졌다. 박수민 신한자산운용 ETF상품팀 부장은 “증시가 횡보세를 보이고 테마 상품 출시가 잇따르면서 종목 투자를 했던 참여자들도 ETF로 이동하는 모습\"이라며 “과거 인버스·레버리지 등 단기 방향성에 대한 투자 수요가 많았지만, 최근에는 중장기 성장을 기대할 수 있는 테마 ETF에 대한 선호도가 높아졌다”고 말했다."
    },
    {
        "title": "LG유플러스, 통신·비통신 '투트랙의 힘'···영업익 1조 눈앞[스타즈IR]",
        "date": "2021.11.21. 오후 1:27",
        "content": "올 3분기까지 영업익 8,208억5G 가입자, 전년比 90% 증가스마트홈사업도 두자릿수 껑충증권가 \"호실적에도 아직 저평가\"[서울경제] \n\n\n\nLG유플러스(032640)가 통신 부문의 질적 성장과 비통신 사업의 경쟁력 강화를 함께 추구하는 ‘투 트랙 전략’에 힘입어 분기 영업이익이 11년 만에 최대치를 기록했다. 5세대(5G) 통신 가입자가 400만 명을 돌파하며 순조로운 확장세를 보이고 있고, 스마트홈 및 기업 인프라 부문 역시 두 자릿수 성장세를 이어가는 중이다. 올해 사상 처음으로 ‘영업이익 1조 클럽’에 오를 가능성이 커진 가운데 증권가에선 LG유플러스가 성장성에 비해 주가는 여전히 저평가된 상태라는 분석이 나온다.21일 금융감독원에 따르면 지난 3분기 LG유플러스의 영업이익(연결 기준)은 2,767억 원으로 지난해 같은 기간과 비교해 10.2% 증가했다. 이는 지난 2010년 LG텔레콤·데이콤·파워콤이 합병해 LG유플러스가 탄생한 이후 최고 기록이다. 같은 기간 매출액은 3조 4,774억 원으로 4.1% 늘어났다. 올 3분기까지 누적 영업이익은 8,208억 원에 달해 연간 영업이익이 1조 원을 무난히 돌파할 것으로 예상된다.\n\n\n\n본업인 통신 부문의 질적 성장과 스마트홈, 기업 인프라 등 비통신 부문의 사업 경쟁력 강화를 동시에 추구하는 ‘투 트랙 전략’이 실적 호조를 이끌었다. LG유플러스는 지난해 말 황현식 대표가 취임하면서부터 통신 사업에서의 경쟁적인 마케팅 비용을 줄이고, 서비스 향상을 통한 고객 충성도 제고에 힘써왔다. 그 결과 올 3분기 기준 5G 통신 가입자 수가 전년 동기 대비 89.1% 증가한 410만 8,000명을 기록했고, 전체 무선 가입자 역시 같은 기간 7.6% 늘어 1,749만 명을 훌쩍 넘어섰다. 이 기간 마케팅 비용이 2.8% 감소한 한편, 이동통신(MNO) 해지율은 0.07% 감소했다.비통신 부문 역시 두자릿수의 매출 증가률을 기록하며 안정적인 성장세를 이어가고 있다. 인터넷TV(IPTV)와 초고속 인터넷을 포함한 스마트홈 사업 매출은 5,685억 원으로 전년 동기 대비 10.5% 증가했다. 스마트팩토리 등 B2B(기업 간 거래) 사업 매출 역시 같은 기간 22.5% 늘어나며 가시적인 외형 성장을 지속해나가고 있다.사상 최초 영업이익 1조 원 클럽 가입을 앞두고 있지만 최근 LG유플러스 주가는 좀처럼 연고점을 뚫지 못하고 있다. 지난 19일 LG유플러스는 1만 3,850원에 거래를 마치며 연초(1월 4일 1만 1,850원) 대비 15% 넘게 상승했지만 연고점(6월 9일 1만 5,900원)과 비교하면 13%가량 조정받은 상태다.\n\n\n\n전문가들은 LG유플러스가 내년까지 실적 호조세를 이어갈 것으로 전망하며 현 주가가 저평가된 상태라는 분석을 내놓고 있다. 이날 에프엔가이드에 따르면 LG유플러스의 올해 연간 영업이익 컨센서스는 지난해 대비 17.3% 증가한 1조 397억 원, 내년 영업이익 컨센서스는 1조 1,466억 원으로 추정된다. 최근 트래픽 동향과 5G 가입자 보급률을 고려할 때 2023년까지 이동전화 가입자당평균매출(ARPU) 상승폭이 커지며 장기 이익 성장이 기대된다는 평가다. 김홍식 하나금융투자 연구원은 “올해도 LG유플러스 저평가 논란 속에 주가 상승이 나타난 바 있지만, 내년에도 주가가 이익 대비 너무 낮은 게 아니냐는 시장 공감대가 형성될 것”이라고 예상했다.올해 이익 증가세에 따라 경쟁사 대비 아쉬웠던 배당 성향이 상향 조정될 것으로 기대되는 점 역시 긍정적이다. LG유플러스는 현재 별도 당기순이익의 30% 이상을 배당하는 것으로 기본 배당정책을 정하고 있지만, 내년에도 5G 보급 확산에 따른 APRU 증가세가 지속될 것으로 전망돼 배당성향을 40%로 조정할 수 있다는 분석이다. 김현용 현대차증권 연구원은 “올해 8,000억 원 이상의 당기순이익이 예상돼 연간 주당배당금이 550원, 배당수익률로는 4% 해당하는 수준일 것”이라며 “내년에도 이익 증가 싸이클이 지속되면서 주당배당금은 600~650원으로 증가하고 배당수익률은 4.5%에 육박할 것”이라고 전망했다."
    },
    {
        "title": "세계 1위 찍은 '지옥'···'천당' 갈 대표 관련주는?",
        "date": "2021.11.21. 오후 1:24",
        "content": "사우디·싱가포르 등 24개국에서 시청 1위제작 참여한 제이콘텐트리 등 수혜 예상돼\n\n\n\n드라마 '지옥'의 한 장면./ 사진제공=넷플릭스[서울경제] 넷플릭스 드라마 시리즈 ‘지옥’이 공개 하루 만에 전 세계 넷플릭스 콘텐츠 시청 순위 1위에 오르면서 한국 콘텐츠 관련주 랠리 지속에 대한 기대가 커지고 있다. 증권가에선 ‘지옥’ 제작에 참여한 제이콘텐트리(036420)·덱스터(206560) 등을 직접적인 수혜주로 거론하고 있다.21일 넷플릭스 순위 집계 사이트 플릭스패트롤에 따르면 ‘지옥’은 지난 20일(현지 시간) 전 세계 넷플릭스 TV쇼 부문 1위에 올랐다. 지난 19일 공개된 지 하루 만이다.‘지옥’은 ‘부산행’을 만든 연상호 감독이 연출을 맡고 유아인·김현주·박정민 등이 출연한 작품이다. 현재 우리나라를 포함해 바레인, 사우디아라비아, 나이지리아, 싱가포르, 베트남 등 24개국에서 시청 순위 1위를 기록했다. 프랑스·인도에선 2위, 미국·독일에선 3위를 차지했다.증권사들은 ‘지옥’의 흥행 여부에 촉각을 기울여왔다. ‘D.P’와 ‘오징어 게임’의 전 세계적 인기를 계기로 소위 ‘K-콘텐츠’ 관련주의 주가 랠리가 본격화됐기 때문이다. 삼성증권은 ‘지옥’ 공개를 국내 증시 주요 일정에 포함하기도 했다.‘지옥’이 공개 첫 날부터 글로벌 단위에서의 인기를 보이면서 관련주에 대한 관심 역시 높아질 것으로 보인다. 제이콘텐트리가 대표적인 수혜주로 거론된다. 제이콘텐트리는 ‘지옥’ 공개 기대감에 지난 18일 52주 신고가인 7만 1,900원을 기록하기도 했다.손자회사인 클라이맥스 스튜디오가 ‘지옥’ 제작을 맡았기 때문이다. 이 스튜디오는 ‘D.P’도 제작한 바 있다. ‘지옥’의 흥행이 제이콘텐트리에겐 또 다른 ‘트랙 레코드’가 될 수 있다는 뜻이다.김회재 대신증권 연구원은 “제이콘텐트리는 지난 8월 말 넷플릭스 첫 번째 오리지널 ‘D.P’를 선보이면서 국내외 온라인동영상서비스(OTT)의 무한 경쟁이 시작된 콘텐츠 산업의 4차 웨이브를 이끌고 있다”며 “넷플릭스 오리지널은 2022년에 5~6편 선보이고 디즈니플러스와의 협업도 내년 초 성사될 예정”이라고 해석했다. 지인해 한화투자증권 연구원은 “비용 불확실성이 크지만 그래도 성장주”라고 평가했다.시각특수효과(VFX) 업체 덱스터도 관련주로 꼽힌다. ‘지옥’의 색 보정 작업을 맡았기 때문이다. 중장기적으로는 ‘지옥’이 ‘오징어 게임’처럼 국산 히트작으로서 정착할 경우 스튜디오드래곤(253450)·CJ ENM(035760) 등 한국 콘텐츠 관련주 전반에 대한 밸류에이션이 높아질 수 있다는 있다는 해석도 나온다. 이화정 NH투자증권 연구원은 “‘킹덤’과 ‘스위트홈’으로 마니아가 모이던 K-콘텐츠 시장에 ‘오징어 게임’이 마중물을 부었다”며 “K-콘텐츠의 글로벌 주류 편입에 따른 판매량 및 판가 확대가 기대된다”고 해석했다."
    },
    {
        "title": "빛바랜 연말 소비시즌 기대감, 코스피 박스권 탈출 가능성은?",
        "date": "2021.11.21. 오전 11:10",
        "content": "[[주간증시전망]]\n\n\n\n(서울=뉴스1) 송원영 기자 = 19일 오후 서울 중구 하나은행 딜링룸 전광판에 코스피 지수가 전 거래일보다 23.64 포인트(0.80%) 상승한 2971.02을 나타내고 있다. 이날 코스닥 지수는 전일 대비 9.19 포인트(0.89%) 오른 1,041.96으로 장을 마쳤다. 원달러 환율은 전날보다 4.9원 오른 1,185.30원으로 거래를 마감했다. 2021.11.19/뉴스1  이번 주 코스피는 금리 상승 우려와 밈(meme·온라인에서 입소문을 타 개인투자자들이 몰리는 주식) 종목 변동성이 불안을 키울 것으로 예상된다. 다만 미국 소비 성수기 시즌 매출 호조와 동남아 지역 코로나19(COVID-19) 확산세 완화 등 상승 요인도 존재한다. 지난주(11월 15~19일) 코스피 지수는 전주 대비 2.22포인트(0.07%) 오른 2971.02에 마감했다. 주 초반 2999선까지 오르며 3000선을 넘기는 듯 했지만 이후 16일부터 18일까지 3거래일 연속 하락 마감했고 19일 소폭 오르며 장을 마쳤다. 외국인이 1조 3358억원 순매수했다. 반면 기관이 1조 1004억원, 개인이 3662억원 순매도했다. 코스닥지수는 전주대비 32.85포인트(3.26%) 오른 1041.92에 장을 마쳤다. 코스닥은 외국인(923억원), 기관(439억원), 개인(754억원) 등이 모두 순매수하면서 지수를 끌어올렸다. 세계적인 NFT(대체불가능토큰), 메타버스 열풍에 힘입어 관련 소프트웨어 업종이 다수 포진한 코스닥 상승폭이 컸다. NH투자증권은 이번주 코스피 예상 밴드로 2900~3050선을 제시했다. 박스권에서 크게 벗어나지 않으리란 전망이다. 상승요인으로는 동남아시아 지역 코로나19 확산세 완화와 제조업 정상화 기대, 미국 소비 성수기 매출 호조가 있다. 월스트리트저널(WSJ)는 물가 상승에도 불구하고 소비자 지출이 강세며 월마트 등 거대 유통업체들이 재고를 순조롭게 늘리는 등 쇼핑 시즌 매출 부진 우려는 부풀려진 것이고 분석했다. 실제 미국 소매협회(NRF)는 블랙프라이데이(26일)를 기점으로 올 연말(11~12월) 쇼핑시즌의 매출액이 전년동기대비 10.5% 증가한 8590억달러를 기록할 것으로 전망했다. 지난 5년간 연말 쇼핑시즌 평균 매출 증가세인 4.4%를 뛰어넘는 증가폭이다. 이재선 하나금융투자 연구원은 \"우리나라의 경우 미국 연말 소비 시즌 호조시 가장 수혜를 입는 업종 중 하나는 IT 업종\"이라며 \"연말 시즌 선물품목에서 음식료를 제외하고 가장 큰 매출 비중을 차지하고 개인 지출액이 여타 소매 품목 대비 상대적으로 크다\"고 분석했다. \n\n\n\n(서울=뉴스1) 허경 기자 = 서울의 한 대형 마트. 2020.11.26/뉴스1  또 11월 코스피 외국인 동향이 한달만에 순매수에 복귀한 점도 의미있는 시그널로 분석된다. 박석현 KTB증권 연구원은 \"신흥아시아 주식시장 전반에 걸쳐 올해들어 처음 나타나는 변화라는 점, 한국과 대만에서 외국인 순매수가 동반회복되며 악재가 선반영됐음을 인식하고 있다는 점 등이 의미있는 시그널로 판단한다\"고 말했다. 단 금리 상승압력, 개인매도 출회 등은 코스피에 부담스러운 요인이다. 김영환 NH투자증권 연구원은 \"오는 26일 한국은행 금융통화위원회 기준금리 인상은 기정 사실\"이라면서 \"금통위가 주식시장에 부정적으로 작용할 여지는 적지만 한국보다 미국 금리상승 압력이 관건\"이라고 설명했다. 11월 금통위에서 기준금리는 기존 0.75%에서 1%로 인상이 예상된다. 지난주 미국 10월 CPI(소비자물가지수)가 6.2%를 기록하며 연방준비제도의 내년 조기 금리인상 우려가 재차 부각된 바 있다. 김 연구원은 \"글로벌 공급망 차질 완화가 확인되기 전까지는 인플레이션 논란이 지속될수있는 만큼 단기적으로 미국 장기금리 상승과 이에 따른 주식시장 할인율 상승 부담은 우려 요인으로 남을 가능성이 크다\"고 했다. 오는 25일 미국 11월 FOMC(연방공개시장위원회) 회의 의사록 발표도 주목해야 한다. 테이퍼링(자산매입 축소)와 내년 통화정책 변화에 대한 방향성을 알 수 있다. 박 연구원은 \"정책 변화 속도를 높여야 한다는 의견이 많을수록 시장 부담이 커지겠지만 반대로 온건한 정책 의사가 확인될 경우 시장 안정이 강화될 수 있다\"고 내다봤다. 밈 주식 변동성도 주의해야 할 부분이다. 최근 미국과 한국 시장에서 전기차, NFT, 메타버스 관련 기업 주가가 급등하고 있다. 전문가들은 사업 실체가 구체화되지 않은 단계에서 단기 주가가 급등한만큼 향후 변동성이 높아질 여지가 있다고 주의를 요구했다. 최근 공개된 미국 중앙은행 연방준비제도 반기 금융안정보고서에서도 밈주식이 전체 금융안정성에 미치는 영향력은 제한적이지만 잠재적 위험이 있다고 지적했다. 밈주식에 몰려드는 젊은 투자자들이 가계 부채부담이 높은 경우가 많아 주가 붕괴시 더욱 취약해질 수 있다는 경고다."
    },
    {
        "title": "메타버스 투자, 지금은 너무 늦었다? [선데이 머니카페]",
        "date": "2021.11.21. 오전 10:01",
        "content": "코로나에 온택트 시대로 전환 '메타버스'주 관심 커져인플레 공포 속 증시 불안에도 메타버스주는 고공행진콘텐츠 관련주 이어 최근에는 IT기기로 영역 급속 확장미래 잠재 소비력 큰 'Z'세대 등장에 성장 가능성 높아메타버스 세계 구축 위한 반도체·디플·5G 등 발전 필수\"다만 사업 초기 변동성 불가피···ETF 투자로 위험 회피\"\n\n\n\n[서울경제] \n\n\n\n세계 최대 소셜미디어 페이스북의 마크 저커버그 최고경영자(CEO) 28일(현지시간) 온라인 행사 도중 3차원 가상세계인 '메타버스'(Metaverse) 속 자산의 아바타와 대화하고 있다./연합뉴스국내외 증시에 바야흐로 ‘메타버스’의 시대가 개화하고 있습니다. 가공·추상을 의미하는 ‘메타(meta)’와 현실세계를 의미하는 ‘유니버스(Universe)’의 합성어인 메타버스 테마가 게임 등 콘텐츠를 넘어 IT 하드웨어까지 무섭게 확장하는 모양새입니다.특히 지난해부터 전 세계를 강타한 신종 코로나바이러스(코로나 19)는 메타버스 시대를 여는 촉매제가 됐습니다. 코로나 이전의 일상으로 복귀하기 위해 안간힘을 쓰고 있지만 비대면 사회의 경험은 코로나 이후 삶의 방식에도 적지 않은 영향을 미칠 것입니다. 재택근무 및 원격교육, 홈이코노미 등 비대면이 생활 속에 깊게 뿌리 내리면서 오프라인 중심에서 온라인으로 활동역역이 옮겨가고 있습니다. 말 그대로 오프라인 시대에서 온텍트 시대로의 전환은 이제 미래가 아닌 현실로 다가왔습니다. 온택트는 사회적 거리두기로 상징되는 언택트의 '단절'과 달리 온라인으로 외부와 연결되는'소통'이 핵심입니다. 기업들이 사회활동을 가상으로 연결해주는 메타버스 사업에 큰 관심을 표하고 있는 이유도 여기에 있습니다.메타버스 시장 규모는 2028년까지 연평균 42.9% 성장해 8,290억달러에 이를 전망입니다. 8년간 무려 17.4배라는 놀라운 성장세를 보일 것이라는 예측이죠. 과거 인터넷과 모바일이 화면을 공유했다면, 메타버스는 3D 가상 공간을 토대로 현실과 가상의 경계선을 넘나들며 모든 산업에 막대한 영향력을 행사할 것입니다. 최근 메타버스 관련주가 인플레이션 우려와 금리인상 압박, 공급망 악화 등 수많은 악재에 짓눌린 증시에서도 고공행진을 하는 것은 이 같은 장밋빛 전망 때문으로 추정됩니다. 기대감을 타고 이미 주가가 크게 오른 메타버스 투자, 지금 시작해도 괜찮을지 이번주 ‘선데이 머니카페’에서 알아봤습니다.━“내가 제일 잘 나가”···시장은 왜 메타버스에 열광하나\n\n\n\n11월 들어서도 코스피는 3,000선 사수에 버거운 모습을 보이고 있습니다. 불안한 시장 분위기와 달리 메타버스 관련주들은 끝 없이 날아 오르고 있습니다. 메타버스 관련주로 분류된 위지윅스튜디오(299900)는 19일 종가 기준으로 올해 주가 상승률이 무려 665%에 달합니다. 이 외에도 맥스트(377030), 갤럭시아에스엠(011420) 등 메타버스 날개를 단 기업들의 주가는 대부분 폭등했습니다. 최근에도 싸이월드가 오는 12월 17일 메타버스 서비스와 함께 부활한다는 소식에 관련주가 또 들썩였습니다. 대표적인 수혜기업은 한글과컴퓨터(030520)였습니다. 회사는 지난 17일 싸이월드제트와의 합작법인 '싸이월드 한컴타운'을 설립하고 메타버스 사업을 공동 추진한다고 밝힌 후 주가가 사흘 만에 34% 급등했습니다. 그렇다면 왜 시장은 메타버스에 열광할까요. 그 이유는 메타버스의 잠재력이 높다는 데 있습니다.신한금융투자에 따르면 메타버스의 핵심 기반 기술인 가상현실(AR)과 증강현실(VR) 시장 규모는 2030년까지 연평균 34%의 고성장이 예상됩니다. AR과 VR 등이 접목돼 인터넷과 스마트폰을 잇는 확장현실(XR)기술은 초창기 소셜미디어와 게임을 주축으로 엔터테인먼트 산업에서 부각됐지만 최근 영역을 확장하는 핵심 수단으로 인식되고 있습니다. 메타버스의 잠재력을 높게보고 글로벌 빅테크 기업들이 관련 기술에 투자하는 것도 같은 맥락입니다. 가장 대표적인 기업이 페이스북(현 메타)의 오큐러스, 마이크로소프트의 홀로렌즈(Hololens)입니다. 이들 기업들은 XR 하드웨어 투자에 국한되지 않고 관련 플랫폼과 어플리케이션까지 아우르는 메타버스 생태계 구축에 총력전을 펴고 있습니다. 빅테크 기업들이 아직 손에 잡히지 않는 메타버스 사업에 투자하는 이유는 1995년 이후 태어난 Z세대의 존재 때문입니다. 이들은 디지털 환경에 익숙하고 최신 트렌드와 이색적인 경험을 좇으며 디지털콘텐츠 소비에 적극적입니다. 증권가에서는 2030년까지 Z세대의 합산 임금이 5배 증가한 33조달러에 달할 것으로 추정하고 있습니다. 이는 전체 임금의 27%에 달하는 수치로 2031년에는 밀레니얼 세대를 추월할 것으로 관측됩니다.━메타버스 성공 조건은 소프트웨어가 아닌 하드웨어?\n\n\n\n지난달 27일 서울 강남구 코엑스에서 열린 2021 메타버스 코리아를 찾은 관람객이 VR 관광 키오스크를 체험하고 있다./연합뉴스일반적으로 한 시대의 산업 트렌드가 바뀔 때는 관련 기술의 발전이 필연적으로 동반됩니다. 인공지능 컴퓨터와 스마트폰이 나오면서 반도체와 디스플레이 등 밸류체인 전반의 급격한 성장이 이뤄진 게 대표적인 예입니다.메타버스 세계로 들어가는 출입문인 XR기기는 3차원 가상현실을 실감나게 구현하기 위해 최첨단 IT기기로 진화할 가능성이 높습니다. 반도체산업은 XR기기의 반도체 연산능력 및 저장용량 확대가 필요할 것으로 보입니다. 디스플레이도 가상현실의 몰입감을 더욱 높이고 AR 기능을 극대화하기 위해 4K 이상의 고화질 디스플레이 패널 수요가 늘 것으로 전망됩니다. 센싱 측면에서도 VR의 사용자의 표정 및 신체 움직임을 반영하고 AR 기능 최적화를 위한 주변 환경을 센싱하는 카메라 및 3D 센싱 기술이 발전할 것입니다. 5G와 6G의 성공적인 안착도 메타버스 시대에 중요한 요소입니다. 5G가 아닌 4G의 경우 메타버스 구현 때 화면지연 등 문제가 발생할 수 있습니다. 5G의 특징은 4G보다 20배 빠른 데이터 전송 속도인 만큼 원활한 메타버스 생태계 구축에 필수 조건입니다.인공위성 산업도 메타버스 시대의 성장을 위해 매우 중요한 산업입니다. 최근 이재용 삼성전자 부회장이 미국방문의 첫 행선지로 세계 최대 이동통신 사업자인 버라이즌을 택해 많은 관심이 쏠렸습니다. 업계에서는 두 회사가 6G 등 차세대 통신 분야에서도 협력을 확대할 것으로 보는 시각이 많습니다. 이처럼 한국과 미국, 중국, 일본, 유럽연합(EU) 등 세계 주요국은 2030년 이전 상용화를 목표로 6G 연구개발에 총력전을 펴고 있습니다. 6G가 상용화될 경우 최고 전송속도 1Tbps, 체감전송속도 1Gbps, 지연시간이 0.1밀리초(㎳)대로 메타버스 세계의 안정화에 크게 기여할 것입니다. 6G는 위성통신과 지상 이통을 통합표준 형태로 개발하는 만큼 인공 위성산업 발전이 중요합니다.이병화 신한금융투자 연구원은 “메타버스 운용의 현실감 증대를 위한 필수 조건으로는 데이터 전송의 신속성 및 안정성이 주요 포인트”라며 “6G 인프라의 구축, 서버 증설 등 다양한 요인이 많은데 수많은 메타버스 인프라 관련 업종 가운데 미래 성장 동력이 높은 우주가 메타버스 생태계의 혁신을 주도할 것”이라고 내다봤습니다.━IT하드웨어로 영역 확장하는 메타버스 투자\n\n\n\nLG이노텍 공모전 메타버스 시상식. /자료제공=LG이노텍소프트웨어와 플랫폼 기업에서 시작된 메타버스 투자 열기가 정보기술(IT) 하드웨어 분야로 들불처럼 번지고 있습니다. 디지털화된 세상인 메타버스에 접속하기 위한 필수품인 웨어러블 기기 등에 반도체·카메라·액정표시장치(LCD) 부품이 들어가는 만큼 IT 하드웨어주가 수혜를 볼 것이라는 기대감 때문이죠. 증권가에서는 특히 웨어러블 기기 중 XR기기의 핵심 부품이 카메라 모듈인 만큼 디스플레이 관련주에 주목하고 있습니다.가장 대표적인 종목은 LG이노텍(011070)입니다. 한국거래소에 따르면 LG이노텍은 지난 19일 유가증권시장에서 전일 대비 1.05% 상승한 28만 8,000원에 거래를 끝냈습니다. LG이노텍의 주가는 이달 들어서만 37.47% 급등했습니다.최근 LG이노텍의 파죽지세는 애플의 메타버스 신사업 진출과 연관이 깊다는 분석이 지배적입니다. 김동원 KB증권 연구원은 “내년 출시될 애플 메타버스 XR 헤드셋에 카메라 모듈이 10~15개 들어갈 것 같다”며 “애플 XR 기기에 핵심 부품을 공급할 것으로 추정되는 LG이노텍이 메타버스 시장 개화의 최대 수혜주”라고 설명했습니다.LG이노텍처럼 카메라 모듈과 유기발광다이오드(OLED) 디스플레이 제품 등을 생산하는 삼성전기(009150)와 LG디스플레이(034220)의 주가도 들썩이고 있습니다. 삼성전기는 지난달 25일 15만 5,000원으로 저점을 찍은 뒤 12% 올라 상승세에 있습니다. LG디스플레이도 지난달 13일 1만 7,500원으로 바닥을 다진 뒤 주가가 29.14% 급등 중입니다. IT 하드웨어주에도 메타버스 온기가 전해지면서 LG이노텍과 LG디스플레이가 포함된 메타버스 ETF(상장지수펀드)도 연일 고공 행진을 펼치고 있습니다.덩달아 반도체주도 꿈틀대고 있습니다. 메타버스 시장이 커질수록 고성능 반도체 수요가 늘 것이라는 기대가 큰 탓입니다. 특히 메타버스 구현이 더 고도화될수록 컴퓨터 내에서 프로세서와 메모리가 고속 디지털 데이터를 빛의 속도로 주고 받아야 하기 때문에 반도체 패키징 기술이 매우 중요합니다. 반도체 페키징 기술은 반도체 칩을 탑재시킬 기기에 맞는 형태로 만드는 기술을 말한다. 이에 국내 반도체 패키징 관련 주인 심텍(222800)(39.80%), 해성디에스(195870)(19.08%), 대주전자재료(078600)(10.53%) 등의 이달 주가 흐름도 강하게 위로 향하고 있습니다.\n\n\n\n다만 전문가들은 메타버스 산업이 초기 단계라는 점을 고려할 때 주가 변동성이 큰 만큼 개별종목보다 상장지수펀드(ETF) 투자가 안정적일 것이라고 조언했습니다.조용민 신한금융투자 연구원은 “메타버스는 초기 성장산업으로 높은 변동성이 불가피하고 장기 수혜주 역시 불명확한 상태”라며 “ETF를 활용한 투자전략이 안정성과 성장성을 동시에 추구하는 방법”이라고 조언했습니다.어느덧 한해가 마무리되가고 있는 요즘. 지지부지한 국내 증시와는 별개로 강한 탄력성을 보이고 있는 메타버스 관련주들이 어떤 흐름을 이어갈 지 관심있게 지켜 볼만한 대목입니다."
    },
    {
        "title": "美 블랙프라이데이 임박… 국내·외 증시에 호재될까 [주간전망]",
        "date": "2021.11.21. 오전 8:02",
        "content": "이번 주 코스피 2900~3050선 박스권 등락 전망인플레 우려·밈주식 변동성 등 우려블랙프라이데이 등 연말 쇼핑시즌 관심\n\n\n\n이미지=게티이미지뱅크이번 주(22~26일) 증시는 여전히 박스권 움직임을 나타낼 전망이다. 물가상승(인플레이션) 우려가 이어지는 데다 밈(Meme)주식의 변동성, 대주주 양도세 회피에 따른 연말 개인 매물 출회 등 하락요인이 여럿 남아있어서다. 반면 세계 최대 쇼핑 대목인 블랙프라이데이가 임박한 점은 증시에 지지력을 제공할 것이란 분석이다.21일 한국거래소에 따르면 지난주 코스피지수는 전주보다 2.22포인트(0.07%) 오른 2971.02에 거래를 마쳤다. 인플레이션 우려와 신종 코로나바이러스 감염증(코로나19) 재확산세 등으로 2주 넘게 3000선 밑에서 고전 중인 것이다.코스피지수는 지난주 내내 2900대 선에서 횡보했다. 미 증시가 인플레이션 우려로 불안한 흐름을 보이면서 국내 증시도 동조화 양상을 보인 것으로 풀이된다. 유가증권시장을 이끌 뚜렷한 주도주가 없는 점도 박스권 장세에 기여했다.지난 한 주 수급 동향을 보면 유가증권시장에서 외국인이 1조3358억원 사들였고 개인과 기관은 각각 3662억원, 1조1005억원 순매도했다.  코스닥지수는 비교적 선방했다. 코스닥지수는 지난 19일 전주보다 32.85포인트(3.26%) 상승한 1041.92포인트에 장을 끝냈다. 닷새간 코스닥시장에선 개인과 기관, 외국인 모두 순매수세를 보였다. 투자자별로 개인이 754억원, 외국인 923억원, 기관 439억원 순매수했다.같은 기간 뉴욕증시에서 주요지수는 등락이 엇갈렸다. 뉴욕증권거래소(NYSE)에서 나스닥지수는 전주보다 1.24% 오른 16057.44에 마감했고 스탠더드앤드푸어스(S&P) 500지수는 0.32% 상승한 4697.96에 장을 마쳤다. 반면 다우존스 30 산업평균지수는 1.38% 떨어진 35601.98에 마감했다.미 금리상승 압력 관건…코로나19 거센 재확산도 부담 증권가에선 인플레이션에 따른 장기금리 상승 우려가 큰 만큼 코스피지수가 이번 주에도 박스권 등락을 지속할 것이라고 내다봤다.일단 이달 25일 예정된 한국은행 금융통화위원회에선 기준금리 인상이 전망되는 상황이다. 하지만 우리나라 시중금리는 2회 금리인상을 선반영 중인 데다 최근 국내에서 금리인상 속도에 대한 회의론이 불거지고 있어 한은이 완급 조절에 나설 가능성이 제기되고 있다. 결과적으로 금통위가 주식시장에 부정적으로 작용할 가능성은 적다는 게 증권가 중론이다.관건은 미 금리상승 압력이다. 지난 10일 미국 노동부가 10월 소비자물가지수(CPI)가 작년 동월 대비 6.2% 급등했다고 밝히면서 미 중앙은행(Fed)의 내년 조기 금리인상에 대한 우려가 또 한 차례 부각된 것이다. 김영환 NH투자증권 연구원은 \"글로벌 공급망 차질의 완화가 확인되기 전까지는 인플레이션 논란이 지속될 수 있다\"며 \"단기적으로 미 장기금리 상승과 이에 따른 주식시장의 할인율 상승 부담은 우려 요인으로 남을 가능성이 크다\"고 말했다.코로나19 신규 확진자 수가 다시 최고치를 찍은 점도 주식시장 불확실성을 키운 것으로 보인다. 18일 0시 기준 코로나19 신규 확진자는 3292명으로 집계돼 코로나19 사태 이후 최대 확진자 수치 기록을 경신했다.분위기 반전카드 '블랙프라이데이'… \"비용상승 인플레 우려 상쇄\" NH투자증권은 이번 주 코스피지수 밴드로 2900~3050선을 제시했다. 미 장기금리 상승 우려뿐 아니라 밈(Meme)주식의 변동성, 대주주 양도세 회피에 따른 연말 개인 매물 출회 등 하락요인이 여럿 남아있다는 분석이다. 김영환 연구원은 \"밈주식의 경우 미국시장에 이어 국내에서도 대체불가토큰(NFT) 진출을 언급한 기업들의 주가 상승이 거센 상황\"이라며 \"사업의 실체가 구체화되지 않은 단계에서 단기에 주가가 급등한 만큼 향후 변동성이 높아질 여지가 있다\"고 짚었다.다만 블랙프라이데이가 분위기 반전의 계기가 될 것이라고 보는 증권가 시각도 적지 않았다. 오는 26일부터 시작되는 블랙프라이데이를 기점으로 소비자들의 보복수요가 확인될 것이라는 기대감이다. 이재선 하나금융투자 연구원은 \"이번 쇼핑 시즌은 미국 소매기업의 연간 매출액의 20%가 창출되는 대규모 세일주간이어서 현지 소비 경기 센티먼트에도 적지 않은 영향을 미친다\"면서 \"유의미한 소비수요가 나타날 경우 대표적 시장 리스크로 꼽히는 '비용상승(코스트 푸시) 인플레이션' 우려를 일부 상쇄할 수 있을 것\"이라고 말했다."
    },
    {
        "title": "[증시 풍향계] 연말 소비 시즌 기대 속 금통위에 시선 집중",
        "date": "2021.11.21. 오전 8:00",
        "content": "개인 양도세 회피 물량 우려…'밈주식' 주의보  이번 주 코스피 2,930∼3,030 등락 전망 \n\n\n\n여의도 한국거래소 황소상(서울=연합뉴스) 윤선희 기자 = 코스피가 좀처럼 박스권에서 벗어나지 못한 채 지루한 '박스피(박스권에 갇힌 코스피)' 장세를 펼치고 있다.     코스피는 이달 들어 줄곧 2,900선에서 지루한 박스권 흐름을 이어가고 있다. 지수는 12일 2,968.80에서 소폭 올라 19일 2,971.02로 마쳤으나 3,000 탈환에는 실패했다.    개인 투자자들이 연말 대주주 양도세를 피하려고 대량 매도에 나섰으나 외국인 투자자들이 가격 이점이 생긴 종목 중심으로 저가 매수에 나서 지수 하락을 막았다.    이번 주(11·22∼26) 국내 증시 참여자들의 시선은 연말 소비 시즌을 앞두고 기준금리 인상 여부에 쏠린 것으로 보인다.     한국은행은 25일 금융통화위원회 정례회의를 열어 기준금리 인상 여부를 결정한다.     김영환 NH투자증권 연구원은 21일 \"시장은 이번 금통위에서 기준금리 인상 가능성을 반영하고 있다\"며 \"한은이 기준금리 인상 의지의 톤을 조절할 수 있어 증시에 부정적으로 작용할 여지는 적다\"고 분석했다.    그러면서 \"전 세계 공급망 차질의 완화 여부가 확인되기 전까지 인플레이션(물가 상승) 논란이 지속할 수 있다\"며 \"단기적으로 미국 장기금리와 증시 할인율 상승 부담이 우려 요인으로 남을 수 있다\"고 진단했다.    아울러 개인이 연말 양도세 회피를 위해 이달에 1조5천억원 이상 순매도에 나선 점과 급등세를 펼치는 대체불가토큰(NFT) 관련주 등의 '밈 주식'(meme stock·온라인에서 입소문을 타 개인투자자들이 몰리는 주식) 변동성이 높아질 수 있다는 점도 변수로 꼽힌다.   반면 달러 강세 부담 속에 외국인 투자자들이 낙폭 과대 종목 중심으로 저가 매수에 나선 점이나 연말로 접어드는 이달과 다음 달 미국의 소비 성수기를 앞두고 있다는 점은 긍정적인 요인이다.    이재선 하나금융투자 연구원은 \"국내 증시에선 정보기술(IT)주 중심의 외국인 저가 매수세 지속 여부에 주목할 필요가 있다\"고 강조했다.    하나금융투자는 소비 수요가 확인되면 인플레이션(물가 상승) 우려는 일부 상쇄될 것이라며 이번 주 코스피 등락 폭을 2,930∼3,030으로 전망했다.    이번 주 국내외 주요 경제지표 발표와 이벤트 일정은 다음과 같다.▲22일(월) = 한국 11월 1∼20일 수출입    ▲23일(화) = 일본 근로 감사의 날 휴장. 주요국 구매관리자지수(PMI) 예비치 발표.    ▲24일(수) = 미국 10월 내구재 주문과 3분기 국내총생산(GDP). 11월 연방공개시장위원회(FOMC) 회의록 공개.    ▲25일(목) = 한국은행 금통위 정례회의. 미국 추수감사절 휴장. 11월 미시간대 소비자신뢰지수 발표.    ▲26일(금) = 미국 블랙프라이데이.    indigo@yna.co.kr"
    },
    {
        "title": "[앤츠랩]쓰레기처리? 환경산업! 전기차 배터리 재활용까지",
        "date": "2021.11.21. 오전 7:00",
        "content": "인선이엔티는 국내 건설폐기물 처리 1위 기업입니다. 건설현장에서 나오는 폐기물을 수집, 운반, 선별, 소각, 재활용, 매립까지 다~ 하는데요. 이런 기업이 국내에 별로 없다고 하죠.      예전에는 쓰레기를 묻거나 태워버리면 끝이었는데, 요즘은 원자재 가격도 비싸지고 탄소배출권이라는 새로운 컨셉도 생겨서, 쓰레기로 부가가치를 창출하는 게 아주 큰 사업이 되었어요.     \n\n\n\n           인선이엔티의 자회사 인선모터스는 폐차 사업을 하는데요. 이 분야도 국내 1위라고 합니다. 또 최근 고철 가격이 급등해서, 차 껍데기로 만드는 철스크랩 매출이 크게 늘었다고 해요. 철스크랩은 자동차 합판을 만드는 특수강 업체, 그리고 자동차 부품을 만드는 주물업체에 팝니다.인선이엔티의 2분기 매출은 솔직히 별로였어요. 영업이익이 16% 감소했거든요. 수도권 쓰레기 매립단가가 줄어서 이렇게 됐는데, 내년엔 인상될 예정이고 철스크랩 매출도 계속 늘면서 내년엔 실적이 좋아질 것 같아요.     \n\n\n\n폐차. 셔터스톡           인선이엔티는 다 쓴 전기차 배터리에서 코발트나 니켈을 추출한 뒤 다시 배터리 제조사에 파는 신사업도 할 예정입니다. 다만 매출이 원자재 가격에 따라 등락이 크다는 점, SK 등 대기업이 시장점유율을 늘려가고 있는 점 등은 유의해서 봐야겠네요.그럼 건강한 주식 맛집, 앤츠랩으로 달려오세요~ 안녕~ by.앤츠랩"
    },
    {
        "title": "게임주 대박…크래프톤 이어 위메이드 의장 주식부자 톱10 반열",
        "date": "2021.11.21. 오전 6:43",
        "content": "지분평가액 3개월새 500% 가까이 급증…위메이드 주가, NFT 열풍에 494%↑ 11∼20위권 김택진·방준혁 등 기존 게임업계 오너 제쳐\n\n\n\n주식 부호 (PG)[제작 최자윤 이태호] 일러스트(서울=연합뉴스) 채새롬 기자 = 최근 대체불가토큰(NFT) 투자 열풍으로 게임주가 대박 행진을 이어가면서 중견 게임업체 오너가 국내 주식부자로 부상했다.    21일 금융정보업체 에프앤가이드가 이달 18일 종가 기준으로 국내 상장사 주식을 보유한 개인 1만7천961명의 지분평가액을 조사한 결과, 박관호 위메이드 의장이 3조3천602억원을 기록해 10위에 올랐다.    이는 장병규 크래프톤 의장(3조8천161억원·8위)에 이은 게임업계 2위다.     김대일 펄어비스 의장(3조3천20억원·11위), 방준혁 넷마블 의장(2조7천777억원·16위), 김택진 엔씨소프트 대표(1조9천972억원) 등 기존 게임업계 오너들은 물론 조정호 메리츠금융지주 회장(3조2천831억원), 최태원 SK회장(3조1천995억원) 등을 제친 것으로, 중견 게임사 오너로서 이례적인 성적이다.     박 의장이 보유한 위메이드 지분 가치는 올해 8월 18일 기준 5천652억원에 그쳤으나 최근 위메이드 주가 급등에 따라 3개월간 494.49%가 증가했다.    한국거래소에 따르면 같은 기간 코스피·코스닥시장에서 상승률이 가장 높은 종목 1위가 위메이드(493.86%), 2위가 위메이드맥스(462.41%)였다.     위메이드는 올해 초 자체 블록체인 플랫폼 '위믹스'를 출시하고, 조이시티, 슈퍼캣, 달콤소프트, NHN, 액션스퀘어 등 게임사들을 생태계로 합류시켰다. 자회사인 위메이드맥스는 블록체인 게임 전문 개발사다.    블록체인 기반의 NFT 기술을 이용한 '플레이투언'(Play-to-Earn·돈 버는 게임) 방식의 '미르4'가 흥행한 이후 게임업계 NFT 바람을 주도하며 이들 주가가 급등했다.     이후 게임빌, 웹젠, 컴투스, 펄어비스, 엔씨소프트, 카카오게임즈 등 다른 게임사들도 NFT 게임 출시 계획을 발표하면서 관련 주가가 연일 상승 중이다.     주가 상승에 따라 송병준 게임빌·컴투스 의장(3천497억원·95위), 이준호 NHN 의장(3천366억원·96위) 등도 주식 부호 100위 안에 새로 이름을 올렸다.     에프앤가이드에 따르면 상위 1~9위는 이재용 삼성전자 부회장(13조1천169억원), 홍라희 전 삼성미술관 리움 관장(9조8천358억원), 김범수 카카오 의장(7조3천610억원), 이부진 호텔신라 사장(6조5천420억원), 이서현 삼성복지재단 이사장(6조929억원), 방시혁 하이브 의장(5조4천249억원), 정몽구 현대차 명예회장(4조9천600억원), 장병규 크래프톤 의장(3조8천161억원), 정의선 현대차 회장(3조4천400억원) 순이었다.     상위 10위권 내에서 3개월 전보다 지분 평가액이 증가한 사람은 방시혁 하이브 의장(40.78%), 장병규 크래프톤 의장(15.78%), 박관호 위메이드 의장(494.49%)뿐이었고, 나머지는 모두 주식 가치가 줄었다. [표] 국내 상장사 주식부자 1∼20위(지분평가액 기준) (단위 : 백만원, %)\n\n\n\n    ※ 자료 : 에프앤가이드    srchae@yna.co.kr"
    },
    {
        "title": "강달러라는데…외국인 최근 1주일새 코스피 1조8천억원 순매수",
        "date": "2021.11.21. 오전 6:41",
        "content": "IT·게임 등 낙폭과대 우량주 반발매수…강달러에도 달러캐리트레이드 부진\"연말까지 일시적일 듯 추세적 매수 전환으로 보기는 어려워\"올해 들어 지난 19일까지는 30조원 순매도 \n\n\n\n외국인, 최근 일주일 주식 순매수[박은주 제작] 사진합성·일러스트(서울=연합뉴스) 윤선희 박원희 기자 = 달러화 강세로 신흥국에서의 자금 이탈이 예상되는 가운데 외국인 투자자들이 최근 국내 주식시장에서는 주식을 순매수하고 있어 그 배경에 관심이 쏠리고 있다.     21일 한국거래소와 금융투자업계에 따르면 외국인은 올해 들어 지난 19일까지 유가증권시장에서 30조원을 순매도했다.    최근 주요 6개국 통화 대비 달러 가치를 나타내는 달러화 지수가 작년 7월 이후 최고 수준으로 치솟았다.     달러화가 강세를 보이면 신흥국 시장에 대한 투자 메리트가 줄어 신흥국에서 자금 이탈 가능성이 커진다.    외국인이 약세인 달러화를 저금리로 빌려 신흥국 시장에 투자하는 '달러 캐리 트레이드'가 위축되기 때문이다.     그런데도 외국인은 최근 일주일(11·11∼19일)간 코스피시장에서 1조8천519어치를 순매수했다.      이 기간 기관과 개인이 7천487억원, 1조2천726원을 순매도한 것과 대조적이다.    기관과 개인이 차익 시현을 위해 시장에 내다 판 주식을 외국인이 고스란히 사들인 셈이다.    외국인은 실적 호전에도 주가가 많이 내려간 종목을 반발 매수하거나 최근 주목받는 대체불가토큰(NFT) 관련주를 사들였다.    외국인의 순매수 상위 종목을 보면 SK하이닉스(3천490억원 이하 순매수), 크래프톤(2천919억원), SK아이테크놀로지(2천715억원), 엔씨소프트(2천382억원), 카카오(2천302억원) 등의 순이다.    외국인 매수세는 삼성SDI(1천752억원), 카카오뱅크(1천293억원), 카카오게임즈(1천278억원), 에스디바이오센서(978억원), 삼성전자(957억원) 등에도 몰렸다.\n\n\n\n전문가들은 외국인이 국내 증시로 완전히 복귀했다고 보기는 어렵다고 분석했다.     이경민 대신증권 연구원은 \"최근 달러 초강세와 비교해 원화 약세 강도가 제한적이어서 외국인이 보유 비중이 낮은 국내 주식 일부를 반발 매수한 것으로 보인다\"며 \"외국인이 매수 기조로 전환했다고 보는 것은 섣부르다\"고 설명했다.     실제 외국인이 주로 사들인 업종을 보면 정보기술(IT)이나 단계적 일상 회복(위드 코로나) 수혜주 등 제한적이다.    허재환 유진투자증권 연구위원도 \"외국인은 지난해와 올해 주식을 대량 매도한 만큼 이달과 다음 달에 관망이나 소폭 순매수에 나설 수 있다\"고 내다봤다.     하지만 달러화 강세로 외국인이 매수 추세로 전화하기는 어렵다는 관측이 우세하다.    달러화가 강세를 보이면 달러를 이용한 차익거래인 '달러 캐리 트레이드'의 기대 수익률이 떨어지기 때문이다.     방인성 유진투자증권 연구원은 \"미 달러화는 미국 기대인플레이션 상승, 경기 회복 등에 따른 장기 금리 급등으로 내년 상반기까지 강세를 보일 것\"으로 전망했다    이경민 연구원은 \"우리 기업의 실적 전망치가 하향 조정되면서 우리와 미국 증시의 차별화 흐름이 이어지고 있다\"며 \"외국인이 매수 우위로 돌아서려면 실적의 안정성이 확보되고 (실적) 전망치 상향 조정이 이뤄져야 한다\"고 강조했다.     indigo@yna.co.kr, encounter24@yna.co.kr"
    },
    {
        "title": "'스우파' 모니카 립제이가 입으니 대박…F&F 주가 171% 올랐다",
        "date": "2021.11.20. 오후 11:02",
        "content": "[사진 제공 = MLB] MLB와 디스커버리 등 브랜드를 보유한 의류업체 F&F가 올 3분기 어닝 서프라이즈를 달성하면서 6개월만에 주가가 2배 이상 뛰었다. 재상장 당시 100위권이었던 F&F의 시가총액도 크게 증가해 국내 패션 상장사 중 시총 1위에 올랐다. F&F가 '위드 코로나'(단계적 일상회복) 시대 신흥 강자로 떠오르면서 패션업계의 지각변동이 일어나고 있다.19일 금융투자업계에 따르면 F&F는 지난 9일 장중 한때 97만6000원까지 치솟으면서 최고가를 경신했다. F&F의 지난 5월 분할 재상장 직후 종가와 비교하면 무려 171%가 상승한 것이다. 재상장할 당시 3조1600억원이었던 F&F의 시총은 이날 종가 기준 6조85700억원에 달한다. 6개월새 2배 이상 증가한 셈이다.F&F의 호실적이 주가 상승을 견인하고 있다. 중국 시장에서의 성장세와 최근 국내에서 방영된 댄스 경연 프로그램 '스트릿우먼파이터'(스우파)가 큰 인기를 끌면서 젊은 층 사이 이른바 '스트리트 패션'이 대세로 떠올랐기 때문이다. MLB는  활동성과 자신의 개성이 담긴 스트리트 패션 브랜드로 알려져있다.또 스우파에 출연한 댄서 허니제이가 메고 나와 화제가 된 스트레치엔젤스 가방은 완판 행진을 이어가기도 했다. 스트레치엔젤스는 F&F의 프리미엄 애슬레저 브랜드다.지난 4일 F&F는 3분기 매출액과 영업이익이 각각 3290억원과 960억원을 달성했다고 밝혔다. 시장 컨센서스(매출액 3070억원, 영업이익 700억원)를 상회한 기록으로 F&F 3분기 실적 사상 최대치다. 중국 법인의 고성장이 전체 실적을 견인했다. F&F는 지난 2분기에도 실적 최대치를 경신한 바 있다.현재 F&F는 지난 5월 기존의 F&F가 존속법인 F&F홀딩스와 신설법인 F&F로 인적 분할하면서 새로 만들어진 회사다. F&F홀딩스는 지주사로서 자회사 관리와 신규사업투자 등을 비롯한 투자사업부문을 총괄하고, F&F는 MLB, 디스커버리 등 기존 패션브랜드 사업에 집중한다. \n\n\n\n[사진 = F&F 홈페이지] 증권가에서는 F&F의 어닝 서프라이즈 달성 후 목표 주가를 잇따라 상향했다. F&F의 실적 발표 후 한국투자증권, 대신증권, KB증권, 메리츠증권 등 10개 증권사가 F&F의 목표주가를 상향했다. 새로 나온 목표주가는 105만원이 1곳, 110만원이 4곳, 120만원이 3곳, 125만원이 1곳, 130만원이 1곳이다.황병준 IBK투자증권 연구원은 \"중국 내 점포 출점 가속화가 가시화되고 있는데 올해 1분기 110개였던 점포 수는 3분기 380개 연말에는 450개 수준이 될 것으로 전망한다\"며 \"F&F는 성장 사이클 초기 단계에 위치해있고 우량한 파트너사 기반으로 안정적인 매출과 출점 확장세를 유지하고 있어 단기간 내 급격한 성장세 둔화 우려도 제한적\"이라고 밝혔다.서정연 신영증권 연구원은 \"F&F의 실적을 견인하고 있는 MLB 중국사업은 크게 면세, 수출(현지 대리상), 현지 직영 및 온라인 채널의 세 가지 경로를 통해 진행되고 있고 특히 면세와 수출 부문 매출액이 전년 동기대비 각각 60%, 430% 증가하며 고성장을 지속 중\"이라며 \"4분기는 중국 전력난으로 인한 일시적 매장 셧다운, 성수기 시즌 판매를 위한 물량 선수출 등 요인을 감안할 때 3분기대비 성장률은 다소 둔화될 수 있겠으나 성수기인만큼 분기 기준 사상 최대 매출과 영업이익을 시현할 것으로 전망된다\"고 말했다."
    }
]