[
    {
        "title": "헝다 파산설에 세계 증시 '휘청'…개미들 불안감 '극대화'",
        "date": "2021.09.21. 오후 10:16",
        "content": "홍콩에 위치한 헝다그룹 건물[파이낸셜뉴스]“목요일에 장이 열리자 마자 주식을 팔아야할지 고민입니다.”(30대 초반 직장인 김모씨)   중국 부동산 개발업체 헝다(恒大)그룹의 부도 가능성에 미국 뉴욕 증시를 비롯한 세계 증시가 일제히 급락하자 국내 개인투자자들도 추석 연휴 이후 주식을 팔아야할 지 걱정이 커지고 있다.   미국 연방준비제도(Fed·연준)의 연방공개시장위원회(FOMC) 이후 테이퍼링 본격화와 부채가 350조원에 달하는 헝다의 유동성 위기에 추석 이후 국내 증시도 주춤할 것으로 예상된다.   21일(한국시간) 뉴욕증권거래소(NYSE)에 따르면 다우존스30 산업평균지수는 전 거래일보다 614.41포인트(1.79%) 급락한 3만3970.47로 장을 마쳤다. 장중 한때 하락 폭이 900포인트(2.6%)에 달하기도 했다.   기술주 중심의 나스닥 지수도 330.06포인트(2.19%) 하락한 1만4713.90에 마감했다. 지난 5월 12일 이후 약 4개월 만의 최대 낙폭이다. 스탠더드 앤드 푸어스(S&P) 500 지수도 75.26포인트(1.70%) 빠진 4,357.73을 기록했다.   중국 헝다그룹 파산설에 일본 증시도 하락했다. 이날 일본 닛케이225평균주가지수는 전거래일 대비 2.17% 하락한 2만9839.71에 마감했다. 닛케이225지수가 3만선 밑으로 떨어진 건 9월 7일 이후 처음이다. 이날 하락폭은 6월 21일 이후 3개월래 가장 크다.   토픽스 지수 역시 1.7% 내린 2064.55포인트에서 거래를 마치며 3개월 만에 최대 낙폭을 기록했다. 닛케이225지수에 편입된 종목 가운데 약 90% 가량이 주가 하락을 기록했다.   주요 지수가 일제히 하락한 것은 중국 제2의 부동산 개발업체인 헝다그룹 위기설에 따른 시장의 우려 때문이다.   헝다그룹의 부채위험은 1997년 부동산으로 시작된 사업영역을 금융, 헬스케어, 여행으로 과도하게 확장하는 가운데 정부의 부동산 규제 정책과 금융 긴축으로 인해 유동성 위험이 확대된 결과다. 헝다의 부채규모는 1조9500억 위안(355조 원)에 이른다. 헝다 주가와 채권가격은 이번 주 들어서만 각각 27%, 9% 급락했고 헝다의 모든 채권은 16일 1일간 거래 정지되었다.   중국 정부의 잇따른 고강도 주택 가격 안정 정책에 자금난에 빠지면서 채무불이행(디폴트)에 임박한 것으로 알려졌다.   영국 일간 파이낸셜타임스(FT)에 따르면 헝다그룹의 일부 채권 결제 마감일은 오는 23일로, 이날 도래하는 채권 이자는 8350만달러(약 992억원) 수준이다. 만약 헝다그룹이 이날까지 부채를 결재하지 못할 경우 파산 절차가 시작될 전망이다. 전문가들은 현재 헝다그룹의 유동성을 고려할 때, 중국 당국이 특단의 대책을 취하지 않는 한 디폴트(채무불이행) 가능성이 높다고 보고 있다.   국내 전문가들은 헝다 충격으로 인해 국내 증시도 단기 충격은 불가피하는 전망이 우세한 상황이다.   전종규 삼성증권 연구원은 \"헝다그룹의 디폴트 위험이 현실화된다면 이는 부동산 위험을 넘어 금융시스템의 붕괴로 연결되는 최악의 금융위기로 확대될 수 있다\"고 지적했다.   다만 중국 당국이 시스템 리스크로 확산되는 것을 방어할 것이라는 분석도 나온다. 최악의 상황으로 번질 가능성은 낮다는 관측이다.   전 연구원은 \"중국은 내년 2월 동계 올림픽 개최와 가을 최고 지도부 교체를 앞두고 경기와 금융시스템 안정을 최우선 과제로 내세우고 있다는 점에서 금융시장의 혼란을 방치하지 않을 것\"이라고 내다봤다.   그는 또 \"헝다그룹 부채위험의 1차 고비는 오는 연말까지 6억1000만달러에 달하는 채권이자 납입 여부에 걸려 있다\"면서 \"디폴트 위험이 발생할 경우 이는 금융 위기 수준의 치명적인 위험이라는 점에서 4·4분기 내내 헝다그룹을 주목할 필요가 있다\"고 부연했다.   이에 더해 21일부터 이틀간 열리는 미국 연방준비제도(Fed·연준)의 연방공개시장위원회(FOMC) 정례회의도 투자심리에 부정적으로 작용할 전망이다. 미국 CNBC 방송에 따르면 연준은 최근 개선되는 노동시장 상황과 물가상승 압력을 감안해 연내 테이퍼링(완화 축소)를 실시할 수 있다는 신호를 줄 가능성이 높은 것으로 전해졌다.   정용택 IBK투자증권 리서치센터장은 \"FOMC가 끝나도 미국 부채한도 협상과 같은 이벤트가 줄줄이 대기하고 있다\"면서 \"여전히 불확실성이 지속되는 가운데 업종별로 차별화되는 장세가 이어질 것\"으로 내다봤다."
    },
    {
        "title": "헝다 충격에 닛케이지수 급락…2주만에 3만선 와르르",
        "date": "2021.09.21. 오후 8:38",
        "content": "닛케이지수 급락 [사진 = 연합뉴스]중국의 최대 민간 부동산 개발 업체인 헝다(恒大)의 유동성 위기 여파로 도쿄주식시장의 닛케이평균주가(225종, 닛케이지수)가 급락했다.21일 닛케이지수는 전 거래일(17일)보다 660.34포인트(2.17％) 하락한 2만9839.71로 거래를 마쳤다.닛케이지수 3만선 무너진 것은 이달 7일에 이어 2주 만의 일이다. 하락 폭도 올해 6월 21일(953포인트)에 이어 최근 3개월 사이에 가장 컸다.기쿠치 마사토시 미즈호증권 주식전략가는 \"일본 증시가 급상승한 만큼 차익 실현 매물이 나오기 쉽다\"며 \"중국 정부가 국내총생산(GDP) 하락의 영향을 어디까지 허용할지 등 불투명한 느낌이 강하다\"고 진단했다."
    },
    {
        "title": "美긴축 예고에 숨고르던 코스피…中헝다 사태로 단기충격 불가피",
        "date": "2021.09.21. 오후 6:27",
        "content": "중국판 리먼사태 국내 영향은美 테이퍼링 등 불확실성에中 헝다 위기까지 설상가상\"中정부 최악 사태는 막을듯\"업종별로 차별화된 장세 예상◆ 中헝다 악재에 세계증시 휘청 ◆ \n\n\n\n 21일 일본 도쿄 증시가 헝다 사태 여파로 2% 넘게 급락한 가운데 한 시민이 증시 전광판을 바라보고 있다. [EPA = 연합뉴스] 부채가 350조원에 달하는 중국 최대 민영 부동산 개발업체 헝다(에버그란데)의 유동성 위기가 불거지면서 추석 이후 열리는 국내증시에도 상당한 영향을 미칠 것으로 보인다. 국내 증시가 박스권에서 벗어나지  못한 상황에서 새로운 악재 부상은 충격이 클수 있다는 분석이다. 더구나 미국 연방준비제도(Fed·연준)가 21~22일(현지시간) 연방공개시장위원회(FOMC)를 마치고 '테이퍼링(tapering)' 시점을 제시할 가능성이 대두되면서 시장에서는 증시가 추가 상승할 여력이 크지 않았다는 전망이 많았다. 이러한 상황에서 헝다 이슈마저 불거지면서 불확실성이 더욱 커졌다는 분석이다.21일 증권업계에 따르면 올해 4분기 증시는 대체로 변동성이 높을 것으로 전망하는 시각이 우세하다. 다만 전기차 등 새로운 비즈니스를 중심으로는 호재가 많아 종목별 차별화 장세가 이어질 가능성이 높다는 관측도 나온다.당장은 헝다 충격이 국내증시에 어떤 영향을 미칠지가 관심사로 떠오른 가운데 단기 충격은 불가피하는 전망이 우세한 상황이다. 전종규 삼성증권 연구원은 \"헝다그룹의 디폴트 위험이 현실화된다면 이는 부동산 위험을 넘어 금융시스템의 붕괴로 연결되는 최악의 금융위기로 확대될 수 있다\"고 지적했다. 박수현 KB증권 연구원은 \"단기적으로 헝다그룹 사태로 금융시장 변동성이 확대될 가능성은 있다\"고 전망했다.전반적으로 단기적인 충격은 불가피하지만 최악의 상황으로 번질 가능성은 낮다는 관측이 나온다. 중국 당국이 시스템 리스크로 확산되는 것을 방어할 것이라는 분석이다.전종규 연구원은 \"중국은 내년 2월 동계 올림픽 개최와 가을 최고 지도부 교체를 앞두고 경기와 금융시스템 안정을 최우선 과제로 내세우고 있다는 점에서 금융시장의 혼란을 방치하지 않을 것\"이라고 내다봤다.헝다 충격 이외에도 미국 연준의 테이퍼링 이슈도 증시에 부담요인이다.'테이퍼링'은 양적완화를 점차 완화한다는 의미로 '유동성 파티'가 점차 마무리된다는 것을 의미한다. 공교롭게도 한국 시간으로는 추석 연휴 직후인 23일부터 리스크가 대두될 가능성이 높다. 그만큼 국내 증시 변동성이 커질 수 있다는 분석이다.정용택 IBK투자증권 리서치센터장은 \"FOMC가 끝나도 미국 부채한도 협상과 같은 이벤트가 줄줄이 대기하고 있다\"면서 \"여전히 불확실성이 지속되는 가운데 업종별로 차별화되는 장세가 이어질 것\"으로 내다봤다. 아울러 전세계 증시를 둘러싸고 각국 정부가 내놓은 정책은 또다른 위험 요인이다. 특히 중국을 시작으로 한국 또한 플랫폼 기업에 독과점 규제를 내놓고 있어 좌불안석인 투자자들이 많다. 이경수 메리츠증권 센터장은 \"경기가 충분히 호전되지 않았는데 정부가 독과점 규제를 심하게 내놓으면 강세장이 끝날 수 있다\"고 경고했다. 김학균 신영증권 센터장은 \"포괄적으로 금리가 많이 올라가지 않을 것 같다는 인식이 투자자에게 버팀목으로 작용하고 있다\"면서도 \"독과점 기업을 향한 규제는 변수로 작용할 것\"이라고 강조했다.하지만 호재도 있어 지나친 비관론을 경계해야 한다는 의견도 나온다. 세계 각국 정부가 기후변화에 맞서 전기차 도입을 적극적으로 추진하고 있고 코로나19 대유행을 계기로 바이오와 헬스케어 산업이 부상하고 있는 것이 대표적인 사례다. 윤지호 이베스트투자증권 센터장은 \"한국은 이미 '위드 코로나'로 전환하고 있다\"면서 \"지금까지 주가가 오르지 못했던 '리오프닝(정상 생활로 재개)' 수혜주를 눈여겨 봐야 한다\"고 강조했다. 그는 \"백화점이나 의류 같은 유통업종이나 여행주가 대표적인 리오프닝 수혜주\"라고 덧붙였다. 이경수 메리츠증권 센터장은 \"유동성 환경이 까다로워져 증시가 상승하는 탄력이 둔화됐다\"면서도 \"변화가 일어나는 산업에서는 공급 과잉이 일어나기 전까지 코스피는 상승세를 이어갈 것\"이라고 강조했다. 그는 또 \"미국 서비스업 경기가 좋아지고 있고 제조업 또한 기저효과를 감안하면 나쁘지 않다\"고 덧붙였다."
    },
    {
        "title": "LCR 규제 완화 연장에...회사채 시장 '안도의 한 숨'",
        "date": "2021.09.21. 오후 4:37",
        "content": "9월 말 일몰 다가온 LCR 규제 완화책에일각 \"은행채 발행량 증가\" 우려했지만금융당국 LCR 완화조치 6개월 재연장\n\n\n\n[서울경제] 금융 당국의 유동성커버리지비율(LCR) 규제 완화 조치를 연장하기로 하면서 회사채 시장에서도 한숨 돌린 모습이다. 갑작스런 은행채 발행 증가를 염려하지 않아도 되는 상황이기 때문이다.22일 금융 투자 업계에 따르면 금융위원회는 최근 LCR 규제 완화 조치를 6개월 재연장하기로 했다. 금융위는 LCR 등 유동성 비율이나 예대율 규제 관련 안건을 오는 29일 정례회의에 상정할 계획이다.증권가에선 이번 LCR 규제 완화 연장을 회사채 시황에 우호적인 소식으로 인식하는 분위기다. 신영증권은 16일 보고서에서 “은행권 LCR 완화 연장 여부에 대한 불확실성 해소는 크레디트(회사채) 투자 심리에 다소 긍정적인 영향을 미칠 것”이라고 해석했다.증권가가 LCR 규제 정상화 여부에 촉각을 기울였던 배경은 은행들의 유동성 확보 수요 확대로 ‘은행채 발행 증가→금융채 금리 상승(가격 하락)→회사채 시장 약세’의 나비효과가 나타날 우려가 있었기 때문이다.지난해 4월 금융위는 은행들이 지켜야 할 최소 LCR 비율을 한시적으로 100%에서 85%로 낮췄다. 이후 금융위는 두 차례에 걸쳐 LCR 규제 완화안을 6개월씩 연장해 LCR 규제 비율은 약 1년 6개월간 85%로 유지돼왔다.\n\n\n\n16일 오후 서울 중구 은행회관에서 열린 금융위원장-금융협회장 간담회에서 고승범 금융위원장(오른쪽)이 금융협회장들과 인사를 나누고 있다. 이날 고 위원장은 은행 유동성커버리지비율(LCR) 등 코로나19 금융지원 재연장 계획을 밝혔다./연합뉴스코로나19가 창궐하자 은행으로 하여금 시중에 자금을 적극적으로 공급하도록 유도한 것이다. LCR은 현금 및 현금성 자산 등 고(高)유동성 자산 규모를 향후 1개월간 순현금 유출액(현금 유출-현금 유입)으로 나눈 비율이다. LCR이 100%라면 은행들이 뱅크런 상황에서 아무런 정책 지원 없이 한 달간 자체적으로 대규모 자금 인출을 견딜 수 있는 수준이다.LCR 규제 완화안이 이번 달 말에 종료될 예정이었던 만큼 업계에선 은행채 수급 불확실성에 대한 우려가 컸다. 증권가에선 LCR 규제 비율이 다시 100%로 돌아올 경우 시중·지방은행에서 필요한 고유동성 자산 규모가 20조 원대에 달할 것이라는 관측이 제기됐다. 시중은행들의 LCR 비율이 90% 안팎 수준이었기 때문이다. 이에 은행들이 유동성 확보를 위해 은행채 발행을 늘리고, 이것이 금융채·회사채 금리 상승(가격 하락) 요인으로 작용할 것이라는 해석도 제기됐다.그러나 금융위가 LCR 규제 완화 조치를 6개월간 연장한다는 방침을 내놓으면서 이 같은 불확실성이 일단락됐다고 증권가에선 보고 있다.회사채 시장에서 LCR 규제 외에 주목하는 정책 변수로는 한국은행의 기준금리 관련 스탠스, 가계대출 규제 강화 등이 있다. 신영증권은 “기준금리 인상 횟수에 대한 불안감이 재차 확대되면서 크레디트 투자심리도 빠르게 위축되고 있다”며 “크레디트 투자심리가 전격적으로 바뀌기 위해 가장 중요한 것은 기준금리 인상에 대한 불확실성 해소”라고 해석했다. 삼성증권은 “최근 가계대출 규제 강화는 은행채·여전채 발행 규모를 줄이면서 4분기 전체적인 크레디트 채권 발행 규모는 크게 감소할 전망”이라고 내다봤다."
    },
    {
        "title": "증시 흔드는 헝다 사태…중국판 리먼사태로 번지나",
        "date": "2021.09.21. 오전 10:03",
        "content": "17일 중국의 대형 부동산개발회사 헝다 그룹이 장쑤성 쉬저우에서 추진하는 문화관광도시(文化旅遊城) 건설 현장을 하늘에서 바라본 모습. 헝다 그룹이 파산 위기에 놓이면서 현장 공사는 중단된 상태다. [연합][헤럴드경제=이현정 기자]중국 헝다그룹의 유동성 위기가 홍콩 증시를 흔들면서 이번 사태가 국내외 금융위기로 번질 수 있다는 우려가 커지고 있다. 그러나 중국 정부의 적극적인 개입 등으로 파장이 제한적일 것이란 전망이 나온다.21일 금융투자업계에 따르면 헝다 주가는 최근 하락세를 면치 못하고 있다. 이달 들어서만 46% 폭락한 가운데 전날에만 10% 넘게 내려앉았다. 전날엔 장중 한때 19% 가까이 떨어지며 지난 2010년 5월 이후 11년 만에 최저가를 기록했다.헝다 사태로 홍콩 증시도 흔들리고 있다. 홍콩 항셍지수는 전날 장중 4% 가까이 빠졌다. 국내 및 중국과 일본 증시는 추석 연휴로 휴장했는데, 일각에선 아시아 주요 증시의 휴장으로 홍콩 증시의 변동성이 더 커졌다는 해석도 나온다.헝다는 이번 주 채무에 대한 이자를 지급해야 하지만, 불가능할 것이라는 관측이 지배적이다. 중국 당국은 이미 주요 채권자들에게 채무 상환을 기대하지 말라고 밝혔으며, 헝다가 채권은행과 채무 연장 및 확대 가능성을 논의 중인 것으로 알려졌다.그러나 증권가에선 헝다 사태가 국내 증시까지 흔들 가능성은 낮다고 보고 있다. 중국 당국이 주도적으로 개입할 것이란 기대 때문이다. 실제로 중국의 회사채 부도규모는 매년 최고치를 경신하고 있으나 여전히 정부가 승인하는 '계획부도' 범주 내에 머물러 있다. 사상 최대치를 기록한 지난해 중국의 회사채 부도율은 0.3%에 불과하고 OECD 평균 1.0%에도 미치지 못하고 있다. 특히 내년엔 중국의 동계 올림픽도 앞두고 있어 중국 당국이 개입할 가능성이 더 높을 것으로 점쳐지고 있다.전종규 삼성증권 연구원은 \"헝다그룹의 디폴트 위험이 현실화된다면 이는 부동산 위험을 넘어 금융시스템의 붕괴로 연결되는 최악의 금융위기 확대될 수 있지만 단기적으로 헝다 그룹사태가 파괴적인 디폴트 전염으로 확대될 가능성은 낮다고 판단한다\"며 \"중국은 내년 2월 동계 올림픽 개최와 가을 최고 지도부 교체를 앞두고 경기와 금융시스템 안정을 최우선 과제로 내세우고 있다는 점에서 금융시장의 혼란을 방치하지 않을 것\"이라고 내다봤다.박수현 KB증권 연구원도 \"과거 중국 금융시장에 큰 충격을 주었던 이벤트와 달리 정부가 주도적으로 관여를 하고 있고 유동성 위기의 트리거는 외부적인 충격이 아닌 내부 즉 정부의 판단에 의해 결정된 것이기 때문에 시스템 리스크로 확산될 것이라고 판단하지 않는다\"고 전망했다."
    },
    {
        "title": "홍콩 증시, '트리플 규제'에 출렁…4분기 전망은?",
        "date": "2021.09.21. 오전 8:21",
        "content": "부동산·카지노·플랫폼 규제 여파로 관련 섹터 뚝뚝항셍지수, 이달 2만5000선안팎까지 내려…연초 이후 -9%\"부동산·플랫폼 규제 장기화 가능성 낮아 투심개선 전망\"[이데일리 이은정 기자] 홍콩 증시가 중국 정부의 규제 여파로 올 들어 지지부진한 흐름을 이어가는 가운데 부동산, 카지노, 플랫폼 규제 강화 움직임이 맞물리며 연중 저점 수준까지 떨어졌다. 다만 부동산, 플랫폼 규제의 경우 강도가 점차 약화되며 4분기에는 반등할 것이란 기대감도 나온다.\n\n\n\n(집계:마켓포인트/9월15일 기준)21일 마켓포인트에 따르면 홍콩 증시를 대표하는 지수인 항셍지수(HSI)는 이달 들어 2만4000선까지 내려 앉으며 연중 저점대에 머무르고 있다. 지난해 연말부터 중국 정부의 규제 강도가 높아지면서 연초 이후 변동률은 이달 중순(지난 15일)에는 -8.9%를 기록했다. 최근엔 IT·테크, 부동산·헬스케어 등 대다수 섹터가 부진한 흐름을 보이고 있다. 중국 정부의 부동산 규제에 헝다그룹 등으로 구성된 부동산 섹터 낙폭이 확대되고 있다. 헝다그룹은 지난 14일 유동성 문제 해결을 위해 자회사 지분 매각, 홍콩 사옥 매각 전개 현황을 공개했고, 재무 컨설팅에 나선다고 밝혔고 이는 투자자 불안감을 더욱 키웠다는 분석이다.박수현 KB증권 연구원은 “시장은 회사가 공개한 구조조정안 내용보다는 9월 매출액이 대폭 감소할 것이라는 코멘트에 불안감이 확산됐다”며 “헝다그룹 이외에 기타 부동산 디벨로퍼로 부정적 영향 확대될 수 있다는 우려로 부동산 섹터 전체 낙폭이 확대됐다”고 말했다. 마카오에서 발표된 ‘카지노경영법률제도’ 조정안도 카지노 기업 주가를 끌어내렸다. 카지노 운용 라이선스 허가 수량 제한, 기업 감독 강화, 근로자 고용안정 강화 등 기존 대비 다양한 항목별로 규제 내용이 추가된 탓이다. 플랫폼 기업 규제도 지속되고 있다. 국무원 등 정부 부처 연합으로 ‘인터넷 문명 건설 의견’을 발표했고, 기존에 발표했던 플랫폼 규제 내용과 큰 차이는 없지만 개인정보보호, 데이터안보 관련 규정을 추가로 강화해야 한다고 언급한 것으로 전해졌다. 이와 관련 박 연구원은 “4분기 전까지 플랫폼 기업 3대 규제 법안인 반독점법, 개인정보보호법, 데이터안보법 시행령이 추가로 발표될 예정”이라며 “중국 정부의 관련 규정 강화 코멘트 영향으로 플랫폼 기업 비중이 높은 항셍테크지수가 가장 큰 낙폭을 보이기도 했다”고 설명했다. 규제 대산 산업인 부동산, 카지노, 플랫폼이 본토 대비 홍콩 증시 비중이 높아 지수를 끌어내리고 있다. KB증권에 따르면 지수별로 규제 산업 비중은 항셍테크지수 53%, H지수 27%, 항셍지수 25% 순이다. 9월 말까지 홍콩 주요지수 내 알리바바 한 종목의 가중치가 10%를 상회하게 되는 이슈도 부정적 요인으로 꼽힌다. 다만 카지노를 제외한 부동산, 플랫폼 기업 대상 규제 강도가 장기간 유지되지는 않을 것으로 봤다. 부동산 규제로 우려가 확대되고 있는 헝다그룹은 이전 화롱자산관리공사 사례(중국 정부 주도로 국유기업인 중신그룹이 인수)와 유사하게 전개될 전망이다. 다만 정부가 시장에 부동산에 대한 투기성 자금 유입을 경고하기 위해 과거 대비 느리게 구제안을 진행할 가능성도 제기됐다.박 연구원은 “부동산의 경우 이미 100대도시 기준 주택가격 증가율이 3개월 연속 하락세를 유지하고 있으며, 주요 규제 대상이었던 핵심 학군지역도 가격 상승세가 둔화되고 있다”며 “플랫폼 기업도 3대 규제 법안 발표가 마무리되는 4분기부터는 점차 투자심리가 개선될 전망”이라고 말했다."
    },
    {
        "title": "연휴 징크스에 FOMC까지…추석 이후 국내 증시 향방은",
        "date": "2021.09.21. 오전 7:01",
        "content": "통상 추석 전후엔 거래 소극적 증권가 \"예년보다 글로벌 변수 많다\"테이퍼링·점도표 등 FOMC에 촉각\n\n\n\n미 중앙은행(Fed) 연방공개시장위원회(FOMC) 회의와 주택 가격 지표 등이 현지시간 기준 이달 21~24일 중 발표되는 만큼 연휴 직후 국내 증시 첫 거래일에 투자자들의 이목이 쏠리고 있다. 사진=EPA 연합뉴스닷새간의 추석 연휴가 막바지를 향해가는 가운데 향후 주가 흐름에 투자자들의 이목이 쏠린다. 긴 연휴 전후로는 주식 시장이 약세를 보이는 것이 보통이다. 연휴 전에는 차익실현이나 위험회피 심리로 인해 매도세가 강하고 연휴 직후에는 휴장기간에 부각된 변수들이 한 번에 반영되면서 증시에 부담으로 작용한다. 이번 주 연휴가 끝난 뒤 주가 흐름은 어떨까. 올해는 예년보다 긴장된 분위기 속에서 첫 거래일을 맞을 것이라는 게 전문가들의 중론이다. 하반기 증시 최대 이슈인 미 중앙은행(Fed) 연방공개시장위원회(FOMC) 정례회의 결과가 연휴 중 전해지기 때문이다.21일 복수의 현지 외신들에 따르면 이번 회의에서는 자산매입 축소(테이퍼링) 계획이 공표될 가능성이 높다. 테이퍼링은 금리 인상의 직전 단계로 여겨진다. 금리가 인상되면 돈이 주식이나 코인 등 위험자산에서 예금 같은 안전자산으로 몰리기 때문에 증시는 부담이다. FOMC 회의는 미 현지시간으로 21~22일에 열린다. 한국시간 기준으로는 회의 결과가 23일 개장 전 전달될 전망이다. 증권가에선 테이퍼링 관련 발언보다는 FOMC 회의 이후 발표될 점도표에 주목하는 모습이다. 점도표는 FOMC 소속 위원 18명이 각자가 생각하는 적정금리를 점으로 나타낸 그래프로, 일종의 설문조사다. 이달 점도표에서 조기 금리인상을 점친 위원들이 늘면 증시는 이를 긴축 가속화 신호로 받아들여 약세를 보일 수 있다. 반대의 경우에는 투자심리가 호전돼 증시에 지지력을 제공하게 된다.이경민 대신증권 연구원은 \"FOMC에선 2023년 점도표 변화를 확인하는 한편 처음 공개되는 2024년 점도표 레벨을 점검해야 한다\"고 밝혔다. 이 연구원은 \"가속화 시그널이 아니라면 시장에 미치는 영향은 단기에 그칠 전망\"이라며 \"테이퍼링이 시행되더라도 향후 1년 정도 유동성 공급은 지속될 것이고 통화정책 전환 여부는 그 다음 단계이기 때문\"이라고 덧붙였다.박광남 미래에셋증권 연구원은 \"테이퍼링은 단적으로 유동성을 축소하는 게 아니라 유동성 축소 속도를 줄이는 것이지만 금리인상은 명확한 유동성 축소 조치\"라며 \"점도표가 매파적으로 나올 경우 분명히 시장에 부정적인 영향을 미칠 것\"이라고 강조했다.다만 테이퍼링과 관련해선 \"최근 소비자물가지수(CPI)가 둔화했다는 소식이 전해지면서 테이퍼링에 대한 시장의 컨센서스는 중립적으로 변한 상황\"이라며 \"이번 FOMC에서는 논의만 될 뿐 구체적인 방안 등은 언급되지 않을 가능성이 높다\"고 말했다.한화투자증권은 현지시간 기준 미국에서 21~24일 연일 발표되는 주택 관련 지표에도 주목했다. 주택 착공 허가건수는 21일, 기존 주택 매매와 신규 주택 매매는 각각 22일, 24일에 발표된다.최보원 한화투자증권 연구원은 \"주택 가격 상승세가 이어지고 있는 만큼 주택 판매 건수 둔화 속도를 점검해 볼 수 있다\"며 \"추가적인 바이든 정부의 주택 공급 정책도 발표될 수 있어 주목된다\"고 했다."
    },
    {
        "title": "훨훨 나는 유가 전망에도 원유ETF 자금은 반토막",
        "date": "2021.09.20. 오후 10:49",
        "content": "ETF 6종 순자산 한 달 새 450억원 ↓WTI·브렌트유 상승에도 펀드 자산 뚝연말 유가 강세 지속···XLE·XLB등 ETF 추천\n\n\n\n삼성중공업이 건조한 LNG연료 추진 초대형 원유운반선./사진제공=삼성중공업[서울경제] 국제 유가가 한 달 여 만에 70달러 선을 회복했지만, 원유를 추종하는 상장지수펀드(ETF) 들의 자금은 반토막 나고 있다. 업계에서는 유가가 하향할 것이라는 전망에 자금이 유출하고 있는 것으로 풀이했다.21일 펀드평가사에 따르면 지난 20일 기준 원유를 추종하는 ETF 6종의 순자산총액이 한 달 새 449억원 줄어든 것으로 나타났다. 6개월 사이에는 2,284억원, 연초 이후에는 5,039억원 감소했다.지난 20일(현지 시간) 10월물 미국 서부텍사스산원유(WTI) 가격은 배럴당 72.34달러를 기록, 북해산 브렌트유 11월물은 2.38달러 올라 배럴당 74.56달러로 체결됐다. 유가가 상승함에도 불구하고 원유ETF에서는 꾸준히 자금 유출이 이어지고 있다. 한 달 새 400억원 이상 자금 유출이 발생한 것이다. 현재 국내 상장된 원유 ETF 6개의 순자산은 총 3,200억원 수준이다.수익률은 나쁘지 않았다. 한 달 새 5~8% 수준의 성과를 냈다. KBKBSTAR미국S&P원유생산기업증권ETF(주식-파생)(합성H)은 한 달 새 8.54%의 성과를 냈고, 삼성WTI원유특별자산1(WTI원유-파생)(A)와 미래에셋TIGER원유선물특별자산상장지수(원유-파생)는 각각 5.2%~5.1% 수준의 성과를 거뒀다.당분간 업계에서는 연말까지 유가 강세가 이어질 것으로 내다봤다. 뱅크오브아메리카(BoA)는 공급이 제한된 상황에서 겨울 한파가 예상보다 강할 경우 유가가 최대 배럴당 100달러까지 오를 것이라고 전망했다. BoA의 프란시스코 블랜치 상품 전략가는 “겨울에 한파가 발생할 경우 난방용 석유 사용이 급증할 수 있다”며 “최근 천연가스, 석탄 등 다른 에너지 가격이 계속 오르는 가운데 유가도 상승할 가능성이 높다”고 했다. 골드만삭스도 유가가 올 4분기 배럴당 80달러까지 오를 것으로 내다봤다. OPEC+ 산유국의 증산량이 기대에 못 미치고, 아이다로 인해 미국의 원유 생산량이 부족하다는 이유에서다. 다만 골드만삭스는 유가가 올 4분기를 정점으로 내년부터는 하락할 것으로 전망했다.업계 관계자는 “원유 가격이 상승할 것이라는 전망에도 불구하고 자금 유출이 이어지는 것은 유가가 하향할 수도 있다는 가능성 때문”이라며 “원유 ETF 대신 유가 안정화 수혜가 예상되는 XLE(에너지), XLB(기초소재) 등의 ETF를 추천한다”고 말했다."
    },
    {
        "title": "로블럭스, 역대 최대 사용자 기록…하반기도 '훈풍' 전망",
        "date": "2021.09.20. 오전 10:16",
        "content": "[헤럴드경제=이현정 기자]미국 로블럭스가 역대 최대 일간 활성 사용자(DAU)를 발판 삼아 하반기에도 성장세를 이어갈 것이란 전망이 나왔다.20일 금융투자업계에 따르면 로블럭스는 최근 긍정적인 지난달 실적을 공개했다.로블럭스의 지난달 DAU는 4820만명으로 역대 최고치를 기록했다. 이는 전년 동기 대비 32% 늘어난 것이자 7월에 비해 4% 증가한 규모다. 이용시간 역시 40억 시간으로 전년 동기 대비 32% 급증했다. 총매출액도 2억1900만~2억2200만달러로 같은 기간 30% 늘었다.이달 지표는 개학 시즌 영향으로 여름에 비해 둔화될 가능성이 제기되지만 우려할 만한 수준은 아닐 것이란 전망이 지배적이다.이영진 삼성증권 연구원은 \"팬데믹 기간인 지난해 대비로도 주요 지표의 성장이 계속되고 있고, 총매출액의 경우 지난달 성장성이 7월보다 긍정적이었던 점을 고려하면 큰 폭의 둔화 가능성은 제한 적일 것\"이라며 \"지난 2분기 실적 컨퍼런스 콜에서 자신한 것처럼 특별한 매크로 쇼크가 없는 상황에서 장기적인 플랫폼의 성장을 기대할 수 있다\"고 말했다.중장기 방향성도 명확해 성장세가 견고하다는 평가다.이 연구원은 \"최근 다양한 파트너십 구축을 통해 주요 메타버스 플랫폼으로서 변화 전략을 추진하고 있고 13세 이상 이용자 및 콘텐츠 다변화 전략도 성공적\"이라며 \"중장기 방향성은 확고하다는 측면에서 여전히 매력적\"이라고 분석했다."
    },
    {
        "title": "지금 대세는 친환경株...수소·2차전지 한 달간 주가 '쑥'",
        "date": "2021.09.20. 오전 9:02",
        "content": "코오롱플라스틱 135%·효첨 50%·롯데정밀화학 41% 등후성·OCI 등 2차전지·친환경에너지주도 30% 넘게 상승해하반기 경기 피크아웃 우려에...미래성장성 갖춘 기업 주목규제 위험 적은 점 역시 투자 매력 높여...자금 유입 지속될 것\n\n\n\n[서울경제] 수소·2차전지 등 친환경 관련주들이 ‘박스피(박스권+코스피)’ 증시에서도 가파른 상승세를 기록하고 있다. 최근 경기 둔화 우려에 각국 기업 규제까지 겹치며 투자 ‘안전지대’가 좁아지자 미래성장성이 높고 규제 위험은 적은 친환경주로 투자심리가 쏠리고 있는 것으로 분석된다.20일 한국거래소에 따르면 최근 한 달간(8월 20일~9월 17일) 코스피 시장에서 주가 상승률이 높았던 종목들을 집계한 결과, 친환경 관련주들이 상위권에 대거 포진한 것으로 나타났다. 수소전기차용 연료전지 부품·소재 등을 개발하는 코오롱플라스틱(138490), 코오롱인더(120110)가 각각 134.79%, 48.70% 상승하며 2위, 17위를 차지했다. 이어 효성첨단소재(298050)(16위, 50.28%), 롯데정밀화학(004000)(26위, 41.02%) 등 수소 수혜주로 꼽히는 종목들 역시 높은 순위를 기록했다. 2차전지 핵심 소재를 생산하는 후성(093370)(44위, 30.63%)과 친환경 에너지 업체 OCI(010060)(37위, 34.60%) 등도 가파른 상승세를 보였다.올 하반기 경기 피크아웃(고점 통과) 및 미 연방준비제도(Fed)의 테이퍼링(자산 매입 축소) 개시 가능성이 커지자 투자자들의 관심이 미래 성장성을 담보한 업체들로 집중되고 있는 것으로 보인다. 최근 두 달 가까이 박스권을 횡보 중인 코스피 지수는 현재 8월 고점(3,280.38) 대비 4.26% 하락한 상태다. 코스피 12개월 예상 영업이익 증가율 역시 7월 말 56%대를 기록한 이후 정체하고 있다. 반면 전기·수소 등 친환경 기술 시장의 향후 성장세는 뚜렷한 것으로 분석된다. 임은영 삼성증권 연구원은 “지난 6월 기준 중국과 유럽의 전기차 침투율은 각각 16%, 19%로 이미 대중하 단계에 진입했다”며 “미국 역시 9월 이후 전기차 모델 출시가 잇따르며 급격한 전기차 전환을 이룰 것”이라고 예상했다. 수소경제의 경우, 국내 주요 5개 그룹사가 밝힌 투자 금액이 42조 1,000억 원에 이른다. 김귀연 흥국증권 연구원은 “글로벌 수소차 판매는 2030년 연간 105만 대로, 2020~2030년 연평균 성장률(CAGR)이 58.6%를 기록할 것”이라고 전망했다.한편 규제 위험이 적다는 점 역시 친환경주들의 투자 매력으로 꼽힌다. 오히려 글로벌 탄소제로 추진 기조에 따라 정부 정책 및 투자 흐름이 친환경 시장의 성장세에 가속도를 붙일 수 있다는 설명이다. 김 연구원은 “올해 한국의 수소 사업 관련 예산은 6,990억 원으로 전년 대비 2,230억 원 증가했다”며 “국가별 탄소중립 추진에 따른 수소밸류체인 자금 투입 및 민간 기업 투자 확대로 자금유입이 지속될 것”이라고 내다봤다."
    },
    {
        "title": "\"네이버·카카오만 맞는 게 아니었네\"…플랫폼 때리는 국가권력",
        "date": "2021.09.20. 오전 7:01",
        "content": "팬데믹발 K자 양극화 후폭풍 본격화될까칼 들이대는 韓·中 정부…기업들, 돈 내며 ‘백기투항’시스템 구축해온 美, 셔먼법 적용 기반 만들까\n\n\n\n경기 성남 분당구 카카오 판교오피스. / 자료=한경DB신종 코로나바이러스 감염증(코로나19) 확산 사태의 수혜를 받아 성장세에 가속도가 붙은 인터넷 플랫폼 기업에 대해 정부와 정치권이 규제의 칼날을 겨누고 있다. 이 영향으로 지난 7일 이후 네이버(NAVER)와 카카오의 주가가 급락세를 보였다.빅테크 기업에 대한 규제·견제는 세계적 트렌드다.중국 당국은 마윈 알리바바 창업자의 당국 비판 발언을 계기로 빅테크 기업 때리기에 나선 뒤 차량공유플랫폼, 교육플랫폼, 게임기업 등을 차례로 손봤다. 이후 ‘공동 부유’라는 슬로건을 내걸고 기업들에게 기부를 강요하는 중이다.미국의 국가권력도 빅테크 기업에 우호적이지 않다. 한국과 중국에서처럼 떠들썩하지는 않았지만, 오래 전부터 입법부와 행정부가 플랫폼 기업에 대한 견제를 준비해왔다. 최근에는 사법부가 애플이 앱스토어 통행세처럼 수수료를 챙기는 행태에 제동을 거는 판결을 내놨다.\n\n\n\n증권가에선 정부의 규제로 빅테크 기업들의 성장세가 둔화될 수는 있어도 성장의 방향성이 바뀌지 않는다는 분석, 국가권력의 빅테크 기업 견제가 새로운 성장산업을 부상시키는 계기가 될 것이란 전망이 함께 나오고 있다.  카카오 주가 23% 폭락했지만…아직 국정감사 남았다한국거래소에 따르면 지난 17일 카카오는 11만9500원에 거래를 마쳤다. 8월 종가 15만5000원과 비교하면 22.90% 하락한 수준이다. 같은 기간 네이버의 주가도 8.20% 하락했다.정부 당국과 정치권이 일제히 ‘카카오 때리기’에 나선 영향이다.공정거래위원회는 카카오가 사실상 그룹의 지주회사 격인 케이큐브홀딩스와 관련된 자료를 누락하거나 허위로 보고한 혐의에 대해 조사하고 있다. 김범수 의장을 겨냥한 조사로, 검찰 고발 가능성까지 제기되고 있다.지난 7일에는 금융당국이 플랫폼기업의 금융상품 소개 행위에 대해 광고가 아니라 ‘중개’라는 해석을 내놨다. 금융상품을 중개하기 위해서는 금융소비자보호법(금소법)에 따른 자격을 갖춰야 하기에, 핀테크 기업들은 당장 사업 자체를 하지 못하게 될 수도 있다.같은날 여당인 더불어민주당의 송갑석·이동주 의원은 국회에서 ‘118개 계열사를 거느린 공룡 카카오의 문어발 확장’을 주제로 한 토론회를 개최해 카카오에 대한 규제의 필요성을 공론화했다.\n\n\n\n결국 카카오는 향후 5년 동안 파트너들을 지원하기 위한 기금 3000억원을 마련하고, 골목상권 침해 논란이 일었던 꽃·간식 배달과 같은 일부 사업에서 철수하는 등 ‘백기투항’을 했다. 특히 시장을 지배한 뒤 가격을 올린다는 비판을 받았던 카카오택시의 ‘스마트호출(돈을 더 내면 택시가 빨리 잡히는 기능)’을 폐지하고, ‘프로멤버십(택시 기사가 배차의 혜택을 받는 서비스)’ 가격을 기존 9만9000원에서 3만9000원으로 낮췄다.하지만 카카오의 주가는 상생안을 내놓은 지난 14일 소폭 반등했을 뿐 다시 미끄러졌다. 정치권의 포화가 아직 끝나지 않아서다.다음 무대는 다음달 5~21일 진행되는 국정감사다. 이미 여야는 다음달 5일 공정거래위원회 국정감사 증인으로 김범수 의장을 부르는 데 합의했다. 여권에서는 강한승 쿠팡 대표와 김봉진 우아한형제(배달의민족) 대표 등도 국정감사 증인 후보로 거론되고 있다. 민주당은 카카오와 네이버 뿐만 아니라 물류·유통, 숙박, 법률, 의료, 부동산 등 다양한 분야 플랫폼 기업들로의 쏠림을 각 의원들이 1대1로 전담해 집중적으로 다룰 계획으로 알려졌다.  “걸리면 훅 간다” 중국당국, 빅테크 경영권까지 노려빅테크 기업 때리기로 가장 먼저 이목을 집중시킨 나라는 중국이다. 권위주의가 강한 공산당 일당독재 국가에서 당국에 미운털이 박히면 거대기업도 하루아침에 존립 자체를 위협받게 되기 때문이다. 이에 중국 뿐만 아니라 미국과 한국의 증시도 흔들렸다. 최근에는 정부가 기업의 경영을 장악하려는 움직임도 나타났다.블룸버그통신에 따르면 중국 베이징시는 산하 국유기업들로 구성된 컨소시엄을 통해 ‘중국판 우버’로 불리는 차량공유플랫폼 디디추싱에 대한 지분 확보를 추진하고 있다. 다만 디디추싱은 사회관계망서비스(SNS)에 올린 성명을 통해 이를 부인했다.\n\n\n\n시진핑 중국 국가주석. /사진=신화통신, 연합뉴스이에 앞서서는 중국 저장성 산하의 국유기업 3곳과 알리바바의 금융계열사 앤트그룹의 합작사를 설립해 핵심 부문인 소비자 데이터 수집·관리·분석을 맡길 예정이라고 로이터통신이 전했다.알리바바과 디디추싱은 중국 당국의 심기를 건드리며 위기에 처한 기업들이다.알리바바의 창업자 마윈은 작년 10월 상하이에서 개최된 한 포럼 연설에서 중국 정부를 향해 지나치게 보수적인 감독정책을 취하고 있으며, 국유은행들이 담보에 의존하는 ‘전당포 영업’을 하고 있다고 비판했다.‘세기의 기업공개(IPO)’로 꼽혔던 알리바바의 금융계열사 앤트그룹의 미국 증시 상장이 작년 11월 무산됐다. 상장을 준비하던 과정에서 앤트그룹의 시가총액이 최대 4500억달러(약 510조원)에 달할 수 있다는 전망이 나오기도 했다. 세계 최대 금융그룹인 JP모건체이스의 당시 시가총액(3910억달러)보다 큰 금액이었다.앤트그룹 상장이 무산된 뒤 월스트리트저널은 “시진핑 중국 국가주석이 마윈의 연설 내용에 대한 보고를 받고 당국자들에게 조사를 진행하라고 지시해 결국 앤트그룹 IPO를 중단시키도록 했다”고 보도했다.\n\n\n\n올해 들어서는 ‘중국판 우버’로 불리는 차량공유플랫폼 디디추싱이 중국 공산당 창당 100주년 기념일을 하루 앞둔 6월30일 미국 증시 상장을 강행하면서 다시 한번 중국 당국을 자극했다. 이에 중국 당국은 7월4일 개인정보 관련법 위반 혐의로 앱마켓에서 디디추싱 앱을 삭제하라는 명령을 내렸다.이후 중국 당국은 폭주했다. 저출산 문제를 해결하겠다며 7월23일 사실상 사교육을 금지시켰다. 초등학생과 중학생을 대상으로 중국어, 수학, 영어 등을 가르치는 사교육기관을 일괄적으로 비영리기구로 등록하는 한편, 신규 허가의 금지하는 규정을 내놓으면서다. 이와 함께 온라인 교육기업의 설립도 등록제에서 허가제로 바뀌었다.사교육 다음은 게임기업이었다. 중국 국가신문출판광전총국은 최근 18세 미만 청소년들이 금요일, 주말, 법정 공휴일에만 게임을 할 수 있는 규제안을 내놨다. 이런 고강도 규제는 이미 예고돼 있었다. 중국 정부의 기관지인 신화통신 산하 경제참고보가 지난달 사설을 통해 온라인 게임을 ‘정신적 아편’이라고 부르며 비판했기 때문이다. 영국과의 아편전쟁에 패배하면서 굴욕을 당했던 역사가 있는 중국에서 ‘아편’은 매우 민감한 단어다. 게임기업 다음에는 연예계, 카지노 등에 대한 규제도 차례로 나오고 있다.결정판은 시진핑 주석이 8월17일 중앙재경위원회 회의에서 새로운 국정기조로 내세운 ‘공동부유론’이다. 공동부유론의 부상은 덩샤오핑이 1985년 개혁·개방을 추진하며 내세운 선부론(先富論)의 폐기로 해석된다. 사회주의 색채를 강화하는 것이다.중국 국가권력의 눈치를 볼 수밖에 없는 기업들은 천문학적인 돈을 내놓고 있다. 미운털이 단단히 박혀 있는 알리바바는 2025년까지 1000억위안(약18조원)을 들여 ‘공동부유 10대 행동’을 추진하기로 했다. 이외에도 텐센트는 500억위안(약 9조원)을, 전자상거래기업 판둬둬는 100억위안(약 1조8000억원)을 각각 농업과학기술전담 기금으로 조성하는 계획을 밝혔다. 美입법·행정부, 플랫폼에 ‘독점기업’ 굴레 씌울까자본주의의 본고장이라고 할 수 있는 미국에서도 빅테크 기업 견제가 본격화되고 있다. 이미 입법부는 2019년부터 구글, 아마존, 페이스북, 애플 등 플랫폼 기업의 시장 지배력에 대해 조사해왔다. 조 바이든 행정부는 최근 빅테크기업 견제를 위한 관료 라인업 구축을 마쳤다. 최근에는 애플 앱스토어 수익에 타격이 불가피한 판결이 나왔다.미 캘리포니아주 오클랜드 연방법원은 게임 ‘포트나이트’ 개발사 에픽게임즈가 애플을 상대로 제기한 소송에서 “90일 안에 외부결제를 허용하라”는 판결을 내렸다. 앱 개발자들이 자체적으로 결제 시스템을 운영해 앱스토어 수수료를 내지 않을 수 있도록 하라는 취지다.지금까지 앱 개발자들은 아이폰과 아이패드 등 애플의 스마트기기 사용자들로부터 유료 콘텐츠의 대가를 받을 때 애플 앱스토어 시스템만을 사용해야 했다. 이 과정에서 애플은 결제액의 최대 30%의 수수료를 챙겼다. 이번 판결이 나온 지난 10일 애플의 주가는 3.31% 하락했다.애플이 반독점법을 위반했다는 에픽게임즈의 주장을 재판부가 받아들이지 않은 점은 애플 입장에서 그나마 다행이었다. 또 재판부는 에픽게임즈가 자체적으로 외부 결제 시스템을 구축해 수익을 벌어들인 데 대해 최대 400만달러의 손해배상금을 지급하라고 판결했다. 때문에 이번 판결이 애플의 승리라는 평가가 나오기도 한다.하지만 애플이 안심하기는 아직 이르다. 이본 곤잘레스 로저스 판사는 “애플이 독점기업이라고 견론내릴 수는 없지만, 불가능하다고 보지는 않는다”며 “에픽이 애플이 독점기업임을 입증하는 데 실패했을 뿐”이라고 말했다.미국 정치권에서는 애플, 구글 등 플랫폼 기업을 겨냥한 반독점법 입법이 추진되고 있다. 미 하원 법제사법위원회는 2019년부터 16개월 넘게 구글, 아마존, 페이스북, 애플의 시장 지배력에 대해 조사한 결과를 근거로 올해 6월 반독점 패키지 법안을 통과시켰다. 이 패키지는 ▲플랫폼의 자사 제품 우대 및 차별적 취급 등 금지법 ▲잠재적 경쟁자 인수·합병 규제법 ▲플랫폼 사업자의 자사제품 판매 제한법 ▲소셜미디어 이용자의 데이터 권익 보호법 ▲연방거래위원회(FTC)과 법무부 반독점국(DOC)를 비롯한 경쟁당국의 예산 확충안 등으로 구성됐다.\n\n\n\n리나 칸 미국 연방거래위원회(FTC) 위원장. /사진=AFP, 연합뉴스조 바이든 대통령은 최근 법무부 반독점국 국장으로 조나단 캔터 변호사를 지명했다. 캔터 지명자는 대기업에 대한 반독점 규제의 필요성을 강조하며 수년째 구글에 맞서는 회사들을 대리해왔기에 ‘구글의 적’으로도 불린다.이번 인사를 두고 바이든 대통령이 행정부 내에 빅테크기업을 견제하기 위한 인사를 마무리했다는 평가가 나온다. 반독점국 국장 지명에 한달 앞선 6월 바이든 대통령은 한국의 공정거래위원회 격인 연방거래위원회의 수장으로 리나 칸 컬럼비아대 로스쿨 교수를 임명했다. 올해로 만 32세인 칸 위원장은 2017년 발표한 ‘아마존의 반독점 역설’ 논문을 통해 플랫폼을 선점한 IT기업이 독점적 지배력을 강화하고 있지만 제도가 이를 뒤따르지 못한다고 지적하면서 유명세를 탔다.칸 위원장 임명에 앞서서는 그의 동료인 팀 우 컬럼비아대 교수가 백악관 국가경제위원회 대통령 기술·경쟁정책 특별보좌관으로 임명되기도 했다. 우 보좌관은 학자 시절 빅테크 기업을 분할해야 할 필요성을 주장해왔다.미국 국가권력이 플랫폼 견제에 성공할지 여부는 ‘독점’ 혐의를 적용할 수 있을지가 가를 전망이다. 독점 기업이라는 굴레를 씌우게 되면 강한 제재를 할 수 있어서다. 이미 미국에서는 ‘반독점 대헌장’으로 불리는 셔먼법이 1890년 제정됐다. 이 법에 따라 석유시장을 장악했던 스탠더드오일은 33개 회사로, 담배시장을 장악했던 아메리칸토바코는 16개 회사로, 통신시장을 장악했던 AT&T는 각 지역별 사업자로 각각 쪼개졌다.  규제 결과는?…“빅테크 성장 지속” vs “성장주 세대교체”세계 각국이 빅테크 기업에 대한 규제·견제에 나선 배경은 플랫폼으로의 경제력 집중이다. 특히 코로나19 확산 사태는 이를 가속화시켰다. 감염병 확산을 막기 위해 사람들 사이의 접촉을 줄여야 하는 상황에서 경제활동이 온라인 플랫폼을 기반으로 이뤄질 수밖에 없었기 때문이다.실제 네이버와 카카오의 주가는 이달 들어 급락세를 탔지만, 여전히 2019년 종가와 비교하면 각각 2배와 4배 수준이다. 배경은 실적 성장 전망이다. 네이버의 올해 연견 매출액에 대한 증권가의 전망치 평균(컨센서스)은 6조7889억원으로 작년 대비 27.99% 많다. 같은 기간 카카오는 42.95% 증가한 5조9466억원의 매출액을 기록할 것이라는 증권가의 공감대가 형성됐다. 두 회사는 작년에도 2019년 대비 매출액이 각각 21.76%와 35.39%가 늘었다.아직까지 국가권력이 나서 플랫폼기업 성장에 규제·견제를 가하는 데 대한 결과가 어떻게 나올지에 대한 증권가의 공감대는 형성되지 않고 있다.우선 플랫폼기업의 성장세가 둔화될지언정 성장 자체는 계속될 것이란 전망이 우세하다. 오동환 삼성증권 연구원은 “플랫폼 사업자는 기존 오프라인 영역에서 비효율을 발생시키던 서비스와 상품을 모바일 플랫폼과 기술을 활용해 효율성을 높이고 소비자 효용성 향상 측면에서 사회적 부가가치를 창출했다”며 “혁신 과정에서 발생하는 기존 사업자들의 반발로 해외에서도 플랫폼 규제가 강화되고 있으나 산업의 (플랫폼 중심으로의) 패러다임 변환은 시대적 흐름”이라고 말했다.김수연 한화투자증권 연구원도 애플과 에픽게임즈의 소송 결과에 대해 “이번 소송에서 에픽게임즈는 애플이 독점기업임을 증명하지 못했고, 오히려 애플은 자사 제품의 편리성 때문에 진입장벽이 생겼다고 편론했다”며 “과거 정부가 이윤을 보장해주던 에너지, 유틸리티, 통신 등의 독점과 달리 빅테크는 기술을 바탕으로 소비자의 이익을 늘리는 방향으로 움직였다. 규제에도 불구하고 최근 FAANG(페이스북·애플·아마존·넷플릭스·구글) 지수가 다시 신고가를 내는 이유”라고 말했다.반면 이은택 KB증권 연구원은 빅테크기업에 대한 규제·견제가 성장기업 세대교체의 계기가 될 수 있다고 봤다. 그에 따르면 모바일 방식이 태동한 2000년대 초반에는 통신사가 온라인 접속 플랫폼의 지위를 누렸고, 현재 플랫폼기업인 네이버(NHN)·다음·네오위즈(세이클럽) 등이 콘텐츠를 제공하던 ‘을’의 입장이었다.\n\n\n\n자료=KB증권하지만 2003년 통신사에 대한 독과점 규제가 나온 뒤 당시 성장주였던 SK텔레콤의 주가는 20년간 하락했고, 콘텐츠 기업이었던 네이버·다음·네오위즈는 성장주로서의 주가 상승이 시작됐다고 이은택 연구원은 설명했다.그는 “이달 초 한국 (국회)에서 ‘구글 갑질방지법’이 통과되자 환호한 사람은 팀 스위니 에픽게임즈 대표였다. 규제의 수혜자가 누구인지 명확했던 사건”이라며 “향후 글로벌 플랫폼 규제 (키워드)는 독과점과 세금으로까지 확대될 수 있어 보이기에, 규제와 싸우기보다는 수혜주를 찾는 게 나은 전략”이라고 말했다."
    },
    {
        "title": "K-OTC 시장 시총 22조…6년만에 신규 진입 20개 넘는다",
        "date": "2021.09.20. 오전 6:07",
        "content": "K-OTC 시장 [연합뉴스 자료사진](서울=연합뉴스) 김태종 기자 = 주식시장과 기업공개(IPO) 시장이 열풍을 이어가면서 제도권 장외주식시장인 K-OTC 시장 규모도 커지고 있다.    K-OTC시장은 유가증권시장과 코스닥시장, 코넥스에 이어 국내 주식시장의 하나로, 장외기업들이 제도권에서 주식을 거래할 수 있는 시장이다.    20일 금융투자협회에 따르면 지난 17일 기준 K-OTC시장의 전체 시가총액은 22조1천억원으로, 작년 말 17조원보다 30%(5조1천억원) 증가했다.    지난 4월 26일 6년 5개월 만에 20조원을 돌파한 이후에도 2조원, 10%가 더 늘었다.    올해 1일 평균 거래대금도 60억원으로 2020년(51억5천만원)과 2019년(40억3천만원)을 크게 넘어섰다.    거래되는 전체 기업 수는 140개로, 신규 진입 기업도 늘고 있다.    올해에는 11개 기업이 신규 진입을 하면서 지난해 12개에 바짝 다가섰다. 특히, 올해에는 2015년 이후 6년 만에 신규 진입 기업이 20개를 넘을 것으로 전망된다.    협회 한 관계자는 \"기업명을 밝힐 수는 없지만, 올해 K-OTC 상장을 대기하고 있는 기업들이 많다\"며 \"올해 신규 기업이 20개를 넘을 수도 있다\"고 말했다.    K-OTC 시장은 2014년 8월 설립된 이후 그해에 71개, 2015년에는 30개가 진입했다. 그러나 2016년 16개에 이어 2017년에는 6개에 그쳤고, 2018년과 19년에도 각각 18개와 16개로 20개에는 미치지 못했다.    현재까지 17개 기업이 K-OTC 시장을 거쳐 유가증권시장과 코스닥시장에 이전 상장했다. 2014년 삼성SDS, 2015년 미래에셋생명과 제주항공, 2018년 카페24, 2020년 서울바이오시스 등이 대표적이다.    올해에는 넷마블네오가 이전 상장을 추진 중인 것으로 알려졌다.    K-OTC 시장 규모가 커지는 것은 무엇보다 중소벤처기업들로서는 자금 조달을 할 수 있고, 투자자로서는 유망한 기업에 대해 상장 전 투자를 통해 높은 수익을 얻을 수 있기 때문으로 풀이된다.    실제 중소벤처기업들이 지난 6월 말까지 기업들이 증자 등을 통해 조달한 금액도 3조852억원에 달했다.    협회 관계자는 \"상장 전 투자처로서 비상장 기업에 대한 관심이 커지고 제도권 시장으로서 거래 편의성과 안정성, 세제 혜택까지 주어지면서 투자자도 기업들도 관심이 커지고 있다\"고 말했다.    taejong75@yna.co.kr"
    },
    {
        "title": "\"연15% 이자 OO통장부터 만드세요\" 존리가 말하는 초보투자자 ABC",
        "date": "2021.09.20. 오전 6:02",
        "content": "[인터뷰]존리 메리츠자산운용 대표주말용 콘텐츠 '머니콕'은 매주 엄선한 투자 전문가와의 심층 인터뷰를 통해 믿을 만한 재테크 정보를 전달합니다. 유튜브에서 '매일경제 에브리데이'를 검색하시면 영상(무료)으로 먼저 만나보실 수 있습니다.[머니콕-50] 최근 지루한 장세 속에 마음가짐이 흔들리는 투자자들을 위해 매일경제가 '동학개미 운동의 선봉장' 존 리 메리츠자산운용 대표를 만났습니다. 투자 구루가 얘기하는 주식 투자를 할 때 반드시 알아야 할 투자 철학과 원칙, 종목 선택과 매매 방법 등을 총 4회에 걸쳐 독자 여러분께 전해드릴 예정입니다. 오늘은 그 세 번째 이야기입니다. 존 리 대표는 초보 투자자가 가장 먼저 해야 할 일로 '연금저축계좌'부터 만들라고 주문했습니다. 연금저축계좌는 연간 납입한도 1800만원 가운데 400만원까지 소득공제 혜택을 주기 때문입니다. 소득공제율이 최고 15%(총급여액이 5500만원 이하인 경우)여서 금리 15%를 주는 예금통장에 가입하는 것이나 다름없다는 것입니다.그는 노후 준비 자금 가운데 하나로 매우 중요한 퇴직연금도 예·적금 상품에 넣어두지 말고 주식에 투자해야 한다고 강조했습니다. 20대라면 주식에 100%, 50대라면 주식에 50%가량 투자하는 것이 바람직하다고 그는 조언했습니다. 다음은 인터뷰 전문.\n\n\n\n \"작은 소비를 포기하면 훨씬 큰 것을 갖게 된다\"Q1. 초보 투자자들이 알아야 할 것A. 초보 투자자들이 우선 알아야 할 것은 당장 시작하라는 것, 그다음에 가격이 하락하는 것을 두려워할 필요가 없다는 것입니다. 왜냐하면 오래 투자할 것이기 때문이죠. 올라갈 때도 사고 하락할 때도 살 것이기 때문에 걱정할 필요가 없습니다. 주위에 주식 전문가라는 사람의 말은 믿지 말세요. 특히 리딩방 이런 것은 모두 엉터리입니다. 좋아할 만한 주식은 얼마든지 많습니다. 그런 주식을 꾸준히 모으세요. 주식 투자에 초보자라는 것은 있을 수 없습니다. 사람들은 주린이라고 얘기하는데 투자하는 데 지식이 많을 필요는 없습니다. 사업에 성공한 사람이 공부를 잘한 사람이 아닌 것도 그런 이유입니다. 돈 버는 것을 경험적으로 해보다 보니 저절로 알아가는 것이죠. 주식 투자를 10년 했다고 나을까요. 천만에요. 그 사람이 잘못될 가능성이 있습니다. 잘못된 투자 철학을 10년간 가지고 있을 가능성이 큽니다. '나는 초보자니까' 그런 생각을 절대 할 필요가 없습니다. 오히려 초보자가 유리할 수 있어요. 확률적으로 처음에는 모르니까 펀드부터 시작한다든가, 연금저축은 세금 혜택이 있으니까 그것부터 활용한다든가 체계적으로 할 필요는 있습니다.Q2. 하루 만원의 소비를 투자로 바꿔보자A. 하루 만원이면 한 달이면 30만원입니다. 연금저축펀드는 15% 환급해주죠. 은행 가면 이자를 1% 주는데, 이건 15% 이자를 주는 것이나 마찬가지입니다. 세상에서 제일 좋은 제도 중 하나이죠. 1년에 400만원 채우려면 하루에 1만원입니다. 그러니까 연금저축펀드부터 시작하라는 것입니다.커피 마시는 사람과 그 돈으로 투자하는 사람의 차이는 10년이 지나면 확연하게 나타납니다. 커피를 마시는 것만 중요한 것이 아니라 라이프스타일이 바뀌게 됩니다. 젊은 사람들이 명품 소비를 안 하게 되죠. 투자라는 것은 매우 즐거운 일입니다. 복리를 경험하게 되는 것이죠. 그런데 사람들은 소비에 익숙해져 있기 때문에 그 즐거움을 잘 느끼지 못합니다.비싼 차를 사면 일주일 정도 기쁠 것입니다. 그때부터는 돈을 갚아야 하고 기름도 넣어야 하고 결국 가난해지는 일을 경험하는 것입니다. 그 돈으로 투자한 사람들은 조금 불편하긴 하죠. 그런데 그렇게 불편하지도 않아요. 차를 갖고 있음으로 해서 불편한 일이 많아요. 차를 안 가지고 있으면 그 돈으로 내 재산이 늘어나는 일을 경험하게 되죠. 돈이 불어나는 일을 경험하면 미처 깨닫지 못한 것들이 나오게 됩니다. 그건 꾸준히 투자한 사람들이 갖는 특권이라고 할 수 있습니다. 작은 소비를 포기하는 대신 훨씬 큰 것을 갖게 됩니다. 사람들은 오해를 해요. 인생 한 번 사는 것인데 저렇게 살아서 뭐하냐고 하죠. 그것은 지극히 어리석은 생각입니다. 나중에 60세가 됐을 때 돈이 없으면 비참함이 기다리고 있습니다. 그걸 우습게 여기는 사람, 감정적으로 다루는 사람들은 나중에 후회하게 되죠.돈은 감정적으로 다루지 말고 냉철하게 다뤄야 합니다. 내가 60세가 됐을 때 어떤 모습일지 미리 준비해야 합니다. 너무 중요한 것입니다. 그런데 학교에서도 안 가르치고 사회에서도 안 가르칩니다. 그러니까 제가 떠드는 것입니다. 대한민국이 경제 발전은 이뤘는데 개인들의 삶은 너무 힘이 듭니다. 이건 국가가 잘못한 것이 아니라 본인이 잘못한 겁니다.Q3. 절대 빚 내서 투자하지 말라A. 빚을 내서 투자하면 주식은 변동성이 있기 때문에 기다릴 수가 없습니다. 100을 투자한다고 했을 때 10 정도 빚을 지는 것까지는 괜찮습니다. 그런데 모든 투자 금액을 빚으로 한다든지, 억지로 빚을 많이 내서 투자하는 것은 좋지 않습니다.\n\n\n\n\"잠자고 있는 당신의 퇴직연금을 깨워라\"Q4. 연금만큼은 꼭 이해하고 활용하라A. 사람들이 '나는 투자할 돈이 없어요'라고 흔히 말합니다. 절대 그렇지 않습니다. 퇴직연금이 있기 때문입니다. 이것은 굉장히 좋은 투자 자금입니다. 퇴직연금을 대부분 DB(확정급여)형으로 하고 있거나, DB형이 뭔지 DC(확정기여)형이 무엇인지 모르고, DC형을 하더라도 전부 은행 예금 원금 보장형 상품에 들어가 있습니다. 20년을 투자할 것인데, 그 돈은 잠자고 있는 것입니다. 퇴직연금의 주식 투자 비중이 세계에서 한국이 꼴찌입니다. 국회에서도 의원들이 이걸 못하게 합니다. 그분들도 주식에 대한 이해가 없기 때문입니다. 안타깝습니다. 모두가 금융문맹입니다. 주식 투자에 대한 근본을 이해하지 못하는 사람이 너무 많습니다. 젊은 사람들은 100% 주식에 투자해야 합니다. 퇴직연금도 30%는 주식에 투자하지 못하도록 돼 있는데, 100% 투자하는 것이 맞습니다. 20~30년 투자해야 할 것이니까요.Q5. 초보 투자자가 펀드를 잘 고르는 법A. 첫째로는 연금저축펀드 계좌를 통해서 투자해야 합니다. 세금 혜택을 받기 위해서 무조건 그렇게 해야 해요. 그리고 펀드는 펀드매니저가 어떤 생각을 하고 있는지가 중요합니다. 펀드매니저가 단기 투자를 투자라고 생각하는 사람이라면 그런 펀드는 절대 건드리면 안 됩니다.펀드는 주식형 펀드여야 하고, 펀드를 운용하는 회사가 장기 투자 철학이 있는지가 중요하고, 그리고 비용을 살펴봐야 합니다. 내가 이 펀드를 소유하기 위해서 그 비용은 얼마큼 내야 되는지 그것도 중요해요. 펀드매니저가 주식을 얼마나 사고파는지를 볼 수 있는 것을 회전율이라고 하는데, 이것은 낮을수록 좋습니다. 비용도 낮을수록 좋습니다. 1% 차이가 10년이면 10%, 20년이면 20%입니다. 복리까지 따지면 30~40%까지도 수익률에 영향을 미칠 수 있습니다.메리츠 펀드는 두 가지 면에서 좋습니다. 우리는 회전율이 국내에서 가장 낮습니다. 비용도 낮습니다. 왜냐하면 스마트폰으로 펀드에 직접투자하는 것을 한국에서 처음 시작했기 때문입니다. 펀드를 살 때 선취수수료라는 게 있는데 그런 것도 아예 없습니다. 휴대폰으로 하는 것을 한국에서 처음 했기 때문에 돈을 많이 아낄 수 있습니다.Q6. 초보자라면 이렇게 분산 투자하라A. 그동안 투자를 안 하셨던 분이라면 우선 연금저축펀드 계좌부터 무조건 만드세요. 그게 가장 중요합니다. 연금저축펀드는 아무것도 안 하고 계좌만 열고 돈을 넣으면 15% 이자를 주는 것이나 마찬가지입니다.계좌를 열고 주식형 펀드에 투자하십시오. 20대라면 투자금을 100% 주식형 펀드에 넣어야 합니다. 50대라면 50%는 주식형, 나머지는 채권 등 다른 펀드에 넣으세요. 1년에 1800만원 한도를 채우고 그래도 돈이 남으면 주식 투자를 하셔도 됩니다. 세금 혜택을 볼 수 있는 것부터 시작하세요. 일반 주식을 처음부터 혼자 하려고 하지 마십시오.#다음 머니콕은 존 리 메리츠자산운용 대표의 주식 수업 4교시 '종목 선택과 매매 방법'을 연재합니다. #아래 기자페이지 구독 버튼을 누르시면 다음 연재 기사를 놓치지 않고 읽으실 수 있습니다."
    },
    {
        "title": "다시 들썩이는 원전 관련주···어게인 '5말 6초'?",
        "date": "2021.09.19. 오후 2:01",
        "content": "6월말 이후 최근  원전주 상승 움직임우진 29%, 한전기술 7.5% 등 급등\"한미 원전 사업 가시화 기대감 반영\"\"SMR 관련주 주목···주가 변동성 주의\"\n\n\n\n우리나라가 처음 수출한 원자력 발전소인 아랍에미리트(UAE) 바라카 원전의 2호기가 처음으로 송전했다. 사진은 UAE 바라카 원전 2호기 전경./연합뉴스[서울경제] 전 세계가 기후위기 대응과 탄소중립을 위해 원자력발전에 주목하면서 관련주가 들썩이고 있다.국제원자력기구(IAEA)가 10년 만에 2050년 세계 원자력 발전량의 잠재 성장 전망치를 상향 조정하는 등 원전 수요가 증가할 것이라는 전망이 쏟아지기 때문이다.19일 한국거래소에 따르면 최근 원전 관련주들이 지난 5월말 6월초 랠리 이후 다시 재반등 조짐을 보이고 있다.지난 13일부터 한 주 동안 원전 대장주 두산중공업(034020)은 6.13% 올랐고, 원전 정비업체인 한전산업(130660)(4.63%), 원전 설계 기술을 보유하고 있는 한전기술(052690)(7.52%)도 강세를 보였다. 특히 원전용 계측기 생산업체인 우진(105840)은 주가가 무려 29.07% 급등했다.원전주는 앞서 지난 5월 21일 한·미 정상회담에서 양국이 해외 원전 사업에 공동 진출하기로 합의한 소식이 전해진 뒤 6월 초까지 고공행진을 펼쳤다. 이후 원전주들은 단기급등에 따른 부담이 커지면서 지난달 말까지 고점 대비 30% 넘게 조정을 받았다.숨죽이고 있던 원전주가 일제히 반등에 나선 것은 원전 관련 호재가 잇따르고 있기 때문으로 추정된다. 지난 1일에는 두산중공업이 고온가스로 소형모듈원전(SMR)을 개발 중인 미국 엑스에너지(X-energy)와 설계 용역 계약을 맺으며 한·미 양국의 원전 사업 협력이 본격화하는 것 아니냐는 기대감을 키웠다.\n\n\n\n문재인 대통령이 지난 21일 오후(현지 시간) 백악관 오벌오피스에서 열린 소인수 회담에서 조 바이든 미국 대통령과 대화하고 있다./워싱턴DC=연합뉴스문경원 메리츠증권 연구원은 “원전 수주에 대한 기대감이 더욱 큰 이유는 5월 한미정상회담에서 원전수출협력에 대한 언급이 있었기 때문”이라며 \"최근까지 신규 원전을 건설 해오고 있는 한국이 시공을 담당하고, 미국이 운영 및 유지보수를 맡는방안이 유력하다\"고 분석했다.또 원전과 함께 친환경 에너지원으로 각광받던 풍력과 태양광 발전 등의 비효율성이 부각되고 있는 점도 원전주에 긍정적인 영향을 미친 것으로 보인다. 미 월스트리트저널(WSJ)은 지난 13일 영국의 8일 도매 전기요금이 메가와트시(MWh) 당 331.66유로(약 45만 9,000원)였다며 한 달 전인 지난달 9일에는 132.20유로(약 18만 3,000원), 1년 전인 지난해 9월 8일에는 46.97유로(약 6만 5,000원)였다고 보도했다. 매체는 풍력발전 전력망 공급 차질이 전기요금 인상의 원인이 되고 있다고 전했다.\n\n\n\n모하마드 에슬라미(왼쪽) 이란 원자력청(AEOI) 청장과 라파엘 그로시 국제원자력기구(IAEA) 사무총장이 12일(현지시간) 이란 수도 테헤란에서 회담 뒤 공동 기자회견을 하고 있다./연합뉴스이런 상황에서 세계 각국은 기후위기 대응과 탄소중립을 위해 원전을 늘리고 있다. IAEA는 지난 16일(현지시각) ‘2050년까지의 에너지·전력 및 원자력 발전 추정치’ 보고서를 통해 2050년 원자력 발전 능력이 최대 792기가와트(GW)에 이를 것으로 예상했다. 이는 지난해 발전량 393GW의 두 배 수준이자 기존 전망치인 715GW보다 약 10% 늘어난 것이다. IAEA가 전망치를 상향 조정한 것은 일본 후쿠시마 원전 사고 발생 이후 10년 만이다. 라파엘 그로시 IAEA 사무총장은 “새로운 전망치는 원자력이 저탄소 에너지 생산에서 계속 필수적인 역할을 할 것이라는 점을 보여준다”고 말했다.\n\n\n\n전문가들은 기존 원전보다 크기가 작고 효율성이 뛰어나 차세대 원전으로 주목받는 SMR 관련주에 주목할 필요가 있다고 조언했다. 국내 SMR 관련주로는 두산중공업, 한전기술, 우진 등이 거론된다. 다만 SMR의 상용화까지는 아직 시일이 필요한 만큼 주가의 변동폭은 클 수 있다. 문 연구원은 “SMR 상용화는 현 시점에서는 미래 에너지 시장의 핵심 기술인 수전해 기술보다도 한 호흡 뒤의 기술”이라면서도 \"그럼에도 불구하고 SMR 관련 뉴스에 주가가 반응하는 이유는 유연성, 안정성 측면에서 대형원전의 단점을 개선할 수 있고, 기존 대형 원전과는 달리 분산형 전원, 해수담수화, 수소 생산 등 다방면에 사용할 수 있기 때문에 ‘만약 된다면’ 원자력 산업의 미래를 바꿀 수 있을 기술이기 때문\"이라고 설명했다."
    },
    {
        "title": "\"칭찬일색인데 주가 왜 이러죠?\" 배터리株 투자 리스크는? [선데이 머니카페]",
        "date": "2021.09.19. 오전 10:12",
        "content": "7월부터 LG화학 17.5%, SK이노 18.8% ↓동학개미, '장밋빛 전망' 딴판 주가에 '진땀'배터리 셀 업체 투자 위험 요소 살펴보니①IPO로 대규모 투자재원 조달...주주와 마찰②수익성에 대한 의구심. 高밸류 정당한가③\"ESG는 자국 부흥 위함\" 내부 육성 가능성\n\n\n\n[서울경제] LG화학(051910) 주주들의 지난 1년을 한마디로 요약하면 ‘산전수전’이라는 말이 꼭 들어맞을 것 같습니다. 전기차 판매량 확대와 함께 순탄한 오르막길을 걸을 것 같았는데 난데없이 불거진 배터리 사업부의 분할 소식에 주가가 털썩 주저앉았고, 이는 향후 걸어야 할 험난한 길에 대한 예고전에 불과했습니다. 올해 3월 폭스바겐의 배터리 내재화 선언, 5월 크레디트스위스(CS)의 투자의견 하향 보고서, 8월 미국 제너럴모터스(GM)의 리콜 결정 등 악재를 수차례 맞닥뜨리면서 지난해 9월부터 하루 5% 넘게 폭락한 날이 9차례에 달했습니다.투자자의 실망은 비단 LG화학에 국한된 이야기가 아닙니다. SK이노베이션(096770)도 배터리 독립 상장 이슈로 주가가 잔뜩 웅크려있고, 회사 측의 공식 부인에도 분사 이슈가 확산되면서 이달 16일 장 중 삼성SDI(006400)는 5% 이상의 조정을 받기도 했습니다. 지난 7월부터 삼성SDI는 3.9% 오르며 선방했지만, LG화학과 SK이노베이션의 주가 조정 폭은 각각 17.5%, 18.8%에 달합니다. '전기차 시장의 성장은 확실한 데 주가는 왜 이럴까. 행여 간과한 투자 리스크가 있는 것 아닐까’ 생각에 마음 한구석이 찜찜하실 겁니다. 모두가 극찬했던 배터리 셀 업체가 어째서 벤치마크인 코스피보다 부진한 성과를 기록하고 있는 것일까요. 이번 주 ‘선데이 머니카페’에서는 배터리 셀 업체에 대한 투자 리스크를 살펴보겠습니다.\n\n\n\n사진=서울경제DB━① 대규모 자본 조달 리스크···IPO 두고 주주와 잡음먼저 대규모 투자금 조달과 관련한 리스크를 꼽을 수 있습니다. 올 들어 완성 배터리 업체의 주가가 재미없는 결정적 이유이기도 하죠. 배터리 산업은 대표적인 자본 집약적인 산업으로 기업들은 폭발적으로 성장하는 전기차 시장에서 입지를 다지기 위해서는 매년 3조 원 이상이라는 막대한 설비 투자가 필요하다고 말합니다. 지난 7월 열린 SK이노베이션의 ‘스토리 데이’ 행사에서 지동섭 SK이노베이션 배터리 대표는 \"배터리 생산 시설 증설 속도가 빨라 전체적으로 많은 재원이 필요한 상황이다. 매년 2조∼3조 원 수준의 투자가 집행돼야 하는데 투자 타이밍을 놓치지 않기 위해서 (SK배터리의) 분사는 빠를 수록 좋다\"고 목소리를 높이기도 했습니다.\n\n\n\n사진=연합뉴스문제는 국내 기업들이 대주주의 지배력 훼손 없이 타인의 자본으로 사업을 키울 수 있는 ‘물적분할 뒤 기업공개(IPO)’ 방식을 선호하면서 비지배 주주들의 이권을 침해하고 있다는 것입니다. 배터리 사업부가 독립 법인이 돼 상장되면 모회사의 지분 가치에는 50% 이상의 ‘지주사 디스카운트’가 발생하고 글로벌 상장지수펀드(ETF)가 대규모 교체매매를 진행하면서 기존 모회사는 꽤 깊은 외상을 입게 됩니다. 미국 등 선진 자본 국가에서 ‘자회사 상장’은 소송 문제로 번질 공산이 크기 때문에 회사들이 감히 단행하지 못하지만 한국에서는 ‘소액주주 권리 보호’에 대한 의식이 아주 희미해 하나의 유행이 되어 가는 모습입니다. 최상현 베어링자산운용 본부장은 “전기차 시장으로 국내 배터리 업체에 대해 긍정적 시각을 유지한다”면서도 “올 들어 배터리 업종은 분사 유무를 두고 주가가 차별화됐다. 앞으로 증설을 위한 대규모 자금 조달과 관련한 문제가 나올 수 있기에 이에 주의할 필요가 있다”고 말했습니다.━② 제조업 한계·구조적 비용 증가 위험···高밸류에 대한 의구심성장 산업이 피할 수 없는 밸류에이션에 대한 적절성 논쟁도 불안을 유발하는 요인입니다. 배터리 기업은 대표 성장 테마인 BBIG로 묶이면서 바이오·플랫폼 산업과 동일 선상에 놓입니다.하지만 배터리 셀 업체는 기본적으로 제조업이기 때문에 여타 성장주와 달리 창출하는 부가가치가 크지 않을 수 있다는 시각이 있습니다. 국내 배터리 셀 업체가 이제 막 손익분기점(BEP)을 넘긴 상황이기 때문에 이를 단순 비교하기에 무리가 있지만, 올해 2분기 삼성바이오로직스의 영업이익률은 40.5%인 반면 삼성SDI 2차전지 부문의 영업이익률은 6.2% 수준입니다. 앞으로도 완성차 업체에 단가 인하 요구, 경쟁 심화 등에 영향 받아 10% 초반의 영업이익률을 벗어나지 못할 것이라는 의견이 나옵니다. 매출은 가파르게 뛰어도 주가를 지지할 이익의 규모가 그 속도에 미치지 못하면 현재 높은 밸류에이션이 과연 정당하냐는 논쟁에 휘말릴 소지가 있다는 이야기입니다. 다만 워낙 산업 초기인 만큼 수익성 지표보단 매출액에 방점을 찍어 글로벌 시장 점유율 유지 및 확대에 이상 기류가 없는지에 초점을 둘 필요가 있다는 의견도 있습니다.\n\n\n\n사진=AFP연합뉴스잇단 화재 사고도 향후 수익성을 높여 잡는 데 불편함을 야기하고 있습니다. 지난달 GM 리콜로 LG화학에 충당금 이슈가 돌발하면서 배터리 산업 전반에 수익성이 개선되는 데 불확실성이 큰 것 아니냐는 불안감이 부쩍 대두되는 모습입니다. 전유진 하이투자증권 연구원은 “현재 국내 셀 업체들은 매출액의 1~2% 내외에서 충당금을 설정하고 있지만 대규모 리콜 사건의 반복은 향후 LG화학의 충당금 상향 조정으로 이어질 가능성이 높다”며 “이는 구조적 비용 상승의 요인이 될 수 있어 중장기 수익성에 대한 의구심으로 이어진다”고 밝혔습니다.━③ “ESG는 성장에 대한 갈증”···선진국의 자국 보호책\n\n\n\n선진국이 자국 배터리 산업을 육성하려는 시도도 국내 배터리 셀 업체에 위험이 될 수 있습니다. 미국·유럽 등 선진국이 ‘기후 위기 대응’을 앞세워 친환경 산업을 강조하고 있지만 이는 표면적 명분일 뿐 그 근간에는 고착화된 저성장을 탈피하려는 의도가 깔려있다는 분석이 지배적입니다. 지금까지 국내 배터리 업체와 해외 완성차 업체의 합종연횡이 활발하지만 앞날까지 안심할 수는 없다는 지적입니다.2차전지 펀드를 운용하고 있는 황우택 한국투자신탁운용 펀드매니저는 “친환경 산업 육성에는 각국의 새 비즈니스에 대한 목마름이 있다\"며 “예를 들어 미국에서 왜 자국 전기차에 한국 배터리를 쓰냐는 식의 문제가 제기될 수 있고 이에 관세 높이는 등의 식으로 한국 기업을 배척하려는 움직임이 나타날 가능성을 배제할 수 없다”고 예견했습니다.\n\n\n\n현대차의 전기차 아이오닉 충전 모습. / 사진=현대자동차사실 이는 배터리 산업의 진입 장벽과도 맞닿아 있는 문제이기도 합니다. 완성차 업체가 내재화 계획 밝히면서 ‘배터리 시장의 독과점 체제가 가능한가'에 대한 의견이 맞섭니다. 이에 대해 국내 한 증권사의 2차 전지 담당 연구원은 “현재까지 완성 배터리 업체의 진입 장벽이 높다는 의견이 우세하며 이에 무게를 둔다”면서도 “다만 전기차가 이제 막 성장기에 들어온 상황이라 반도체처럼 명확한 핵심 기술력이 확정되지 않았고 차세대 기술도 계속 나오고 있다. 진입 장벽이 높다거나 낮다고 잘라 말하기가 어렵다\"고 말했습니다. 그러면서 “LG화학처럼 충당금이 잡히는 상황에서도 대규모 투자는 지속해야 하기 때문에 지금 선두 업체라고 해서 시장의 주도권을 잡았다고 단정하기 어렵다”며 “연구개발(R&D)·설비투자를 지속 늘릴 수 있는 자본력을 보유했는지 여부도 중요한 사업적 경쟁력\"이라고 강조했습니다.황우택 매니저는 “플랫폼 업체에 높은 밸류에이션을 주는 것은 진입장벽이 매우 견고해 한번 자리 잡으면 경쟁사가 못 들어온다는 확신이 있기 때문이다”며 “현재 배터리 셀 업체의 진입 장벽이 무너질 것을 걱정하는 것은 시기상조다. 다만 산업군 비즈니스는 성숙도가 높아지면 가격을 통해서 장벽을 일부 극복할 여지도 있어 보인다\"고 의견을 밝혔습니다."
    },
    {
        "title": "“추석이후 내 주식 어떻게…연휴 FOMC 주목”…테이퍼링 발언 촉각",
        "date": "2021.09.19. 오전 9:28",
        "content": "연방공개시장위원회(FOMC) 결과에 따라 변동성 커질 듯[헤럴드경제=김용재 기자] 한국은 추석 연휴지만 뉴욕시장은 열린다. 특히 이번 주에는 연방준비제도(연준·Fed)의 연방공개시장위원회(FOMC) 정례회의에 변동성이 큰 한 주를 보낼 것으로 전망된다.\n\n\n\n미국 뉴욕증권거래소 모습 [연합]이달들어 미국 3대 지수는 모두 하락세로 돌아섰다. 신종 코로나바이러스 감염증(코로나19) 델타 변이 확산에 따른 경기 둔화 우려와 연준의 자산매입 프로그램 축소인 테이퍼링에 대한 경계감이 퍼지면서 투자 심리가 위축된 데 따른 것이다.지난 17일까지 다우존스30산업평균지수는 9월 한 달간 2.19%, 스탠더드앤드푸어스(S&P)500지수는 1.98% 떨어졌다. 나스닥지수는 1.41% 하락했다.다우지수는 9월 들어 3개월 만에, 나스닥지수는 4개월 만에, S&P500지수는 8개월 만에 하락세로 전환됐다.이번 주 22일 FOMC 결과에 시장의 관심이 쏠리고 있다. 이때까지 시장은 대기 모드에 들어갈 것으로 전망된다.이코노미스트들은 이번 주 회의에서 연준이 테이퍼링에 대해 논의만 하고 연내 테이퍼링을 단행하겠다는 신호만 줄 가능성이 있다고 내다 보고 있다.뱅크오브아메리카의 미셸 메이어 이코노미스트는 연준이 '베이비스텝(느린 걸음)'을 취하길 원할 것이라며 11월에 테이퍼링을 발표하고 연말 전에 테이퍼링을 시작할 것으로 예상했다. 연준은 시장에 충분한 신호를 줘 테이퍼링에 따른 충격을 완화하길 바라고 있다. 이에따라 9월 회의 결과에 시장이 별다른 영향을 받질 않을 가능성도 있다.다만 시장 참가자들은 연준 위원들의 금리 전망치를 담은 점도표가 어떻게 변할지 주목하고 있다.지난 6월 점도표에서 위원들은 2023년에 두 차례 금리 인상을 예상했다. 이는 첫 금리 인상을 2024년으로 예상했던 이전 전망치에서 당겨진 것이다. 이번에도 추가로 당겨질지 주목된다.금리 인상 시점이 당겨지거나 2023년 금리 인상 횟수가 늘어날 경우 긴축 속도에 대한 우려로 시장은 이를 매파적으로 읽을 수 있다.다만 제롬 파월 연준 의장은 앞서 금리 인상 기준은 더욱 높고 엄격하게 적용될 것이라고 언급하고, 테이퍼링이 끝나면 곧바로 금리 인상이 이뤄지는 것은 아니라는 점을 강조한 바 있다. 파월 의장이 이번 기자회견에서도 비슷한 언급을 내놓을 가능성이 크다.이번 주부터 의회가 다시 열리는 만큼 3조5000억 달러 규모 지출안과 1조 달러 규모의 인프라 법안, 부채한도 협상 등과 관련해 진척된 소식이 나올지도 주목된다."
    }
]