[
    {
        "title": "훨훨 나는 유가 전망에도 원유ETF 자금은 반토막",
        "date": "2021.09.20. 오후 10:49",
        "content": "ETF 6종 순자산 한 달 새 450억원 ↓WTI·브렌트유 상승에도 펀드 자산 뚝연말 유가 강세 지속···XLE·XLB등 ETF 추천\n\n\n\n삼성중공업이 건조한 LNG연료 추진 초대형 원유운반선./사진제공=삼성중공업[서울경제] 국제 유가가 한 달 여 만에 70달러 선을 회복했지만, 원유를 추종하는 상장지수펀드(ETF) 들의 자금은 반토막 나고 있다. 업계에서는 유가가 하향할 것이라는 전망에 자금이 유출하고 있는 것으로 풀이했다.21일 펀드평가사에 따르면 지난 20일 기준 원유를 추종하는 ETF 6종의 순자산총액이 한 달 새 449억원 줄어든 것으로 나타났다. 6개월 사이에는 2,284억원, 연초 이후에는 5,039억원 감소했다.지난 20일(현지 시간) 10월물 미국 서부텍사스산원유(WTI) 가격은 배럴당 72.34달러를 기록, 북해산 브렌트유 11월물은 2.38달러 올라 배럴당 74.56달러로 체결됐다. 유가가 상승함에도 불구하고 원유ETF에서는 꾸준히 자금 유출이 이어지고 있다. 한 달 새 400억원 이상 자금 유출이 발생한 것이다. 현재 국내 상장된 원유 ETF 6개의 순자산은 총 3,200억원 수준이다.수익률은 나쁘지 않았다. 한 달 새 5~8% 수준의 성과를 냈다. KBKBSTAR미국S&P원유생산기업증권ETF(주식-파생)(합성H)은 한 달 새 8.54%의 성과를 냈고, 삼성WTI원유특별자산1(WTI원유-파생)(A)와 미래에셋TIGER원유선물특별자산상장지수(원유-파생)는 각각 5.2%~5.1% 수준의 성과를 거뒀다.당분간 업계에서는 연말까지 유가 강세가 이어질 것으로 내다봤다. 뱅크오브아메리카(BoA)는 공급이 제한된 상황에서 겨울 한파가 예상보다 강할 경우 유가가 최대 배럴당 100달러까지 오를 것이라고 전망했다. BoA의 프란시스코 블랜치 상품 전략가는 “겨울에 한파가 발생할 경우 난방용 석유 사용이 급증할 수 있다”며 “최근 천연가스, 석탄 등 다른 에너지 가격이 계속 오르는 가운데 유가도 상승할 가능성이 높다”고 했다. 골드만삭스도 유가가 올 4분기 배럴당 80달러까지 오를 것으로 내다봤다. OPEC+ 산유국의 증산량이 기대에 못 미치고, 아이다로 인해 미국의 원유 생산량이 부족하다는 이유에서다. 다만 골드만삭스는 유가가 올 4분기를 정점으로 내년부터는 하락할 것으로 전망했다.업계 관계자는 “원유 가격이 상승할 것이라는 전망에도 불구하고 자금 유출이 이어지는 것은 유가가 하향할 수도 있다는 가능성 때문”이라며 “원유 ETF 대신 유가 안정화 수혜가 예상되는 XLE(에너지), XLB(기초소재) 등의 ETF를 추천한다”고 말했다."
    },
    {
        "title": "로블럭스, 역대 최대 사용자 기록…하반기도 '훈풍' 전망",
        "date": "2021.09.20. 오전 10:16",
        "content": "[헤럴드경제=이현정 기자]미국 로블럭스가 역대 최대 일간 활성 사용자(DAU)를 발판 삼아 하반기에도 성장세를 이어갈 것이란 전망이 나왔다.20일 금융투자업계에 따르면 로블럭스는 최근 긍정적인 지난달 실적을 공개했다.로블럭스의 지난달 DAU는 4820만명으로 역대 최고치를 기록했다. 이는 전년 동기 대비 32% 늘어난 것이자 7월에 비해 4% 증가한 규모다. 이용시간 역시 40억 시간으로 전년 동기 대비 32% 급증했다. 총매출액도 2억1900만~2억2200만달러로 같은 기간 30% 늘었다.이달 지표는 개학 시즌 영향으로 여름에 비해 둔화될 가능성이 제기되지만 우려할 만한 수준은 아닐 것이란 전망이 지배적이다.이영진 삼성증권 연구원은 \"팬데믹 기간인 지난해 대비로도 주요 지표의 성장이 계속되고 있고, 총매출액의 경우 지난달 성장성이 7월보다 긍정적이었던 점을 고려하면 큰 폭의 둔화 가능성은 제한 적일 것\"이라며 \"지난 2분기 실적 컨퍼런스 콜에서 자신한 것처럼 특별한 매크로 쇼크가 없는 상황에서 장기적인 플랫폼의 성장을 기대할 수 있다\"고 말했다.중장기 방향성도 명확해 성장세가 견고하다는 평가다.이 연구원은 \"최근 다양한 파트너십 구축을 통해 주요 메타버스 플랫폼으로서 변화 전략을 추진하고 있고 13세 이상 이용자 및 콘텐츠 다변화 전략도 성공적\"이라며 \"중장기 방향성은 확고하다는 측면에서 여전히 매력적\"이라고 분석했다."
    },
    {
        "title": "지금 대세는 친환경株...수소·2차전지 한 달간 주가 '쑥'",
        "date": "2021.09.20. 오전 9:02",
        "content": "코오롱플라스틱 135%·효첨 50%·롯데정밀화학 41% 등후성·OCI 등 2차전지·친환경에너지주도 30% 넘게 상승해하반기 경기 피크아웃 우려에...미래성장성 갖춘 기업 주목규제 위험 적은 점 역시 투자 매력 높여...자금 유입 지속될 것\n\n\n\n[서울경제] 수소·2차전지 등 친환경 관련주들이 ‘박스피(박스권+코스피)’ 증시에서도 가파른 상승세를 기록하고 있다. 최근 경기 둔화 우려에 각국 기업 규제까지 겹치며 투자 ‘안전지대’가 좁아지자 미래성장성이 높고 규제 위험은 적은 친환경주로 투자심리가 쏠리고 있는 것으로 분석된다.20일 한국거래소에 따르면 최근 한 달간(8월 20일~9월 17일) 코스피 시장에서 주가 상승률이 높았던 종목들을 집계한 결과, 친환경 관련주들이 상위권에 대거 포진한 것으로 나타났다. 수소전기차용 연료전지 부품·소재 등을 개발하는 코오롱플라스틱(138490), 코오롱인더(120110)가 각각 134.79%, 48.70% 상승하며 2위, 17위를 차지했다. 이어 효성첨단소재(298050)(16위, 50.28%), 롯데정밀화학(004000)(26위, 41.02%) 등 수소 수혜주로 꼽히는 종목들 역시 높은 순위를 기록했다. 2차전지 핵심 소재를 생산하는 후성(093370)(44위, 30.63%)과 친환경 에너지 업체 OCI(010060)(37위, 34.60%) 등도 가파른 상승세를 보였다.올 하반기 경기 피크아웃(고점 통과) 및 미 연방준비제도(Fed)의 테이퍼링(자산 매입 축소) 개시 가능성이 커지자 투자자들의 관심이 미래 성장성을 담보한 업체들로 집중되고 있는 것으로 보인다. 최근 두 달 가까이 박스권을 횡보 중인 코스피 지수는 현재 8월 고점(3,280.38) 대비 4.26% 하락한 상태다. 코스피 12개월 예상 영업이익 증가율 역시 7월 말 56%대를 기록한 이후 정체하고 있다. 반면 전기·수소 등 친환경 기술 시장의 향후 성장세는 뚜렷한 것으로 분석된다. 임은영 삼성증권 연구원은 “지난 6월 기준 중국과 유럽의 전기차 침투율은 각각 16%, 19%로 이미 대중하 단계에 진입했다”며 “미국 역시 9월 이후 전기차 모델 출시가 잇따르며 급격한 전기차 전환을 이룰 것”이라고 예상했다. 수소경제의 경우, 국내 주요 5개 그룹사가 밝힌 투자 금액이 42조 1,000억 원에 이른다. 김귀연 흥국증권 연구원은 “글로벌 수소차 판매는 2030년 연간 105만 대로, 2020~2030년 연평균 성장률(CAGR)이 58.6%를 기록할 것”이라고 전망했다.한편 규제 위험이 적다는 점 역시 친환경주들의 투자 매력으로 꼽힌다. 오히려 글로벌 탄소제로 추진 기조에 따라 정부 정책 및 투자 흐름이 친환경 시장의 성장세에 가속도를 붙일 수 있다는 설명이다. 김 연구원은 “올해 한국의 수소 사업 관련 예산은 6,990억 원으로 전년 대비 2,230억 원 증가했다”며 “국가별 탄소중립 추진에 따른 수소밸류체인 자금 투입 및 민간 기업 투자 확대로 자금유입이 지속될 것”이라고 내다봤다."
    },
    {
        "title": "\"네이버·카카오만 맞는 게 아니었네\"…플랫폼 때리는 국가권력",
        "date": "2021.09.20. 오전 7:01",
        "content": "팬데믹발 K자 양극화 후폭풍 본격화될까칼 들이대는 韓·中 정부…기업들, 돈 내며 ‘백기투항’시스템 구축해온 美, 셔먼법 적용 기반 만들까\n\n\n\n경기 성남 분당구 카카오 판교오피스. / 자료=한경DB신종 코로나바이러스 감염증(코로나19) 확산 사태의 수혜를 받아 성장세에 가속도가 붙은 인터넷 플랫폼 기업에 대해 정부와 정치권이 규제의 칼날을 겨누고 있다. 이 영향으로 지난 7일 이후 네이버(NAVER)와 카카오의 주가가 급락세를 보였다.빅테크 기업에 대한 규제·견제는 세계적 트렌드다.중국 당국은 마윈 알리바바 창업자의 당국 비판 발언을 계기로 빅테크 기업 때리기에 나선 뒤 차량공유플랫폼, 교육플랫폼, 게임기업 등을 차례로 손봤다. 이후 ‘공동 부유’라는 슬로건을 내걸고 기업들에게 기부를 강요하는 중이다.미국의 국가권력도 빅테크 기업에 우호적이지 않다. 한국과 중국에서처럼 떠들썩하지는 않았지만, 오래 전부터 입법부와 행정부가 플랫폼 기업에 대한 견제를 준비해왔다. 최근에는 사법부가 애플이 앱스토어 통행세처럼 수수료를 챙기는 행태에 제동을 거는 판결을 내놨다.\n\n\n\n증권가에선 정부의 규제로 빅테크 기업들의 성장세가 둔화될 수는 있어도 성장의 방향성이 바뀌지 않는다는 분석, 국가권력의 빅테크 기업 견제가 새로운 성장산업을 부상시키는 계기가 될 것이란 전망이 함께 나오고 있다.  카카오 주가 23% 폭락했지만…아직 국정감사 남았다한국거래소에 따르면 지난 17일 카카오는 11만9500원에 거래를 마쳤다. 8월 종가 15만5000원과 비교하면 22.90% 하락한 수준이다. 같은 기간 네이버의 주가도 8.20% 하락했다.정부 당국과 정치권이 일제히 ‘카카오 때리기’에 나선 영향이다.공정거래위원회는 카카오가 사실상 그룹의 지주회사 격인 케이큐브홀딩스와 관련된 자료를 누락하거나 허위로 보고한 혐의에 대해 조사하고 있다. 김범수 의장을 겨냥한 조사로, 검찰 고발 가능성까지 제기되고 있다.지난 7일에는 금융당국이 플랫폼기업의 금융상품 소개 행위에 대해 광고가 아니라 ‘중개’라는 해석을 내놨다. 금융상품을 중개하기 위해서는 금융소비자보호법(금소법)에 따른 자격을 갖춰야 하기에, 핀테크 기업들은 당장 사업 자체를 하지 못하게 될 수도 있다.같은날 여당인 더불어민주당의 송갑석·이동주 의원은 국회에서 ‘118개 계열사를 거느린 공룡 카카오의 문어발 확장’을 주제로 한 토론회를 개최해 카카오에 대한 규제의 필요성을 공론화했다.\n\n\n\n결국 카카오는 향후 5년 동안 파트너들을 지원하기 위한 기금 3000억원을 마련하고, 골목상권 침해 논란이 일었던 꽃·간식 배달과 같은 일부 사업에서 철수하는 등 ‘백기투항’을 했다. 특히 시장을 지배한 뒤 가격을 올린다는 비판을 받았던 카카오택시의 ‘스마트호출(돈을 더 내면 택시가 빨리 잡히는 기능)’을 폐지하고, ‘프로멤버십(택시 기사가 배차의 혜택을 받는 서비스)’ 가격을 기존 9만9000원에서 3만9000원으로 낮췄다.하지만 카카오의 주가는 상생안을 내놓은 지난 14일 소폭 반등했을 뿐 다시 미끄러졌다. 정치권의 포화가 아직 끝나지 않아서다.다음 무대는 다음달 5~21일 진행되는 국정감사다. 이미 여야는 다음달 5일 공정거래위원회 국정감사 증인으로 김범수 의장을 부르는 데 합의했다. 여권에서는 강한승 쿠팡 대표와 김봉진 우아한형제(배달의민족) 대표 등도 국정감사 증인 후보로 거론되고 있다. 민주당은 카카오와 네이버 뿐만 아니라 물류·유통, 숙박, 법률, 의료, 부동산 등 다양한 분야 플랫폼 기업들로의 쏠림을 각 의원들이 1대1로 전담해 집중적으로 다룰 계획으로 알려졌다.  “걸리면 훅 간다” 중국당국, 빅테크 경영권까지 노려빅테크 기업 때리기로 가장 먼저 이목을 집중시킨 나라는 중국이다. 권위주의가 강한 공산당 일당독재 국가에서 당국에 미운털이 박히면 거대기업도 하루아침에 존립 자체를 위협받게 되기 때문이다. 이에 중국 뿐만 아니라 미국과 한국의 증시도 흔들렸다. 최근에는 정부가 기업의 경영을 장악하려는 움직임도 나타났다.블룸버그통신에 따르면 중국 베이징시는 산하 국유기업들로 구성된 컨소시엄을 통해 ‘중국판 우버’로 불리는 차량공유플랫폼 디디추싱에 대한 지분 확보를 추진하고 있다. 다만 디디추싱은 사회관계망서비스(SNS)에 올린 성명을 통해 이를 부인했다.\n\n\n\n시진핑 중국 국가주석. /사진=신화통신, 연합뉴스이에 앞서서는 중국 저장성 산하의 국유기업 3곳과 알리바바의 금융계열사 앤트그룹의 합작사를 설립해 핵심 부문인 소비자 데이터 수집·관리·분석을 맡길 예정이라고 로이터통신이 전했다.알리바바과 디디추싱은 중국 당국의 심기를 건드리며 위기에 처한 기업들이다.알리바바의 창업자 마윈은 작년 10월 상하이에서 개최된 한 포럼 연설에서 중국 정부를 향해 지나치게 보수적인 감독정책을 취하고 있으며, 국유은행들이 담보에 의존하는 ‘전당포 영업’을 하고 있다고 비판했다.‘세기의 기업공개(IPO)’로 꼽혔던 알리바바의 금융계열사 앤트그룹의 미국 증시 상장이 작년 11월 무산됐다. 상장을 준비하던 과정에서 앤트그룹의 시가총액이 최대 4500억달러(약 510조원)에 달할 수 있다는 전망이 나오기도 했다. 세계 최대 금융그룹인 JP모건체이스의 당시 시가총액(3910억달러)보다 큰 금액이었다.앤트그룹 상장이 무산된 뒤 월스트리트저널은 “시진핑 중국 국가주석이 마윈의 연설 내용에 대한 보고를 받고 당국자들에게 조사를 진행하라고 지시해 결국 앤트그룹 IPO를 중단시키도록 했다”고 보도했다.\n\n\n\n올해 들어서는 ‘중국판 우버’로 불리는 차량공유플랫폼 디디추싱이 중국 공산당 창당 100주년 기념일을 하루 앞둔 6월30일 미국 증시 상장을 강행하면서 다시 한번 중국 당국을 자극했다. 이에 중국 당국은 7월4일 개인정보 관련법 위반 혐의로 앱마켓에서 디디추싱 앱을 삭제하라는 명령을 내렸다.이후 중국 당국은 폭주했다. 저출산 문제를 해결하겠다며 7월23일 사실상 사교육을 금지시켰다. 초등학생과 중학생을 대상으로 중국어, 수학, 영어 등을 가르치는 사교육기관을 일괄적으로 비영리기구로 등록하는 한편, 신규 허가의 금지하는 규정을 내놓으면서다. 이와 함께 온라인 교육기업의 설립도 등록제에서 허가제로 바뀌었다.사교육 다음은 게임기업이었다. 중국 국가신문출판광전총국은 최근 18세 미만 청소년들이 금요일, 주말, 법정 공휴일에만 게임을 할 수 있는 규제안을 내놨다. 이런 고강도 규제는 이미 예고돼 있었다. 중국 정부의 기관지인 신화통신 산하 경제참고보가 지난달 사설을 통해 온라인 게임을 ‘정신적 아편’이라고 부르며 비판했기 때문이다. 영국과의 아편전쟁에 패배하면서 굴욕을 당했던 역사가 있는 중국에서 ‘아편’은 매우 민감한 단어다. 게임기업 다음에는 연예계, 카지노 등에 대한 규제도 차례로 나오고 있다.결정판은 시진핑 주석이 8월17일 중앙재경위원회 회의에서 새로운 국정기조로 내세운 ‘공동부유론’이다. 공동부유론의 부상은 덩샤오핑이 1985년 개혁·개방을 추진하며 내세운 선부론(先富論)의 폐기로 해석된다. 사회주의 색채를 강화하는 것이다.중국 국가권력의 눈치를 볼 수밖에 없는 기업들은 천문학적인 돈을 내놓고 있다. 미운털이 단단히 박혀 있는 알리바바는 2025년까지 1000억위안(약18조원)을 들여 ‘공동부유 10대 행동’을 추진하기로 했다. 이외에도 텐센트는 500억위안(약 9조원)을, 전자상거래기업 판둬둬는 100억위안(약 1조8000억원)을 각각 농업과학기술전담 기금으로 조성하는 계획을 밝혔다. 美입법·행정부, 플랫폼에 ‘독점기업’ 굴레 씌울까자본주의의 본고장이라고 할 수 있는 미국에서도 빅테크 기업 견제가 본격화되고 있다. 이미 입법부는 2019년부터 구글, 아마존, 페이스북, 애플 등 플랫폼 기업의 시장 지배력에 대해 조사해왔다. 조 바이든 행정부는 최근 빅테크기업 견제를 위한 관료 라인업 구축을 마쳤다. 최근에는 애플 앱스토어 수익에 타격이 불가피한 판결이 나왔다.미 캘리포니아주 오클랜드 연방법원은 게임 ‘포트나이트’ 개발사 에픽게임즈가 애플을 상대로 제기한 소송에서 “90일 안에 외부결제를 허용하라”는 판결을 내렸다. 앱 개발자들이 자체적으로 결제 시스템을 운영해 앱스토어 수수료를 내지 않을 수 있도록 하라는 취지다.지금까지 앱 개발자들은 아이폰과 아이패드 등 애플의 스마트기기 사용자들로부터 유료 콘텐츠의 대가를 받을 때 애플 앱스토어 시스템만을 사용해야 했다. 이 과정에서 애플은 결제액의 최대 30%의 수수료를 챙겼다. 이번 판결이 나온 지난 10일 애플의 주가는 3.31% 하락했다.애플이 반독점법을 위반했다는 에픽게임즈의 주장을 재판부가 받아들이지 않은 점은 애플 입장에서 그나마 다행이었다. 또 재판부는 에픽게임즈가 자체적으로 외부 결제 시스템을 구축해 수익을 벌어들인 데 대해 최대 400만달러의 손해배상금을 지급하라고 판결했다. 때문에 이번 판결이 애플의 승리라는 평가가 나오기도 한다.하지만 애플이 안심하기는 아직 이르다. 이본 곤잘레스 로저스 판사는 “애플이 독점기업이라고 견론내릴 수는 없지만, 불가능하다고 보지는 않는다”며 “에픽이 애플이 독점기업임을 입증하는 데 실패했을 뿐”이라고 말했다.미국 정치권에서는 애플, 구글 등 플랫폼 기업을 겨냥한 반독점법 입법이 추진되고 있다. 미 하원 법제사법위원회는 2019년부터 16개월 넘게 구글, 아마존, 페이스북, 애플의 시장 지배력에 대해 조사한 결과를 근거로 올해 6월 반독점 패키지 법안을 통과시켰다. 이 패키지는 ▲플랫폼의 자사 제품 우대 및 차별적 취급 등 금지법 ▲잠재적 경쟁자 인수·합병 규제법 ▲플랫폼 사업자의 자사제품 판매 제한법 ▲소셜미디어 이용자의 데이터 권익 보호법 ▲연방거래위원회(FTC)과 법무부 반독점국(DOC)를 비롯한 경쟁당국의 예산 확충안 등으로 구성됐다.\n\n\n\n리나 칸 미국 연방거래위원회(FTC) 위원장. /사진=AFP, 연합뉴스조 바이든 대통령은 최근 법무부 반독점국 국장으로 조나단 캔터 변호사를 지명했다. 캔터 지명자는 대기업에 대한 반독점 규제의 필요성을 강조하며 수년째 구글에 맞서는 회사들을 대리해왔기에 ‘구글의 적’으로도 불린다.이번 인사를 두고 바이든 대통령이 행정부 내에 빅테크기업을 견제하기 위한 인사를 마무리했다는 평가가 나온다. 반독점국 국장 지명에 한달 앞선 6월 바이든 대통령은 한국의 공정거래위원회 격인 연방거래위원회의 수장으로 리나 칸 컬럼비아대 로스쿨 교수를 임명했다. 올해로 만 32세인 칸 위원장은 2017년 발표한 ‘아마존의 반독점 역설’ 논문을 통해 플랫폼을 선점한 IT기업이 독점적 지배력을 강화하고 있지만 제도가 이를 뒤따르지 못한다고 지적하면서 유명세를 탔다.칸 위원장 임명에 앞서서는 그의 동료인 팀 우 컬럼비아대 교수가 백악관 국가경제위원회 대통령 기술·경쟁정책 특별보좌관으로 임명되기도 했다. 우 보좌관은 학자 시절 빅테크 기업을 분할해야 할 필요성을 주장해왔다.미국 국가권력이 플랫폼 견제에 성공할지 여부는 ‘독점’ 혐의를 적용할 수 있을지가 가를 전망이다. 독점 기업이라는 굴레를 씌우게 되면 강한 제재를 할 수 있어서다. 이미 미국에서는 ‘반독점 대헌장’으로 불리는 셔먼법이 1890년 제정됐다. 이 법에 따라 석유시장을 장악했던 스탠더드오일은 33개 회사로, 담배시장을 장악했던 아메리칸토바코는 16개 회사로, 통신시장을 장악했던 AT&T는 각 지역별 사업자로 각각 쪼개졌다.  규제 결과는?…“빅테크 성장 지속” vs “성장주 세대교체”세계 각국이 빅테크 기업에 대한 규제·견제에 나선 배경은 플랫폼으로의 경제력 집중이다. 특히 코로나19 확산 사태는 이를 가속화시켰다. 감염병 확산을 막기 위해 사람들 사이의 접촉을 줄여야 하는 상황에서 경제활동이 온라인 플랫폼을 기반으로 이뤄질 수밖에 없었기 때문이다.실제 네이버와 카카오의 주가는 이달 들어 급락세를 탔지만, 여전히 2019년 종가와 비교하면 각각 2배와 4배 수준이다. 배경은 실적 성장 전망이다. 네이버의 올해 연견 매출액에 대한 증권가의 전망치 평균(컨센서스)은 6조7889억원으로 작년 대비 27.99% 많다. 같은 기간 카카오는 42.95% 증가한 5조9466억원의 매출액을 기록할 것이라는 증권가의 공감대가 형성됐다. 두 회사는 작년에도 2019년 대비 매출액이 각각 21.76%와 35.39%가 늘었다.아직까지 국가권력이 나서 플랫폼기업 성장에 규제·견제를 가하는 데 대한 결과가 어떻게 나올지에 대한 증권가의 공감대는 형성되지 않고 있다.우선 플랫폼기업의 성장세가 둔화될지언정 성장 자체는 계속될 것이란 전망이 우세하다. 오동환 삼성증권 연구원은 “플랫폼 사업자는 기존 오프라인 영역에서 비효율을 발생시키던 서비스와 상품을 모바일 플랫폼과 기술을 활용해 효율성을 높이고 소비자 효용성 향상 측면에서 사회적 부가가치를 창출했다”며 “혁신 과정에서 발생하는 기존 사업자들의 반발로 해외에서도 플랫폼 규제가 강화되고 있으나 산업의 (플랫폼 중심으로의) 패러다임 변환은 시대적 흐름”이라고 말했다.김수연 한화투자증권 연구원도 애플과 에픽게임즈의 소송 결과에 대해 “이번 소송에서 에픽게임즈는 애플이 독점기업임을 증명하지 못했고, 오히려 애플은 자사 제품의 편리성 때문에 진입장벽이 생겼다고 편론했다”며 “과거 정부가 이윤을 보장해주던 에너지, 유틸리티, 통신 등의 독점과 달리 빅테크는 기술을 바탕으로 소비자의 이익을 늘리는 방향으로 움직였다. 규제에도 불구하고 최근 FAANG(페이스북·애플·아마존·넷플릭스·구글) 지수가 다시 신고가를 내는 이유”라고 말했다.반면 이은택 KB증권 연구원은 빅테크기업에 대한 규제·견제가 성장기업 세대교체의 계기가 될 수 있다고 봤다. 그에 따르면 모바일 방식이 태동한 2000년대 초반에는 통신사가 온라인 접속 플랫폼의 지위를 누렸고, 현재 플랫폼기업인 네이버(NHN)·다음·네오위즈(세이클럽) 등이 콘텐츠를 제공하던 ‘을’의 입장이었다.\n\n\n\n자료=KB증권하지만 2003년 통신사에 대한 독과점 규제가 나온 뒤 당시 성장주였던 SK텔레콤의 주가는 20년간 하락했고, 콘텐츠 기업이었던 네이버·다음·네오위즈는 성장주로서의 주가 상승이 시작됐다고 이은택 연구원은 설명했다.그는 “이달 초 한국 (국회)에서 ‘구글 갑질방지법’이 통과되자 환호한 사람은 팀 스위니 에픽게임즈 대표였다. 규제의 수혜자가 누구인지 명확했던 사건”이라며 “향후 글로벌 플랫폼 규제 (키워드)는 독과점과 세금으로까지 확대될 수 있어 보이기에, 규제와 싸우기보다는 수혜주를 찾는 게 나은 전략”이라고 말했다."
    },
    {
        "title": "K-OTC 시장 시총 22조…6년만에 신규 진입 20개 넘는다",
        "date": "2021.09.20. 오전 6:07",
        "content": "K-OTC 시장 [연합뉴스 자료사진](서울=연합뉴스) 김태종 기자 = 주식시장과 기업공개(IPO) 시장이 열풍을 이어가면서 제도권 장외주식시장인 K-OTC 시장 규모도 커지고 있다.    K-OTC시장은 유가증권시장과 코스닥시장, 코넥스에 이어 국내 주식시장의 하나로, 장외기업들이 제도권에서 주식을 거래할 수 있는 시장이다.    20일 금융투자협회에 따르면 지난 17일 기준 K-OTC시장의 전체 시가총액은 22조1천억원으로, 작년 말 17조원보다 30%(5조1천억원) 증가했다.    지난 4월 26일 6년 5개월 만에 20조원을 돌파한 이후에도 2조원, 10%가 더 늘었다.    올해 1일 평균 거래대금도 60억원으로 2020년(51억5천만원)과 2019년(40억3천만원)을 크게 넘어섰다.    거래되는 전체 기업 수는 140개로, 신규 진입 기업도 늘고 있다.    올해에는 11개 기업이 신규 진입을 하면서 지난해 12개에 바짝 다가섰다. 특히, 올해에는 2015년 이후 6년 만에 신규 진입 기업이 20개를 넘을 것으로 전망된다.    협회 한 관계자는 \"기업명을 밝힐 수는 없지만, 올해 K-OTC 상장을 대기하고 있는 기업들이 많다\"며 \"올해 신규 기업이 20개를 넘을 수도 있다\"고 말했다.    K-OTC 시장은 2014년 8월 설립된 이후 그해에 71개, 2015년에는 30개가 진입했다. 그러나 2016년 16개에 이어 2017년에는 6개에 그쳤고, 2018년과 19년에도 각각 18개와 16개로 20개에는 미치지 못했다.    현재까지 17개 기업이 K-OTC 시장을 거쳐 유가증권시장과 코스닥시장에 이전 상장했다. 2014년 삼성SDS, 2015년 미래에셋생명과 제주항공, 2018년 카페24, 2020년 서울바이오시스 등이 대표적이다.    올해에는 넷마블네오가 이전 상장을 추진 중인 것으로 알려졌다.    K-OTC 시장 규모가 커지는 것은 무엇보다 중소벤처기업들로서는 자금 조달을 할 수 있고, 투자자로서는 유망한 기업에 대해 상장 전 투자를 통해 높은 수익을 얻을 수 있기 때문으로 풀이된다.    실제 중소벤처기업들이 지난 6월 말까지 기업들이 증자 등을 통해 조달한 금액도 3조852억원에 달했다.    협회 관계자는 \"상장 전 투자처로서 비상장 기업에 대한 관심이 커지고 제도권 시장으로서 거래 편의성과 안정성, 세제 혜택까지 주어지면서 투자자도 기업들도 관심이 커지고 있다\"고 말했다.    taejong75@yna.co.kr"
    },
    {
        "title": "\"연15% 이자 OO통장부터 만드세요\" 존리가 말하는 초보투자자 ABC",
        "date": "2021.09.20. 오전 6:02",
        "content": "[인터뷰]존리 메리츠자산운용 대표주말용 콘텐츠 '머니콕'은 매주 엄선한 투자 전문가와의 심층 인터뷰를 통해 믿을 만한 재테크 정보를 전달합니다. 유튜브에서 '매일경제 에브리데이'를 검색하시면 영상(무료)으로 먼저 만나보실 수 있습니다.[머니콕-50] 최근 지루한 장세 속에 마음가짐이 흔들리는 투자자들을 위해 매일경제가 '동학개미 운동의 선봉장' 존 리 메리츠자산운용 대표를 만났습니다. 투자 구루가 얘기하는 주식 투자를 할 때 반드시 알아야 할 투자 철학과 원칙, 종목 선택과 매매 방법 등을 총 4회에 걸쳐 독자 여러분께 전해드릴 예정입니다. 오늘은 그 세 번째 이야기입니다. 존 리 대표는 초보 투자자가 가장 먼저 해야 할 일로 '연금저축계좌'부터 만들라고 주문했습니다. 연금저축계좌는 연간 납입한도 1800만원 가운데 400만원까지 소득공제 혜택을 주기 때문입니다. 소득공제율이 최고 15%(총급여액이 5500만원 이하인 경우)여서 금리 15%를 주는 예금통장에 가입하는 것이나 다름없다는 것입니다.그는 노후 준비 자금 가운데 하나로 매우 중요한 퇴직연금도 예·적금 상품에 넣어두지 말고 주식에 투자해야 한다고 강조했습니다. 20대라면 주식에 100%, 50대라면 주식에 50%가량 투자하는 것이 바람직하다고 그는 조언했습니다. 다음은 인터뷰 전문.\n\n\n\n \"작은 소비를 포기하면 훨씬 큰 것을 갖게 된다\"Q1. 초보 투자자들이 알아야 할 것A. 초보 투자자들이 우선 알아야 할 것은 당장 시작하라는 것, 그다음에 가격이 하락하는 것을 두려워할 필요가 없다는 것입니다. 왜냐하면 오래 투자할 것이기 때문이죠. 올라갈 때도 사고 하락할 때도 살 것이기 때문에 걱정할 필요가 없습니다. 주위에 주식 전문가라는 사람의 말은 믿지 말세요. 특히 리딩방 이런 것은 모두 엉터리입니다. 좋아할 만한 주식은 얼마든지 많습니다. 그런 주식을 꾸준히 모으세요. 주식 투자에 초보자라는 것은 있을 수 없습니다. 사람들은 주린이라고 얘기하는데 투자하는 데 지식이 많을 필요는 없습니다. 사업에 성공한 사람이 공부를 잘한 사람이 아닌 것도 그런 이유입니다. 돈 버는 것을 경험적으로 해보다 보니 저절로 알아가는 것이죠. 주식 투자를 10년 했다고 나을까요. 천만에요. 그 사람이 잘못될 가능성이 있습니다. 잘못된 투자 철학을 10년간 가지고 있을 가능성이 큽니다. '나는 초보자니까' 그런 생각을 절대 할 필요가 없습니다. 오히려 초보자가 유리할 수 있어요. 확률적으로 처음에는 모르니까 펀드부터 시작한다든가, 연금저축은 세금 혜택이 있으니까 그것부터 활용한다든가 체계적으로 할 필요는 있습니다.Q2. 하루 만원의 소비를 투자로 바꿔보자A. 하루 만원이면 한 달이면 30만원입니다. 연금저축펀드는 15% 환급해주죠. 은행 가면 이자를 1% 주는데, 이건 15% 이자를 주는 것이나 마찬가지입니다. 세상에서 제일 좋은 제도 중 하나이죠. 1년에 400만원 채우려면 하루에 1만원입니다. 그러니까 연금저축펀드부터 시작하라는 것입니다.커피 마시는 사람과 그 돈으로 투자하는 사람의 차이는 10년이 지나면 확연하게 나타납니다. 커피를 마시는 것만 중요한 것이 아니라 라이프스타일이 바뀌게 됩니다. 젊은 사람들이 명품 소비를 안 하게 되죠. 투자라는 것은 매우 즐거운 일입니다. 복리를 경험하게 되는 것이죠. 그런데 사람들은 소비에 익숙해져 있기 때문에 그 즐거움을 잘 느끼지 못합니다.비싼 차를 사면 일주일 정도 기쁠 것입니다. 그때부터는 돈을 갚아야 하고 기름도 넣어야 하고 결국 가난해지는 일을 경험하는 것입니다. 그 돈으로 투자한 사람들은 조금 불편하긴 하죠. 그런데 그렇게 불편하지도 않아요. 차를 갖고 있음으로 해서 불편한 일이 많아요. 차를 안 가지고 있으면 그 돈으로 내 재산이 늘어나는 일을 경험하게 되죠. 돈이 불어나는 일을 경험하면 미처 깨닫지 못한 것들이 나오게 됩니다. 그건 꾸준히 투자한 사람들이 갖는 특권이라고 할 수 있습니다. 작은 소비를 포기하는 대신 훨씬 큰 것을 갖게 됩니다. 사람들은 오해를 해요. 인생 한 번 사는 것인데 저렇게 살아서 뭐하냐고 하죠. 그것은 지극히 어리석은 생각입니다. 나중에 60세가 됐을 때 돈이 없으면 비참함이 기다리고 있습니다. 그걸 우습게 여기는 사람, 감정적으로 다루는 사람들은 나중에 후회하게 되죠.돈은 감정적으로 다루지 말고 냉철하게 다뤄야 합니다. 내가 60세가 됐을 때 어떤 모습일지 미리 준비해야 합니다. 너무 중요한 것입니다. 그런데 학교에서도 안 가르치고 사회에서도 안 가르칩니다. 그러니까 제가 떠드는 것입니다. 대한민국이 경제 발전은 이뤘는데 개인들의 삶은 너무 힘이 듭니다. 이건 국가가 잘못한 것이 아니라 본인이 잘못한 겁니다.Q3. 절대 빚 내서 투자하지 말라A. 빚을 내서 투자하면 주식은 변동성이 있기 때문에 기다릴 수가 없습니다. 100을 투자한다고 했을 때 10 정도 빚을 지는 것까지는 괜찮습니다. 그런데 모든 투자 금액을 빚으로 한다든지, 억지로 빚을 많이 내서 투자하는 것은 좋지 않습니다.\n\n\n\n\"잠자고 있는 당신의 퇴직연금을 깨워라\"Q4. 연금만큼은 꼭 이해하고 활용하라A. 사람들이 '나는 투자할 돈이 없어요'라고 흔히 말합니다. 절대 그렇지 않습니다. 퇴직연금이 있기 때문입니다. 이것은 굉장히 좋은 투자 자금입니다. 퇴직연금을 대부분 DB(확정급여)형으로 하고 있거나, DB형이 뭔지 DC(확정기여)형이 무엇인지 모르고, DC형을 하더라도 전부 은행 예금 원금 보장형 상품에 들어가 있습니다. 20년을 투자할 것인데, 그 돈은 잠자고 있는 것입니다. 퇴직연금의 주식 투자 비중이 세계에서 한국이 꼴찌입니다. 국회에서도 의원들이 이걸 못하게 합니다. 그분들도 주식에 대한 이해가 없기 때문입니다. 안타깝습니다. 모두가 금융문맹입니다. 주식 투자에 대한 근본을 이해하지 못하는 사람이 너무 많습니다. 젊은 사람들은 100% 주식에 투자해야 합니다. 퇴직연금도 30%는 주식에 투자하지 못하도록 돼 있는데, 100% 투자하는 것이 맞습니다. 20~30년 투자해야 할 것이니까요.Q5. 초보 투자자가 펀드를 잘 고르는 법A. 첫째로는 연금저축펀드 계좌를 통해서 투자해야 합니다. 세금 혜택을 받기 위해서 무조건 그렇게 해야 해요. 그리고 펀드는 펀드매니저가 어떤 생각을 하고 있는지가 중요합니다. 펀드매니저가 단기 투자를 투자라고 생각하는 사람이라면 그런 펀드는 절대 건드리면 안 됩니다.펀드는 주식형 펀드여야 하고, 펀드를 운용하는 회사가 장기 투자 철학이 있는지가 중요하고, 그리고 비용을 살펴봐야 합니다. 내가 이 펀드를 소유하기 위해서 그 비용은 얼마큼 내야 되는지 그것도 중요해요. 펀드매니저가 주식을 얼마나 사고파는지를 볼 수 있는 것을 회전율이라고 하는데, 이것은 낮을수록 좋습니다. 비용도 낮을수록 좋습니다. 1% 차이가 10년이면 10%, 20년이면 20%입니다. 복리까지 따지면 30~40%까지도 수익률에 영향을 미칠 수 있습니다.메리츠 펀드는 두 가지 면에서 좋습니다. 우리는 회전율이 국내에서 가장 낮습니다. 비용도 낮습니다. 왜냐하면 스마트폰으로 펀드에 직접투자하는 것을 한국에서 처음 시작했기 때문입니다. 펀드를 살 때 선취수수료라는 게 있는데 그런 것도 아예 없습니다. 휴대폰으로 하는 것을 한국에서 처음 했기 때문에 돈을 많이 아낄 수 있습니다.Q6. 초보자라면 이렇게 분산 투자하라A. 그동안 투자를 안 하셨던 분이라면 우선 연금저축펀드 계좌부터 무조건 만드세요. 그게 가장 중요합니다. 연금저축펀드는 아무것도 안 하고 계좌만 열고 돈을 넣으면 15% 이자를 주는 것이나 마찬가지입니다.계좌를 열고 주식형 펀드에 투자하십시오. 20대라면 투자금을 100% 주식형 펀드에 넣어야 합니다. 50대라면 50%는 주식형, 나머지는 채권 등 다른 펀드에 넣으세요. 1년에 1800만원 한도를 채우고 그래도 돈이 남으면 주식 투자를 하셔도 됩니다. 세금 혜택을 볼 수 있는 것부터 시작하세요. 일반 주식을 처음부터 혼자 하려고 하지 마십시오.#다음 머니콕은 존 리 메리츠자산운용 대표의 주식 수업 4교시 '종목 선택과 매매 방법'을 연재합니다. #아래 기자페이지 구독 버튼을 누르시면 다음 연재 기사를 놓치지 않고 읽으실 수 있습니다."
    },
    {
        "title": "다시 들썩이는 원전 관련주···어게인 '5말 6초'?",
        "date": "2021.09.19. 오후 2:01",
        "content": "6월말 이후 최근  원전주 상승 움직임우진 29%, 한전기술 7.5% 등 급등\"한미 원전 사업 가시화 기대감 반영\"\"SMR 관련주 주목···주가 변동성 주의\"\n\n\n\n우리나라가 처음 수출한 원자력 발전소인 아랍에미리트(UAE) 바라카 원전의 2호기가 처음으로 송전했다. 사진은 UAE 바라카 원전 2호기 전경./연합뉴스[서울경제] 전 세계가 기후위기 대응과 탄소중립을 위해 원자력발전에 주목하면서 관련주가 들썩이고 있다.국제원자력기구(IAEA)가 10년 만에 2050년 세계 원자력 발전량의 잠재 성장 전망치를 상향 조정하는 등 원전 수요가 증가할 것이라는 전망이 쏟아지기 때문이다.19일 한국거래소에 따르면 최근 원전 관련주들이 지난 5월말 6월초 랠리 이후 다시 재반등 조짐을 보이고 있다.지난 13일부터 한 주 동안 원전 대장주 두산중공업(034020)은 6.13% 올랐고, 원전 정비업체인 한전산업(130660)(4.63%), 원전 설계 기술을 보유하고 있는 한전기술(052690)(7.52%)도 강세를 보였다. 특히 원전용 계측기 생산업체인 우진(105840)은 주가가 무려 29.07% 급등했다.원전주는 앞서 지난 5월 21일 한·미 정상회담에서 양국이 해외 원전 사업에 공동 진출하기로 합의한 소식이 전해진 뒤 6월 초까지 고공행진을 펼쳤다. 이후 원전주들은 단기급등에 따른 부담이 커지면서 지난달 말까지 고점 대비 30% 넘게 조정을 받았다.숨죽이고 있던 원전주가 일제히 반등에 나선 것은 원전 관련 호재가 잇따르고 있기 때문으로 추정된다. 지난 1일에는 두산중공업이 고온가스로 소형모듈원전(SMR)을 개발 중인 미국 엑스에너지(X-energy)와 설계 용역 계약을 맺으며 한·미 양국의 원전 사업 협력이 본격화하는 것 아니냐는 기대감을 키웠다.\n\n\n\n문재인 대통령이 지난 21일 오후(현지 시간) 백악관 오벌오피스에서 열린 소인수 회담에서 조 바이든 미국 대통령과 대화하고 있다./워싱턴DC=연합뉴스문경원 메리츠증권 연구원은 “원전 수주에 대한 기대감이 더욱 큰 이유는 5월 한미정상회담에서 원전수출협력에 대한 언급이 있었기 때문”이라며 \"최근까지 신규 원전을 건설 해오고 있는 한국이 시공을 담당하고, 미국이 운영 및 유지보수를 맡는방안이 유력하다\"고 분석했다.또 원전과 함께 친환경 에너지원으로 각광받던 풍력과 태양광 발전 등의 비효율성이 부각되고 있는 점도 원전주에 긍정적인 영향을 미친 것으로 보인다. 미 월스트리트저널(WSJ)은 지난 13일 영국의 8일 도매 전기요금이 메가와트시(MWh) 당 331.66유로(약 45만 9,000원)였다며 한 달 전인 지난달 9일에는 132.20유로(약 18만 3,000원), 1년 전인 지난해 9월 8일에는 46.97유로(약 6만 5,000원)였다고 보도했다. 매체는 풍력발전 전력망 공급 차질이 전기요금 인상의 원인이 되고 있다고 전했다.\n\n\n\n모하마드 에슬라미(왼쪽) 이란 원자력청(AEOI) 청장과 라파엘 그로시 국제원자력기구(IAEA) 사무총장이 12일(현지시간) 이란 수도 테헤란에서 회담 뒤 공동 기자회견을 하고 있다./연합뉴스이런 상황에서 세계 각국은 기후위기 대응과 탄소중립을 위해 원전을 늘리고 있다. IAEA는 지난 16일(현지시각) ‘2050년까지의 에너지·전력 및 원자력 발전 추정치’ 보고서를 통해 2050년 원자력 발전 능력이 최대 792기가와트(GW)에 이를 것으로 예상했다. 이는 지난해 발전량 393GW의 두 배 수준이자 기존 전망치인 715GW보다 약 10% 늘어난 것이다. IAEA가 전망치를 상향 조정한 것은 일본 후쿠시마 원전 사고 발생 이후 10년 만이다. 라파엘 그로시 IAEA 사무총장은 “새로운 전망치는 원자력이 저탄소 에너지 생산에서 계속 필수적인 역할을 할 것이라는 점을 보여준다”고 말했다.\n\n\n\n전문가들은 기존 원전보다 크기가 작고 효율성이 뛰어나 차세대 원전으로 주목받는 SMR 관련주에 주목할 필요가 있다고 조언했다. 국내 SMR 관련주로는 두산중공업, 한전기술, 우진 등이 거론된다. 다만 SMR의 상용화까지는 아직 시일이 필요한 만큼 주가의 변동폭은 클 수 있다. 문 연구원은 “SMR 상용화는 현 시점에서는 미래 에너지 시장의 핵심 기술인 수전해 기술보다도 한 호흡 뒤의 기술”이라면서도 \"그럼에도 불구하고 SMR 관련 뉴스에 주가가 반응하는 이유는 유연성, 안정성 측면에서 대형원전의 단점을 개선할 수 있고, 기존 대형 원전과는 달리 분산형 전원, 해수담수화, 수소 생산 등 다방면에 사용할 수 있기 때문에 ‘만약 된다면’ 원자력 산업의 미래를 바꿀 수 있을 기술이기 때문\"이라고 설명했다."
    },
    {
        "title": "\"칭찬일색인데 주가 왜 이러죠?\" 배터리株 투자 리스크는? [선데이 머니카페]",
        "date": "2021.09.19. 오전 10:12",
        "content": "7월부터 LG화학 17.5%, SK이노 18.8% ↓동학개미, '장밋빛 전망' 딴판 주가에 '진땀'배터리 셀 업체 투자 위험 요소 살펴보니①IPO로 대규모 투자재원 조달...주주와 마찰②수익성에 대한 의구심. 高밸류 정당한가③\"ESG는 자국 부흥 위함\" 내부 육성 가능성\n\n\n\n[서울경제] LG화학(051910) 주주들의 지난 1년을 한마디로 요약하면 ‘산전수전’이라는 말이 꼭 들어맞을 것 같습니다. 전기차 판매량 확대와 함께 순탄한 오르막길을 걸을 것 같았는데 난데없이 불거진 배터리 사업부의 분할 소식에 주가가 털썩 주저앉았고, 이는 향후 걸어야 할 험난한 길에 대한 예고전에 불과했습니다. 올해 3월 폭스바겐의 배터리 내재화 선언, 5월 크레디트스위스(CS)의 투자의견 하향 보고서, 8월 미국 제너럴모터스(GM)의 리콜 결정 등 악재를 수차례 맞닥뜨리면서 지난해 9월부터 하루 5% 넘게 폭락한 날이 9차례에 달했습니다.투자자의 실망은 비단 LG화학에 국한된 이야기가 아닙니다. SK이노베이션(096770)도 배터리 독립 상장 이슈로 주가가 잔뜩 웅크려있고, 회사 측의 공식 부인에도 분사 이슈가 확산되면서 이달 16일 장 중 삼성SDI(006400)는 5% 이상의 조정을 받기도 했습니다. 지난 7월부터 삼성SDI는 3.9% 오르며 선방했지만, LG화학과 SK이노베이션의 주가 조정 폭은 각각 17.5%, 18.8%에 달합니다. '전기차 시장의 성장은 확실한 데 주가는 왜 이럴까. 행여 간과한 투자 리스크가 있는 것 아닐까’ 생각에 마음 한구석이 찜찜하실 겁니다. 모두가 극찬했던 배터리 셀 업체가 어째서 벤치마크인 코스피보다 부진한 성과를 기록하고 있는 것일까요. 이번 주 ‘선데이 머니카페’에서는 배터리 셀 업체에 대한 투자 리스크를 살펴보겠습니다.\n\n\n\n사진=서울경제DB━① 대규모 자본 조달 리스크···IPO 두고 주주와 잡음먼저 대규모 투자금 조달과 관련한 리스크를 꼽을 수 있습니다. 올 들어 완성 배터리 업체의 주가가 재미없는 결정적 이유이기도 하죠. 배터리 산업은 대표적인 자본 집약적인 산업으로 기업들은 폭발적으로 성장하는 전기차 시장에서 입지를 다지기 위해서는 매년 3조 원 이상이라는 막대한 설비 투자가 필요하다고 말합니다. 지난 7월 열린 SK이노베이션의 ‘스토리 데이’ 행사에서 지동섭 SK이노베이션 배터리 대표는 \"배터리 생산 시설 증설 속도가 빨라 전체적으로 많은 재원이 필요한 상황이다. 매년 2조∼3조 원 수준의 투자가 집행돼야 하는데 투자 타이밍을 놓치지 않기 위해서 (SK배터리의) 분사는 빠를 수록 좋다\"고 목소리를 높이기도 했습니다.\n\n\n\n사진=연합뉴스문제는 국내 기업들이 대주주의 지배력 훼손 없이 타인의 자본으로 사업을 키울 수 있는 ‘물적분할 뒤 기업공개(IPO)’ 방식을 선호하면서 비지배 주주들의 이권을 침해하고 있다는 것입니다. 배터리 사업부가 독립 법인이 돼 상장되면 모회사의 지분 가치에는 50% 이상의 ‘지주사 디스카운트’가 발생하고 글로벌 상장지수펀드(ETF)가 대규모 교체매매를 진행하면서 기존 모회사는 꽤 깊은 외상을 입게 됩니다. 미국 등 선진 자본 국가에서 ‘자회사 상장’은 소송 문제로 번질 공산이 크기 때문에 회사들이 감히 단행하지 못하지만 한국에서는 ‘소액주주 권리 보호’에 대한 의식이 아주 희미해 하나의 유행이 되어 가는 모습입니다. 최상현 베어링자산운용 본부장은 “전기차 시장으로 국내 배터리 업체에 대해 긍정적 시각을 유지한다”면서도 “올 들어 배터리 업종은 분사 유무를 두고 주가가 차별화됐다. 앞으로 증설을 위한 대규모 자금 조달과 관련한 문제가 나올 수 있기에 이에 주의할 필요가 있다”고 말했습니다.━② 제조업 한계·구조적 비용 증가 위험···高밸류에 대한 의구심성장 산업이 피할 수 없는 밸류에이션에 대한 적절성 논쟁도 불안을 유발하는 요인입니다. 배터리 기업은 대표 성장 테마인 BBIG로 묶이면서 바이오·플랫폼 산업과 동일 선상에 놓입니다.하지만 배터리 셀 업체는 기본적으로 제조업이기 때문에 여타 성장주와 달리 창출하는 부가가치가 크지 않을 수 있다는 시각이 있습니다. 국내 배터리 셀 업체가 이제 막 손익분기점(BEP)을 넘긴 상황이기 때문에 이를 단순 비교하기에 무리가 있지만, 올해 2분기 삼성바이오로직스의 영업이익률은 40.5%인 반면 삼성SDI 2차전지 부문의 영업이익률은 6.2% 수준입니다. 앞으로도 완성차 업체에 단가 인하 요구, 경쟁 심화 등에 영향 받아 10% 초반의 영업이익률을 벗어나지 못할 것이라는 의견이 나옵니다. 매출은 가파르게 뛰어도 주가를 지지할 이익의 규모가 그 속도에 미치지 못하면 현재 높은 밸류에이션이 과연 정당하냐는 논쟁에 휘말릴 소지가 있다는 이야기입니다. 다만 워낙 산업 초기인 만큼 수익성 지표보단 매출액에 방점을 찍어 글로벌 시장 점유율 유지 및 확대에 이상 기류가 없는지에 초점을 둘 필요가 있다는 의견도 있습니다.\n\n\n\n사진=AFP연합뉴스잇단 화재 사고도 향후 수익성을 높여 잡는 데 불편함을 야기하고 있습니다. 지난달 GM 리콜로 LG화학에 충당금 이슈가 돌발하면서 배터리 산업 전반에 수익성이 개선되는 데 불확실성이 큰 것 아니냐는 불안감이 부쩍 대두되는 모습입니다. 전유진 하이투자증권 연구원은 “현재 국내 셀 업체들은 매출액의 1~2% 내외에서 충당금을 설정하고 있지만 대규모 리콜 사건의 반복은 향후 LG화학의 충당금 상향 조정으로 이어질 가능성이 높다”며 “이는 구조적 비용 상승의 요인이 될 수 있어 중장기 수익성에 대한 의구심으로 이어진다”고 밝혔습니다.━③ “ESG는 성장에 대한 갈증”···선진국의 자국 보호책\n\n\n\n선진국이 자국 배터리 산업을 육성하려는 시도도 국내 배터리 셀 업체에 위험이 될 수 있습니다. 미국·유럽 등 선진국이 ‘기후 위기 대응’을 앞세워 친환경 산업을 강조하고 있지만 이는 표면적 명분일 뿐 그 근간에는 고착화된 저성장을 탈피하려는 의도가 깔려있다는 분석이 지배적입니다. 지금까지 국내 배터리 업체와 해외 완성차 업체의 합종연횡이 활발하지만 앞날까지 안심할 수는 없다는 지적입니다.2차전지 펀드를 운용하고 있는 황우택 한국투자신탁운용 펀드매니저는 “친환경 산업 육성에는 각국의 새 비즈니스에 대한 목마름이 있다\"며 “예를 들어 미국에서 왜 자국 전기차에 한국 배터리를 쓰냐는 식의 문제가 제기될 수 있고 이에 관세 높이는 등의 식으로 한국 기업을 배척하려는 움직임이 나타날 가능성을 배제할 수 없다”고 예견했습니다.\n\n\n\n현대차의 전기차 아이오닉 충전 모습. / 사진=현대자동차사실 이는 배터리 산업의 진입 장벽과도 맞닿아 있는 문제이기도 합니다. 완성차 업체가 내재화 계획 밝히면서 ‘배터리 시장의 독과점 체제가 가능한가'에 대한 의견이 맞섭니다. 이에 대해 국내 한 증권사의 2차 전지 담당 연구원은 “현재까지 완성 배터리 업체의 진입 장벽이 높다는 의견이 우세하며 이에 무게를 둔다”면서도 “다만 전기차가 이제 막 성장기에 들어온 상황이라 반도체처럼 명확한 핵심 기술력이 확정되지 않았고 차세대 기술도 계속 나오고 있다. 진입 장벽이 높다거나 낮다고 잘라 말하기가 어렵다\"고 말했습니다. 그러면서 “LG화학처럼 충당금이 잡히는 상황에서도 대규모 투자는 지속해야 하기 때문에 지금 선두 업체라고 해서 시장의 주도권을 잡았다고 단정하기 어렵다”며 “연구개발(R&D)·설비투자를 지속 늘릴 수 있는 자본력을 보유했는지 여부도 중요한 사업적 경쟁력\"이라고 강조했습니다.황우택 매니저는 “플랫폼 업체에 높은 밸류에이션을 주는 것은 진입장벽이 매우 견고해 한번 자리 잡으면 경쟁사가 못 들어온다는 확신이 있기 때문이다”며 “현재 배터리 셀 업체의 진입 장벽이 무너질 것을 걱정하는 것은 시기상조다. 다만 산업군 비즈니스는 성숙도가 높아지면 가격을 통해서 장벽을 일부 극복할 여지도 있어 보인다\"고 의견을 밝혔습니다."
    },
    {
        "title": "“추석이후 내 주식 어떻게…연휴 FOMC 주목”…테이퍼링 발언 촉각",
        "date": "2021.09.19. 오전 9:28",
        "content": "연방공개시장위원회(FOMC) 결과에 따라 변동성 커질 듯[헤럴드경제=김용재 기자] 한국은 추석 연휴지만 뉴욕시장은 열린다. 특히 이번 주에는 연방준비제도(연준·Fed)의 연방공개시장위원회(FOMC) 정례회의에 변동성이 큰 한 주를 보낼 것으로 전망된다.\n\n\n\n미국 뉴욕증권거래소 모습 [연합]이달들어 미국 3대 지수는 모두 하락세로 돌아섰다. 신종 코로나바이러스 감염증(코로나19) 델타 변이 확산에 따른 경기 둔화 우려와 연준의 자산매입 프로그램 축소인 테이퍼링에 대한 경계감이 퍼지면서 투자 심리가 위축된 데 따른 것이다.지난 17일까지 다우존스30산업평균지수는 9월 한 달간 2.19%, 스탠더드앤드푸어스(S&P)500지수는 1.98% 떨어졌다. 나스닥지수는 1.41% 하락했다.다우지수는 9월 들어 3개월 만에, 나스닥지수는 4개월 만에, S&P500지수는 8개월 만에 하락세로 전환됐다.이번 주 22일 FOMC 결과에 시장의 관심이 쏠리고 있다. 이때까지 시장은 대기 모드에 들어갈 것으로 전망된다.이코노미스트들은 이번 주 회의에서 연준이 테이퍼링에 대해 논의만 하고 연내 테이퍼링을 단행하겠다는 신호만 줄 가능성이 있다고 내다 보고 있다.뱅크오브아메리카의 미셸 메이어 이코노미스트는 연준이 '베이비스텝(느린 걸음)'을 취하길 원할 것이라며 11월에 테이퍼링을 발표하고 연말 전에 테이퍼링을 시작할 것으로 예상했다. 연준은 시장에 충분한 신호를 줘 테이퍼링에 따른 충격을 완화하길 바라고 있다. 이에따라 9월 회의 결과에 시장이 별다른 영향을 받질 않을 가능성도 있다.다만 시장 참가자들은 연준 위원들의 금리 전망치를 담은 점도표가 어떻게 변할지 주목하고 있다.지난 6월 점도표에서 위원들은 2023년에 두 차례 금리 인상을 예상했다. 이는 첫 금리 인상을 2024년으로 예상했던 이전 전망치에서 당겨진 것이다. 이번에도 추가로 당겨질지 주목된다.금리 인상 시점이 당겨지거나 2023년 금리 인상 횟수가 늘어날 경우 긴축 속도에 대한 우려로 시장은 이를 매파적으로 읽을 수 있다.다만 제롬 파월 연준 의장은 앞서 금리 인상 기준은 더욱 높고 엄격하게 적용될 것이라고 언급하고, 테이퍼링이 끝나면 곧바로 금리 인상이 이뤄지는 것은 아니라는 점을 강조한 바 있다. 파월 의장이 이번 기자회견에서도 비슷한 언급을 내놓을 가능성이 크다.이번 주부터 의회가 다시 열리는 만큼 3조5000억 달러 규모 지출안과 1조 달러 규모의 인프라 법안, 부채한도 협상 등과 관련해 진척된 소식이 나올지도 주목된다."
    },
    {
        "title": "달라진 롯데·GS…공격적 베팅하는 대기업",
        "date": "2021.09.19. 오전 9:02",
        "content": "한샘 상암동 사옥 전경. [한샘 제공][헤럴드경제=이세진 기자] 신종코로나바이러스감염증(코로나19) 장기화, 글로벌 경기 변동 속에서 경영 환경의 변화를 주시하던 롯데, GS 등 그룹들이 최근 인수합병(M&A) 시장에 적극적으로 모습을 드러내고 있다.특히 다양한 M&A 기회에도 불구하고 물밑에서 검토만 진행하던 이들의 ‘확 달라진’ 베팅이 업계의 이목을 끌고 있다. 전례없는 팬데믹과 과잉 유동성 시장에서 신사업 진출에 공격적인 드라이브를 거는 전략으로 풀이된다.최근 롯데그룹의 롯데쇼핑은 국내 1위 가구·인테리어 업체 한샘을 사모펀드(PEF) 운용사 IMM프라이빗에쿼티(PE)와 공동 인수하기로 했다. 롯데는 이 PEF에 2995억원을 출자하기로 결의했다. 앞서 IMM PE는 지난 7월 조창걸 한샘 명예회장과 특수관계인 지분 30.21%를 인수하기 위한 양해각서를 체결하고 SI를 물색해 왔다. LX하우시스도 3000억원을 출자하겠다고 밝혔지만 IMM PE는 롯데쇼핑과의 시너지가 더 높다고 판단한 것으로 보인다.롯데는 그동안 인수합병에 소극적 행보를 보여왔지만 최근 대어급 M&A에 잇따라 손을 뻗으며 달라진 모습을 보이고 있다. 이베이코리아 인수전에 참여하는가 하면, 중고거래 플랫폼인 중고나라를 인수하기도 했다. 롯데는 한샘 인수를 통해 백화점업계의 ‘포스트 명품’으로 꼽히는 리빙 시장 공략을 강화할 전망이다.GS그룹도 최근 오랜 침묵을 깨고 적극적인 M&A에 나서고 있다. GS리테일이 요기요 운영사인 딜리버리히어로코리아를 인수한 데 이어 ㈜GS도 국내 1위 보톡리늄 톡신 업체인 휴젤을 인수했다.GS는 지난달 말 휴젤 최대주주인 베인캐피털이 보유한 지분 46.9%를 약 1조7240억 원에 인수하기 위해 싱가포르펀드 CBC그룹이 주도하는 컨소시엄에 참여해 주식양수도계약(SPA)을 체결했다. 컨소시엄에는 중동 국부펀드인 무바달라 인베스트먼트와 IMM인베스트먼트도 함께 참여하기로 했다.GS가 바이오 산업에 첫 발을 떼면서 GS칼텍스 등 정유사업에 치우쳐진 사업 구조를 다각화할 수 있다는 평가가 나온다. 또 GS리테일이 요기요를 통해 딜리버리 서비스를 확대하면서 유통사들의 치열한 경쟁에서도 점유율을 이어갈지 관심을 모은다."
    },
    {
        "title": "추석 연휴 이후 코스피, 미·중 이벤트에 '주목'[주간전망]",
        "date": "2021.09.19. 오전 8:01",
        "content": "이번주 코스피 지수 3080~3180선 범위 예상FOMC 회의 결과·중국 부동산그룹 파산 리스크 등에 관심\n\n\n\n사진=게티이미지뱅크이번주(23~24일) 국내 증시의 향방은 미국 연방공개시장위원회(FOMC) 회의 결과와 중국 부동산그룹 파산 리스크 등에 관심이 쏠릴 예정이다. 연휴 이후 코스피 흐름은 박스권 등락이 예상되는 만큼 중소형주 상대 수익률 호조를 염두에 둔 시장 대응이 필요하다는 조언이 나온다.19일 금융투자업계에 따르면 이번주 코스피 지수는 3080~3180선 범위 내에서 등락을 반복할 것으로 보인다.지난주 코스피는 3140.51에 마감했다. 경기회복 둔화 우려 및 중국 기업 규제 및 헝다 리스크, 9월 FOMC 등 대내외 불확실성 변수들이 공존하며 투자심리는 아직 위축된 모습을 보였다. 외국인이 467억원 순매수했다. 개인도 2219억원 매수 우위를 나타냈고 기관은 3056억원 순매도했다.뉴욕증시에서 주요 지수는 FOMC 정례회의를 앞두고 투자자들의 관망세로 하락했다. 17일(현지시간) 뉴욕증권거래소에서 다우존스30산업평균지수는 전장보다 0.48% 하락했다. 스탠더드앤드푸어스(S&P)500지수와 나스닥지수는 각각 0.91% 내렸다.추석 연휴 직후 시장의 관심은 23일 새벽에 발표될 FOMC 회의 결과에 집중될 것으로 보인다. 핵심 관전 포인트 3가지는 △테이퍼링 관련 정책 변경 여부 △정책금리 점도표 △성장 및 물가 전망이다.박석현 KTB투자증권 연구원은 \"테이퍼링 발표가 보류되겠지만 연내 시행 의지가 표출될 수 있다. 정책금리 점도표 중간 값 변화를 통해 첫 금리인상 시점이 2023년에서 2022년으로 앞당겨질 것인지를 주목할 필요가 있다\"며 \"국내총생산(GDP) 성장률 전망은 하향 수정될 수 있으며 물가 상승률 전망은 상향 수정될 수 있다\"고 말했다.9월 FOMC 회의에서 미국 중앙은행(Fed)은 경제지표 수정 전망을 제시할 예정이다. 2021년 GDP 성장률 전망에 있어 Fed와 시장 전망의 괴리가 크다는 점에서 하향 수정될 수 있는데 동시에 2022년 GDP 성장률 전망의 상향 수정 여부가 주목된다. 물가의 경우 개인소비지출(PCE) 물가와 근원 개인소비지출(Core PCE) 물가 모두 2022년 전망치에 대한 시장 전망과의 괴리가 크다는 점에서 상향 수정될 수 있다. GDP 성장률 전망 하향과 물가 상승률 전망 상향이 조합될 경우 주식시장에는 부담 요인이 될 수 있다는 게 전문가들의 분석이다.아울러 미국 상원과 하원이 개원을 앞둔 가운데 1조달러 규모의 인프라 법안과 관련된 하원 표결이 진행될 것으로 예상된다. 이번 법안에는 전력 인프라 개선, 탄소배출 감축·전기차 충전소 구축, 광대역 통신망 투자 등이 포함됐다.중국에서는 중국의 부동산 사업 2위 그룹인 헝다그룹의 파산 리스크가 부각되고 있다. 신용평가사 피치는 헝다가 23일 에정된 채권 이자를 지급하지 못할 수 있다고 경고했다. 이에 따라 금융시장에서는 헝다그룹의 사업 지속 가능 여부에 대한 의구심이 확대되고 있는 상황이다. 중국 금융시스템 전반에 걸친 리스크로 확산될 가능성을 우려하는 시각도 일부 존재한다. 이 경우 한국 주식시장도 충격이 불가피하다. 다만 금융시스템 전반으로 확산 가능성은 낮다는 전망이 나온다.증권가에서는 이번주 관심을 둘 만한 업종으로 통신장비, 유통, 의류, 내국인 카지노, 수소 등을 제시했다.김영환 NH투자증권 연구원은 \"연휴 이후 한국 증시에 영향을 줄 수 있는 가장 큰 우려 요인은 헝다그룹발 중국 금융시스템 리스크 부각 가능성인데 이로 인한 조정 발생 시 오히려 매수 대응이 필요한 이슈라고 판단된다\"며 \"미국 인프라 투자에 대한 기대가 친환경 분야에 대한 투심을 자극 중인데 이는 연초 이후 부진했던 신재생 테마로의 관심 또한 재부각될 수 있다는 의미\"라고 말했다."
    },
    {
        "title": "\"추석 이후 더 떨어진다\" 공포…바이오주 계속 들고 가도 될까",
        "date": "2021.09.19. 오전 6:53",
        "content": "\"뭘 들이대도 안 오르는 바이오주\"…계속 들고 가도 될까SK바사, 오버행 이슈에 고점 대비 19%↓\"추석 이후 더 떨어진다\" 공포감에 투매까지 나와‘ESMO 기대주’ 유한양행·오스코텍, 데이터 공개 후 하락\n\n\n\n/사진=게티이미지뱅크8월 한 달 동안 가파르게 상승했던 제약·바이오섹터가 9월 들어 다시 꺾였다.지난달 국산 신종 코로나바이러스 감염증(코로나19) 백신 기대감에 급등하며 제약·바이오 섹터 상승세를 주도한 SK바이오사이언스는 이달 들어 급락했다. 또 항암 신약 개발 기업들의 대목으로 꼽히는 유럽종양학회(ESMO) 연례 학술대회 이벤트도 큰 힘을 쓰지 못하는 모습이다.19일 한국거래소에 따르면 지난 17일 코스피 의약품지수는 1만9995.51에 마감했다. 지난달 종가 2만1075.21과 비교해 5.12% 하락한 수준이다.이 지수는 지난달에는 15.29% 상승하며 증시에서 제약·바이오 섹터 소외 현상이 나타나기 전인 연초 수준에 근접하기도 했다. 당시에는 국산 신종 코로나바이러스 감염증(코로나19) 백신 개발 기대감 덕이었다.지난달 5일 청와대에서 문재인 대통령 주제로 ‘K-글로벌 백신 허브화 비전 및 전략 보고대회’가 개최된다는 일정이 알려진 7월 말부터 백신 관련주들이 꿈틀대기 시작했다. 특히 SK바이오사이언스가 개발 중인 코로나19 백신 후보 GBP510에 대한 임상 3상을 식품의약품안전처가 지난달 10일 승인하면서 이 회사 주가가 급등세를 탔다. 17만500원이던 7월 종가가 지난달 19일에는 33만5500원까지 올라 13거래일만에 96.77% 상승했다.하지만 SK바이오사이언스의 지난 17일 주가는 27만2500원. 고점 대비 18.78% 하락한 수준이다. 금융투자업계에서는 시장에 갑자기 많은 주식 물량이 쏟아지는 ‘오버행’에 대한 우려를 배경으로 꼽는다. SK바이오사이언스이 상장하는 과정에서 6개월동안 주식을 팔지 않겠다는 약속을 한 기관들이 배정받은 394만8100주가 연휴 직후인 23일부터 거래할 수 있게 된다. SK바이오사이언스 전체 상장 주식의 5.16%에 달하는 물량이다. 앞서 3개월 의무보유확약이 해제된 지난 3월18일에도 SK바이오사이언스 주가는 직전 거래일 대비 4.69% 급락한 바 있다.\"추석 이후에 더 떨어진다\"는 공포가 투매를 자극했다.8월에는 국산 코로나19 백신 기대감에 이어 제약·바이오 섹터의 상승 동력이 돼 줄 것으로 기대됐던 ESMO 연례학술대회 이벤트의 효과도 미미했다. 앞선 글로벌 학회·컨퍼런스 이벤트와 마찬가지로 오히려 주가가 더 하락시키는 것 아니냐는 우려가 고조되고 있다.ESMO 개막일인 16일(현지시간)에는 유한양행의 폐암신약 레이저티닙과 얀센의 아미반타맙의 병용요법에 대한 임상 데이터가 포함된 초록이 공개됐다. 하지만 공개된 임상 데이터가 한국 증시에 반영된 17일 유한양행 주가는 오히려 약세를 보였다. 유한양행에 레이저티닙 기술을 이전해 얀센이 내는 기술료를 나눠받는 오스코텍은 5.16% 급락했다.장세훈 신한금융투자 연구원은 “(ESMO 연례학술대회에서) 국내 기업 발표 중 가장 주목을 모았던 레이저티닙의 병용 임상 결과가 공개되면서 남은 이벤트는 제한적”이라며 “남은 학회 일정은 해외 기업의 주요 데이터에 관심을 가질 필요가 있다”고 말했다.이번 ESMO에 앞서 개최된 4월의 미국암학회(AACR), 1월의 JP모건 헬스케어컨퍼런스 등 제약·바이오 섹터의 대형 이벤트 때마다 코스피 의약품지수는 오히려 저점을 더 낮추는 모습을 반복했다."
    },
    {
        "title": "IPO '빅 5' 상장첫날 성적표는…공모가 대비 평균 72% 상승",
        "date": "2021.09.18. 오전 11:30",
        "content": "상승률 SK바사 1위·몸집 카뱅 최대…시총 103조\n\n\n\n현대중공업[현대중공업 홈페이지 캡처](서울=연합뉴스) 김태종 기자 = 현대중공업이 17일 유가증권시장에 상장하면서 올해 기업공개(IPO) 시장에서 큰 관심을 모았던 이른바 '빅 5'가 모두 링에 올랐다.    현대중공업이 첫 거래를 마친 가운데 이들 '빅 5'의 상장 첫날 공모가 대비 주가 상승률은 평균 70%를 웃돌았고, 시가총액 합은 100조원을 넘는 것으로 집계됐다.    18일 금융투자업계에 따르면 SK아이이테크놀로지(SKIET)와 SK바이오사이언스(SK바사), 카카오뱅크(카뱅), 현대중공업, 크래프톤 등 5개 종목의 상장 첫날 평균 상승률은 공모가 대비 72.6%로 나타났다.    이들 '빅 5'는 올해 공모주 청약에서 증거금을 50조원 이상 모았거나 공모금액이 4조원 이상(크래프톤)에 달해 IPO 시장에서 가장 주목받은 종목이다. 이들 종목에 모인 증거금만 무려 263조9천억원에 달한다.    상장 첫날 주가 상승률은 SK바사가 가장 높았다. 이른바 '따상'(공모가 두 배에 시초가 형성 뒤 상한가)을 기록하며 160.0%의 수익률을 달성했다.\n\n\n\n카카오뱅크, 크래프톤, SK바이오사이언스, SK IET 청약 당시 모습. 가장 늦게 상장한 현대중공업이 85.8%로 '선배'들을 제치고 두 번째를 차지했고 카카오뱅크가 79.0%, SKIET가 47.1%로 뒤를 이었다. 크래프톤은 유일하게 마이너스 상승률(-8.8%)로 최하위였다.    상장 하루밖에 안 된 현대중공업을 제외한 다른 4개 종목은 현재에도 상장 첫날 주가를 유지하거나, 더 높은 상승률을 나타내고 있다.     SK바이오사이언스가 17일 현재 27만2천500원을 나타내며 상장 첫날 종가 대비해서도 61.2% 치솟았다. SKIET도 22만4천500원으로 45.3% 더 뛰어올랐다.     상장 첫날 45만4천원에 마감하며 공모가에 미치지 못했던 크래프톤은 49만3천500원으로 공모가(49만8천원)에 육박하고 있고, 첫 거래일보다 주가가 떨어진 종목으로는 카카오뱅크가 유일했다.     카카오뱅크의 현 주가는 6만8천원으로 첫 거래일 주가(6만9천800원)보다 소폭 낮다.     이들 '빅 5'의 시가총액 합은 100조원을 넘어섰다.     카카오뱅크 32조3천억원을 비롯해 크래프톤 24조1천억원, SK바이오사이언스 20조8천억원, SKIET 16조원 등이다. 현대중공업은 9조9천억원으로 10조원에 육박했다.     이에 유가증권시장 시총 순위에서도 카카오뱅크 11위, 크래프톤 15위 등 모두 50위 이내에 이름을 올리며 '대어'의 몸값을 톡톡히 하고 있다.[표] '빅 5' 상장 첫날 주가 상승률 등 비교                                                            (단위 : 원, %)\n\n\n\n※ 시총 및 순위는 9.17 기준    taejong75@yna.co.kr"
    },
    {
        "title": "손정의도 팔아치운 쿠팡…반등 기회 없나",
        "date": "2021.09.18. 오전 10:13",
        "content": "[연합][헤럴드경제=이현정 기자]쿠팡이 미국 증시에 입성한 지 반 년이 지난 가운데 주가 흐름은 신통치 않은 모습이다. 향후 주가 흐름은 영업 손실 축소와 물류 정상화 여부에 따라 좌우될 것이란 전망이다. 19일 금융투자업계에 따르면 쿠팡은 지난달 이후 30달러대에서 횡보하고 있다. 이는 공모가(35달러)를 밑도는 가격이자 고점(69달러)의 절반에도 미치지 못하는 수준이다.이는 최근 특별한 모멘텀이 없었던 상황에서 보호예수 물량이 풀린 여파가 작용했다는 분석이다. 보호예수 물량은 지난달 13일 대거 풀렸는데 이는 쿠팡의 주가 하락세가 가팔라지던 시점과 맞물린다. 쿠팡 주식 매도에는 손정의 소프트뱅크 회장도 거들었다. 손 회장이 이끄는 일본 소프트뱅크 비전펀드는 지난 14일 쿠팡 클래스A 주식 5700만주를 16억9000만달러에 매각했다. 우리 돈으로 환산하면 2조원에 가까운 금액이다. 이는 소프트뱅크가 보유한 쿠팡 주식의 약 9%에 해당한다. 비전펀드는 쿠팡의 상장 당시에만 해도 “쿠팡의 성장을 믿기 때문에 ‘상장 대박’에도 불구하고 지분을 팔지 않겠다”고 공언한 바 있다.쿠팡은 빠른 성장세를 보이고 있지만 영업손실 규모는 여전히 줄지 않고 있다. 쿠팡의 2분기 거래액은 전년 동기 대비 96% 급증한 9조3790억원을 기록했고, 시장점유율도 같은 기간 6.6%에서 20%로 뛰었다. 하나금융투자는 올해 쿠팡의 매출과 거래액이 전년 동기 대비 각각 57% 증가한 21조8000억원 34조5000억원에 달할 것으로 추정했다. 그러나 영업손실 규모도 1조 6710억원까지 증가할 것으로 내다봤다.주가 회복을 위해선 영업 손실을 줄이고 물류 정상화에 속도를 내야 한다는 분석이다.박종대 하나금융그룹 연구원은 \"주가 모멘텀을 회복하기 위해선 영업손실을 줄이고 신규 사업 비용 부담을 기존 사업 정상화로 극복할 수 있는 사업구조를 보여주는 동시에 시장점유율 상승세를 유지해야 한다\"며 \"이는 공급 측면에서 물류센터와 인력 확충의 문제인데, 물류센터는 내년까지 50% 이상 확충을 목표하고 있으며, 사회적 거리두기 완화 가능성은 인력 수급에 우호적인 환경\"이라고 말했다."
    },
    {
        "title": "집 나갔던 외국인 돌아오나, 이달 들어 삼성전자 주식 1.1조 순매수",
        "date": "2021.09.18. 오전 9:45",
        "content": "3분기 긍정적 실적 전망에도 D램 가격 우려도\n\n\n\n17일 오전 서울 중구 하나은행 본점 딜링룸에서 직원들이 업무를 보고 있다. /연합뉴스[서울경제] 외국인 투자자가 이달 들어 삼성전자 주식을 순매수하고 있다.18일 한국거래소에 따르면 지난 1~17일 외국인은 삼성전자 주식을 1조1,347억원(1,475만주) 순매수했다. 월별로 봤을 때 매수 우위를 기록한 건 지난해 11월 1조4,366억원(2,371만주) 순매수한 이후 10개월만이다. 당시 반도체 ‘슈퍼사이클’(장기 호황)이 점쳐지면서 외국인의 매수세가 이어졌다.하지만 슈퍼사이클 전망이 사그라지면서 외국인은 9개월간 내리 매도 우위를 보여왔다. 특히 지난달에는 메모리 반도체 업황이 둔화할 것이라는 우려로 월간 기준 사상 최대인 6조4,696억원(8,611만주)을 순매도했다. 그 결과 외국인의 삼성전자 지분율은 지난해 말 55.73%에서 지난달 말 51.61%까지 뚝 떨어졌다.삼성전자의 3분기 실적에 대한 긍정적인 전망도 나오고 있다. 유진투자증권과 NH투자증권은 3분기 영업이익을 각각 16조원으로 전망했다.다만 한국투자증권은 D램 가격에 대한 우려를 반영해 삼성전자의 목표가를 종전 11만5,000원에서 10만원으로 내렸다. 같은 이유로 IBK투자증권도 11만원에서 10만원으로 내린 상태다."
    },
    {
        "title": "“치솟는 원자재가 바이러스보다 공포”...납품가 못 올리는 중소기업 ‘한숨’",
        "date": "2021.09.18. 오전 9:02",
        "content": "원자재 가격 지수 올해 30% 껑충중소기업 절반이 납품단가 반영 못해\n\n\n\n최근 1년 간 S&P GSCI 지수 / 자료=S&P 홈페이지[서울경제] 원자재 가격이 고공행진하고 있다. 지난해 코로나19 팬데믹으로 원자재 생산 설비 투자가 크게 줄어들었지만 올해 들어 주요국이 경제 활동 정상화를 시도하면서 상품 수요가 살아나고 있기 때문이다. 다만 치솟는 원자재 값에 중소기업들은 걱정이 가득한 모습이다. 원가 상승분을 납품대금에 반영하기 힘든 구조가 자리 잡고 있기 때문이다. 18일 골드만삭스 등에 따르면 올해 들어 9월 16일까지 S&P GSCI 지수는 32.51% 상승한 것으로 집계됐다. 최근 한 달 간도 지수는 2.88% 뛰었다. 이는 S&P와 골드만삭스가 집계하는 상품가격 지수로 원자재 가격 움직임을 반영한다. 지난해만 하더라도 코로나19 충격을 받으며 이 지수는 약 6.8% 하락을 나타냈다. 이승훈 메리츠증권 연구위원은 “작년 코로나19로 원자재 생산설비 투자가 부진하면서 공급이 축소됐지만 올해는 경기가 회복세로 돌아서며 원자재 수요가 크게 늘어나 전 세계적으로 원자재 가격 상승세가 이어지고 있다”고 설명했다.치솟는 원자재 가격에 기업들 부담은 커질 수밖에 없다. 원자재 가격 상승이 코로나19 보다 더 두렵다는 얘기도 나온다. 실제 대한상공회의소가 대기업 104곳, 중소기업 206곳을 대상으로 조사한 결과를 보면 원자재가격 상승에 대한 부담을 말한 응답은 81.6%로 코로나 재확산(80.6%), 금리인상(67.7%) 등보다 높았다.특히 중소기업들은 고충이 더 크다고 토로하고 있다. 원가 상승분만큼 납품가를 올릴 수 없기 때문이다. 중소기업중앙회가 최근 실시한 설문 조사에 따르면 공급원가가 올랐다고 본 조합원 중 45.8%가 납품대금에 비용 상승분을 전혀 반영하지 못한다고 밝혔다. 여러 업종 중 승강기(82.6%), 레미콘(59.9%), 가구(50.0%) 등이 원가 상승을 반영하지 못한다는 의견이 많았다. 일부 반영하는 곳은 47.9%였지만 전부 반영하고 있는 기업은 6.2%에 불과했다.납품 단가를 일부 올리더라도 원가와 비교하면 그 수준은 크게 낮다는 평가도 있다. 실제 중기중앙회 조사에서 원가 상승을 일부 반영하는 업체들의 평균 반영 비율은 31.4% 수준으로 집계됐다. 업체 간 가격 경쟁이 치열해지고 거래단절 등 불이익 등을 우려한다는 게 중기업계의 목소리다. 중기중앙회 관계자는 “공급원가 상승에도 불구하고 납품대금 인상에 비협조적인 업종에 대해서는 공정거래위원회에서 중점 실태조사 업종으로 선별해 강력한 현장조사와 시정조치가 뒤따라야 한다”며 “원자재 가격 급등에 따른 중소기업 피해 최소화를 위해 납품단가 연동제 도입에 대한 논의도 필요한 시점”이라고 말했다."
    },
    {
        "title": "글로벌 기관투자자, \"향후 12개월간 VC 투자 전망 가장 밝아\"",
        "date": "2021.09.18. 오전 8:32",
        "content": "[헤럴드DB][헤럴드경제=이세진 기자] 사모펀드(PEF) 및 벤처캐피탈(VC) 부동산, 인프라 등 대체투자 시장이 급속도로 확대되면서 글로벌 기관투자자들의 관련 투자 행보도 빨라지고 있는 것으로 나타났다. 이런 가운데 지난해 시작된 신종 코로나바이러스 감염증(코로나19)로 경제구조가 변화하며 VC 투자 기대수익률이 높은 수준인 것으로 조사됐다. 대체투자는 최근 주식과 채권 외 기관투자자들의 주요 투자 자산으로 각광받고 있다. 특히 코로나19 팬데믹으로 촉발된 기업 M&A(인수합병)에 적극적인 PE 투자가 폭발적으로 늘어날 것이란 전망이 나온다.최근 글로벌 투자리서치기관 프레킨(Preqin)이 최근 글로벌 기관투자자 231곳을 대상으로 설문조사를 진행한 결과 이들은 향후 12개월 대체투자 시장이 초호황기를 누릴 것이라고 분석했다.응답자들의 3분의 1 이상(76%)은 현재 적어도 한 종류 이상의 대체투자 자산에 투자하고 있으며, 40%는 세 종류 이상에 동시에 투자하고 있는 것으로 나타났다.프레킨에 따르면 지난해 12월 기준 글로벌 대체투자 총 운용자산(AUM)은 8조5600억달러(9950억원)로, 2025년까지 연평균 16.7%씩 증가해 2025년에는 18조5100억달러(2경1300조원)에 달할 것으로 전망된다.보고서는 지난해에 이어진 대체투자 시장 성장이 올해부터 보다 강력한 모습으로 자리잡게 될 것이라고 언급했다.특히 VC에 대한 기대감이 높은 것으로 드러났다. 프레킨은 지난해 글로벌 VC의 IRR(내부수익률)이 31.8%에 달했으며, 대부분의 기관투자자들이 올해도 다른 자산군들에 비해 월등한 투자 수익률을 거둘 것이라고 전망했다고 밝혔다.또한 PE에 투자하는 기관투자자들의 90%가 내년에 PE 투자를 더 늘리거나 유지할 것이라고 답해 높은 관심도를 증명했다. 코로나19 여파 등 전 세계적으로 산업 구조가 디지털화, 플랫폼 중심으로 재편되면서 기업 투자 기회가 폭발하고 있는 가운데, 높은 투자 수익률의 기대감 때문으로 풀이된다.또 응답자의 42%는 지난해보다 올해 성과가 개선될 것으로 전망하기도 했다. 올해 1분기 기준 글로벌 PEF 설정액은 4950억달러(580조원) 가량인 것으로 나타났다.경기 회복으로 부동산 자산에 대한 투자 의향도 지난해 23%에서 올해 31%로 증가한 것으로 나타났다. 또 글로벌 증시가 빠르게 회복하면서 IPO(기업공개)나 장내·장외매도와 같은 엑시트(투자회수) 환경 역시 개선되고 있는 것으로 분석됐다.보고서는 특히 스팩(SPAC·기업인수목적회사)에 쏠려 있는 1290억달러(150조원)를 주목하며, 향후 엑시트 경쟁이 치열해질 것이라고 언급하기도 했다. 이세진 기자jinlee@heraldcorp.com"
    }
]