[
    {
        "title": "글로벌 공포 누그러졌지만...'중국판 리먼' 비화땐 증시 직격탄",
        "date": "2021.09.22. 오후 6:11",
        "content": "[흔들리는 中 경제시스템]요동친 글로벌 금융시장상하이지수 등 반등세 보였지만헝다그룹 사업지속성 의구심 확대연준, 연내 테이퍼링 기정사실화글로벌 증시 변동성 커질 가능성대형주보다는 중소형주 관심을\n\n\n\n공사 중단된 중국 헝다그룹의 문화관광 복합단지[서울경제] 추석 연휴 국내 증시가 쉬는 동안 중국 헝다그룹의 파산설과 미국 연방준비제도(Fed·연준)의 9월 연방공개시장위원회(FOMC) 이슈로 글로벌 증시가 조정을 받으며 증시 재개장을 앞둔 투자자의 불안감이 커지고 있다. 증권가에서는 헝다그룹 사태를 둘러싸고 과도한 우려를 경계하면서도 사태 추이를 주시해야 한다고 조언했다. 아울러 FOMC에서 유동성 회수 속도가 빨라지는 신호가 확인될 경우 글로벌 증시의 변동성이 커질 수 있다고 우려했다.◇글로벌 증시에 드리운 ‘헝다리스크’···국내도 영향받나=22일 금융투자업계에 따르면 추석 연휴 기간 글로벌 증시는 일제히 조정을 받았다. 지난 20~21일(현지 시간) 이틀간 뉴욕 증시에서 다우존스는 1.92%, 스탠더드앤드푸어스(S&P)500지수는 1.78%, 나스닥지수는 1.98% 하락했다. 배경은 중국 2위 부동산 개발업체 헝다그룹의 파산 우려다. 부채 규모만 1조 9,500억 위안(355조 원)에 달하는 헝다그룹은 23일 만기가 돌아오는 채권 이자 8,350만 달러(약 992억 원)를 상환하지 못하면 파산 절차 돌입이 불가피하다. 헝다그룹 사태는 부채의 규모가 막대한 데다 파산의 영향도 가늠하기 어려워 2008년 글로벌 금융위기를 초래한 리먼 브러더스 사태와 비교되며 글로벌 금융시장 전반에 불안을 확산시켰다.서상영 미래에셋증권 미디어콘텐츠본부장은 “21일 헝다그룹 파산 우려로 급락했던 미 증시는 22일 전일 급락에 따른 반발 매수세가 유입되며 상승하기도 했으나 헝다그룹 유동성 위기 글로벌 확대 가능성과 FOMC의 매파적인 정책 발표 가능성이 높아지며 재차 매물이 출회됐다”고 진단했다.헝다그룹이 상장된 홍콩항셍지수는 20일 장 중 3.30%까지 폭락했고 20일 쉬어간 일본 닛케이지수는 21일 2.17% 하락했다. 유럽 역시 20일 독일의 닥스가 2.31%, 영국의 FTSE가 0.86% 하락했다.증권가에서는 재개장을 앞둔 국내 증시도 단기 영향을 피해가기는 어려울 것으로 예상했다. 김영환NH투자증권 연구원은 “헝다그룹의 사업 지속 가능 여부에 대한 의구심이 확대되는 가운데 중국 금융 시스템 전반에 걸친 리스크로 퍼질 것을 걱정하는 시각도 있다”며 “이 경우 한국 주식시장 충격이 불가피할 것”이라고 말했다.공포에 질렸던 글로벌 증시가 다소 진정세에 접어들고 있는 점은 그나마 위안거리다. 중추절을 보내고 이날 개장한 대만 자취엔지수는 2.03% 내렸고 닛케이지수도 0.67% 하락했지만 역시 연휴를 보내고 이날 개장한 중국 상하이종합지수는 오히려 0.40% 올랐다. 상하이증시는 이날 개장과 함께 1% 넘게 급락하며 불안감을 키웠으나 이후 헝다그룹 측이 이자 쿠폰 지급 계획을 밝히면서 투자 심리가 빠르게 개선돼 상승세로 장을 마감했다. 20일 급락했던 나스닥과 항셍·닥스·FTSE 등도 21일에는 회복세를 보였다.◇시장 안정 우선한 FOMC···‘우려 불식’ 성공할까=헝다그룹 사태와 함께 글로벌 증시의 불안을 키웠던 FOMC(21~22일)의 결과도 주목해야 한다는 분석이다. 특히 △연준의 테이퍼링(자산 매입 축소) 시기 공개 △ 경제성장률 전망 하향 여부 △금리 인상 전망을 담은 점도표가 관전 포인트로 꼽힌다.증권가에서는 연준 위원들이 연내 테이퍼링 방침을 밝힌 상황에서 이번에 당초 FOMC를 통해 테이퍼링을 공식화하고 오는 11월부터 테이퍼링에 돌입할 가능성이 높다고 내다봤다. 하지만 정작 FOMC가 임박하자 ‘9월 보류, 11월 공식화’에 힘이 실리고 있다.이유는 불안한 경제 지표다. 제롬 파월 연준 의장은 올 7월 테이퍼링 실시의 선결 과제로 고용 지표 확인을 제시했다. 하지만 지난달 미국 비농가 취업자 수는 기대에 크게 못 미치는 전월 대비 23만 5,000명 증가에 그쳤다. 테이퍼링 일정을 재촉해온 물가 수준 역시 8월에는 소폭 하락했다. 테이퍼링 일정을 전면 재검토할 수준은 아니지만 경기회복에 대한 확신을 갖기도 어려운 수준의 지표라는 게 증권가의 평가다.박석환 KTB투자증권 연구원은 “델타 변이 바이러스 확산에 따른 전망 불확실성이 여전하다는 점이 9월 FOMC 회의에서 테이퍼링 발표를 보류하게 하는 요인”이라고 진단했다.증권가에서는 테이퍼링이 연기되더라도 증시가 우상향하기보다는 박스권을 형성할 가능성이 높다는 분석이다. 연준이 이미 연내 테이퍼링 실시 계획을 밝힌 만큼 유동성 회수 국면이 이어질 것이라는 공감대가 크기 때문이다.설령 이번 FOMC에서 예정된 물가 및 경제 상승률 전망에서 GDP 상승률 및 물가 상승률 전망치를 낮추며 스태그플레이션 가능성을 인정하는 듯한 예상이 나오거나 점도표를 통해 금리 인상 속도가 빨라질 것이라는 전망이 확인될 경우에도 시장에는 충격으로 작용할 것으로 예상된다. 점도표는 FOMC 소속 위원 18명이 각자가 생각하는 적정 금리를 점으로 나타낸 그래프다 .이처럼 중국과 미국발 리스크가 한꺼번에 부각되자 증시 전문가들은 투자 종목으로는 대형주보다는 개별 호재가 있는 중소형주에 관심을 두라고 조언했다. 박 연구원은 “이번 FOMC 이후 증시가 박스권을 형성할 경우 최근 들어 좀더 뚜렷해지고 있는 중소형주 상대 수익률 호조를 염두에 둔 시장 대응이 필요하다”고 진단했다."
    },
    {
        "title": "전기차 확대에···'SiC' 전력반도체株 뜬다",
        "date": "2021.09.22. 오후 5:52",
        "content": "Si 대비 전기에너지 변환 효율 높아채택률 현 30%→2025년 60% 이상DB하이텍·LX세미콘 등 수혜 예상\n\n\n\n[서울경제] 자동차 산업의 패러다임이 전기차로 빠르게 전환하면서 차세대 소재인 실리콘카바이드(SiC)를 기반으로 한 전력 반도체가 떠오르고 있다. 이 반도체는 기존 실리콘(Si) 기반보다 뛰어난 전력 효율로 전기차 주행 거리를 5~10%를 늘릴 수 있어 전기차 시대의 ‘필수 부품’으로 채택되고 있다. 이에 증권사들도 발 빠르게 관련 생태계에 올라타며 수혜주 발굴에 분주한 모습이다.22일 NH투자증권에 따르면 SiC의 전기차 채택률은 현재 30%에서 오는 2025년 60% 이상으로 늘어날 것으로 전망된다. 전기차에 탑재되는 전력 반도체 비중에서 SiC의 비중이 두 배 늘어난다는 의미다. NH투자증권은 이어 “향후 5년간 연평균복합성장률(CAGR) 30% 이상의 고성장을 지속할 사업으로 예상된다”며 “내년 관련 시장 규모는 전년 대비 32% 성장하는 6억 8,000만 달러로 예상된다”고 내다봤다.자동차 업계는 이전까지 가격이 저렴한 Si 소재를 써왔으나 이는 150도 이상 고온에서 반도체 성질을 잃는 단점이 있다. SiC는 고전압·고전류·고온에서 작동이 가능해 700V 이상 고전압 시스템을 쓰는 전기차의 전력 효율을 올리는 데 적합하다. 효율을 높이는 데는 저항을 줄여 열 발생을 줄이고 발생한 열을 잘 빼주는 것이 중요하기 때문이다. Si 대비 SiC의 전력 손실 감소량은 약 5~6%이며 소형화가 가능한 점을 고려하면 최대 10% 수준의 연비 향상 효과를 기대할 수 있다.이런 장점 때문에 SiC는 전기차 시대의 핵심 기술로 평가된다. 테슬라는 지난 2018년 모델3에, 도요타는 2세대 연료전지 전기차 미라이에 SiC 반도체를 적용했다. 현대차는 첫 전기차 전용 플랫폼인 E-GMP의 주 구동 모터인 후륜 모터의 인버터에 인피니언의 SiC 전력 반도체를 수입해 쓰고 있다.그렇다면 증권 전문가들은 어떤 종목을 대표적인 수혜주로 지목했을까. IBK투자증권은 DB하이텍·LX세미콘·예스티·RFHIC·에이프로 등을 꼽았다. DB하이텍은 국내 대표적인 파운드리(반도체 위탁 생산) 업체다. 전력 반도체, 자동차용 반도체 등이 가장 많이 생산되는 8인치 시설을 운영하고 있다. 반도체 설계 역량을 보유한 팹리스 업체인 LX세미콘은 최근 SiC 반도체 개발을 가속하며 차량용 반도체 시장 진출에 힘을 쏟고 있다. SK로부터 투자받으며 이목을 끈 예스티는 SiC 관련 기술 선도 업체로 불린다. 최근 포항에 증설을 진행하고 있으며 4월 대만 업체와 500억 원 규모의 공급계약을 체결하기도 했다. 이건재 IBK증권 연구원은 “전기차 성능과 관련한 최대 이슈인 연비 문제는 전고체 전지와 화합물 반도체 사용으로 해결될 것으로 예상된다”고 말했다.NH투자증권은 SK실트론과 예스파워테크닉스에도 주목했다. SK실트론은 국내에서 유일하게 SiC 반도체 제작용 웨이퍼(반도체 원판) 생산이 가능한 업체다. SK실트론은 7월 미국 미시간주 공장에 앞으로 3년간 3억 달러(약 3,400억 원)를 투자해 SiC 웨이퍼 생산 능력을 6배 늘리겠다고 발표했다. 도현우 NH투자증권 연구원은 “현재 SiC 웨이퍼가 수요 대비 공급이 매우 부족한 상황”이라며 “전기차 시장이 확대될수록 SiC 반도체 수요가 증가할 것으로 예상된다”고 말했다."
    },
    {
        "title": "긴축 불안감 확산···국채 3년물 2%까지 오를 수도",
        "date": "2021.09.22. 오후 5:48",
        "content": "[뛰는 국채금리···채권펀드 자금 '썰물']자산시장 인플레 꺾여 투자심리 위축기준금리 인상 예상···단기물 변동성↑국공채 펀드·ETF 자금이탈 심화상대적으로 안정적인 장기물 주목\n\n\n\n[서울경제] 미국 연방준비제도(Fed·연준)의 테이퍼링(자산 매입 축소) 발표가 임박하며 국내 채권 시장에 긴장감이 팽배해지고 있다. 22일(현지 시간) 예정된 연방공개시장위원회(FOMC) 정례회의 결과 발표에서 제롬 파월 연준 의장이 테이퍼링 일정을 밝힐 경우 국내 시장에도 큰 영향이 미칠 것으로 예측되기 때문이다. 연준이 이르면 이달 혹은 오는 11월께 테이퍼링에 착수할 경우 시중에 돈을 풀던 정책이 중단돼 전 세계 증시와 부동산 등 자산 시장 인플레이션의 거품이 한풀 꺾이며 변동성이 커질 것으로 전망된다. 실제로 지난 2013년 벤 버냉키 연준 의장이 채권 매입 종료를 시사한 뒤 전 세계 증시가 급락하고 신흥국 환율이 급등하는 사태가 벌어진 바 있다. 문제는 테이퍼링 이후 뒤따를 기준금리 인상이다. 코로나19 팬데믹(세계적 대유행)으로 인해 성장률 전망이 하향 조정된다면 연준의 금리 인상 시점이 연기될 수 있겠지만 기준금리 인상 스케줄은 예견된 수순대로 진행된다.22일 금융 투자 업계에 따르면 금리 인상 움직임이 가시화하자 국내 채권 금리는 단기물인 3개월, 1년물을 제외하고는 연일 치솟고 있다. 3년물은 금리가 1.5%를 넘겼고 10년물 역시 2%를 웃돌았다. 전문가들은 국채 3년물과 10년물 금리가 내년에 각각 1.9~2%, 2%대 중반 수준까지 오를 수 있다는 전망을 내놓았다. 이경록 신영증권 연구원은 “금융통화위원회 이후 완화되는 것처럼 보였던 채권 시장의 찝찝한 상황이 해소되지 못하고 있다”며 “기준금리 인상 횟수에 대한 불안감이 재차 확대되며 불확실성이 높아져 크레딧 투자 심리가 빠르게 위축되고 있다”고 말했다. 여소민 유진투자증권 연구원은 “금리의 가파른 상승은 진정됐으나 하락 추세로 이어질 가능성은 낮다”며 “한은의 금리 인상 시점과 속도에 대한 불확실성이 높고 테이퍼링 등 통화정책 정상화 일정이 예정대로 진행돼 채권 금리가 큰 폭은 아니더라도 상승으로 이어질 것”이라고 내다봤다.전문가들은 금리 상승 전망에 채권형 펀드의 대규모 자금 이탈이 지속될 것으로 예상했다. 금리가 급등할 경우 기업이나 가계대출, 주택담보대출 등의 기준이 돼 금융시장에 큰 충격을 줄 수 있다. 최근 주요 시중은행들은 지표 금리 인상에 따라 대출금리를 대폭 상향 조정했다. 정부로부터 가계대출 규제에 관한 압박을 받는 은행들이 가산·우대금리 조정을 통해 대출금리를 시장금리보다 더 큰 폭으로 올리며 부동산 인플레이션에 따른 대출 총량 관리를 하고 있기 때문이다. 이는 곧 투자 심리 위축으로 이어지는데 최근 국공채에 투자하는 펀드들의 자금 환매가 가속화하고 있는 점이 그 방증이다. 한국펀드평가에 따르면 지난 17일 기준 만기가 3개월~1년인 국공채에 투자하는 ‘한화단기국공채(채권)’ 펀드는 1개월 새 171억 원의 자금이 빠져나갔고 연초 이후 2,532억 원이 환매되며 순자산 규모가 1,869억 원으로 쪼그라들었다. 키움자산운용의 ‘키움단기국공채1(채권)’ 역시 연초 이후 586억 원의 환매가 일어나 순자산 규모가 326억 원까지 급감했다.채권 금리에 수익률이 직결되는 상장지수펀드(ETF)도 상황은 비슷했다. ‘KBSTAR국고채3년선물인버스증권ETF’는 한 달 새 3,003억 원이 환매되며 설정액이 3,032억 원으로 반 토막 났고 ‘KODEX단기채권ETF(-1,543억 원)’ ‘KODEX10년국채선물인버스ETF(-199억 원)’ ‘KINDEX단기자금ETF(-100억 원)’ ‘KBSTAR금융채액티브ETF(-93억 원)’ 등도 줄줄이 자금이 빠져나갔다.전문가들은 한국은행이 다음 달 금통위에서 기준금리를 다시 인상할 것으로 예측하며 단기물의 약세가 지속돼 채권 투자에 주의가 필요하다고 강조했다. 오태동 NH투자증권 센터장은 “미국은 델타 변이 바이러스 때문에 경기 회복세가 지체됐으나 다시 회복세에 접어들며 장기 금리가 저점을 통과한 모습”이라면서 “국내 채권 금리는 기준금리 인상 우려에 단기물은 상승하는 반면 장기물은 금리가 올라가기 힘든 상황”이라고 말했다. 김은기 삼성증권 연구원은 “최근 장단기 금리 차로 인해 3년물 대신 5년물의 보유 수익률이 더 높았다”며 “장기 금리 상승이 제한되고 있으며 중단기 금리가 상승하더라도 상대적으로 안정적으로 움직일 장기 회사채 금리에 주목해야 한다”고 권유했다."
    },
    {
        "title": "\"당분간 상승 모멘텀 안보여\"…종목별 차별화 심해질 듯",
        "date": "2021.09.22. 오후 5:40",
        "content": "추석 이후 증시 전문가 전망연말까지 지루한 박스권 장세NH \"선진국은 이미 리오프닝한국 수출주들 수혜 축소될 것\"백신 접종·테이퍼링이 변수유통·엔터·통신 등 소비주 관심금리 본격 상승 금융주 주목해야\n\n\n\n(사진=게티이미지뱅크)‘반도체 피크 아웃(고점 통과) 우려, 빅테크 규제, 헝다 쇼크까지….’ 과속방지턱에 걸린 국내 증시가 박스권에 갇혀 있다. 추석 연휴 후 연말까지 이 흐름이 이어질 것이란 게 국내 증시 전문가들의 전망이다. 이들은 올해 안에는 주가가 전고점(3305.21)을 뚫지 못할 것으로 내다봤다. 이에 따라 ‘주식 비중을 줄여야 한다’는 우려의 목소리가 나왔다. 다른 쪽에서는 연말께 기회가 찾아올 것이란 의견이 맞섰다. 전문가 6인에게 ‘추석 이후 국내 증시 전망’을 들어봤다. 코스피 3300이 상단\n\n\n\n추석을 앞두고 슈퍼 개미(고액 개인투자자) 일부가 보유 주식 대부분을 현금화하기 시작했다. 100억원대 주식을 굴리고 있는 개인투자자 A씨는 “연말까지 주식 매력도가 높지 않다”며 “리스크를 줄여야 할 때”라고 판단해 주식을 팔았다. 한국 증시가 휴장한 연휴 기간 헝다 쇼크가 글로벌 증시를 덮쳤다. 중국 헝다그룹이 파산 위기에 놓이며 미국, 홍콩, 일본 증시는 물론 암호화폐까지 출렁이자 국내 개미들도 술렁이고 있다.전문가들은 연말까지 박스권 장세가 이어질 것이라고 전망했다. 조익재 하이투자증권 전문위원은 “연말까지 크게 하락할 장은 아니지만 올라갈 수 있는 환경도 아니다”고 평가했다. 이렇다 할 ‘상승 모멘텀’이 보이지 않기 때문이다. 그는 연말까지 코스피지수 상단을 3300으로 예상했다.대부분의 전문가가 비슷한 의견을 내놨다. 6명 중 5명이 코스피지수 상단을 3300으로 제시했다. 오태동 NH투자증권 리서치본부장은 “선진국 경기 회복이 상품 소비(보복 소비)에서 서비스 소비(리오프닝)로 넘어가면서 한국 수출주들의 수혜가 축소되는 구간에 진입했다”고 평가했다.다만 연말께 기회가 올 것이란 의견도 있었다. 신진호 마이다스에셋자산운용 대표는 “지금은 박스 하단에 가깝다”며 “지금 지수대에서는 현금 비중을 늘리기보단 순환매에 동참하면서 기회가 오면 주식을 적극 매수할 필요가 있다”고 말했다. 이한영 DS자산운용 주식운용본부장도 “현재 기업들의 실적에선 PER(주가수익비율) 10배만 줘도 지수 3300이 나온다”며 “여러 변수가 있겠지만 실적이 조금 더 받쳐줘 PER 12배를 적용하면 지수는 연말 3700까지 오를 수 있다는 계산이 나온다”고 말했다. 리오프닝 시대가 온다향후 관건은 헝다 변수를 제외하면 테이퍼링(자산 매입 축소) 속도와 코로나19 백신 접종률, 삼성전자의 반등 등으로 추려졌다. 박스권 안에서 종목별 차별화 장세가 이어질 것이란 관측에 무게가 실렸다. 이채원 라이프자산운용 이사회 의장은 “테이퍼링이 과도하게 이뤄지지 않는다 해도 그 영향으로 코스피지수는 박스권을 형성하면서 종목별 차별화가 나타날 것으로 보인다”고 예상했다. 조 전문위원은 “코로나19가 얼마나 빨리 진정되는지에 따라 섹터 전망이 달라질 것”이라고 내다봤다.이들이 주목하는 분야는 리오프닝(경기 재개) 관련주다. 이 본부장은 “3분기 기업들의 실적이 괜찮을 것으로 예상되는데 이는 주가가 빠지는 것을 잡아주는 역할을 할 것”이라며 “백신 접종률이 높아질수록 코로나19 악재로 타격을 받은 종목들이 오를 것으로 보인다”고 예측했다. 오 본부장도 “유통, 의류, 엔터테인먼트, 레저, 통신 등 국내 내수 소비와 관련된 분야에 관심을 가질 만하다”며 “사회적 거리두기 체제에서 중증환자 중심의 선별적 방역인 ‘위드 코로나’ 체제로 전환함에 따라 국내 리오프닝 관련 업종이 유망하다”고 조언했다.조 전문위원은 “미국에서 코로나 확진자가 급격하게 감소했던 올해 1분기를 참고할 필요가 있다”며 “경기가 살아난다는 기대감에 금리가 오르면서 금융업 주가가 상승했고, 산업재 관련주도 강세였다”고 말했다.이 밖에 김학균 신영증권 리서치센터장은 제약·바이오와 건설을 주목할 만한 분야로 추천했다. 특히 “건설주는 정부의 주택 건설 이슈 등 호재가 많다”고 덧붙였다. 이들은 조정 우려 업종으로는 철강·화학 등 전통 경기민감주, 코로나19 수혜주인 언택트(비대면) 관련주 등을 꼽았다. 삼성전자 카카오의 미래는?개미들이 많이 보유하고 있는 삼성전자와 SK하이닉스, 네이버·카카오에 대한 의견은 분분했다. 이 본부장은 연말께 반등을 시도할 가능성이 높다고 봤다. “내년 반도체 가격 반등이 예상되는 만큼 연말께 움직임이 있을 것”이란 설명이다. 오 본부장은 이보다 한 분기 늦은 내년 상반기에나 의미 있는 움직임이 있을 것이라고 전망했다. 그는 “일반적으로 메모리 반도체 업체 주가는 메모리 가격에 3~6개월 선행한다”며 “메모리 업황 개선으로 내년 하반기 메모리 가격 회복이 가시화될 경우 내년 상반기 주가 반등세가 나타날 수 있다”고 말했다. 조 전문위원은 “연말로 갈수록 주가가 내년을 반영할 텐데, 그걸 얼마나 빨리 반영할지 문제가 남아 있다”고 분석했다.‘규제 쇼크’로 추락한 네이버, 카카오 등 대형 플랫폼주에 대해선 장기적으로 긍정적이라고 평가했다. 김 센터장은 “미국도 바이든 행정부의 반독점 스탠스는 거의 탈레반 수준인데도 빅테크가 강세를 보이고 있다”고 했다. 신 대표 역시 “이번 카카오에 대한 규제가 중국 정부가 단행한 규제와는 다르다는 사실을 외국인들이 학습하면서 점차 매도세가 해소될 것”이라고 내다봤다."
    },
    {
        "title": "'헝다 파산설' 속 연휴 마치고 개장한 중국 증시 혼조(종합)",
        "date": "2021.09.22. 오후 5:25",
        "content": "지난 21일 한 남성이 중국 상하이의 헝다센터 앞을 지나는 모습. [EPA=연합뉴스]    (홍콩=연합뉴스) 윤고은 특파원 = 중추절(추석) 연휴를 마치고 개장한 중국 증시가 22일 혼조세로 마감했다.      중국 부동산 개발업체 헝다 그룹의 파산설이 이어지는 가운데 중국 중앙은행이 시장에 유동성을 공급하면서 오전장의 낙폭을 다소 줄였다.     상하이종합지수는 전 거래일 대비 0.40% 소폭 오른 3,628.49로 거래를 마쳤다.     반면 선전종합지수는 0.25% 내린 2,440.05, 선전성분지수는 0.57% 하락한 14,277.08로 각각 장을 마쳤다.     선전거래소의 중소 기술주 동향을 반영하는 창업판지수는 0.91% 하락한 3,164.33으로 거래를 끝냈다.     이날 중국 중앙은행인 인민은행은 역환매조건부채권(역레포)을 통해 시중에 1천200억 위안의 유동성을 공급한다고 발표했다.     또 헝다 그룹은 23일 기한인 역내 채권에 대해 이자를 제때 지급하겠다고 발표했다.     AFP통신은 \"투자자들은 헝다의 역내 채권 이자 지불 계획 소식을 반겼다\"고 전했다.    홍콩 증시는 이날 중추절 휴일로 개장하지 않았다.    pretty@yna.co.kr"
    },
    {
        "title": "[표]주간 유가증권·코스닥 투자주체별 매매동향",
        "date": "2021.09.22. 오후 5:23",
        "content": "[서울경제]"
    },
    {
        "title": "자이앤트TV에 뜬 돈나무 언니…'테슬라株 버린 이유' 놓고 와글와글",
        "date": "2021.09.22. 오후 5:08",
        "content": "캐시 우드 \"투자전략상 결정\"매경 유튜브 채널 영상 화제中 헝다그룹 위기 실체는…분석·전망 영상도 업로드◆ 글로벌 경제 진단 ◆ \n\n\n\n캐시 우드 아크인베스트 최고경영자(CEO)가 솔트(SALT) 콘퍼런스에서 발언하고 있다. 뉴욕에서 촬영된 캐시 우드 CEO 영상은 지난 18일 `자이앤트TV`에 업로드됐다.  [사진 출처 = 유튜브 캡처] 최근 일주일 새 3억달러에 달하는 테슬라 주식을 처분한 캐시 우드 아크인베스트 최고경영자(CEO). 평소 테슬라 찬양론을 펼쳐 온 우드가 왜 이런 결정을 했느냐를 놓고 투자자 사이에서도 갑론을박이 이어졌다. 매일경제 증권전문 유튜브 채널 '자이앤트TV'는 미국 뉴욕에서 진행된 솔트(SALT) 콘퍼런스에서 캐시 우드 발언을 현장 취재해 투자자들의 궁금증을 해소했다.우드는 매각 결정에 대해 \"테슬라라는 기업을 바라보는 관점이 바뀐 것이 아니라 투자전략상 기술적으로 해야 할 결정이었을 뿐\"이라고 일축하며 투자자들의 불안감을 조기 진화했다. 특히 당사자인 우드가 직접 매각 이유를 밝히고 테슬라에 대한 투자전략을 공개한 해당 영상은 신속하고 현장감 있는 현장 정보로 투자자들에게 도움이 됐다는 평가를 받았다.역대 최고가를 쓰고 있는 미국 주식 투자에서 옥석 가리기의 중요성은 더욱 커지고 있다. 투자하는 대로 돈을 벌었던 작년과 달리 주가가 정점에 다다랐다는 시장의 우려와 더불어 테이퍼링, 금리 인상 등 외풍의 영향력이 거세지고 있기 때문이다. 증권업계 관계자는 \"최근 해외 주식에 대한 관심이 부쩍 늘어난 가운데 애널리스트 이상으로 전문지식을 갖추고 투자에 대해 문의하는 개인 고객이 많아지고 있다\"며 \"개인투자자들 역시 발 빠르게 현장 정보를 수집하기 위해 움직이고 있다\"고 말했다. 실제 서학개미 투자자들은 생생한 미국 현지의 투자 정보를 얻기 위해 동분서주하고 있다. 자이앤트TV는 이러한 투자자들의 욕구에 부합하고자 월스트리트와 실리콘밸리에서 발생하는 다양한 기업 뉴스, 현장 정보를 신속하게 전달하고 있다. '월가 큰손' 윤제성 뉴욕생명자산운용 최고투자책임자(CIO)가 출연한 인터뷰 콘텐츠 역시 미국 주식 투자전략 수립에 큰 도움이 됐다는 반응이 나오고 있다. 윤 CIO는 \"성장주보다 가치주와 우량주 비중을 높여야 할 시점\"이라며 갈팡질팡하는 투자자들에게 투자전략의 방향을 제시했다.'동학개미의 교사'로 불리는 박세익 체슬리투자자문 전무의 인터뷰 영상은 누적 조회  수 20만회를 돌파하며 인기몰이를 하고 있다. 박 전무는 연령대별 미국 주식 대 국내 주식 투자 비율에 대해 조언하며 나이가 들수록 미국 주식 비율을 늘려야 한다고 조언했다.최근 중국판 리먼 사태라 불리며 글로벌 주식시장에 파급력을 미치고 있는 헝다그룹에 대한 콘텐츠도 공개돼 투자자들의 관심을 모으고 있다. 헝다그룹이 어떻게 중국을 대표하는 부동산 기업으로 성장했는지, 왜 위기를 맞았는지, 그리고 파산 시 세계 증시에 어떤 영향을 미칠지 등 헝다그룹 사태에 대한 종합적인 분석과 전망을 곁들였다. 보다 자세한 내용은 유튜브 채널 자이앤트TV에서 확인할 수 있다."
    },
    {
        "title": "\"헝다 위기 외국인 수급에 악재\"…투자 고수가 보는 한국 증시 전망",
        "date": "2021.09.22. 오후 5:07",
        "content": "전문가 한국증시 전망신흥국 투자심리 악영향 미쳐4분기까지 증시 조정 가능성외국인은 테이퍼링에 더 민감헝다그룹은 中에 국한된 문제리먼과 같은 시스템문제 아냐공포감에 주식 매도 자제해야◆ 헝다 파산설에 시장 요동 ◆ \n\n\n\n중국 헝다그룹 파산 위기가 불거진 가운데 지난 20일 홍콩 한 시중은행의 옥외 전광판 앞으로 한 여성이 지나가고 있다. 이날 홍콩 항셍지수는 전일 대비 3.3% 급락한 2만4099.14에 마감했고 다음날인 21일 보합권에서 소폭 상승으로 마감했다. [AP = 연합뉴스] 추석 연휴가 끝나고 23일부터 국내 증시가 다시 문을 여는 가운데 중국 헝다그룹 파산 우려가 시장에 어떤 파장을 낳을지 관심이 쏠린다.국내 증권가에선 헝다그룹 위기가 단기적인 악재에 그칠 것이라는 분석이 나온다. 헝다그룹 위기가 2008년 리먼브러더스 사태와 같은 시스템적 위기로 번지지는 않을 것이란 얘기다. 하지만 예상외 변수가 발발할 가능성을 배제할 수 없어 '살얼음' 국면이 당분간 이어질 수도 있다.22일 금융투자 업계에선 헝다그룹 파산 위기에도 국내 증시 낙폭이 제한적일 것이란 전망이 제기됐다. 국내 투자자들이 주식을 '패닉 셀링'할 필요는 없다는 조언이다.정용택 IBK투자증권 리서치본부장은 \"추석 연휴 동안 휴장한 국내 증시는 미국만큼 큰 낙폭을 보이지는 않을 것\"이라며 \"헝다그룹은 2008년 리먼브러더스 사태처럼 글로벌 파생 상품으로 엮여 있지 않고 4분기 중국 정부가 경기부양적 입장으로 유동성 위기를 넘길 가능성이 있기 때문에 섣부르게 국내 주식에 대한 매매 판단을 내릴 필요는 없다\"고 말했다.김학균 신영증권 리서치센터장은 \"헝다그룹 파산 위기가 분명한 악재는 맞지만 중국 정부가 조정 가능한, 중국에 국한된 문제이기 때문에 국내 증시에는 연휴 직후 짧은 조정 정도의 영향을 미칠 가능성이 높다\"고 내다봤다. 김 센터장은 \"코스피가 이미 연내 고점을 찍었다고 판단하지만 헝다그룹 위기가 연속적인 악재로 작용하지는 않을 것\"이라고 진단했다. \n\n\n\n 김태홍 그로쓰힐자산운용 대표는 \"추석 연휴 기간 해외 증시가 하락한 만큼은 코스피가 떨어질 수 있다\"면서 \"헝다그룹 변수는 2~3개월의 단기 악재로 끝날 가능성이 높다\"고 평가했다.헝다그룹 위기가 국내 증시의 외국인 수급에 악재로 작용할 수 있다는 분석도 제기된다. 중국에서 불거진 위기가 신흥국 전반에 대한 외국인 투자심리를 위축시킬 것이라는 설명이다. 실제로 헝다그룹 파산 가능성이 불거진 지난 16일 외국인은 코스피200 선물을 9979억원어치 순매도했다. 중국과 한국이 같은 신흥국(EM) 펀드와 상장지수펀드(ETF)로 묶여 있다는 점도 외국인 수급에 불리한 요인이다.다만 헝다그룹 위기보다는 테이퍼링(자산 매입 축소) 등 다른 이벤트가 외국인 투자자 수급에 더 큰 변수가 될 것으로 관측된다. 김 센터장은 \"외국인이 대안적인 성격으로 중국 대신 한국 주식을 살 수 있지만 지금은 중국과 한국 주식의 외국인 매매 흐름이 묶여 있는 측면이 강하다\"면서 \"중국 자본시장이 아직까지 외국인에게 많이 개방돼 있지 않아 외인 수급에는 테이퍼링이 더 중요한 요인으로 작용할 것\"이라고 분석했다. \n\n\n\n 국내 중국 전문가들은 헝다그룹 위기가 시스템적 금융위기로 번질 가능성은 낮다고 진단했다. 중국 정부가 개입할 가능성이 있고 주요 지표들이 아직까지 안정적인 흐름을 보이고 있다는 설명이다. 박수현 KB증권 연구원은 \"헝다그룹은 지난 8월부터 인민은행, 은행보험감독관리위원회와 면담을 진행하면서 채무 리스크를 해소하기 위한 방안들을 공유하고 있다\"며 \"우려와 달리 중국 신용 스프레드, 은행 간 금리, 신용부도스왑(CDS) 모두 가파른 상승세를 나타내고 있지 않다\"고 분석했다.스탠더드앤드푸어스(S&P)는 중국 정부가 헝다그룹의 파산을 방치할 것이라고 내다봤지만 국내 증권가는 다르게 보고 있다. 중국 정부가 헝다그룹 파산에 대해 순차적으로 대응해갈 것이란 분석이다.헝다그룹은 23일 만기가 도래하는 채권의 이자 일부를 지급하겠다고 밝히면서 진화에 나섰다. 최설화 메리츠증권 연구원은 \"헝다그룹의 디폴트(채무 불이행)가 금융기관과 기업에만 악영향을 미치는 것이 아니라 개인까지 연결돼 있기 때문에 정부가 별다른 조치 없이 파산시킬 가능성은 낮다\"고 전망했다. 내년 베이징동계올림픽을 앞두고 중국 정부가 적극적으로 금융 안정화에 나설 것이란 분석도 이런 전망에 힘을 싣는다.일각에서는 올해 4분기까지 헝다그룹 리스크를 주시해야 한다는 조언도 나온다. 전종규 삼성증권 연구원은 \"헝다그룹 부채 위험의 1차 고비는 연말까지 6억1000만달러(약 7222억원)에 달하는 채권 이자 납입 여부에 달려 있다\"며 \"중국 금융시장이 정부의 질서 있는 헝다그룹 정리 계획을 기대하고 있지만 디폴트 위험이 발생하면 금융위기 수준의 치명적인 위험이라는 점에서 4분기 내내 헝다그룹을 주목할 필요가 있다\"고 설명했다."
    },
    {
        "title": "\"내일 코스피 어떻게 될까\"…헝다 사태에 떨고 있는 개미들",
        "date": "2021.09.22. 오후 4:35",
        "content": "연휴기간 미국·일본·홍콩 등 증시 휘청첫 거래일 23일 증시 흐름에 이목 쏠려헝다 유동성 위기·점도표 등 변수 산적\n\n\n\n중국 헝다그룹 본사 앞에 모여든 투자자들. / 사진=연합뉴스닷새간의 긴 추석 연휴가 막바지를 향해가는 가운데 오는 23일 국내 증시에 투자자들의 이목이 쏠린다. 국내 증시가 사흘 동안 휴장하는 사이 글로벌 증시는 중국 부동산 개발업체 헝다그룹의 파산 위기가 부각되면서 크게 흔들렸기 때문이다. 특히 '제 2의 리먼사태'가 된다면 아시아는 물론 세계적으로 위기가 올 것이라는 우려까지 번졌다. 21일(현지시간) 뉴욕증권거래소(NYSE)에서 다우존스30산업평균지수와 스탠더드앤드푸어스(S&P)500지수는 4거래일 연속 하락했다. 다우지수는 전장보다 50.63포인트(0.15%) 내린 33919.84로 장을 끝냈다. S&P500지수는 전장보다 3.54포인트(0.08%) 하락한 4354.19를, 기술주 중심의 나스닥지수는 전장보다 32.49포인트(0.22%) 오른 14746.40으로 거래를 마쳤다. 주요 지수가 급락한 것은 헝다그룹을 둘러싼 시장의 우려 때문이다. 대규모 채권 결제 마감 시한이 오는 23일로 임박한 가운데 헝다그룹이 이를 결제하지 못하고 파산할 것이라는 관측이 시장에서 지속 제기됐다. 여기에 최근 글로벌 신용평가사 피치가 이를 직접적으로 경고한 것이 우려를 키웠다. 헝다그룹의 총 부채가 작년 말 기준 1조9500억 위안(약 350조원)에 달하는 만큼 파산에 따른 충격파가 중국 경제 전반에 연쇄적으로 퍼질 것으로 전망된다.이 같은 우려는 연휴 기간 증시 전반에 확산했다. 일본 닛케이지수는 21일 전 거래일보다 2.17% 급락한 29839.71에 마감했다. 지수가 3만 선 아래로 떨어진 것은 지난 7일에 이어 2주 만이다. 홍콩 항셍지수는 20일 전 거래일 대비 3.30%나 하락해 올 7월 말 이후 두 달여 만에 가장 큰 하락폭을 기록하기도 했다.상황이 이렇자 투자자들은 연휴 이후 첫 거래일인 23일 코스피 흐름에 주시하고 있는 상황이다.증권가는 헝다그룹의 유동성 위기 여파라 금융시스템 전반의 리스크로 확산할 가능성이 크지 않다는 분석이다. 김영환NH투자증권 연구원은 \"현지 부동산사업 2위인 헝다그룹에 대한 사업 지속 가능 여부에 대한 의구심이 확대되는 가운데 일각에서는 중국 금융시스템 전반에 걸친 리스크로 퍼질 것을 걱정하는 시각도 있다\"며 \"이 경우 한국 주식시장 충격이 불가피한 상황\"이라고 했다.\n\n\n\n중국 헝다 그룹의 아파트 건설 현장 . / 사진=연합뉴스하지만 그는 \"우려가 현실화될 가능성은 낮다\"며 \"중국 금융당국이 디레버리징 기조 아래에서 국유기업 채무불이행을 허용하더라도 이는 점진적인 자산매각을 진행하는 등의 방식으로 금융당국 통제 범위 내에서 진행될 것으로 예상된다\"고 말했다.변수는 이뿐만 아니다. 하반기 증시 최대 이슈인 미 중앙은행(Fed) 연방공개시장위원회(FOMC) 정례회의 결과가 우리시간으로 23일 오전 3시 공개된다. 주요 외신들에선 FOMC 회의에서는 자산매입 축소(테이퍼링) 계획이 공표될 가능성이 전해진다. 다만 증권가는 테이퍼링 관련 발언보다는 FOMC 회의 이후 발표될 점도표에 주목하고 있다.  점도표는 FOMC 소속 위원 18명이 각자가 생각하는 적정금리를 점으로 나타낸 그래프로, 일종의 설문조사다. 이달 점도표에서 조기 금리인상을 점친 위원들이 늘면 증시는 이를 긴축 가속화 신호로 받아들여 약세를 보일 수 있다. 반대의 경우에는 투자심리가 호전돼 증시에 지지력을 제공하게 된다.박광남 미래에셋증권 연구원은 \"테이퍼링은 단적으로 유동성을 축소하는 게 아니라 유동성 축소 속도를 줄이는 것이지만 금리인상은 명확한 유동성 축소 조치\"라며 \"점도표가 매파적으로 나올 경우 분명히 시장에 부정적인 영향을 미칠 것\"이라고 강조했다."
    },
    {
        "title": "[표] 주요 증시 지표 (9월 17일)",
        "date": "2021.09.22. 오후 4:35",
        "content": ""
    },
    {
        "title": "\"신규 개설 절반이 30~40대\"…5개월새 5만개 이상 계좌 늘어난 금융상품",
        "date": "2021.09.22. 오후 4:31",
        "content": "삼성증권이 지난 4월에 선보인 온라인 전용 다이렉트 개인형퇴직연금(IRP) 계좌가 5개월 만에 5만개 이상 늘었다. 신규로 계좌를 개설한 고객 중 절반 이상이 30·40대였으며 이들은 상장지수펀드(ETF), 해외 주식형 펀드를 주로 담았다.22일 삼성증권에 따르면 4월 19일부터 이달 13일까지 고객 5만6884명이 IRP 계좌를 새로 개설했다. 이 가운데 다이렉트 IRP를 통해 계좌를 개설한 고객은 5만1369명으로, 90% 이상이었다. 삼성증권은 4월 19일 업계 최초로 운용·자산관리 수수료가 무료인 온라인 전용 다이렉트 IRP를 선보인 바 있다. 다이렉트 IRP 신규 가입자 중 절반 이상이 30·40대인 것으로 나타났다. 삼성증권에 따르면 40대 가입자 수가 전체 중 32.4%로 가장 많았고, 30대가 29.2%로 그 뒤를 이었다.삼성증권 관계자는 \"IRP는 퇴직을 앞둔 중·장년층을 위한 상품이라는 인식이 대부분이었지만 최근 30·40대 가입자가 눈에 띄게 증가하고 있다\"면서 \"절세 효과가 뛰어난 퇴직연금 상품이 부각되고 있다는 점도 이유로 꼽힌다\"고 설명했다.금융감독원 연금포털시스템에 따르면 올해 2분기 기준 삼성증권의 IRP 평균 운용 수익률은 10.13%를 기록했다. IRP로 투자할 수 있는 상품이 다양하다는 것도 장점이다. IRP 계좌로 예금, 금리형 보험 등 원리금 보장 상품뿐만 아니라 ETF, 실적 배당 보험, 상장지수증권(ETN), 리츠(REITs), 랩어카운트 등에 투자 가능하다. 삼성증권이 다이렉트 IRP 가입자의 저축은행 정기 예금 등 단순 예치금을 제외한 투자 자산을 분석한 결과 주식형 ETF와 재간접형 펀드에 각각 44.1%, 19.8% 비중으로 투자한 것으로 나타났다."
    },
    {
        "title": "[표]주간 코스닥 기관·외국인·개인 순매수·도 상위종목(9월 13~17일)",
        "date": "2021.09.22. 오후 4:08",
        "content": "[서울경제]"
    },
    {
        "title": "[스타애널]박준호 한화證 연구원 '디아이씨'로 주간수익률 1위",
        "date": "2021.09.22. 오후 3:45",
        "content": "2021년부터 이데일리가 리서치알음과 함께 빅데이터를 통해 증권사 분석 리포트의 주가 영향력을 점검합니다. 실제 개인투자자들의 수익률 향상에 기여하고자 리포트 영향력, 파급력, 지속력 등을 꼼꼼히 점검해 주간, 월간, 분기, 반기, 연간 단위로 ‘스타 애널리스트’를 선정해 발표합니다. 우선 주간 기준으로 발간일 전일 종가 대비 주간 종가로 주간 스타 애널리스트를 선정했습니다. 리포트 발간일 시가 대비 고가 등락률을 계산한 ‘당일 수익률’ 순위도 함께 공개합니다.[이데일리 김겨레 기자] 박준호 한화투자증권 연구원이 9월 셋째 주(9월 13~17일) 보고서를 발간한 증권사 소속 연구원(애널리스트) 중 가장 높은 수익률을 달성한 것으로 집계됐다. 디아이씨(092200)를 분석한 보고서가 높은 수익률로 이뤄졌다.\n\n\n\n22일 독립 리서치센터 및 빅데이터 업체인 리서치알음에 따르면 박준호 연구원이 다룬 디아이씨의 주간 투자 수익률은 18.5%에 달했다. 주간수익률은 보고서 발간일 전날 종가와 견준 그 주의 마지막 거래일 종가와 견줘 계산했다. 박 연구원이 기록한 수익률은 지난 주 코스피(유가증권시장) 지수가 0.47% 상승하고, 코스닥이 0.79% 상승한 국내 증시상황과 비교해도 눈에 띄는 수치다. 박 연구원은 지난 13일 디아이씨에 대해 ‘부진의 흔적을 지우며 점차 선명해지는 방향성’이라는 제목의 보고서를 냈다. 투자의견과 목표주가는 따로 제시하지 않았다. 박 연구원은 “4분기에 완성차 생산 성수기와 반도체 수급이 개선되고 배터리전기차(BEV) 판매 호조가 집중될 수 있다”며 “올해 연간 실적을 매출액을 지난해보다 30.1% 증가한 6419억원, 영업이익은 흑자전환한 446억원이 될 것으로 예상한다”고 밝혔다. 2분기 말 디아이씨의 순부채 규모는 약 2340억원(순부채비율 236%)이다. 박 연구원은 “여전히 안정화가 필요한 단계지만, 견조한 영업실적을 바탕으로 빠르게 개선되고 있다”며 “BEV 부품 매출 비중은 올해 약 10%로 예상된다. 감속기 조립라인 이관이 확정된다면, 내년에는 15% 이상도 가능해 보인다”고 언급했다. 이어 “EOP, EWP, e-Axle, 2단 감속기 등도 개발 중이기 때문에 디아이씨를 전기차 부품사로 봐야할 근거는 앞으로 더 뚜렷해질 전망”이라고 판단했다. 주간 수익률 2위는 에코프로비엠(247540)을 공통적으로 다룬 정원석 하이투자증권·이창민 KB증권·이안나 이베스트증권 연구원이 이름을 올렸다. 보고서 발간 후 평균 수익률은 14.2%였다. 정원석 연구원은 에코프로비엠에 대해 ‘2025년 매출액 9조원 전망’이라는 보고서를 통해 실적 추정치를 상향조정했다. 이안나 연구원도 ‘또 한번의 모멘텀이 기다린다’는 보고서에서 추가 증설에 따른 주가 상승 가능성을 내다봤다. 이창민 연구원도 ‘끝없는 호재’라는 보고서를 통해 “2023년까지 기존 계획 대비 더욱 공격적인 증설을 펼칠 것으로 전망되며, 향후 또다른 주요 고객사인 삼성SDI가 미국 투자 계획을 발표할 경우 추가적인 증설도 필요할 것”이라고 예상했다. 이어 에스디바이오센서(137310)를 다른 원재희 신한금융투자 연구원, 삼성엔지니어링(028050)을 다룬 장문준 KB증권 연구원 등이 뒤를 이었다. \n\n\n\n(자료=리서치알음)보고서 발간일 시가 대비 고가를 기준으로 집계한 ‘당일 수익률’은 에이비온(203400)을 다룬 박병국 NH투자증권 연구원이 1위를 차지했다. 김 연구원은 주간 수익률 7위에 이어 당일 수익률 1위에 이름을 올렸다.당일 수익률 2위는 삼성엔지니어링(028050)을 다룬 장문준 KB증권 연구원이 차지했다. 당일 수익률은 11.38%를 나타냈다. 3위는 김현태 BNK증권 연구원으로, 일진머티리얼즈(020150) 관련 보고서를 냈다. 당일 수익률은 10.09%로 집계됐다.9월 둘째 주에는 증권사 소속 연구원 154명이 보고서 총 290개를 발간한 것으로 집계됐다."
    },
    {
        "title": "추석 연휴 이후 증시 향방은?...FOMC·中 헝다 악재 영향",
        "date": "2021.09.22. 오후 12:53",
        "content": "[주간증시전망]\n\n\n\n(서울=뉴스1) 권현진 기자 = 17일 오후 서울 중구 하나은행 명동점 딜링룸 전광판에 코스피지수가 전 거래일 대비 10.42포인트(0.33%) 오른 3,140.51을 나타내고 있다. 이날 원·달러 환율은 3.20원 오른 1,175.50원, 코스닥은 6.69포인트(0.64%) 오른 1,046.12로 마감했다. 2021.9.17/뉴스1  추석 연휴로 국내 증시가 지난 20~22일 문을 닫은 동안 중국 대형 부동산 개발업체 헝다그룹 파산설이 불거지고, 9월 FOMC(연방공개시장위원회)가 다가왔다. 증권가는 중국발 악재가 생긴 만큼 단기적인 변동성 확대는 불가피하다고 보고있다.다만 헝다그룹 파산설 문제가 중국 시스템 악재로 커지거나 장기화되지는 않을 것이란 분석이 나온다. 이보다는 한국시간으로 오는 23일에 열리는 9월 FOMC를 주목해야 한다는 조언이다. 테이퍼링(자산매입 축소) 연내 시행으로 인해 외국인들의 매수세가 제한적인 만큼 국내증시는 박스권에서 등락을 거듭할 것이란 예측이 나온다. 22일 한국거래소에 따르면 지난주(9월13~17일) 국내증시는 지난 18일부터 22일까지 닷새간 이어지는 추석 연휴를 앞두고 관망세를 보였다. 지난 17일 코스피는 전 거래일 대비 10.42포인트(0.33%) 오른 3140.51에 장을 마감했다.  개인과 외국인이 각각 2230억원과 538억원어치를 샀고, 기관이 3020억원어치를 팔았다. 지난 17일 원·달러 환율은 장 초반 7원이상 급등하면서 1180원 선을 위협하기도 했다. FOMC에 대비해 안전자산 선호 심리가 확대됐기 때문이라는 평가다. 17일 원·달러 환율은 1175.00원으로 마감하며 종가 기준 연고점(8월20일, 1179.60원) 턱밑까지 재차 올라왔다.투자자들의 우려대로 추석 연휴로 인해 국내 증시가 휴장한 지난 20~22일 사이 중국 헝다그룹의 파산설이 불거졌고, 이로 인해 세계 주요 증시는 하락했다. 중국 전부가 부동산 대출 규제에 나서면서 헝다그룹이 오는 23일 도래하는 채권 이자를 내지 못할 것이란 우려가 커졌다. 이에 일각에서는 이를 '중국발 리먼브라더스' 사태라고 부르고 있다.이같은 위험성이 커지자 미국 나스닥은 지난 20일(현지시간) 2.19% 하락한 1만4713.90에 거래를 마쳤다. 다우 종합지수는 1.78% 하락했다. 이튿날 다우 종합지수는 반등을 시도했지만 결국 약세로 마감했다.  오는 23일 문을 여는 국내 증시도 중국 헝다그룹 파산설로 인한 타격을 입을 것으로 보인다. 다만 증권가는 단기 충격은 불기피하더라도, 헝다그룹 파산설이 중국 경제의 시스템 리스크로 확대될 가능성은 크지 않을 것이라고 내다봤다. 서상영 미래에셋증권 연구원은 \"헝다그룹 사태는 갑자기 생겨난 리스크가 아니고 중국 정부의 내부적인 규제 등에 의한 결과로 발생한 만큼 중국 경제의 시스템적인 리스크로 확대될 가능성이 크지 않을 것\"이라며 \"그럼에도 불구하고 중국발 금융불안은 물론 사회 불안으로의 확산 가능성을 배제할 수 없어 단기적인 변동성 확대는 불가피하다\"고 말했다.  오는 23일에 열리는 FOMC도 주목해야할 이슈다. 특히 증권가는 연내 테이퍼링 시행이 확실시 될 것이라고 예상하고 있다. 김영환 NH투자증권 연구원은 \"9월 FOMC에서 코로나19(COVID-19) 델타(인도유래) 변이 진정과 고용회복을 전제로한 테이퍼링 개시 발언이 나올 것으로 전망한다\"며 \"실업수당 종료 때문에 9~10월 취업자 회복 가능성이 높다는 점을 감안하면 11월 FOMC에서 테이퍼링 공식화가 가능할 것\"이라고 전망했다. 김 연구원은 \"또 9월 FOMC에서 2023년 말 금리 인상에 표를 던진 사람이 많아져 컨센서스가 형성되면 기준금리 인상 시기가 2023년이 될 수도 있다\"고 덧붙였다. 이에 따라 국내 증시는 10월과 11월 FOMC 등 향후 일정에 따라 박스권 흐름을 이어나갈 것이란 전망이 나온다. 박석현 KTB투자증권 연구원은 \"향후 정책 이벤트 일정에 따라 시장흐름이 얽매일 수 있다\"며 \"코스피는 상승추세 복귀보다는 박스권 흐름을 보일 것\"이라고 내다봤다. 이어 \"대형주가 상승 주도력을 회복할 것이라고 기대하기 보다는 중소형주가 최근들어 상대 수익률 호조를 보이는 것을 염두에 두고 시장 대응을 해야 한다\"고 말했다."
    },
    {
        "title": "'헝다 파산설' 속 중국 증시 하락 출발",
        "date": "2021.09.22. 오전 11:43",
        "content": "지난 21일 한 남성이 중국 상하이의 헝다센터 앞을 지나는 모습. [EPA=연합뉴스]    (홍콩=연합뉴스) 윤고은 특파원 = 중추절(추석) 연휴를 마치고 개장한 중국 증시가 22일 하락 출발했다.     중국 부동산 개발업체 헝다 그룹의 파산설이 이어지는 가운데 시장의 불안감이 반영됐다는 분석이다.     상하이종합지수는 전 거래일 대비 1.40% 급락한 3,563.21로 거래를 시작했다.     선전종합지수도 1.40% 떨어진 2,411.83로 출발했다.     중국 증시가 쉬는 동안 홍콩 증시에서는 헝다 위기설이 악재로 작용했다.     지난 20일 홍콩 항셍지수는 3.3% 하락했다.    특히 헝다 주가는 장중 한때 19% 가까이 폭락하며 2010년 5월 이후 11년 만에 최저가를 기록했고, 종가는 10.24% 하락으로 마감했다.    이어 21일 홍콩 항셍지수는 전 거래일보다 0.51% 오른 24,221.54로 마쳤다.    헝다 주가는 같은 날 0.44% 하락했다.     홍콩 증시는 이날 중추절 휴일로 개장하지 않았다.    pretty@yna.co.kr"
    },
    {
        "title": "코스피 주간 외국인 순매도 1위 '카카오'",
        "date": "2021.09.22. 오전 11:30",
        "content": "[이데일리 김겨레 기자]"
    },
    {
        "title": "코스닥 주간 외국인 순매수 1위 '엘앤에프'",
        "date": "2021.09.22. 오전 11:29",
        "content": "[이데일리 김겨레 기자]"
    },
    {
        "title": "코스닥 주간 외국인 순매도 1위 '에코프로'",
        "date": "2021.09.22. 오전 11:29",
        "content": "[이데일리 김겨레 기자]"
    },
    {
        "title": "코스닥 주간 기관 순매수 1위 '동진쎄미켐'",
        "date": "2021.09.22. 오전 11:28",
        "content": "[이데일리 김겨레 기자]"
    },
    {
        "title": "코스닥 주간 기관 순매도 1위 '에코프로비엠'",
        "date": "2021.09.22. 오전 11:28",
        "content": "[이데일리 김겨레 기자]"
    },
    {
        "title": "코스피 주간 기관 순매도 1위 '삼성전자'",
        "date": "2021.09.22. 오전 11:28",
        "content": "[이데일리 김겨레 기자]"
    },
    {
        "title": "코스피 주간 개인 순매수 1위 '카카오'",
        "date": "2021.09.22. 오전 11:27",
        "content": "[이데일리 김겨레 기자]"
    },
    {
        "title": "코스피 주간 개인 순매도 1위 '삼성전자'",
        "date": "2021.09.22. 오전 11:27",
        "content": "[이데일리 김겨레 기자]"
    },
    {
        "title": "코스닥 주간 개인 순매수 1위 '에코프로비엠'",
        "date": "2021.09.22. 오전 11:27",
        "content": "[이데일리 김겨레 기자]"
    },
    {
        "title": "코스닥 주간 개인 순매도 1위 '엘앤에프'",
        "date": "2021.09.22. 오전 11:27",
        "content": "[이데일리 김겨레 기자]"
    },
    {
        "title": "코스피 주간 기관 순매수 1위 '현대중공업'",
        "date": "2021.09.22. 오전 11:26",
        "content": "[이데일리 김겨레 기자]"
    },
    {
        "title": "'대표 성장주' 라더니···한달새 7% 하락한 BBIG 뉴딜지수",
        "date": "2021.09.22. 오전 11:15",
        "content": "바이오주 부진에 게임사 신작 부진 더해져플랫폼 규제와 2차 전지 리콜·분할도 악재[서울경제] 코스피 3,000 돌파를 이끌며 대표 성장주로 여겨졌던 BBIG(배터리·바이오·인터넷·게임) 종목 주가가 부진의 늪에 빠졌다.\n\n\n\n사진 설명22일 한국거래소에 따르면 BBIG 4개 업종의 12개 종목으로 구성된 'KRX BBIG K-뉴딜지수'는 이달 들어 지난 17일까지 3,746.03에서 3,468.53으로 7.41% 하락했다.같은 기간 코스피(-1.84%)와 코스닥(+0.75%) 등락률을 크게 밑도는 성과다.현재 지수 구성 종목은 △ 2차전지 LG화학·삼성SDI·SK이노베이션 △ 바이오 삼성바이오로직스·셀트리온·SK바이오사이언스 △ 인터넷 네이버·카카오·더존비즈온 △ 게임 크래프톤·엔씨소프트·넷마블이다.12개 종목 중 더존비즈온(27.20%)과 크래프톤(0.41%)을 제외한 10개 종목이 이달 들어 하락세를 보였다.이에 지수 편입 종목의 시가총액 총합은 지난달 말 420조4,723억원에서 현재 412조2,307억원으로 8조2,417억원 감소했다. BBIG 각 업종지수 역시 이달 들어 일제히 등락률이 마이너스다.업종별 10개 종목으로 구성된 △KRX 2차전지 K-뉴딜지수(-0.82%) △KRX 바이오 K-뉴딜지수(-7.60%) △ KRX 인터넷 K-뉴딜지수(-5.05%) △KRX 게임 K-뉴딜지수(-5.41%) 모두 하락했다.지난해 코로나19 특수 등에 급등한 바이오주가 주춤하고, 중국발 게임 규제 리스크에 지난달부터 게임주가 약세를 보이기 시작했다.특히 한때 굳건한 게임 대장주 엔씨소프트는 신작 게임 '블레이드 & 소울 2'의 흥행 참패에 주가가 급락하며 게임주 부진의 원인이 되고 있다. 불과 올해 2월에 100만원을 넘나들던 주가는 현재 50만원대다. 주가 급락에 신규 상장한 크래프톤에 대장주 자리도 내줬다. 여기에 최근에는 국내 온라인 플랫폼 규제 우려에 카카오와 네이버 주가가 큰 폭으로 떨어지며 상대적으로 우수한 성과를 내던 인터넷 K-뉴딜지수마저 하락 전환, 성장주 약세에 쐐기를 박았다.\n\n\n\n\n\n\n\n사진 설명2차전지주는 상대적으로 선방하고 있지만 LG화학의 배터리 리콜, SK이노베이션의 배터리 사업 분할 등으로 이전 성과와 비교하면 부진하긴 마찬가지다.증권가에서 최근 성장주의 부진으로 금리 상승과 미 연방준비제도(Fed·연준)의 테이퍼링(자산매입 축소)이 화두로 떠오르자 평가가치(밸류에이션) 부담이 부각된 탓으로 보고 있다. 강현기 DB금융투자 연구원은 \"세계 주식시장에서 성장주의 대표 격인 아크 이노베이션 상장지수펀드(ETF)도 올해 2월 중순 고점 후 지금껏 내려가고 있다\"며 \"유동성 환경 변화가 성장주에 대한 펀더멘털(기초여건) 가정을 바꿨다\"고 설명했다.이어 \"주식은 오를 환경이 마련되면 악재를 견디지만, 내릴 환경이 마련되면 악재에 민감하다\"며 \"최근 성장주에서 그 전형적 속성이 드러났다고 봐야 한다\"고 덧붙였다."
    },
    {
        "title": "\"카카오랑 다르다\"···네이버 임원들 자사주 '줍줍'",
        "date": "2021.09.22. 오전 10:54",
        "content": "임원 6명, 주가 급락 후 252주 매입낙폭 더 큰 카카오는 자사주 사들인 임원 없어독점 논란 먼저 빚으며 잡음 최소화에 집중증권가 \"높은 해외사업 비중, 카카오와 달라\"\n\n\n\n[서울경제] 최근 정부 규제로 나란히 주가가 하락한 플랫폼 기업 중 네이버의 임원들이 주가 하락 후 자사주 매입에 나선 것으로 나타났다.22일 금융감독원 전자공시시스템에 따르면 이달 10~14일 네이버 임원 6명이 자사주 총 252주를 매입했다. 취득 단가는 39만 7,500원~41만 1,500원이다. 이들이 자사주를 매입한 시점은 정부 여당의 온라인 플랫폼 규제 논의가 촉발하면서 주가가 급락한 시점이다. 지난 7일 더불어민주당이 플랫폼 토론회를 개최해 본격 규제를 예고한 이튿날부터 2일간 네이버 주가는 10.24% 떨어졌다.이 같은 상황에서 임원이 자사주를 매입하자 네이버는 상대적으로 규제 논란에서 자유로운데도 플랫폼 기업으로 한데 묶이며 지나치게 주가가 하락했다는 판단에 따른 것이라는 해석이 나온다.실제로 최근 네이버 주가는 반등과 조정을 거듭하며 17일 종가 기준으로 7일 대비 10% 남짓 내린 40만 원 선을 지켜내고 있다. 반면 같은 기간 카카오(035720)의 주가는 계속 흘러내려 하락 폭은 20%를 넘었다. 최근 하락 기간 카카오에서는 자사주 매입을 신고한 임원이 없다.카카오에 앞서 이미 플랫폼 독점 논란으로 홍역을 여러 차례 겪은 네이버는 새로운 사업에 진출하면서 논란을 최소화하는 데 신경을 써왔다. 실제로 네이버가 현재 주력하는 쇼핑 사업은 입점 업체에서 걷는 수수료가 아닌 광고 수익이 주된 비즈니스모델(BM)이다. 정호윤 한국투자증권 연구원은 “네이버는 골목 상권 침해 관련 이슈에서 비교적 벗어난다”며 “네이버 쇼핑의 경우 갑질 같은 논란에서 자유로운 서비스”라고 진단했다."
    },
    {
        "title": "올해 해외주식 거래액 벌써 300조...가장 많이 사들인 종목은",
        "date": "2021.09.22. 오전 10:43",
        "content": "순매수액 18.6조···테슬라·애플 등 상위권[서울경제] 올해 국내 투자자의 해외주식 거래금액이 9개\n\n\n\n월도 채 되지 않은 상황에서 300조원을 넘어섰다. 22일 한국예탁결제원에 따르면 올해 들어 지난 16일까지 국내 투자자의 해외주식 결제액(매수+매도)은 2,771억달러(약 326조원)였다. 지난해 전체 결제금액과 1,983억 달러와 비교해 39.7%(787억달러) 늘어난 규모다.올해 해외주식 결제액은 지난 6월 21일 1,985억달러(233조원)로 이미 지난해 결제액을 넘어 사상 최대를 기록한 바 있다.지난해 부터 이어진 해외주식 투자 열기에 결제액은 연일 기록을 써 내려가고 있다.종목별로 보면 테슬라(218억달러)와 애플(79억달러)이 결제액 1∼2위를 차지했다. 순매수 1~2위도 이들 종목이었다. 테슬라의 순매수액은 14억5,000만달러(1조7,027억원), 애플은 6억1,000만달러(7,210억원)였다.게임스톱(65억달러), AMC엔터테인먼트(57억달러)가 각각 결제액 3위·5위에 올랐다. 이들은 대표적인 '밈 주식'(meme stock·온라인에서 입소문을 타 개인투자자들이 몰리는 주식)으로 '공매도와의 전장'으로 여겨지면서 개인 투자자의 거래가 몰렸다.상장지수펀드(ETF)와 상장지수증권(ETN)의 거래도 활발했다.필라델피아 반도체 지수를 3배로 추종하는 ETF(Direxion Daily Semiconductor Bull 3X ETF), 페이스북·넷플릭스 등 대형 기술주 관련 지수의 등락률을 3배로 추종하는 ETN(BMO REX MicroSectors FANG+ Index 3X Leveraged ETN) 등이 각각 4위, 8위에 올랐다.지난 16일 기준 올해 해외주식 순매수 금액은 158억달러(18조6,000억원)였다. 이는 지난해 같은 기간 순매수액(140억달러)보다 12.8% 많은 금액이다.종목별로는 테슬라·애플에 이어 구글 모기업 알파벳(4억7,000만달러), 스탠더드앤드푸어스(S&P)500 지수에 투자하는 'SPDR S&P500 ETF'(4억2,000만달러), 대만 반도체 기업 TSMC(3억7,000만달러) 등이 3∼5위를 차지했다."
    },
    {
        "title": "하반기 -4.7%···코스피, 하반기 성적표 '글로벌 꼴찌'",
        "date": "2021.09.22. 오전 10:26",
        "content": "대형주 악재 겹치며 G7 중 수익률 가장 저조G20에서도 브라질·남아공 이어 하위 세번째\n\n\n\n코스피지수가 전장보다 2.34포인트(0.07%) 내린 3,127.75로 출발한 지난 17일 외환은행 딜링룸 모습./연합뉴스.[서울경제] 2개월째 박스권 장세가 펼쳐지고 있는 코스피의 하반기 수익률이 주요국 대표 주가지수 중 가장 낮은 것으로 나타났다.22일 한국거래소 등에 따르면 코스피는 지난 6월 말 3,296.68에서 이달 17일에는 3,140.51로 156.17포인트 떨어졌다. 하반기 상승률은 -4.74%다.지난해 말 2,873.47에서 올 6월 말 3,296.68로 423.21포인트 올라 상반기에만 14.73%의 상승률을 나타냈던 것과 크게 대비되는 모습이다.코스피 하반기 상승률은 주요 7개국(G7) 대표 지수와 비교해볼 때 가장 낮다. 17일 기준 G7 가운데 6월 말보다 지수가 하락한 곳은 독일(DAX)과 영국(FTSE)뿐이었다. 이들 지수도 하락 폭은 각각 0.26%와 1.05%에 불과했다. 하반기 들어 가장 우수한 성과를 낸 이탈리아(FTSE MIB) 증시가 이 기간 12.61%의 상승률을 보이며 G7 중 가장 높았던 것과 비교하면 코스피는 17%포인트 이상 차이가 난다. 일본 닛케이지수도 5.93% 상승했다.미국 나스닥지수와 스탠더드앤드푸어스(S&P)500지수도 3.72%와 3.15% 각각 올랐다. G7 지수와 코스피의 하반기 평균 상승률은 2.15%로 상반기 평균 상승률 12.14%보다는 낮지만 코스피는 평균에도 한참 미치지 못했다. 주요 20개국(G20)의 대표 지수와 비교해도 하반기 코스피 상승률은 최하위권이었다. 코스피보다 상승률이 낮은 국가는 남아공(-5.91%)과 브라질(-12.12%)밖에 없었다."
    },
    {
        "title": "다시 상승세 타는 에어비앤비…\"역대 최대 실적 전망\"",
        "date": "2021.09.22. 오전 10:23",
        "content": "[헤럴드경제=이현정 기자]미국 에어비앤비가 올해 코로나19 사태 속에서도 차별화된 전략을 발판 삼아 역대 최대 실적을 기록할 것이란 전망이 나왔다.22일 금융투자업계에 따르면 에어비앤비는 최근 들어 급등세를 보이고 있다. 지난 7월 130달러대에 머물던 주가는 현재 160달러대에서 거래되고 있다. 최근 두 달 새 20% 이상 뛴 것이다.에어비앤비는 올해 경제 재개에 대한 기대감과 델타 변이 바이러스의 확산세에 대한 우려가 교차하하는 상황에서 성장세를 지속하고 있다. 에어비앤비의 올해 1분기 총예약금은 지난 2019년 1분기에 비해 3% 높은 103억달러를 기록했고, 2분기에도 2019년 2분기에 비해 37% 증가한 134억달러를 기록했다. 이는 코로나19 사태의 장기화로 침체돼 있는 여행 시장과는 대조적이다. 증권가에선 세계 여행 시장이 2024년, 온라인 여행 시장은 2023년에 코로나19 사태 이전의 수준으로 회복할 것이란 전망이 나온다.에어비앤비가 코로나 사태 속에서도 성장세를 이어갈 수 있는 비결은 에어비앤비만의 강점이 힘을 발휘했다는 평가다.오태완 한국투자증권 연구원은 \"인적이 붐비지 않는 교외 지역에서의 숙박, 여행지에서의 장기 숙박 등 에어비앤비가 강점을 보유한 숙박 형태가 새로운 여행 트렌드로 부각되고 있다\"고 설명했다.에어비앤비의 올해 주당매출액(PSR)은 18.3배로 온라인 여행 시장의 평균 PSR인 5.9배에 비해 높은 수준을 유지하고 있다. 다만 상장 초기의 PSR이 26.9배에 달했고, 코로나19로 바뀐 여행 트렌드에 발빠르게 대응한 점을 고려하면 프리미엄 부여가 가능하다는 평가다.오 연구원은 \"선진국을 중심으로 실행되고 있는 ‘위드코로나’ 정책이 여행에 대한 억압 수요로 이어지는 점, 계절적 성수기인 3분기에 진입함에 따라 중개 수수료율이 16% 수준까지 높아지며 사상 최대 매출액과 영업이익을 달성할 것이라는 점에서 매수 관점의 접근을 추천한다\"고 말했다."
    },
    {
        "title": "\"추천 OO 상한가 갔습니다\"…개미 울리는 리딩방 추천종목 비밀 알고봤더니",
        "date": "2021.09.22. 오전 9:56",
        "content": "# 주식 초보자인 A씨는 얼마전부터 정체 모를 리딩방으로부터 광고 문자를 받고 있다. 일주일에 한번꼴로 오는 이 문자는 '000 과장입니다. 내일 아침에 체크해보세요'라는 말과 함께 종목을 두개씩 찍어준다. 신기하게도 이렇게 리딩방에서 찍어주는 종목은 다음날 실제로 급등하는 경우가 많다. \n\n\n\n[사진 제공 = 금융감독원] 연초 동학개미 열풍 이후 개인 주식투자자가 크게 늘어나면서 이들을 유혹하는 리딩방 영업도 활개를 치고 있다. 소위 주식 전문가들이 급등 종목을 찍어준다고 하는데, 문제는 이런 정보를 받으려면 매달 수십만원, 많게는 수백만원대의 회비를 내야 한다는 것이다. 리딩방도 개인 투자자들을 현혹하기 위한 영업 방식을 진화시키고 있다. 주식 투자를 오래한 사람이라면 이 마술의 비밀을 쉽게 눈치챌 수 있다. 다만 주식 초보자라면 속을 수 있어 주의가 필요하다고 금융당국은 경고한다.시간외 급등 종목이 급등 예상종목으로\n\n\n\n[사진 제공 = 금융위원회] 최근 흔한 유형은 리딩방 광고 중에서 다음날 오전 급등 예상 종목을 미리 찍어주는 문자가 있다. 내일 급등 예상 종목이라면서 몇 개의 종목을 언급하고 직접 확인해보라고 하는 식이다. 기존에는 '최근 추천했던 종목이 오늘 상한가를 갔다'는 식의 문자가 많았다. 실제로 그 종목을 추천했는지 안 했는지 확인할 방법이 없으니 자연스럽게 거짓말이라고 생각하고 넘어가게 된다. 하지만 미리 알려준 급등 예상 종목이 실제로 크게 상승하면 리딩방의 투자 실력을 과신하게 된다.방법은 간단하다. 시간외 거래에서 급등한 종목을 다음날 급등 예상 종목이라고 알려주는 것에 불과하다. 한국거래소의 정규장 거래 시간은 오전 9시부터 오후 3시 반까지다. 이 정규 매매시간 외에도 주식 거래가 가능하다. 오후 4시부터 오후 6시까지 2시간 동안 시간외 단일가 매매가 진행된다. 10분단위로 단일가로 매매가 체결되는 방식이기 때문에 하루에 총 12회 매매가 이뤄진다. 매수호가, 매도호가를 취합해 종가 기준으로 10%의 가격제한폭이 적용된다. 장 마감 이후 호재성 공시나 뉴스가 나와서 시간외 단일가 매매에서 상한가를 갔다면 다음날 정규장에서도 급등할 가능성이 크다. 이런 종목들을 모아서 문자로 보내는 것이다. 이런 문자들이 대부분 시간외 단일가 매매가 끝난 오후 6시 이후에 발송되는 것도 이런 이유가 있다. 이런 정보는 투자 수익률을 높이는 데에도 별 도움이 안 된다. 주가가 이런 호재를 반영하기 전에 매입해야 하는데 급등한 상태로 개장하면 싸게 살 기회 자체가 없기 때문이다. 1주씩만 담은 주식계좌 수십개…그 중 수익률 1등만 공개리딩방에는 불문율이 있다. 리딩방을 운영하는 리더, 소위 주식 전문가나 애널리스트들은 자신의 계좌를 공개하지 않는다는 것이다. 회원들에게는 어떤 종목을 추천하면서 정작 본인은 그 종목을 샀는지 혹은 팔았는지 알 수 없다. 리더들이 자신의 계좌를 공개하지 못하는 이유가 있다. 자신의 투자 규모가 드러나는 것을 부담스러워하기 때문이다. '주식을 그렇게 잘 안다면서 왜 그것 밖에 못 벌었냐'는 말을 들을까 두려운 것이다. 주식 전문가라고 하면 당연히 수십억원대의 자금을 굴릴 것이라고 생각한다. 실제로 그 정도의 자금을 운용하는 사람은 매우 드물다. 수십억원 정도의 자금을 굴릴 정도가 되면 정식으로 투자자문사를 차리고, 음지에서 제도권으로 향하는 게 일반적이다.  \n\n\n\n 16일 명동 하나은행 본점 딜링룸 모습. [사진 출처 = 연합뉴스] 자신의 계좌를 공개하지 않는 대신 단톡방 등에서 바람잡이 회원들이 자신의 계좌를 공개한다. 유료방에서 접한 고급 정보로 주식 투자를 해 고수익을 냈다면서 자신의 주식계좌를 무료방에서 공개하는 식이다. 계좌 인증을 하는 회원이 진짜 회원인지 바람잡이 회원인지 쉽게 판별할 수 있다. 바람잡이들은 서로 다른 종목을 담은 다수의 계좌를 갖고 있다. 계좌가 많다보니 계좌마다 많은 투자금을 넣기가 어렵다. 보통 1종목당 1주씩만 산다. 그래서 계좌 인증을 할 때는 매도금액, 매수금액, 손익금액 등을 모두 가리고 순수하게 수익률만 보여준다. 공개한 계좌의 수익률은 수십퍼센트 수준으로 높긴 하다. 하지만 수십개의 계좌 중에서 가장 수익률이 높은 계좌라고 생각하면 이해가 되는 숫자이기도 하다.리딩방으로 수익이 날 수도 있다. 하지만 손실이 났을 경우 손쓸 방법이 없다는 게 문제다. 2018년 905건이던 리딩방 관련 금융감독원 민원은 2019년 1138건, 2020년 1744건으로 크게 늘어나더니 올 1분기에는 무려 663건에 달했다.금융감독원은 \"투자자문업자가 아닌 유사투자자문업자 등이 운영하는 주식 리딩방은 불법이며 피해발생시 구제받기 어렵다\"라며 \"불법 계약이므로 손실보전, 수익보장 등도 민사상 효력이 없어 보호 받을 수 없다\"고 말했다."
    },
    {
        "title": "쌍용자동차 우협대상자 통보 임박, 유력 후보 전망은",
        "date": "2021.09.22. 오전 9:02",
        "content": "회생절차 개시 결정 앞둔 쌍용자동차 [연합][헤럴드경제=이세진 기자] 이달 말 쌍용자동차 인수 우선협상대상자가 윤곽을 드러낼 전망인 가운데, 앞선 본입찰에 참여한 에디슨모터스-쎄미시스코 컨소시엄과 이엘비앤티(ELB&T) 중 어느 쪽으로 무게추가 기울지 관심이 모아지고 있다. 특히 두 인수후보들이 써낸 인수희망가 차이가 상당한 것으로 알려지면서 자금조달 능력과 방식에 대한 신뢰성이 막판 관건으로 떠올랐다.앞서 지난 15일 쌍용자동차 매각주관사인 한영회계법인이 인수제안서 접수를 마감한 결과 에디슨모터스 컨소시엄과 이엘비앤티 컨소시엄, 인디EV 등 3곳이 본입찰에 참여했다.에디슨모터스는 관계사인 쎄미시스코, 사모펀드(PEF) 운용사인 키스톤PE, KCGI 등과 컨소시엄을 꾸려 입찰에 참여했고, 국내 전기차 제조업체인 이엘비앤티는 파빌리온PE, 카디널 원 모티스와 컨소시엄을 구성했다. 인디EV는 2018년 설립된 미국의 전기차 기업이다.시장에서는 해외 원매자의 진정성 여부를 높게 판단하지 않는 가운데, 실제 인수전은 에디슨과 이엘비앤티 컨소시엄 간 경쟁으로 압축된 양상이다.업계에 따르면 이엘비앤티 컨소시엄은 입찰자 중 가장 높은 5000억원 안팎의 금액을 구주 인수가격으로 써낸 것으로 알려졌다. 이에 자본금 30억원으로 설립된 이엘비앤티의 자금 조달 및 완성차 업체 운영 능력에 대한 의구심이 일고 있다. 파빌리온PE를 재무적투자자(FI)로 끌어들였지만 시장의 예측치를 훨씬 웃도는 과도한 베팅에 대한 우려의 시선이 고개를 들고 있다.이어 에디슨모터스는 자금 조달에 대한 초반 우려를 씻고 유력 원매자로 올라선 상황이다. 2000억원대 후반의 인수희망가를 써 낸 에디슨은 쎄미시스코를 전략적투자자(SI)로, 키스톤PE와 KCGI를 FI로 인수전에 참여하고 있다.에디슨모터스는 또 인수후보 중 사업 시너지 면에서도 상대적인 우위를 점하고 있다는 평가다. 에디슨모터스는 전기버스, 전기트럭 등 완성차 제조 경험을 바탕으로 쌍용차를 전기차 업체로 전환, 3년 내 흑자 달성 목표를 밝힌 바 있다.업계 관계자는 “서울회생법원은 우선협상대상자를 선정하는 데 가격 외에도 자금의 신빙성, 인수 구조 설정, 향후 경영계획 등 다양한 기준을 적용하기로 한 바 있어 종합적인 판단이 나올 것으로 보인다”고 말했다. 이르면 10월 초 우선협상대상자 선정과 인수 양해각서(MOU) 체결 등 일정이 이어질 전망이다. 이세진 기자"
    },
    {
        "title": "\"카카오와는 다르다\"…주가 출렁이자 '줍줍' 나선 네이버 임원들",
        "date": "2021.09.22. 오전 9:01",
        "content": "네이버 임원 6명, 주가 급락 직후 252주 매입…카카오는 자사주 매입 임원 없어규제 우회 사업 모델·높은 해외 사업 비중 등…\"갑질 논란에서 자유로워\"\n\n\n\n네이버·카카오 플랫폼 규제 (PG)[홍소영 제작] 일러스트    (서울=연합뉴스) 홍지인 기자 = 최근 플랫폼 규제 압박에 주가가 출렁이자 네이버 임원들이 자사주 매입에 나서 눈길을 끈다. 카카오와는 대조적인 모습으로, 상대적으로 규제 논란에서 자유롭다는 네이버 구성원들의 자신감으로 보인다.    22일 금융감독원 전자공시시스템에 따르면 이달 10~14일 네이버 임원 6명이 자사주 총 252주를 매입했다. 취득 단가는 39만7천500원~41만1천500원이다.    이들이 자사주를 매입한 시점은 정부·여당의 온라인 플랫폼 규제 논의가 촉발하면서 주가가 급락한 시점이다.     지난 7일 오후 더불어민주당이 플랫폼 토론회를 개최해 본격 규제를 예고한 이튿날부터 2일간 네이버 주가는 10.24% 떨어졌다.    그러나 네이버 안팎에서는 낙폭이 과다하다는 반응이 나왔다.    실제로 최근 네이버 주가는 반등과 조정을 거듭하며 17일 종가 기준으로 7일 대비 10% 남짓 내린 40만원선을 지켜 내고 있다.    반면, 같은 기간 카카오의 주가는 계속 흘러내려 하락 폭은 20%를 넘었다. 최근 하락 기간 카카오에서 자사주 매입을 신고한 임원이 없다.     겉으로 보면 비슷해 보이지만, 두 회사의 사업 구조에 근본적인 차이가 있다.     카카오에 앞서 이미 플랫폼 독점 논란으로 홍역을 여러 차례 겪은 네이버는 새로운 사업에 진출하면서 논란을 최소화할 방안에 부심했다.     가령, 네이버가 현재 주력하는 쇼핑 사업은 입점 업체에서 걷는 수수료가 아닌 광고 수익이 주된 사업 모델(BM)이다. 정치권 일각에서 네이버의 결제 수수료를 문제 삼자 \"업계 최저 수준\"이라고 즉각 반박하는 등 자신만만한 모습이다.     올해 초 네이버 한성숙 대표는 투자자 대상 컨퍼런스콜(전화회의)의 모두발언에만 중소상공인을 뜻하는 'SME'라는 단어를 총 23번이나 언급했다. 자사 쇼핑몰인 '스마트스토어'에 입점한 중소상공인들을 위한 상생 노력을 강조하기 위해서다    반면, 카카오는 택시 호출·미용실 예약 등 수수료를 걷는 생활 밀착형 사업을 여럿 펼쳤다가 집중적인 질타를 받고 결국 철수할 채비를 하고 있다.     내수 일변도의 카카오보다 해외 사업 비중이 훨씬 높다는 점도 네이버가 적극적으로 내세우는 부분이다.     한국투자증권 정호윤 연구원은 네이버에 대해 \"골목상권 침해 관련 이슈에서 비교적 벗어난다\"며 \"네이버 쇼핑의 경우 갑질 같은 논란에서 자유로운 서비스\"라고 진단했다.    ljungberg@yna.co.kr"
    },
    {
        "title": "中'헝다 쇼크'·美 '테이퍼링'···추석 이후 코스피 괜찮을까 [증시 전망]",
        "date": "2021.09.22. 오전 8:26",
        "content": "中 헝다그룹 파산설에 글로벌 증시 휘청홍콩 3%대 하락 이어 21일 나스닥도 2%↓다음날 소폭 반등했지만 투심 위축 여전해\"헝다 리스크, 금융위기 초래 가능성 낮지만국내외 증시 단기 충격은 불가피할 것\"9월 FOMC '테이퍼링 선언'은 보류될 관측↑\"테이퍼링 리스크 우려는 연말까지 이어질 것\"\n\n\n\n20일 홍콩 항셍지수는 중국 헝다그룹의 파산설에 부정적 영향을 받아 3%가 넘는 급락세를 보였다. /연합뉴스[서울경제] 추석 연휴를 맞아 국내 증시가 사흘 간의 휴장을 진행하는 동안 미국 뉴욕 증시를 비롯한 글로벌 증시는 중국 부동산 개발업체 헝다그룹의 파산설에 크게 휘청였다. 불안이 과했다는 반론 속에서 유럽·미국 등 해외 증시는 하루 만에 반등하는 조짐도 보이고 있지만 헝다의 유동성 위기와 그로 인한 금융시장의 우려가 계속될 경우 연휴 이후 국내 증시 역시 투자 심리 위축이 불가피할 전망이다. 또 22일(현지 시간) 종료되는 미국 연방준비제도(Fed·연준)의 9월 연방공개시장위원회(FOMC)에 관해서는 당초 금융시장의 우려처럼 ‘테이퍼링 선언’은 없을 것이라는 관측이 높아졌지만 ‘연내 테이퍼링’ 신호는 유지되고 있는 만큼 이후 ‘안도 랠리’ 등이 벌어질 가능성도 낮다는 분석이다.22일 금융투자업계에 따르면 간밤 미국 뉴욕 증시에서 다우존스30 산업평균 지수는 전거래일 대비 50.63포인트(-0.15%) 내린 3만 3,919.84로 거래를 마쳤다. 다우지수는 전거래일인 20일(현지시간)에는 전장 대비 614.41포인트(1.79%) 급락하기도 해 이번 주 들어 2거래일 내내 하락세를 이어갔다. S&P 500 지수 역시 21일 1.70% 빠진 4,357.73을 기록한데 이어 이날 3.54포인트(-0.08%) 추가 하락해 4,354.19로 거래를 마쳤다. 기술주 중심의 나스닥 지수는 이날 32.5포인트(0.22%) 소폭 반등한 1만 4,746.40으로 마감했지만 전거래일인 21일에는 하루에만 330.06포인트(2.19%) 지수가 빠져 지난 5월 12일 이후 약 4개월 만에 최대 낙폭을 기록했다.\n\n\n\n공사 중단된 중국 헝다 그룹의 문화관광 복합단지 /AFP=연합뉴스글로벌 증시의 위축은 중국 내 2위 부동산 개발업체 헝다의 파산설에 영향을 받았다는 분석이다. 헝다는 최근 사업 영역을 금융, 헬스케어, 여행 등으로 과도하게 확장하는 가운데 중국 정부의 부동산 규제 정책과 금융 긴축으로 인해 유동성 위험이 확대된 상황이다. 헝다의 부채 규모는 1조 9,500억 위안(355조 원)에 이르는 상황인데 특히 오는 23일 8.25% 금리의 5년 만기 달러채에 대한 이자 8,350만 달러(약 992억 원)의 만기가 도래한다. 이날까지 부채가 해결되지 않는다면 파산 절차가 시작될 전망인 셈이다. 이 같은 중국의 크레딧 리스크는 2008년 글로벌 금융위기를 초래한 리먼 브라더스 사태와 비교되며 글로벌 금융시장 전반에 불안을 확산시켰다. 실제 20일과 21일 미국 증시뿐 아니라 일본, 홍콩, 유럽 등 증시 전반이 약세를 보였는데 일본 닛케이 225의 경우 21일 전거래일 대비 2.17% 하락한 2만 9,839.71에 마감해 3만 선 아래로 내려 앉았다. 이는 6월 21일 이후 3개월 만에 가장 큰 하락 폭이었다. 또 홍콩 항셍지수는 20일 장중 2만 3,771.46(3.30%)까지 폭락하며 지난해 10월 6일 이후 가장 낮은 수준을 기록했고 유럽 역시 독일의 닥스가 2.31%, 영국의 FTSE가 0.86% 하락하는 등 하락세가 강했다. 전문가들은 헝다그룹의 위기가 과거 리먼 브라더스 사태처럼 금융시스템 전반의 리스크로 확산될 가능성은 높지 않다고 내다보면서도 증시에 미치는 단기 충격은 피해갈 수 없을 것으로 전망했다. 김영환 NH투자증권 연구원은 금융시장에서는 헝다그룹의 상업 지속 가능 여부에 대해 의구심이 확대된 상황으로 중국 금융시스템 전반에 걸친 리스크로 확산될 가능성을 우려하는 시각도 일부 존재한다”며 “이 경우 한국 주식시장도 충격이 불가피할 전망”이라고 말했다. 다만 그는 “(파산설이) 현실화할 가능성은 낮다고 판단하는데 중국 금융당국이 디레버리징 기조 하에서 국유기업 채무 불이행을 허용하더라도 이는 점진적인 자산 매각을 진행하는 등의 방식으로 금융당국 통제 범위 내에서 진행될 것으로 예상한다. 시스템 리스크로의 확산 가능성은 제한적일 것”이라고 덧붙였다. \n\n\n\n워싱턴의 연준. /로이터연합뉴스글로벌 증시의 또 하나의 불안 요소로 거론됐던 미 연준의 FOMC는 ‘테이퍼링 선언’ 등의 빅 이벤트 없이 종료될 전망이다. 최근 금융투자업계는 연준 위원들이 언급한 연내 테이퍼링의 시행을 위해서는 9월 FOMC를 통해 테이퍼링을 공식화될 가능성이 높다고 내다봤다. 이에 따라 미국 10년 만기 국채금리가 장중 1.380%를 돌파해 두 달 만에 최고치를 기록하고 달러가 상승하는 등 안전 자산 선호 분위기가 짙어지기도 했다. 하지만 회의가 시작된 후로는 여전히 불안한 경제 지표 등이 거론되며 ‘9월 보류, 11월 공식화’ 가능성이 높아진 분위기다. 실제 미국 CNBC가 시장 전문가 32명을 대상으로 설문 조사한 결과에 따르면 대다수 전문가들은 뉴욕 증시의 실적 및 주요 지수가 “과대 평가된 경향이 높다”며 이달 FOMC에서 테이퍼링 일정이 내놓지 않을 것이라는 관측을 내놓았다.다만 전문가들은 테이퍼링 발표 보류가 최근 위축된 글로벌 증시 분위기를 반전시킬 가능성 역시 높지 않다고 내다봤다. 박석현 KTB투자증권 연구원은 “9월 회의에서 테이퍼링 발표가 보류되더라도 이에 따른 주식시장 안도 랠리는 제한될 수 있다”며 “연내 시행 가능성이 여전히 높다고 평가 받게 될 것인 데다 10월 FOMC 회의록 발표 이벤트를 거쳐 11월 정례회의까지 향후 정책 이벤트 일정에 시장 흐름이 여전히 얽매일 수 있기 때문”이라고 말했다. 그는 이어 “코스피 역시 상승 추세 복귀보다는 박스권 흐름이 이어질 전망이며 대형주 상승 주도력 회복 기대에 초점을 맞추기 보다는 최근 들어 좀 더 뚜렷해지고 있는 중소형주 상대 수익률 호조 지속을 염두에 둔 시장 대응이 필요할 전망”이라고 덧붙였다."
    },
    {
        "title": "올해 해외주식 거래금액 300조 넘었다",
        "date": "2021.09.22. 오전 7:11",
        "content": "순매수액은 18.6조…테슬라·애플 등 상위권\n\n\n\n뉴욕증권거래소(NYSE) [로이터=연합뉴스 자료사진]    (서울=연합뉴스) 박원희 기자 = 올해 국내 투자자의 해외주식 거래금액이 300조원을 돌파했다.    22일 한국예탁결제원에 따르면 올해 들어 지난 16일까지 국내 투자자의 해외주식 결제액(매수+매도)은 2천771억달러(약 326조원)였다. 작년(1천983억달러) 대비 39.7%(787억달러) 늘어난 규모다.    올해 해외주식 결제액은 지난 6월 21일 1천985억달러(233조원)로 이미 작년 결제액을 넘어 사상 최대를 기록한 바 있다.    작년부터 이어진 해외주식 투자 열기에 결제액은 연일 기록을 써 내려가고 있다.    종목별로 보면 테슬라(218억달러)와 애플(79억달러)이 결제액 1∼2위를 차지했다. 이들 기업은 순매수 1~2위 종목이기도 하다.    테슬라의 순매수액(매수결제금액-매도결제금액)은 14억5천만달러(1조7천27억원), 애플은 6억1천만달러(7천210억원)였다.    특히 연초에 나타난 '밈 주식'(meme stock·온라인에서 입소문을 타 개인투자자들이 몰리는 주식) 열풍이 거래 급증에 한몫했다.    대표적인 밈 주식이었던 게임스톱(65억달러), AMC엔터테인먼트(57억달러)가 각각 결제액 3위·5위에 올랐다. 이들은 '공매도와의 전장'으로 여겨지면서 개인 투자자의 거래가 몰렸다.    상장지수펀드(ETF)와 상장지수증권(ETN)의 거래도 활발했다.    필라델피아 반도체 지수를 3배로 추종하는 ETF(Direxion Daily Semiconductor Bull 3X ETF), 페이스북·넷플릭스 등 대형 기술주 관련 지수의 등락률을 3배로 추종하는 ETN(BMO REX MicroSectors FANG+ Index 3X Leveraged ETN) 등이 각각 4위, 8위에 올랐다.\n\n\n\n주식 열풍 (PG)[박은주 제작] 사진합성·일러스트    지난 16일 기준 올해 해외주식 순매수 금액은 158억달러(18조6천억원)였다. 이는 작년 같은 기간 순매수액(140억달러)보다 12.8% 많은 금액이다.    종목별로는 테슬라·애플에 이어 구글 모기업 알파벳(4억7천만달러), 스탠더드앤드푸어스(S&P)500 지수에 투자하는 'SPDR S&P500 ETF'(4억2천만달러), 대만 반도체 기업 TSMC(3억7천만달러) 등이 3∼5위를 차지했다.    미국 주식이 상위권을 휩쓴 가운데 일본 플랫폼 기업 Z홀딩스가 순매수액 2억8천989만달러(3천406억원)로 9위에 올라 눈길을 끌었다. Z홀딩스는 네이버와 소프트뱅크가 설립한 합작법인 A홀딩스의 자회사로 야후재팬, 라인 등을 운영한다. 올해 결제액·순매수 상위 종목 (단위: 달러)\n\n\n\n(2021.01.01∼09.16)(자료=한국예탁결제원)    encounter24@yna.co.kr"
    },
    {
        "title": "한끼 값으로 ‘삼바’ 구입 가능…소수점거래 허용에 주목받는 황제株",
        "date": "2021.09.22. 오전 6:28",
        "content": "소수점거래 허용 방침…0.1주, 0.01주 구입 가능실시간 거래·의결권 행사 불가…다른 규제 변수\n\n\n\n[헤럴드경제=김용재 기자] 오는 2022년 3분기부터 삼성전자나 카카오 등 국내 주식도 가상자산·해외주식처럼 소수단위로 매매할 수 있게 된 가운데 100만원이 넘어 ‘황제주’라 불리는 주식들에 투자자들의 관심이 쏠리고 있다. 다만 소수점 거래의 경우 실시간 거래가 불가능하고 아직 법이 허술하다는 지적도 나오고 있다.20일 금융투자업계에 따르면 금융위원회는 지난 13일 ‘국내외 소수단위 주식거래 허용방안’을 발표하고 오는 2022년 3분기부터 소수 단위로 주식 거래를 쪼개 하도록 허용했다. 특히 태광산업의 경우 전 거래일 1.80% 하락하긴 했으나, 소수점 거래 허용에 주목받으면서 최근 1개월간 18% 상승했다. 이외에도 올해 들어 100만원을 넘겨 황제주로 불렸던 주식으로는 LG생활건강(52주 최고가 기준·178만4000원), 삼성바이오로직스(104만7000원), LG화학(105만원), 엔씨소프트(104만8000원) 등이다.현재 예탁결제원에서 주식거래는 증권사로부터 온주(온전한 1개의 주식) 단위 주식을 신탁받아 수익증권을 발행 후 취득하는 방식으로 운영돼 왔는데 이를 쪼개는 방식으로 운영된다. 소수단위 거래는 해외 소수점 거래 지원방식과 동일하게 최대 소수점 이하 6자리까지 가능하게 될 전망이다.다만 소수단위 거래는 신탁방식이기 때문에 실시간 거래가 원칙적으로 불가능하다는 게 가장 큰 단점으로 꼽힌다. 업계에 따르면 하루에 1~2회 정도의 거래만 가능할 것으로 예상된다. 실시간 거래까지 가능한 ‘완전한 소수단위 거래’를 위해선 상법과 자본시장법 개정 과정이 필요하기 때문에 짧게는 내년, 길게는 수년이 걸릴 것으로 보인다.또, 취득하는 주식이 엄연한 ‘보통주’임에도 의결권을 행사할 수 없어 배당 및 액면분할 등에 의사결정 참여를 할 수 없다는 것이 단점이다. 이외에도 국내외 소수점 거래 서비스가 단일 규제를 적용받지 않아 증권사마다 투자 종목이 다를 수 있다.금융위는 소수단위 거래가 확대되면 투자자들이 소규모 자금으로 고가의 우량주 투자가 가능하고 분산 투자를 할 수 있다는 장점을 내세우고 있다. 코스피200 시가총액 10위 종목에 투자하기 위해선 현재 3000만원 가량이 필요하지만, 0.01주 단위로 거래가 가능해지면 해당 우량주들을 30만원으로 구입하는게 가능하다는 설명이다.실제로 해외 주식 소수점 거래 서비스가 시작된지 3년 만에 거래 규모가 12억5000달러(한화 약 1조4000억원)에 달했다. 누적 이용자는 총 71만5000명에 달한다고 집계된 바 있다.국회 정무위원회 소속 더불어민주당 윤관석 의원이 금융위원회에서 받은 ‘혁신금융서비스 지정 증권사의 해외주식 소수점 거래 실적’에 따르면 해외주식 소수점 거래 서비스가 시작된 2018년 10월부터 올해 8월까지 약 3년간 이용자는 총 71만5000명, 거래액은 12억5000달러(약 1조5000억원)에 이른다.서비스를 개시한 1년 차인 2018년 10월~2019년 9월 1000만 달러에서 2년 차 1억6000만 달러로 15배 증가했다. 3년 차에는 10억8000만 달러로 급증해 2년 차에 비해 7배 증가했다. 월별 1인당 평균 거래금액은 최소 141달러(약 16만원5000원), 최대 1039달러(약 121만원6000원)였다."
    },
    {
        "title": "'코스피만 더 내렸다' 하반기 수익률 주요국 중 최하위",
        "date": "2021.09.22. 오전 6:07",
        "content": "하락 출발한 코스피17일 전장보다 2.34포인트(0.07%) 내린 3,127.75에 출발한 코스피. [연합뉴스 자료사진] (서울=연합뉴스) 김태종 기자 = 코스피가 2개월 이상 박스권 장세를 이어가며 지지부진한 가운데 하반기 수익률이 주요국 대표 주가지수 중 가장 낮은 것으로 나타났다. 글로벌 증시가 상반기만큼 상승세는 아니지만, 코스피는 그중에서도 가장 저조했다.    22일 한국거래소 등에 따르면 코스피는 지난 6월 말 3,296.68에서 지난 17일에는 3,140.51로 156.17포인트 하락 마감했다. 하반기 상승률은 -4.74%이다.    코스피는 작년 말 2,873.47에서 지난 6월 말 3,296.68로 423.21포인트 올라 14.73%의 상승률을 나타냈는데, 이와 크게 대비되는 모습이다.    코스피 하반기 상승률은 주요 7개국(G7) 대표 지수와 비교해 볼 때 가장 낮다. 지난 17일 기준 G7 가운데 6월 말보다 지수가 하락한 곳은 독일(DAX)와 영국(FTSE)이었다. 이들 지수도 하락 폭은 각각 0.26%와 1.05%에 불과했다.    이탈리아(FTSEMIB)가 하반기 12.61%의 상승률을 보이며 G7 중 가장 높았던 것과 비교하면 코스피는 17%포인트 이상 차이가 난다. 일본 닛케이지수도 5.93% 상승했다.    미국 나스닥지수와 스탠더드앤드푸어스(S&P)500 지수도 3.72%와 3.15% 각각 올랐다.    G7 지수와 코스피의 하반기 평균 상승률은 2.15%로, 상반기 평균 상승률 12.14%보다는 낮지만 코스피는 평균에도 한참 미치지 못했다.    주요 20개국(G20)의 대표 지수와 비교해도 하반기 코스피 상승률은 최하위권이었다. 코스피보다 상승률이 낮은 국가는 남아공(-5.91%)과 브라질(-12.12%)밖에 없었다.    코스피의 상반기 상승률(+14.73%)은 이들 나라 가운데 최상위권이었다. G7국 중에는 프랑스 CAC(+17.23%)와 캐나다 SP/TSX 지수(+15.67%)만이 코스피보다 수익률이 높았을 뿐이었다.    G20으로 확대해도 상반기 상승률은 사우디(+26.41%)와 아르헨티나(+21.76%)가 절대 부럽지 않았다. 유럽연합(+14.40%), 호주(+11.02%), 중국(+3.40%) 등도 코스피보다 낮았다.[표] 코스피와 G7 주요지수 상·하반기 상승률                                                                (단위 : %)\n\n\n\n이처럼 하반기에 코스피가 다른 지수들보다 더 지지부진한 것은 우선 '키 높이 맞추기'란 분석이다.    정명지 삼성증권 투자정보팀장은 \"출발점에 따라 다르겠지만, 코로나 팬데믹(세계적 대유행) 이후 상승률을 보면 그동안 코스피가 높았다\"며 \"선진국 중에서는 작년에 상승률이 낮았던 유럽이 올해 강세를 보이고, 작년에 좋았던 한국과 대만은 부진할 것\"이라고 말했다.    장기 투자하는 외국인 입장에서도 국가별로 자산을 배분하면서 시기적으로 먼저 오르는 시장은 차익실현을 하기 때문에 코스피는 하반기 탄력이 약해졌다는 것이다.    실제 코스피는 작년 3월 10일 저점(1,457.64) 이후 1년(올해 3월 18일 3,066.01) 상승률이 110.3%를 나타내며 G20 국가 지수 중에서도 가장 높은 수준을 기록한 바 있다.    지난해 큰 성과를 보였던 코로나19 방역이 백신으로 넘어가면서 선진국에 다소 뒤처져 있고, 하반기에는 코로나19 확진자가 연일 하루 2천명 안팎으로 나오며 경제 정상화가 더딘 점 등도 부진 이유로 꼽힌다.    여기에 교역 의존도가 큰 중국에서 나오는 규제 이슈 등의 영향을 다른 나라보다 먼저 받는 점도 코스피 탄력을 줄이는 요인이라는 분석이다.    taejong75@yna.co.kr"
    }
]