[
    {
        "title": "\"크래프톤, 뉴스테이트 흥행 조짐…자기잠식 우려 ↓\"",
        "date": "2021.09.25. 오전 10:45",
        "content": "[헤럴드경제=이현정 기자]한국투자증권은 25일 크래프톤에 대해 '배틀그라운드 뉴스테이트'의 흥행 가능성 속에서 자기잠식 우려는 예상보다 낮다고 전망했다. 투자의견은 매수, 목표주가는 58만원을 유지했다.배틀그라운드 뉴스테이트의 사전 예약자 수는 빠른 속도로 늘고 있다. 지난달 19일 iOS에서, 이달부턴 인도 지역에서 사전 예약을 실시 중인 가운데 사전 예약자는 지난 16일 4000만명을 돌파했다. 지난 2월 25일~8월 18일까지 약 2800만명이 몰린 것을 고려하면 예약 속도가 점점 빨라지고 있다는 평가다.정호윤 한국투자증권 연구원은 \"뉴스테이트의 사전예약자가 안정적으로 증가하고 있어 흥행 가능성은 점차 높아지고 있으며, 흥행에 성공하면 배틀로얄 장르의 특성상 매출 안정성은 매우 높을 것\"이라고 말했다. 이어 \"배틀그라운드 뉴스테이트는 전작 대비 과금 요소가 더욱 많이 삽입돼 있고, 충분한 이용자 수만 확보될 경우 전작 대비 매출 규모 또한 더욱 클 것\"이라고 설명했다.시장에서 가장 우려하는 기존 작품과의 자기잠식에 대해서도 현실적인 리스크가 크지 않다는 분석이다.정 연구원은 \"현재 배틀그라운드 모바일은 한국, 일본, 인도를 제외하고 대부분의 국가를 텐센트가 퍼블리싱하고 있기 때문에 텐센트와 크래프톤이 이익을 배분하는 구조\"라며 \"크래프톤이 직접 서비스하는 뉴스테이트로 전환이 일어날 경우 크래프톤이 마켓 수수료 및 마케팅비를 제외하고 모든 이익을 인식하기 때문에 훨씬 긍정적\"이라고 했다."
    },
    {
        "title": "삼성전자 추락할 때가 살 때였다…외국인 벌써 1.4조 매수",
        "date": "2021.09.25. 오전 10:37",
        "content": "지난 5월부터 9월까지 5개월 동안 한국 시장에서 매도 포지션에 섰던 외국인이 돌아오고 있다. 한국 거래소에 따르면 13~24일까지 최근 2주간 반도체주를 집중 매수하며 최근 2주 동안 1조4361억원을 순매수했다.    \n\n\n\n코스피가 24일 상승세로 출발했다.   지수는 전장보다 13.15포인트(0.42%) 오른 3,140.73에서 출발해 강세 흐름을 보이고 있다.   사진은 이날 오전 서울 중구 하나은행 본점 딜링룸. 연합뉴스           가장 많이 매입한 종목은 삼성전자와 SK하이닉스다. 이 기간 동안 삼성전자는 1조499억원, SK하이닉스는 1695억원을 순매수했다.      외국인이 삼성전자를 순매수한 건 지난해 11월 이후 10개월 만이다. 지난해 12월부터 지난달까지 9개월 동안 외국인은 삼성전자 주식 22조원을 매도했다.        삼성전자는 올 초 개인들의 매수세에 힘입어 지난 1월 9만6800원까지 오르며 ‘십만전자’를 향해 달려갔지만 주가가7만원대로 꺾였다. 올 3분기 실적 추정치도 낙관적이고, 가격 조정도 이뤄졌다는 판단을 하는 것으로 보인다.        증권업계에 따르면 삼성전자의 3분기 매출은 사상 처음 70조원을 넘어설 것으로 예상된다. 영업이익 컨센서스도 전년 동기대비 7.87% 증가한 15조6800억원으로 집계됐다.        이 밖에 최근 2주간 외국인 순매수가 많은 종목에는 엘앤에프, SK바이오사이언스, 크래프톤, 기아, 포스코, LG화학, HMM, SK이노베이션 등이 포함돼 있다.        3위에 오른 엘앤에프는 전기차 관련주로 양극재를 생산한다. 테슬라와 대규모 계약을 체결할 것이라는 기대 속에 주가가 강세를 보이고 있다."
    },
    {
        "title": "'헝다 쇼크' 약했던 코스피···다음주도 외국인 매수세 이어질까 [다음주 증시전망]",
        "date": "2021.09.25. 오전 9:19",
        "content": "이번주 코스피 -0.48% 소폭 하락에 그쳐글로벌 '헝다 쇼크'에도 외인 증시 이탈 없어다음 주도 헝다발 유동성 불안은 이어질 전망\"시스템 리스크 확산 없겠지만 신중할 필요 있어\"미국 물가지수, 글로벌 금리 인상 등도 불안 요소코스피 상승 추세 전환까지는 시간 걸릴 듯\n\n\n\n23일 코스피는 전 거래일보다 12.93포인트(0.41%) 내린 3,127.58에 거래를 마쳤다. 코스닥지수는 전장보다 9.86포인트(0.94%) 내린 1,036.26으로 마감했다. 서울 외환시장에서 원/달러 환율은 전거래일 종가보다 0.5원 오른 달러당 1,175.5원에 거래를 마쳤다. /연합뉴스[서울경제] 이번 주 글로벌 증시는 중국 헝다그룹발 디폴트(채무불이행) 리스크와 9월 미국의 연방공개시장위원회(FOMC) 이슈 등으로 크게 휘청였지만 코스피·코스닥 등 국내 양대 증시는 전주 대비 소폭 내린 약보합세로 거래를 마쳤다. 외국인 투자자들이 연휴 이후로도 한국 증시를 이탈하지 않고 매수세를 이어간 덕분이다. 추석 연휴로 사흘 간 휴장을 했던 것이 전화위복이 됐다는 평가도 나온다. 이번 주에도 헝다그룹의 달러 채권 이자 만기 도래가 예정돼 있는 등 증시가 다시 불안해질 요소들이 적지 않다는 점에서 국내 증시는 박스권 장세를 이어갈 것이라는 관측이다. 25일 한국거래소에 따르면 이번 주 코스피는 전주 대비 15.27포인트(0.48%) 내린 3,125.35로 마감됐다. 2거래일 연속 하락 마감했지만 하락 폭은 크지 않았다. 코스닥 역시 전주 대비 9.09포인트 내린 1,037.03으로 거래를 마쳐 하락 폭이 0.87%에 그쳤다. 이 기간 코스피에서는 개인과 외국인이 각각 1,860억, 외국인이 7,422억 원어치를 사들였고 기관은 9,199억원을 팔았다. 코스닥에서는 개인이 3,630억원을 홀로 순매수했고 외국인과 기관이 1,021억, 2,122억 원어치를 팔았다. \n\n\n\n24일 오전 서울 중구 하나은행 본점 딜링룸에서 한 직원이 중국 헝다그룹 사태와 관련한 기사를 살펴보고 있다. /연합뉴스한국 증시는 이번 주 추석 연휴에 돌입해 사흘 간 휴장했다. 그 기간 중국 2위 부동산개발업체인 헝다그룹이 위안화 채권 만기 이자를 치르지 못해 파산할 수 있다는 불안감이 증폭되며 미국 나스닥이 하루에만 2.19% 빠지는 등 글로벌 증시 전반이 크게 출렁였다. 다행히 ‘헝다 리스크’는 중국 국책은행이 주채권자이며 파생상품 연결이 없고 중국 내 투자가 대부분이라는 점에서 과거 ‘리먼 사태’처럼 글로벌 금융위기로 번질 가능성은 낮다는 관측이 나오며 불안은 빠르게 진정됐다. 사흘 간의 휴장 끝에 다시 문을 연 국내 증시 역시 예상과 달리 큰 타격은 없었다. 이후 중국 정부가 유동성 공급을 확대하고 헝다가 23일 도래한 위안화 만기 채권 이자를 지급했다는 소식이 전해지며 국내는 물론 글로벌 증시 역시 제자리를 찾아가는 모습이다.다만 전문가들은 ‘헝다 리스크’가 아직 끝나지 않은 만큼 이번 주에도 증시의 움직임을 주의 깊게 관찰할 필요가 있다고 조언하고 있다. 문남중 대신증권 연구원은 “헝다그룹은 출산률 저하와 청소년 지도, 주거 안정 등을 명분으로 내세운 중국 공산당의 표적이 된 만큼 청산 또는 구조조정이 불가피하다”며 “29일 달러 채권 이자 4,750만 달러를 지급해야 하는 상황에서 디폴트 리스크는 다시 확대될 여지가 있다”고 말했다. 그는 이어 “중국 정부는 전체 금융시스템 위험을 방어하는 정도로만 대응책을 제한할 가능성이 크며 9월 말까지 증시의 보릿고개는 지속할 것”이라고 덧붙였다. ‘헝다 리스크’뿐 아니라 테이퍼링(자산매입축소), 기준금리 인상 등 글로벌 유동성 긴축 움직임과 기업들의 실적 반등 둔화 등의 요소도 증시의 불안 요소로 거론된다. 대다수 전문가들은 여러 불안 요소가 완전히 해소되지 않은 만큼 상승 반전보다는 박스권 장세를 예측하고 있다. NH투자증권은 코스피 밴드를 3,080~3,180으로 제시했다.\n\n\n\n미국 워싱턴DC에 위치한 연방준비제도 청사 전경/연합뉴스특히 3분기가 마무리되어가는 시점에서 코스피 기업들의 이익이 정점(피크아웃)을 통과하고 있다는 점이 불안 요소로 거론된다. 실제 올해와 내년 코스피 영업이익 전망치는 최근 상향을 멈추고 횡보세로 전환되는 등 기업이익 전망 호조세에 제동이 걸리는 모습이다. 김영환 NH투자증권 연구원은 “코스피 12개월 선행 EPS는 8월말~9월초에 정점을 통과했다”며 “지난해부터 이어진 코스피 상승 동력이 실적 전망의 가파른 상승이었다는 점에서 주가에 대한 우려가 불거질 법한 상황”이라고 설명했다. 그는 다만 “과거 경험상 실적 전망 하향보다 밸류에이션 조정이 먼저 나타났으며 이번에도 마찬가지였다”며 “코스피 12개월 선행 PER는 상반기 대비 낮아졌고 최근 경기 회복 강도에 대한 투자자들의 눈높이가 낮아지고 있다는 점은 오히려 증시의 호재가 될 수도 있을 것”이라고 말했다. 9월 FOMC 이후 글로벌 금리 인상 시점과 횟수 등에 대한 관심도 높아지고 있는데 이번 주 발표될 미국의 8월 PCE 물가 지수도 증시의 변수가 될 수 있다. PCE 지수는 가계와 민간 비영리단체의 재화 및 서비스 지출의 합을 지수화한 것으로 인플레이션의 척도로 여겨진다. 박석현 KTB투자증권 연구원은 “이번 FOMC 성명서에서는 물가 전망이 큰 폭으로 상향됐는데 앞으로 고용지표만 안정적으로 발표된다면 연준의 첫 금리인상 시기는 내년 3분기로 앞당겨질 확률이 높아졌다”며 “다만 8월 PCE 물가 상승률이 둔화된다면 증시의 반등 시도를 이끄는 요인이 될 수도 있다”고 설명했다. 더불어 외국인 투자가가 달러 강세와 글로벌 증시 불안이 이어지는 가운데 코스피를 계속 사들이고 있는 것은 증시의 호재로 여겨진다. 외국인 투자가들은 지난 13일부터 전날인 24일까지 7거래일 연속 1조 5,000억 원 규모의 코스피를 사들였다. 박 연구원은 “국내 주식시장 외국인 수급 개선이 단발적 흐름에 그치지 않고 지속성을 갖기 위해서는 기업이익의 호조세가 유지될 수 있어야 하는데 아직까지는 충분치 않다는 점에서 이에 대한 확인이 필요할 것”이라고 조언했다."
    },
    {
        "title": "\"카카오는 봉이 김선달\" 존리가 알려주는 좋은 주식 고르는 5가지 원칙",
        "date": "2021.09.25. 오전 6:03",
        "content": "[인터뷰]존리 메리츠자산운용 대표#주말용 콘텐츠 '머니콕'은 매주 엄선한 투자 전문가와의 심층 인터뷰를 통해 믿을 만한 재테크 정보를 전달합니다. #유튜브에서 '매일경제 에브리데이'를 검색하시면 영상(무료)으로 먼저 만나볼 수 있습니다.[머니콕-51] 최근 지루한 장세 속에 마음가짐이 흔들리는 투자자들을 위해 매일경제가 '동학개미운동의 선봉장' 존 리 메리츠자산운용 대표를 만났습니다. 투자 구루가 얘기하는 주식 투자를 할 때 반드시 알아야 할 투자 철학과 원칙, 종목 선택과 매매 방법 등을 총 4회에 걸쳐 독자 여러분께 전해드릴 예정입니다. 오늘은 그 마지막 이야기입니다.존 리 대표는 좋은 주식을 고를 때 5가지 기준에 부합하는지 따져봐야 한다고 설명했습니다. 5가지 원칙 가운데서도 그가 특히 강조하는 대목은 투자하려는 회사가 속한 산업이 경쟁자가 나오기 쉬운 구조는 아닌지, 현재 수행 중인 사업 외에 얼마나 확장 가능성이 있는지를 따져봐야 한다는 것입니다. 그는 이러한 관점에서 카카오는 가만히 있어도 사람들이 모여들고 경쟁자도 나오기 힘들다면서 \"봉이 김선달과 같다\"고 평가했습니다.그는 면밀하게 분석해 투자한 주식이라면 가격이 조금 오르거나 내렸다고 섣불리 매도해서는 안 된다고 지적했습니다. 자녀에게 막대한 사교육비를 쓰는 대신 그 돈으로 주식에 투자하도록 하고, 매수한 주식은 수시로 사고팔지 말고 오래 가져가는 것이 자녀의 미래와 자신의 노후를 함께 준비할 수 있는 지름길이라고 그는 재차 강조했습니다. 다음은 인터뷰 전문.\n\n\n\n \"20년 전 넷플릭스에 1만원씩 투자했다면 지금 2억원\"Q1. 갖고 싶은 기업이 있을 때 반드시 따져봐야 할 것들A. 주식에 투자한다는 것은 기업의 일부를 사는 겁니다. 우리가 어떤 기업을 사려고 할 때 그 기업이 돈을 잘 벌 것 같으니까 사는 것이죠. 우리가 잘 버는 기업을 어떻게 알아볼까요. 그렇게 어렵지 않습니다. 경쟁자가 나오기 힘든 구조, 회사 경영진이 똑똑하거나, 구조적으로 그 회사가 속한 산업이 돈을 벌 수밖에 없을 때입니다.제가 많이 예를 드는 것이 우리가 한강 다리를 건널 때 내가 그 다리 주인이라면 얼마나 좋을까입니다. 사람들은 다리를 건널 수밖에 없는데, 나는 돈을 받으니까요. 내가 할 것은 가끔 페인트 칠해주고 안전한지 확인하는 것이죠. 시간이 지나면 통행료를 높일 수도 있겠죠.저는 주식도 그렇게 봐야 한다고 봅니다. 내가 어떤 주식을 갖고 있으면 그 이유가 있어야 합니다. 남이 와서 장사를 대신해주는 기업이죠. 카카오가 좋은 예입니다. 어떻게 보면 봉이 김선달과 같습니다. 아무것도 없는데 사람들을 오게 해서 물건을 팔고 장터를 만든 것이죠. 카카오를 사라는 얘기는 아닙니다. 처음에는 사람들이 이런 것을 모르는 것이죠.미국 아마존도, 구글도 마찬가지죠. 전부 생태계를 만든 기업이며, 경쟁자가 나오기 힘듭니다. 제가 전에 SK텔레콤을 사서 돈을 많이 번 것은 정부 라이선스가 있어야 하는 산업이기 때문입니다. 경쟁자가 못 들어오죠. 그 회사 주식을 갖고 있으면 사람들이 매일 휴대전화를 사용할 때마다 그 돈의 일부가 저한테 들어온다는 것이니까 매우 흥분되는 일이죠.사람들은 보통 소비로 끝납니다. 미국에서는 아이들한테 코카콜라 주식이나 디즈니랜드 주식을 사라고 알려줍니다. 우리가 디즈니 영화를 보는데 디즈니 주식을 꾸준히 사면 그 회사 주인이 되는 것이죠. 세상을 보는 눈이 달라집니다.넷플릭스는 제가 미국에 있을 때 2002년쯤 상장됐습니다. 당시 한 달에 1만원 정도 내면 영화 DVD를 집으로 보내줬어요. 그걸 보고 우체통에 넣으면 가져가는 구조였죠. 당시 한 달에 1만원으로 꾸준히 넷플릭스 주식을 샀다면 현재 2억2000만원 정도 됩니다. 한 달에 10만원이었으면 지금은 22억원이겠죠. 100만원을 투자했다면 220억원일 것이고요.사교육을 끊고 그 돈으로 아이에게 주식이나 펀드를 사줘야 합니다. 부자가 되는 것이 멀리 있는 일이 아닙니다. 라이프스타일이고, 아이들을 박스에서 나오게 하는 것이 중요합니다. 아이가 공부를 못해도 걱정할 필요가 없습니다. 사교육비로 투자해서 부자가 될 것이니까요.어제 제가 어떤 분을 만났는데 월급이 400만원인데 그중 200만원을 사교육비로 쓴다고 하더라고요. 그래서 제가 어떻게 이렇게 바보 같은 짓을 하느냐고 했습니다. 부자가 되는 길을 멀리하고 자본가가 되려고 하지 않고, 노동자가 되는 것을 목표로 한 것이죠. 금융을 이해하지 못하니까 잘못된 판단을 한 것입니다.제가 지금 얘기하는 것이 어려운 논리가 아니잖아요. 자본주의의 기본 논리, 돈이 일하게 하라, 개인의 노동력만으로 절대 부자가 못 된다는 것이죠. 땅을 팔 때 기계로 파는 것과 삽으로 파는 것에는 엄청난 차이가 있죠. 기계로 파는 것을 이해하는 사람은 금융 문맹에서 벗어난 것이고, 직접 땅을 파려는 사람은 안타깝지만 금융 문맹에 머물러 있는 것입니다.Q2. 사례로 보는 투자 전략, 이런 기업에 투자하라!A. 몇 가지 살펴야 할 것이 있습니다. 제일 중요한 점은 경영진을 찾아봐야 하는 것입니다. 인터넷을 찾아보면 나옵니다. 회사가 주주를 위해 얼마나 노력하는지, 배당을 어떻게 하는지, 경영진이 신뢰할 만한지 찾아보는 게 중요합니다.그리고 회사가 속한 인더스트리(산업)가 경쟁자가 나오기 쉬운지, 어려운지. 그다음에 또 하나 살펴볼 것은 확장성입니다. 예를 들어 우리가 소매상을 갖고 있다면 부자가 되는 것에는 한계가 있죠. 왜냐하면 직접 일하고 장사를 해야 하니까요. 만약 내가 프랜차이즈를 한다고 하면 어떨까요. 가맹점 매출의 일정 부분을 나한테 줘야 하니까 좋은 비즈니스죠. 이런 생각을 해야 합니다. 확장성이 있는 회사일까, 매출이 머물러 있을까.예를 들어 당구장에 투자한다고 가정해 봅시다. 당구장에 투자했을 경우 당구장에 있는 당구대 숫자 이상의 매출은 나올 수 없죠. 그런 곳에 투자하는 것은 꺼려야 하죠. 플랫폼 비즈니스, 카카오는 가만히 있어도 사람이 몰리죠. 그런 데 투자하는 게 좋습니다. 경쟁자가 나오기 쉽냐, 어렵죠. 이미 모든 국민이 카카오를 쓰니까 경쟁자가 나오기 힘들죠.사람들은 거기에 투자를 못하는 게 그동안 너무 많이 올랐다고 단기적인 생각을 하기 때문입니다. 아마 아마존에 20년 전에 투자했다면 1000배가 올랐을 것입니다. 테슬라도 마찬가지죠. 미래 경쟁자가 나오기 쉽지 않은 기업들이죠.그런데 에어비앤비, 위워크 같은 회사는 카피(복제)가 쉬운 비즈니스입니다. 우버도 마찬가지로 똑같은 모델의 기업이 나오기가 쉽죠. 항공사도 카피하기 쉽죠. 비행기를 빌려서 조종사와 스튜어디스만 고용하면 되니까요. 그런 비즈니스를 저는 좋아하지 않습니다. 건설사도 마찬가지죠. 공사를 따야 하고 계속 경쟁이 있으니까요.게임 회사는 굉장히 좋습니다. 게임은 사람들이 와서 장사를 해주려고 난리 치니까요. 식당을 보더라도 어떤 식당은 손님들이 와서 난리를 치죠. 그런 비즈니스가 좋지, 내가 호객 행위를 해서 사람들을 끌어들이려는 비즈니스는 어렵습니다.브랜드 이름도 중요합니다. 코카콜라라는 브랜드를 누구나 알잖아요. 그런 비즈니스는 좋죠. 대체하기 힘드니까요. 맥도날드도 전 세계에 있고, 그 이름이 지닌 상징성이 있죠. 길거리를 가다 맥도날드가 보이면 들어가는 건 그 안에 있는 물건을 우리가 알고 있기 때문이죠. 모르는 식당이라면 맛이 있을까, 깨끗할까 하는 선입견이 있죠.\n\n\n\n \"주식을 너무 일찍 파는 게 문제다\"Q3. 절대 '마켓 타이밍'을 맞히려고 하지 마라A. 나는 투자를 20년 할 것인데 1년 오르는 게 왜 중요합니까. 100% 올랐다가 80% 됐다가 다시 150% 되는 것입니다. 그 타이밍은 맞힐 수 없어요. 많은 사람이 투자에 실패하는 이유는 너무 일찍 팔기 때문입니다.예를 들어 어떤 주식을 10만원을 주고 샀다가 팔아요. 주가가 8만원이 되면 '역시 나는 천재야'라고 생각하죠. 그런데 그게 얼마 지나니까 10만원이 20만원이 돼 있어요. 그럼 '괜히 팔았다'고 생각하죠. 타이밍을 맞히려고 하지 마세요. 이를 '풀리 인베스트'라고 합니다. 항상 투자돼 있으라는 얘기죠. 올라가도 투자하고 떨어져도 투자하면 걱정할 필요가 없습니다.Q4. 손절매를 하지 마라A. 내가 주식을 팔 때는 기본적으로 사지 말았어야 할 주식입니다. 손절매를 하는 이유는 한 가지입니다. 내가 이 회사를 잘 몰랐구나, 기술력이 굉장한 줄 알았는데 다른 회사가 더 좋구나 할 때 파는 겁니다.손절매는 가격을 보는 겁니다. 10만원 주고 샀는데 8만원이 됐으니까 팔아야 한다는 것은 주식을 도박으로 생각하는 사람입니다. 근본적으로 주식 투자를 이해하지 못하는 사람이 하는 행동이죠. 예를 들어 내가 회사를 봤는데 너무 좋다, 10배가 될 것 같다고 생각해서 주식을 삽니다. 그런데 10만원을 주고 샀는데 8만원이 되면 손절매를 하려고 하죠. 회사가 좋다면 더 사야 하지 않나요.카카오도 마찬가지입니다. 카카오를 10년 전 산 사람들이 그대로 갖고 있으면 돈을 벌었겠죠. 그런데 중간에 판 사람이 대부분일 것입니다. 그러니까 부자가 되지 못하는 것입니다. 굉장히 간단하죠. 주식은 모으는 것입니다. 샀다가 팔았다가 하는 것이 아니에요.Q5. 주식은 이럴 때만 파는 것이다A. 여러 가지 변화가 있을 때죠. 미처 이 회사에 단점이 있는 것을 몰랐다거나, 경영진이 이상한 짓을 한다거나, 너무 센 경쟁자가 나타났거나 등이죠. 자동차를 잘 만들었는데 갑자기 전기차가 나오기 시작하죠. 전기차가 무슨 의미인가. 그런데 유럽에서 2025년에는 모든 자동차를 전기차로 바꿔야 한다는 거예요. 그럼 어떻게 될까요. 엔진을 만드는 회사엔 투자하지 못합니다. 그런 경우가 세상이 변하는 것이죠. 카메라도 디지털카메라, 휴대전화 카메라가 나오니까 예전에 필름으로 만들던 회사는 다 망할 수밖에 없었죠.세상이 변하는 경우도 있지만 경제발전을 하면서 경쟁력 있던 기업이 경쟁력 없는 기업으로 바뀌는 사례도 많죠. 특히 노동집약적인 기업이 그렇습니다. 지금은 노동집약적인 기업은 모두 망했죠. 임금이 많이 올랐으니까요. 그건 어쩔 수 없는 것입니다. 30년 전엔 투자를 많이 했지만, 지금은 다른 기업에 투자하는 게 낫겠다고 생각해서 파는 것이죠.Q6. 마지막 한마디A. 마지막으로 하고 싶은 말은 투자는 어려운 것이 아닙니다. 주식 가격을 매일매일 보는 사람에게는 어렵습니다. 쓸데없는 짓을 하는 것이죠. 주식을 모으세요. 그리고 친구들, 자녀들과 주식 얘기를 하십시오. 사교육비는 반드시 끊으세요.#다음주 머니콕은 '증시각도기' 곽상준 신한금융투자 TFC강북센터 지점장과 함께 헝다그룹 위기 및 테이퍼링 개시 대응전략을 소개합니다. #아래 기자페이지 구독 버튼을 누르면 다음 연재 기사를 놓치지 않고 읽으실 수 있습니다."
    },
    {
        "title": "대박 약속했던 '통일 펀드' 청산위기···1년새 300억 이탈",
        "date": "2021.09.24. 오후 6:20",
        "content": "20여개 중 남은 4개 순자산 181억설정액 100억 이상은 '삼성통일'뿐겉도는 남북관계에 3년새 600억 썰물차별화 운용전략·정책모멘텀도 부재\n\n\n\n[서울경제] ‘통일은 대박’이라는 취지로 설립된 통일펀드가 청산 위기에 놓였다. 그동안 남북 관계가 공회전만 거듭하면서 통일펀드 역시 대규모의 자금이 이탈했기 때문이다. 그러나 정부가 대북 영양 및 보건 협력 사업을 추진하는 민간 단체들에 100억 원 한도에서 지원키로 한 데 이어 김여정 노동당 부부장이 종전선언에 대해 긍정적인 입장을 표명하는 등 남북 관계가 변곡점을 맞게 되면서 통일펀드에도 긍정적인 영향을 미칠지 관심이 집중되고 있다.24일 한국펀드평가에 따르면 국내 설정된 통일펀드 4개의 순자산 총액은 지난 23일 기준 181억 원으로 집계됐다. 통일펀드들은 연초 이후 198억 원의 자금이 유출됐으며 1년(300억 원), 3년(604억 원) 등 자금 이탈이 가속화되고 있다.통일펀드 중 설정액이 100억 원을 상회하는 것은 ‘삼성통일코리아[자]1(주식)A’가 유일했다. 삼성통일코리아 펀드는 이달 23일 기준 순자산 총액이 133억 원으로 연초 이후 69억 원의 자금이 빠져나갔다. ‘신영마라톤통일코리아[자](주식)A’는 순자산 총액이 45억 원이었고, ‘신영마라톤통일코리아플러스[자](주식)S형’과 ‘브이아이코리아통일르네상스[자](주식)A’는 각각 2억 원, 1억 원에 불과했다.2014년 박근혜 전 대통령이 독일 드레스덴에서 “통일은 대박”이라고 말한 뒤 20여 개의 통일펀드가 출시됐다. 통일펀드는 ‘통일’이라는 테마 전략을 갖고 남북 경협주를 편입하는 방식으로 운용됐으나 특정 산업군이나 종목을 한정 지을 수 없고 세제 혜택도 없다 보니 사실상 운용 전략이 퇴색됐다는 지적을 받았다. 정권이 바뀌고 남북 관계가 급진전되는 듯했으나 다시 원점으로 돌아오는 등 이렇다 할 이슈가 없자 투자자들의 관심이 사그라들었다. 대부분의 통일펀드는 자금 이탈로 청산됐고, 현재 4개 펀드가 운용되고 있으나 이마저도 자금 이탈이 이어져 사라질 위기에 처했다.통일펀드는 다른 펀드에 비해 차별화된 투자 전략이 없다는 점이 문제점으로 거론됐다. 삼성통일코리아 펀드의 경우 코리아 디스카운트 해소, 남북 경제협력 확대에 따른 수혜가 예상되는 종목에 투자한다는 전략을 취했다. 그러나 펀드 편입 종목을 살펴보면 삼성전자(19.41%)·카카오(4.28%)·SK하이닉스(4.07%)·현대차(3.68%) 등 대장주들을 대거 편입하고 있어 코스피 200을 추종하는 다른 펀드들과 크게 다르지 않다. 신영마라톤통일코리아 펀드 역시 남북한 통일로 인해 수혜를 입을 수 있는 인프라 투자 관련 주, 식료품·의료 관련 주 등에 투자한다는 취지지만 실제 편입 종목은 삼성전자(19.95%)·현대차(5.00%)·SK하이닉스(3.67%)·삼성물산(3.27%)·기아(2.05%) 등으로 집계됐다.자산운용 업계 관계자들은 통일펀드의 실패가 정책 펀드의 모멘텀 한계라는 의견을 내놓았다. 정책 의지가 임기 초기 끝나다 보니 펀드에 자금이 유입될 모멘텀이 지속되지 못했다는 설명이다. 또 자산운용사들의 펀드 출시 전략이 한때 유행을 타고 일관성이 없다는 점도 문제점으로 지적됐다. 자산운용사 관계자는 “통일펀드는 북핵 리스크, 정치적 이슈 등에 영향을 많이 받았고 이에 따라 사실상 시장에서 사라질 위기”라며 “관제펀드는 특별한 운용 전략을 갖고 출시된 만큼 차별화된 스타일을 가져가야 할 것”이라고 말했다."
    },
    {
        "title": "[시그널] 와이팜, 4000억 규모 ‘테스나’ 경영권 인수",
        "date": "2021.09.24. 오후 6:19",
        "content": "PEF 운용사 에이스에쿼티파트너스와 거래삼성전자와 비메모리 반도체 분야 협력 강화 목적\n\n\n\n[서울경제] 와이팜이 비메모리 반도체 테스트·엔지니어링 서비스 전문업체 테스나의 경영권을 인수한다. 24일 금융감독원 전자공시시스템에 따르면 와이팜은 약 2,798억 원을 투자해 와이팜 지분 34.37%(522만 9,964주)를 확보, 최대주주에 오를 예정이라고 공시했다.거래 상대방은 기존 테스나 최대주주인 에이아이트리 유한회사다. 에이아이트리는 사모펀드(PEF) 운용사 에이스에쿼티파트너스가 테스나 투자를 위해 설립한 특수목적법인(SPC)이다.총 거래 금액은 4000억원에 달할 전망이다. 와이팜은 지분 인수 외에도 에이아이트리가 보유한 신주인수권부사채 1,202억 원 어치도 인수한다. 와이팜이 해당 신주인수권부사채를 행사할 경우 추가로 와이팜 보통주 224만 6,989주를 확보, 지분율은 47.5%에 달할 전망이다. 해당 지분율은 이번 거래 이전에 와이팜이 보유하고 있던 테스나 주식 64만 주가 포함된 수치다.와이팜은 이날 계약금으로 에이아이트리에 40억 원을 납입했다. 나머지 3,960억 원은 오는 11월 30일 지급할 예정이다.와이팜은 공시를 통해 \"테스나는 비메모리 반도체에서 무선주파수(RF) 반도체 설계 분야와 테스트 분야에서 국내1위 기업\"이라며 \"상호 보유한 기술을 바탕으로 기술융합을 통해 커버리지를 확대하고 양사의 주요 고객사인 삼성전자의 비메모리 반도체 사업확대에 따른 설계 및 테스트 분야 협력사로서 역할을 강화해 동반성장의 기반을 확보하고자 한다\"고 설명했다."
    },
    {
        "title": "[표]유가증권 코스닥 투자주체별 매매동향(9월 24일-최종치)",
        "date": "2021.09.24. 오후 6:17",
        "content": "[서울경제]"
    },
    {
        "title": "[ETF줌인] 주택공급 확대 전망에···'TIGER200건설' 1년 수익률 80%",
        "date": "2021.09.24. 오후 6:14",
        "content": "포스코케미칼 등 굵직한 건설사 투자\n\n\n\n[서울경제] ‘TIGER200건설 상장지수펀드(ETF)’는 국내 투자자들의 선호도가 높은 건설 종목에 분산 투자한다. 내년 대선을 앞두고 유력 대선 주자들이 주택 공급 확대 정책을 잇따라 내놓으며 주택 공급이 늘 것이라는 기대감에 수익률도 고공 행진을 보이고 있다.지난 2011년 4월 미래에셋자산운용이 ‘TIGER200’ 시리즈의 하나로 출시한 이 상품은 원하는 섹터에 집중 투자할 수 있다. 글로벌섹터분류기준(GICS) 체계를 적용해 산출한 코스피200 섹터 분류 ‘건설’에 속하는 종목들에 분산 투자를 할 수 있으며 단일 종목은 최대 25%까지 담을 수 있다.종목 편입 비중은 포스코케미칼(17.67%), 현대건설(17.27%), 삼성엔지니어링(17.1%), GS건설(11.97%), DL이앤씨(8.65%), 대우건설(5.81%), HDC현대산업개발(4.75%), 쌍용C&E(3.65%), DL(3.44%), 아이에스동서(2.93%), 한전기술(2.66%), LX하우시스(1.98%), LX홀딩스(1.71%)이다. 정기 변경은 6월 두 번째 목요일 다음 거래일에 진행된다.그동안 건설지수들은 여러 변수가 불거진 데다 정부의 부동산 규제가 이어지며 부진을 면치 못했다. 7월 초부터 8월 말까지 KRX건설지수는 2.58% 하락했고 TIGER200건설ETF만 하더라도 7월 중순에서 한 달 사이 10% 이상 가격이 빠지기도 했다. 그러나 지난달 정부가 의왕·화성 3기 신도시를 포함해 전국 14만 가구 규모의 공공택지 물량을 추가로 공급하겠다고 밝히면서 분위기는 전환됐다. 여기에 유력 대선 주자인 윤석열 전 검찰총장이 ‘청년원가주택’ 공급 계획을 내놓았고 홍준표 의원은 공영재개발 방식과 토지임대부분양제도 등을 활용해 서울 강북 지역 4분의 1 가격으로 공급하는 쿼터 아파트 정책을 제시했다. 이재명 경기지사는 임기 내 250만 가구 공급을, 이낙연 전 의원은 서울공항 이전을 통해 서울에 3만 가구 이상의 신도시 개발을 공약으로 내놓는 등 다음 정권에서 부동산 정책의 핵심은 공급 물량 확대가 될 것이라는 기대감에 ETF 수익률 상승이 이어졌다.지난 23일 기준 TIGER200건설의 1개월 수익률은 13.58%였다. 6개월 수익률은 21.7%, 1년 수익률은 79.68%에 달했다. 이 상품은 한 달 새 56억 원, 연초 이후 817억 원의 자금이 들어와 설정액이 2,273억 원까지 늘어났다. 백광제 교보증권 연구원은 “정치권에서도 여당과 야당 모두 공급 확대 정책을 앞다퉈 공약으로 내세우고 있고 공급 확대 기조 역시 유지되면서 건설사 실적에 긍정적인 영향을 미칠 것”이라고 전망했다. 이 상품의 보수는 연 0.4% 수준이다."
    },
    {
        "title": "中헝다 충격 방어주로 떠오르는 바이오",
        "date": "2021.09.24. 오후 5:40",
        "content": "올해 맥 못췄던 바이오업종연휴 이후 상승기대감 확산韓美 백신협력·진단키트 수출헝다 파산 위험 연관성 적어씨젠·셀트리온 상승세 주목\n\n\n\n 최근 주가 박스권 흐름에 바이오 업종에 주목할 필요가 있다는 의견이 나오고 있다.저평가 매력에 정부 정책 효과가 기대되는 데다 최근 불거진 중국 헝다그룹 부도 위험에서도 상대적으로 자유롭다는 분석이다.올해 들어 제약·바이오주는 일부 코로나19 백신 위탁생산(CMO)주를 제외하고 대부분 부진을 면치 못하고 있다. 삼성바이오로직스와 SK바이오사이언스는 올해 들어 24일 기준 각각 11.62%, 111.15% 올랐다. 반면 셀트리온(-23.54%), 녹십자(-15.15%), 씨젠(-31.75%) 등은 하락세를 면치 못하고 있다. 지난해 셀트리온, 녹십자, 씨젠은 각각 102%, 206%, 530% 상승했는데 올해 들어서는 주가 흐름이 다른 양상이다.제약·바이오 업종을 주목해야 한다는 의견이 나오는 이유는 크게 두 가지 측면에서다. 주가가 이미 상당 부분 하락해 추가로 떨어질 가능성이 적은 반면 정부 정책에 힘입어 상승할 것으로 기대된다는 설명이다. 하인환 KB증권 연구원은 \"헝다그룹 관련 불확실성으로 인해 투자심리가 위축된 가운데, 주가가 이미 바닥 국면에 근접한 바이오 업종은 하방 리스크가 제한될 가능성이 높다고 판단한다\"며 \"올 8월 초 'K-글로벌 백신 허브화 비전 및 전략'이 바이오 업종의 턴어라운드 계기였다면 최근 유엔 총회에서 문재인 대통령이 (코로나19) 백신을 강조한 것은 바이오 강세가 가속화되는 계기가 될 것\"이라고 평가했다.KB증권에 따르면 제약·바이오주가 속한 헬스케어 업종은 코스피의 26개 주요 업종 중 현재 코스피 대비 상대수익률이 가장 낮아 주가 소외현상이 가장 심한 업종으로 꼽힌다. 현재 -40% 수준인 코스피 대비 상대수익률은 과거와 비교해도 가장 낮은 수준에 머물러 있다.추석 연휴를 전후해 들려오는 소식도 바이오주 주가에 호재로 작용하고 있다. 문 대통령이 유엔 총회 참석차 미국을 방문한 지난 21일(현지시간) '한미 백신협약 체결식'에서 미국의 백신 원·부자재 생산기업 싸이티바는 한국에 2022~2024년 5250만달러를 투자하겠다고 밝혔다. 아울러 한미 양국 백신 기업 간, 연구기관 간 협력 양해각서(MOU)가 총 8건 체결됐다. 이어 지난 23일에는 셀트리온이 국내 진단업체 휴마시스와 함께 공동 개발한 코로나19 항원 신속진단키트 약 7400억원어치를 미국 국방부에 공급한다는 소식이 전해졌다. 연휴 직후 증시에서는 이런 호재가 주가에 바로 반영되며 관련 기업들이 크게 올랐다. 지난 23일 셀트리온과 휴마시스는 각각 3%, 26% 상승했다. 한미 백신 파트너십에 참여한 팜젠사이언스는 당일 가격제한폭까지 상승했고, 엑세스바이오는 18% 올랐다. 노바백스의 백신을 위탁생산하는 SK바이오사이언스는 24일 5.98% 상승했다. 즉 기존의 바이오주 상승이 일부 코로나19 백신 CMO주에 머물렀다면 정부의 정책적 지원 속에 코로나19 치료제, 진단키트 등 바이오주 전반으로 확대되는 셈이다.이외에도 헝다그룹발 여진이 끝나지 않은 가운데 중국 부동산 섹터와 상대적으로 관련성이 적은 업종을 주목할 필요가 있다는 의견도 나온다. 이재만 하나금융투자 연구위원은 \"중국 부동산 섹터 주가 하락 시 국내 기계, 조선, 건설과 같은 산업재 섹터의 주가 하락률이 상대적으로 큰 편이다\"며 \"2차전지, 제약·바이오, 인터넷·게임 업종이 방어주 역할을 해 줄 것으로 판단된다\"고 조언했다.이동건 신한금융투자 책임연구원은 셀트리온에 대해 \"셀트리온의 바이오시밀러(바이오의약품 복제약) 트룩시마의 지난 8월 미국 시장점유율이 24%를 기록하며 견조한 수준을 유지했다\"며 \"3분기 실적 반등을 기대할 필요가 있다\"고 말했다. 하 연구원은 \"향후 코로나19 치료제가 개발된다면 치료제 위탁생산으로도 그 범주가 확대될 가능성이 있다\"며 \"바이오 대형주들에 대한 관심을 지속할 필요가 있다\"고 조언했다."
    },
    {
        "title": "[표] 주간 수익률 베스트&워스트",
        "date": "2021.09.24. 오후 5:40",
        "content": ""
    },
    {
        "title": "[표] 주요 증시 지표 (9월 24일)",
        "date": "2021.09.24. 오후 5:39",
        "content": ""
    },
    {
        "title": "카카오페이, 금소법 타격에 상장 미뤘다…11월 3일 목표(종합)",
        "date": "2021.09.24. 오후 5:32",
        "content": "10월 20일~21일 기관투자자 대상 수요예측…25일~26일 일반 청약\n\n\n\n카카오페이[서울IR 제공]    (서울=연합뉴스) 채새롬 기자 = 금융당국의 플랫폼 규제 직격탄을 맞은 카카오페이가 위반 소지가 있는 서비스를 개편하고 상장을 한 달 연기하기로 했다.     카카오페이는 24일 증권신고서를 자진 정정하고 11월 3일 상장을 목표로 공모 일정을 재개한다고 밝혔다.    카카오페이 코스피 상장은 애초 10월 14일로 예정돼 있었으나, 25일 금융소비자보호법(금소법) 전면 시행에 따라 일부 상품의 판매가 중단되면서 상장을 연기하게 됐다.    카카오페이 측은 \"금소법 관련 당국의 지도 사항을 반영하기 위해 펀드 및 보험 서비스 개편 작업을 시행했으며, 이에 대한 내용을 증권신고서의 투자위험요소에 상세하게 기술해 제출했다\"고 설명했다.    금융당국은 금소법 시행에 앞서 등록 요건을 갖추지 않은 채 금융상품 관련 서비스를 제공해온 온라인 금융플랫폼에 서비스를 중단하고 개편할 것을 요구해왔다.     카카오페이는 이달 중순 운전자보험, 반려동물보험 등 상품판매를 중단하고, 자동차보험료 비교·가입 서비스도 종료했다. 펀드 투자는 앱 사용자 인터페이스(UI) 개편을 통해 카카오페이증권을 통해 이뤄진다는 점을 명확히 했다.    이에 따라 카카오페이 상장 일정은 약 3주 정도 순연된다.     10월 20~21일 기관투자자 대상 수요예측을 거쳐 최종 공모가를 확정하고, 10월 25일~26일 일반 청약을 받은 뒤 11월 3일 상장할 예정이다. 총 공모주식수와 공모가는 그대로 유지된다.     카카오페이 측은 정정 증권신고서에서 \"중단된 서비스가 매출액에 차지하는 비중은 2019~2021년 반기 기준 각 1% 내외 수준으로 매출 성장률에 미치는 영향은 제한적\"이라며 \"향후 금융서비스를 확장하는 과정에서 금융 당국과 긴밀하게 사전 협의해 필요한 라이선스를 취득할 예정\"이라고 밝혔다.    카카오페이는 23일 '소비자 중심 경영' 선포식을 개최하는 등 분위기 쇄신에 나섰다. 금소법 시행에 맞춰 서비스를 개편했음을 알리고 상장에 앞서 내부 전열을 가다듬으려는 시도다.    류영준 카카오페이 대표이사는 행사에서 \"최근 금융 소비자 정책에 맞춰 투자와 보험 서비스 등을 전반적으로 검토하고 개편했다\"며 \"금융소비자 보호와 진정한 생활 속 혁신 금융을 위해 핀테크 선도 기업으로서 책임감을 느끼고 앞으로도 소비자 권익 보호에 앞장서겠다\"고 말했다.    srchae@yna.co.kr"
    },
    {
        "title": "[표]코스피200지수 옵션 시세(9월 24일)",
        "date": "2021.09.24. 오후 5:19",
        "content": "[서울경제]"
    },
    {
        "title": "[시그널] 아스플로, 수요예측 경쟁률 2,142.7대 1 기록···공모가 2만 5000원",
        "date": "2021.09.24. 오후 5:18",
        "content": "희망밴드 상단 초과해 공모가 결정수요예측 사상 최고 경쟁률 기록오는 10월 7일 코스닥 상장\n\n\n\n[서울경제] 반도체 공정가스 공급 및 제어용 부품 전문기업 ‘아스플로’가 사상 최고의 수요예측 경쟁률을 기록하면서 희망밴드 상단을 초과한 공모가를 확정했다.아스플로는 지난 16~17일 진행된 수요예측 결과, 희망밴드(1만 9000원~2만 2000원) 상단을 초과한 2만 5000원에 공모가를 확정했다고 24일 공시했다. 모집 총액은 157.5억 원, 상장 후 시가총액은 1,111억 원 규모로 전망된다.기관 대상으로 진행된 이번 수요예측은 경쟁률 2,142.7대 1을 기록, 사상 최고치로 집계됐다. 전체 공모물량의 55.0%인 34만 6,500주 모집에 1,637개 국내외 기관이 참여, 총 7조 4,246만 2,000주를 신청했으며 참여건수 중 가격미제시 7.6%를 포함한 93.7%가 밴드 상단 초과 가격을 제시했다.상장을 주관한 미래에셋증권 관계자는 “아스플로가 현재는 반도체 시공 부품을 주로 공급하고 있으나 향후 반도체 장비부품 공급, 부품 모듈사업 본격화, 바이오 의약품 생산공정 및 수소산업 진출 등 다양한 비즈니스 확장성을 높이 평가받은 것으로 보인다”고 말했다.아스플로는 2001년에 설립돼 반도체 공정가스 부품을 국내 최초 국산화에 성공하며 성장해온 기업이다. 가스공정과 관련된 모든 부품을 생산할 수 있는 독보적인 라인업을 보유하고 있으며 우수한 제품을 기반으로 글로벌 반도체 기업 삼성전자, SK하이닉스의 1차 벤더로 15년 이상 장기 파트너십을 유지하고 있다.강두홍 아스플로 대표는 “국내 최초 반도체 소재부품 국산화를 시작으로 지금까지 축적해온 경쟁력을 인정받아 기쁘다”며 “노력을 거듭해 해외를 비롯한 다양한 시장에서도 인정받는 아스플로의 모습을 보여드리겠다”고 말했다.한편, 아스플로는 오는 9월 27일~28일 청약을 거쳐 10월 7일 코스닥 시장에 입성할 예정이다."
    },
    {
        "title": "[표]코스피200지수 ·국채·달러 선물 시세(9월 24일)",
        "date": "2021.09.24. 오후 5:16",
        "content": "[서울경제]"
    },
    {
        "title": "[표]코스피 기관/외국인 매매동향(9/24 3시30분)",
        "date": "2021.09.24. 오후 4:58",
        "content": "[이데일리 증권시장부]"
    },
    {
        "title": "[표]코스닥 기관/외국인 매매동향(9/24 3시30분)",
        "date": "2021.09.24. 오후 4:58",
        "content": "[이데일리 증권시장부]"
    }
]