[
    {
        "title": "“따뜻한 날씨에 내 마음 타들어가네” 화석연료 사용 줄자 ‘이 상품’ 뚝 뚝 뚝",
        "date": "2024.02.25. 오후 10:34",
        "content": "역대급 온난한 겨울 날씨에관련 ETF 올들어 33% 급락\n\n\n\n 사진은 기사 내용과 관련 없음. [사진 제공=연합뉴스]겨울철 온화한 날씨와 신재생에너지 전환에 따른 화석연료 사용 감소에 탄소배출권 수요가 감소하면서 관련 상장지수펀드(ETF) 주가도 급락세다.25일 한국거래소에 따르면 KODEX 유럽탄소배출권선물ICE(H), SOL 유럽탄소배출권선물S&P(H) 상장지수펀드(ETF) 주가는 올 들어 각각 32.88%, 33.73% 급락했다. 거듭된 주가 하락으로 두 상품은 52주 신저가도 연속 경신하고 있다. 대표적인 글로벌 탄소배출권 가격 지수인 ‘IHS 글로벌 탄소 인덱스’는 지난 2022년 기록한 고점에서 올해 초까지 15% 하락했다.반면 탄소배출권 가격 하락에 베팅하는 인버스 상품의 수익률은 신고가다. SOL 유럽탄소배출권선물인벗ICE(H) ETF는 올해 들어 주가가 46.57% 급등했다.탄소배출권 가격 하락의 원인으론 우선 온화한 날씨가 거론된다. 원래 겨울철엔 난방 수요가 늘어 화석연료 사용이 증가하면서 탄소배출권 가격이 오르는 모습을 보이는 게 일반적이다.다만 올해 역대급 온화한 겨울철 기온을 보이면서 천연가스 재고가 급증했고, 탄소배출권 가격 하락을 이끌었다. 작년 말 기준 유럽 천연가스 재고는 약 985테라와트시(Twh)로 직전 5개년 평균 대비 19% 증가했다.또 전 세계적으로 기업 경영, 정책 환경에서 환경·책임·투명경영(ESG) 기조가 중요해지면서 신재생에너지 전환이 진행되고 있다는 점도 탄소배출권 가격에 부정적 영향을 미쳤다.일반적으로 산업 생산이 늘면 온실가스 배출이 늘어 탄소배출권 수요가 증가한다. 문제는 탄소배출권 시장 규모가 가장 큰 유럽의 현재 경제 상황이 좋지 않아 산업 생산이 감소하고 있다는 점이다. 지난해 말 국제연합(UN) 기후변화협약 당사국총회(COP28)에선 화석연료의 단계적 퇴출 합의 무산이 탄소배출권 투심 위축으로 이어지기도 했다.증권가에선 최근의 탄소배출권 가격 하락은 일시적이란 전망이 많다. 탄소중립 시대가 찾아오면서, 기업들이 탄소배출에 대한 소위 ‘이용권’ 지불이 늘어나고, 이는 탄소배출권 가격 상승 추세로 전환될 것이란 지적이다.현재 유럽의 탄소배출량 벌금액은 1t 기준 100유로 수준에 불과하지만, 향후 ESG 기조 강화에 따라 증액이 불가피하다. ‘탄소국경세’ 도입의 신호탄인 탄소국경조정제도(CBAM)가 시작되는 2026년부터는 산업 부문 무상 할당이 단계적으로 폐지돼 탄소배출권 수요를 끌어올릴 것으로 기대된다.최근 유럽연합(EU)의 탄소배출권 거래제도(EU-ETS)엔 탄소배출량이 많은 해운 산업이 신규로 편입되기도 했다."
    },
    {
        "title": "밸류업 기대에 가치주 강세 AI주는 'MWC  훈풍' 기대[주간 증시 전망]",
        "date": "2024.02.25. 오후 6:40",
        "content": "'기업 밸류업 프로그램'에 대한 기대감으로 상승장을 이어온 코스피지수가 이번주에도 모멘텀을 유지할 수 있을 지가 관전 포인트다. 26일부터 29일까지(현지시간) 스페인에서 열리는 국제모바일기술박람회 '모바일월드콩그레스(MWC) 2024'는 인공지능(AI) 테마 투자심리에 영향을 줄 것으로 관측된다.   25일 한국거래소에 따르면 코스피지수는 지난 1월 마지막주 이후 5주 연속 상승세를 이어갔다. 지난 23일 2660대에서 강보합으로 마감한 코스피지수는 주주환원이 기대되는 금융주 등 주가순자산비율(PBR)이 낮은 종목들이 강세를 보였다.   NH투자증권은 \"밸류업 프로그램 세부 사항 발표를 앞두고 이에 대한 기대감으로 주가 상승세가 지속됐다\"면서 \"정부가 올해부터 공공기관 경영평가 세부 평가기준에 '상장 공기업의 주주가치 제고' 항목을 포함할 것이란 소식에 대해서도 시장의 기대감이 강하다\"고 설명했다. 섹터별로는 가치주 우위가 이어질 전망이다. 신한투자증권은 \"52주 신고가를 달성한 한국전력은 업황과 자기자본이익률(ROE) 회복에도 상대적으로 작은 PBR 부담에 정책수혜주로 각광을 받고 있다\"며 \"유틸리티, 상사·자본재(지주 중심), 보험, 증권, 자동차가 업종 수익률 상위에 포진한 반면, 성장 업종들은 하위에 머물러 있다\"고 전했다.   즉 가치주의 추가 상승 가능성을 염두에 둔 투자전략이 필요하다는 조언이다.   기업 밸류업 프로그램 발표 이후 관련 인덱스와 상장지수펀드(ETF) 등이 출시되면서 해당 업종 및 종목들의 패시브 매수세가 유입될 가능성도 제기됐다. 삼성증권은 \"거래소의 인덱스 준비 등 이번 밸류업 프로그램이 단기 정책에 그치지 않을 것으로 보인다\"고 전했다.   글로벌 테크 이벤트 MWC가 '미래가 먼저다(Future First)'란 주제로 'AI의 인간화'를 전면에 내세운 점도 증시에 영향을 줄 전망이다. 국제반도체제조장비재료협회(SEMI)가 'AI 기술이 최첨단 반도체 수요를 유발하는 거대한 촉매제가 될 것'이라고 언급한 것도 이를 방증한다.   NH투자증권은 \"엔비디아가 쏘아 올린 '반도체 훈풍'이 불고 있는 가운데 AI 성장 기대감과 한국 수출 개선세가 이번주 상승 요인이 될 것\"이라며 \"코스피지수는 2600에서 2720선으로 예상된다\"고 밝혔다. 이어 \"다음달 1일 발표되는 한국의 2월 수출동향과 관련해서는 반도체 중심의 양호한 수출 흐름을 보일 것으로 기대한다\"고 덧붙였다."
    },
    {
        "title": "한국금융지주, 연 30%대 이익성장 전망[株슐랭가이드]",
        "date": "2024.02.25. 오후 6:40",
        "content": "증권가는 정부의 '기업 밸류업 프로그램'을 국내 시장 재평가의 시작점으로 지목했다. 이번 정책을 둘러싼 기대와 우려가 교차하지만 금융, 지주, 자동차 등 저밸류 업종에 대한 외국인 매수세가 계속 늘어날 것이란 전망이다.   25일 삼성증권은 주간 추천종목으로 SK하이닉스, 현대차, 기아, 삼성물산, 하나금융지주, 삼성화재, 삼성SDS, HPSP, 금호석유, 가온칩스를 제시했다. 삼성증권은 SK하이닉스의 강세 배경과 관련, △고대역폭메모리(HBM) 시장 선점 △D램 가격 상승 △낸드 흑자전환 임박 등을 꼽았다. 또 현대차와 기아에 대해서는 영업 현금창출을 통한 주주환원이 가장 명확한 기업이라고 평가했다.   유안타증권은 한국금융지주, 더블유게임즈, 에이비엘바이오를 추천했다. 한국금융지주는 30%대 이익 성장과 함께 10%대 자기자본이익률(ROE)도 회복할 것으로 기대된다. 더블유게임즈는 게임사 중에서 주가순자산비율(PBR)이 제일 낮은 기업으로 밸류에이션 리레이팅이 예상된다. 에이비엘바이오는 자체 'ABL301'의 임상1상 고용량 투여에 대한 임상 프로토콜 변경 등 연내 임상 종료가 전망된다.   하나증권은 한국전력, 강원랜드, 씨앤씨인터내셔널을 추천목록에 올렸다. 한국전력은 전력도매가격(SMP)이 낮게 형성되고 있어 실적 눈높이가 개선될 것으로 기대된다. 강원랜드는 오는 3월 이사회를 앞두고 자사주 소각과 배당 확대 등 모멘텀이 예상된다. 올해 예상 주가순자산비율(PBR)은 0.9배 수준으로 1배 이하다. 하나증권은 색조 브랜드사인 씨앤씨인터내셔널에 대해서는 미국, 일본, 동남아 등으로 외형을 확대하면서 수주가 늘어날 것으로 내다봤다."
    },
    {
        "title": "하이닉스 '3500억 흑자전환'에 훨훨…방산주도 깜짝 실적",
        "date": "2024.02.25. 오후 6:05",
        "content": "지난해 4분기 어닝 서프라이즈 기업증권가 분석 236개社17%가 '깜짝 실적' 기록작년 대비 소폭 감소반도체기업 업황 회복K방산 수출 호조 부각유가 하락에 한전 이익↑화학·철강 기업은中 경기 침체 직격탄작년 4분기에 상장사 절반 이상이 ‘어닝 쇼크’를 낸 가운데 반도체·방위산업·발전 기업이 나홀로 선전한 것으로 나타났다. 메모리 업황 회복과 ‘K방산’ 수출 호조, 전기료 인상 등이 호재가 됐다. 증권가에선 이들 업종이 탄탄한 실적을 바탕으로 올해 주식시장을 주도할 것이란 전망이 나온다.\n\n\n\n HBM 주문 폭주에 반도체 ‘깜짝’ 실적25일 에프앤가이드에 따르면 증권사 실적 예상치가 존재하는 상장사 236곳의 지난해 4분기 영업이익 합산액은 28조8297억원으로 집계됐다. 증권사 전망치(37조1400억원)보다 22.3% 줄었다. 통상 4분기는 인건비와 일회성 비용이 반영되면서 실적이 기대에 못 미치는 경우가 많다. 메리츠증권이 최근 10년(2013~2022년)간 상장사의 4분기 영업이익을 증권가 예상치와 비교한 결과 평균 18.7% 낮은 것으로 집계됐다.작년 4분기엔 어닝 서프라이즈를 나타낸 기업 비중이 전체의 16.9%로 전년(18%)에 비해 소폭 감소했다. 증권사 예상 대비 영업이익이 10% 이상 초과된 기업은 39곳, 증권사 예상은 적자였으나 흑자 전환한 기업은 SK하이닉스 한 곳뿐이었다.증권사들은 SK하이닉스가 4분기 515억원의 영업손실을 낼 것으로 전망했으나 실제로는 3460억원의 흑자를 기록했다. 반도체 업황 회복으로 인한 메모리칩 가격 인상과 인공지능(AI) 고부가가치 상품인 고대역폭메모리(HBM) 수요가 늘어난 영향이다. 김형태 신한투자증권 연구원은 “낸드 메모리 부문의 가격 상승 폭이 시장 기대치를 웃돌면서 어닝 서프라이즈에 기여했다”며 “D램 부문도 DDR5, HBM 수요 강세로 제품 판매가격 상승효과가 컸다”고 했다.한미반도체도 증권가 예상치(88억원)를 108.7% 웃돈 185억원의 영업이익을 올렸다. HBM 수요 증가로 주력 제품인 TC본더 수요가 함께 늘어나면서다. TC본더는 HBM의 수직 적층 패키징에 활용되는 장비다.방산업체도 두각을 나타냈다. 현대로템의 4분기 영업이익은 증권가 예상치를 90.4% 웃돈 698억원, 한국항공우주는 26.6% 상회한 1543억원, 한화에어로스페이스는 15.2% 넘어선 2755억원이었다. K2 전차, K9 자주포 등 폴란드 수출 물량이 실적에 반영되면서 실적도 우상향했다.국제 유가 하락과 전기료 인상 등으로 한국전력과 계열사도 영업이익이 크게 늘었다. 한전의 4분기 영업이익은 증권가 예상을 71.4% 웃돈 1조8842억원, 한전KPS는 84.4% 상회한 592억원을 기록했다. 2022년 4분기 한전이 10조8209억원의 대규모 적자를 낸 것과 크게 대비된다. 이민재 NH투자증권 연구원은 “전기요금 인상과 관련한 정치·경제적 변수가 적어지면서 올해 실적도 개선될 전망”이라고 했다.원가 하락과 판매가 인상 등의 호재로 타이어업체들도 기대 이상의 실적을 보였다. 금호타이어는 증권가 예상을 65.3% 뛰어넘은 1721억원의 영업이익을 올렸다. 한국타이어도 예상치를 46.3% 초과한 4924억원의 영업이익을 기록했다. 중국 직격탄 화학·철강은 ‘쇼크’업종별로는 4분기 화학 업종이 부진한 실적을 보였다. 화학 업종 13개 상장사의 4분기 영업이익 합산액은 687억원으로 증권사 예상치 합산액(6852억원)의 10분의 1 수준에 그쳤다. 올 하반기 국제 유가가 급변동하고 중국 경기 침체가 장기화한 영향이다.철강 및 비철금속 업체들도 중국의 영향을 피해 가지 못했다. 에프앤가이드가 분류하는 금속·광물 업종 상장사 여섯 곳의 4분기 영업이익 합산액은 3206억원으로 증권사 예상치인 1조1488억원의 27.9% 수준에 불과했다.작년 부동산 프로젝트파이낸싱(PF) 부실과 주가 조작 사태 등으로 충당금을 크게 쌓은 증권사들 역시 4분기 실적이 부진했다. 증권사 다섯 곳의 작년 4분기 영업이익은 1619억원으로 예상됐으나, 실제로는 2048억원의 영업손실을 냈다."
    },
    {
        "title": "AI 반도체 개화에…'제2 엔비디아' AMD도 뛴다",
        "date": "2024.02.25. 오후 5:47",
        "content": "[서학개미 리포트]엔비디아 급성장 일등공신 AI 반도체3년 뒤 시장 규모 10배 확대 전망신제품 선보인 AMD, 메타·MS와 계약하반기 이후 주가 추가 상승 여력엔비디아 대체 가능성은 미지수\n\n\n\n지난달 9일(현지 시간) 미국 라스베이거스에서 개막한 세계 최대 가전·정보기술(IT) 전시회 'CES 2024' 현장에서 관람객들이 AMD 전시품을 관람하고 있다. 라스베이거스=오승현 기자[서울경제] 엔비디아가 인공지능(AI) 반도체를 앞세워 폭발적인 실적과 주가 상승을 실현하자 시장에서는 ‘제2의 엔비디아’를 찾으려는 움직임이 분주하다. AI 반도체 시장의 80% 이상을 엔비디아가 점유하고 있지만 3년 뒤 시장 규모가 10배 이상 확대될 것으로 예상되는 만큼 대표적인 추격자 AMD의 장기적인 성장 가능성도 충분하다는 분석이다.25일 금융투자 업계에 따르면 AI 반도체 시장은 개화 단계에 불과해 향후 기하급수적인 성장이 예상된다. 올해 400억 달러(약 53조 원, 딜로이트 기준) 수준인 AI 반도체 시장 규모는 2027년에 4000억 달러(약 533조 원)까지 확대될 전망이다. 3년 만에 10배 성장한다는 의미다. 반도체 부문 총매출의 절반을 AI 칩이 차지할 것이란 분석도 있다.전문가들은 AI 반도체 시장의 잠재력이 분명한 만큼 엔비디아의 뒤를 쫓는 경쟁사에도 주목할 필요가 있다고 조언한다. 그 중 대표주자는 AMD다. AMD는 지난해 12월 엔비디아의 서버용 그래픽처리장치(H100)의 성능을 뛰어 넘는 AI 반도체 M1300X 시리즈를 시장에 내놓았다. 스텍을 비교하면 AI 연산 성능이 H100보다 1.3배 높고 메모리 용량도 크다. 성능을 인정받아 이미 메타와 마이크로소프트(MS) 등 주요 빅테크와 공급 계약도 마쳤다.\n\n\n\n실제 리사 수 AMD 최고경영자(CEO)는 최근 언론과의 인터뷰를 통해 “AI 시장은 빠르게 변화하고 있으며 아직 초입 단계라 앞으로의 AI의 발전은 이전과 다를 것”이라고 말했다. 그러면서 “엔비디아의 H100이 AI 훈련 워크로드 측면에서 강점을 가지고 있다”고 인정하면서도 “AI 시장은 한 칩 제품이 다른 칩 제품보다 더 나은 이분법적 시장이 아니다”고 설명했다. AMD가 MI300을 통해 AI 추론 시장에서 큰 수요를 창출할 것이라고 자신한 것이다.특히 리사 수는 엔비디아 GPU 가격이 너무 비싸다고 꼬집었다. 그는 “엔비디아가 자신의 소프트웨어인 쿠다를 통해 시장 지배력을 강화하려 하지만 쿠다가 네트워크 효과를 누리기엔 엔비디아 칩이 너무 비싸다”며 “현재 시장 초기 단계에서는 이 비용이 용납돼도 앞으로 많은 기업에서 AI 도입이 활발해지면 그런 높은 비용은 허들이 된다”고 꼬집었다. AMD의 주가는 지난 23일(현지 시간) 기준 176.52달러로 올들어 19.7% 올랐지만 엔비디아만큼 상승 폭이 크진 않다. 1분기 매출 전망치가 시장의 기대에 미치지 못하면서다.금융투자 업계에서는 새로 출시한 AI 반도체가 공급되기 시작하면 주가가 우상향을 그릴 가능성이 크다고 본다. 류영호 NH투자증권 연구원은 “AMD는 엔비디아만 빼면 AI 반도체 매출이 가장 의미 있게 나오는 업체”라며 “M1300 시리즈 제품의 방향성이 하반기 주가의 주요 변수가 될 것으로 예상된다”고 봤다. 미국 시장조사기관 뉴스트리트 리서치의 피에르 페라구 연구원은 AMD의 내년 말 주가 목표치를 215달러로 설정했다. 현재 대비 21.7% 추가 상승할 여력이 있다고 본 것이다.다만 엔비디아의 시장 지배력을 과소평가해선 안된다는 반론도 만만찮다. AMD가 자체 소프트웨어(ROCm)를 통해 쿠다의 빈틈을 파고 들고 있지만 워낙 쿠다의 지배력이 강고해 AMD의 GPU가 기를 펴기 쉽지 않다는 지적이다. AMD가 엔비디아 추격에 나서더라도 최근 엔비디아가 기록한 주가 흐름을 보이기는 어렵다는 것이다."
    },
    {
        "title": "\"명품 빚어내듯 … 장인정신으로 M&A\"",
        "date": "2024.02.25. 오후 5:18",
        "content": "김수민 UCK파트너스 대표딜 발굴 등 전과정 직접 수행3200억원 투자한 메디트3년만에 5배 가까이 자금회수해외 큰손들도 역량 인정해1.1조 펀드 모집에 2500억 참여\n\n\n\n\"UCK파트너스는 한 땀 한 땀 수작업으로 명품을 완성하는 장인처럼 인수·합병(M&A) 대상 기업 발굴부터 인수 후 가치 제고 활동까지 자체 인력이 직접 공들여 결과물을 만들다 보니 국내뿐 아니라 해외 주요 기관투자자들에게도 역량을 인정받았습니다.\"최근 1조1000억원 규모로 3호 블라인드펀드(투자 목적이 정해져 있지 않은 펀드) 모집을 마무리한 김수민 UCK파트너스 대표는 매일경제와의 인터뷰에서 \"명실상부한 국내 대표 바이아웃(경영권 인수) 사모투자펀드(PEF) 운용사로 차별화된 역량을 펼쳐 나가겠다\"며 이같이 밝혔다.UCK는 이번 펀드 자금 모집 과정에서 전체 모집액의 20%가 넘는 2500억원가량을 유럽, 북미, 아시아 주요 연기금·국부펀드를 비롯해 해외 큰손으로부터 유치했다. UCK가 해외에서 자금 조달에 나선 건 이번이 처음이다.김 대표는 \"당초 해외 자금 조달은 계획에 없었는데 국내외 기관의 권유로 추진하게 됐다\"며 \"해외 기관을 상대로 한 자금 모집 준비 과정에서 UCK가 아시아 바이아웃 분야에서 최고 수준의 경쟁력을 갖춘 사실을 알게 됐다\"고 설명했다. 그는 \"실제 자료들을 분석하다 보니 UCK가 국내 운용사 가운데 수익성 면에서 최고 수준에 올랐으며, 아시아 전체 바이아웃 펀드 중 운용 성과 평가 지표(MOC, IRR, DPI) 전 분야에서 상위 25% 안에 들었다. 특히 납입액 대비 분배액 비율(DPI)은 상위 10% 수준임을 확인했다\"고 말했다.자금 유치 과정에서 해외 투자자도 이 같은 점을 높이 평가했다는 후문이 나온다. 김 대표는 \"해외 투자자는 투자 전략의 선명성을 가장 중요하게 생각한다\"며 \"UCK가 미드캡 바이아웃에 특화된 전략을 구사하면서 직접 단독으로 딜을 발굴해 기업가치를 키울 수 있는 역량을 갖춘 점을 높게 평가했다\"고 강조했다. 이미 한국에 대형·소형 규모의 펀드에 자금을 출자한 해외 기관투자자는 기존에 집행된 투자와 겹치지 않으면서도, 운용 인력이 모든 과정에 관여하는 정통 바이아웃 전략 방식의 UCK를 매력적으로 느꼈을 것이란 설명이다.실제 지난 10여 년간 밟아온 UCK의 행보를 보면 평생 한 우물만 파는 장인의 면모가 엿보인다. 지난 2014년 첫 펀드 결성 뒤 현재까지 총 18건의 바이아웃 딜을 성공시켰다. 하버드비즈니스스쿨(HBS)의 케이스 스터디 사례로 다뤄진 공차 투자 건부터, 시장에서 큰 관심을 모은 3차원 구강 스캐너 전문기업 메디트 매각과 국내 대표 임플란트 기업 오스템임플란트 인수까지 한눈팔지 않고 달려온 경험과 축적된 역량을 바탕으로 투자자에게 안정적인 수익으로 돌려주고 있다는 평가를 받는다. 투자 지분 60%를 고려했을 때 UCK는 메디트를 MBK파트너스에 2조4600억원에 매각하며 투자 원금(3200억원)의 5배 가까운 자금을 회수했다. 2019년 말 투자 이후 3년여 만이다. 연환산 내부수익률(IRR)로 따지면 50%가 넘을 정도로 기록적인 성과다. 이후 MBK파트너스와 손잡고 공개매수를 통해 오스템임플란트 지분 96.1%를 확보하면서 시장을 또 한 번 놀라게 했다.2013년 유니슨캐피탈의 한국 법인인 유니슨캐피탈코리아로 시작한 UCK는 10년 차인 지난해 사명을 UCK파트너스로 바꾸며 새출발을 했다. 김 대표는 \"바이아웃 전략을 보다 원활히 수행하기 위한 최고 인재 유치, 단독 딜 소싱에 필요한 빠른 의사결정 환경을 구축하기 위해 3명의 파트너가 지분 100%를 인수하며 UCK파트너스로 단독 출범하게 됐다\"고 설명했다.김 대표는 지난해부터 이어진 고금리 기조로 주춤하고 있는 PEF 시장의 성장세가 지속될 것으로 내다봤다. 김 대표는 \"기관이 대체투자 비중을 높이며 PEF로 돈이 들어올 수밖에 없는 구조는 10년 전과 변함이 없다\"며 \"다만 고금리 상황에선 가만히 있어도 시장 상황 덕에 투자 수익을 올리는 '알파'가 아니라 추가로 노력해 수익을 내야 하는 '베타' 싸움이 될 것\"이라고 내다봤다. 그는 \"이제 본게임이 시작된 만큼 향후에도 펀드 규모를 늘리며 전문성과 경험을 확보한 소비재, 유통, 헬스케어 분야 바이아웃 딜에 집중하겠다\"고 했다. [오대석 기자 / 강두순 기자]"
    },
    {
        "title": "밸류업 발표 앞두고 증시 투자금 몰린다",
        "date": "2024.02.25. 오후 5:18",
        "content": "26일 발표에 투자자 큰 기대예탁금 54조로 이달들어 최고신용잔액·거래대금도 증가세코스피 하락 베팅 투자자도\n\n\n\n정부가 주요 상장사의 주가 부양을 유도하는 기업 밸류업 프로그램 발표가 임박하면서 국내 증시의 투자자 예탁금과 거래대금이 증가하고 있다.25일 금융투자협회에 따르면 지난 22일 투자자 예탁금은 53조6264억원으로 집계됐다. 특히 전날인 21일 투자자 예탁금은 54조1556억원으로 이달 들어 가장 높은 수치를 나타냈다. 올해 초부터 반도체·2차전지 등 주요 업종이 약세를 나타내며 투자자 예탁금 또한 감소한 바 있는데, 최근 들어 반등에 성공한 것이다.같은 기간 신용융자 잔액과 증시 거래대금 또한 증가 추세를 보였다. 지난 22일 신용융자 잔액은 18조3766억원으로 이달 들어 가장 높은 수치를 나타냈다. 2월 들어 신용융자 잔액은 지속적으로 감소해 6일 17조4450억원까지 내려갔다가 이후 반등했다.증시 거래대금도 최근 들어 상승세를 보였다. 한국거래소에 따르면 지난달 2일 거래대금은 43조8581억원이었는데, 지난 23일에는 하루 만에 58조4229억원이 거래됐다.이는 자동차·보험 등 시가총액은 높지만 주가순자산비율(PBR)이 낮아 주가 부양이 예상되는 종목을 중심으로 투자자 관심이 몰리면서 이들의 거래량이 크게 늘었기 때문이다.반면 밸류업 프로그램 발표 이후 급락장을 예상해 코스피 하락에 베팅하는 투자자 움직임도 감지됐다. 한국거래소에 따르면 23일 기준 한 주간 개인투자자가 가장 많이 순매수한 상장지수펀드(ETF)는 코스피200 하락분의 2배만큼 수익을 거두는 'KODEX 200선물인버스2×'로 순매수 규모는 1066억원에 달했다.한편 기업 밸류업 프로그램 발표에 맞춰 김소영 금융위원회 부위원장은 26~29일 싱가포르와 태국 기관투자자와 현지 당국에 밸류업을 포함한 국내 금융당국의 자본시장 정책과 'K금융'을 소개하는 출장에 나설 계획이다. [김대은 기자 / 김태성 기자]"
    },
    {
        "title": "작년 4분기 '어닝 서프라이즈' 기업 보니…반도체·방산 업종 웃었다",
        "date": "2024.02.25. 오후 4:03",
        "content": "철강-화학 업종은 중국 경기 침체 여파로 '우울'\n\n\n\n사진=연합뉴스상장사들의 지난해 4분기 실적 발표가 마무리되는 가운데 반도체, 방산, 발전, 타이어 업종 주요 기업들이 '어닝 서프라이즈'를 기록한 것으로 나타났다. 메모리 업황 회복과 'K-방산' 수출 호조, 전기료 인상 등이 호재가 됐다. 반면 화학·철강 등 업종은 올해 부진한 실적을 보인 것으로 나타났다. ○반도체·방산·발전 업종 '서프라이즈'25일 에프앤가이드에 따르면 증권사 실적 예상치가 존재하는 상장사 236곳의 지난해 4분기 영업이익 합산액은 28조8297억원으로 집계됐다. 증권사 예상치 합산액인 37조1400억원에 비해 22.3% 줄어든 금액이다.통상적으로 4분기는 인건비 및 일회성 비용이 반영되면서 실적이 증권사 예상을 밑도는 일이 다반사다. 메리츠투자증권이 최근 10년(2013~2022년) 사이 4분기 상장사 실제 영업이익을 점검한 결과 평균적으로 증권가 예상치를 18.7% 밑돈 것으로 집계됐다.4분기 어닝 서프라이즈를 기록한 기업 비중은 작년에 비하면 소폭 감소했다. 증권사 예상 대비 영업이익이 10% 이상 초과한 기업 수는 39곳, 증권사 예상은 적자였으나 실제론 흑자 전환한 기업이 1곳이었다. 전체의 16.9%가 어닝서프라이즈를 달성했다. 어닝서프라이즈 비율은 2022년 4분기의 경우 18%, 2021년 4분기는 15.8%, 2020년 4분기는 20.7% 수준이었다.주요 기업 중에서는 SK하이닉스가 기존 예상을 가장 웃돈 실적을 보였다. 증권사들은 SK하이닉스가 4분기 515억원의 영업손실을 낼 것으로 예상했으나 실제로는 3460억원의 흑자를 기록했다. 반도체 업황 회복으로 인한 메모리칩 가격 조정과 AI 산업의 발전으로 고부가가가치 상품인 고대역메모리(HBM) 수요가 늘어난 영향이다.김형태 신한투자증권 연구원은 \"낸드 메모리 부문의 가격 상승 폭이 시장 기대치를 웃돌면서 어닝서프라이즈에 기여했다\"며 \"디램(DRAM) 부문도 DDR5, HBM 수요 강세로 제품 판매가격 상승효과가 컸다\"고 했다.한미반도체도 반도체 업황 회복으로 어닝서프라이즈를 기록했다. 증권가 예상치(88억원)를 108.7% 웃돈 185억원의 영업이익을 올렸다. HBM 수요 증가로 이 회사의 주력 제품인 TC본더 수요도 함께 늘어나면서다. TC본더는 HBM의 수직 적층 패키징에 활용되는 장비다.방산업체들도 증권가 예상을 웃돈 실적을 기록했다. 현대로템의 4분기 영업이익은 증권가 예상치를 90.4% 웃돈 698억원, 한국항공우주는 26.6% 상회한 1543억원, 한화에어로스페이스는 15.2% 웃돈 2755억원이었다. K2 전차 및 K9 자주포 등 폴란드 수출 물량이 실적에 반영되면서 실적도 우상향했다.국제 유가 하락과 전기료 인상 등으로 한국전력과 계열사도 영업이익이 크게 늘었다. 한전의 4분기 영업이익은 증권가 예상을 71.4% 웃돈 1조8842억원, 한전KPS는 84.4% 상회한 592억원을 각각 기록했다. 2022년 4분기 한전이 10조8209억원의 대규모 적자를 기록한 것과 크게 대비된다.이민재 NH투자증권 연구원은 \"향후 전기요금 인상과 관련한 정치적·경제적 변수가 적어지면서 올해 실적도 개선될 전망\"이라고 했다.원가 하락과 판가 인상 등의 호재로 타이어 업체들도 4분기 예상을 웃돈 실적을 보였다. 금호타이어는 증권가 예상 65.3% 웃돈 1721억원의 영업이익을 올렸다. 한국타이어도 예상치를 46.3% 초과한 4924억원의 영업이익을 기록했다.이밖에도 SK바이오팜(652.1%), 조이시티(577.1%), SK아이이테크놀로지(190.3%), 넷마블(157.4%) 등도 영업이익이 증권가 예상을 크게 웃돌았다. 화학·철강 등은 '우울'업종별로는 4분기 화학 업종이 부진한 실적을 보였다. 화학 업종 13개 상장사들의 4분기 영업이익 합산액은 687억원으로 증권사 예상치 합산액(6852억원)의 10분의 1수준에 그쳤다. 올 하반기 국제유가가 급변동하고, 중국 경기 침체가 장기화한 영향이다.철강 및 비철금속 업체들도 중국 경기 침체의 영향을 피하지 못했다. 에프앤가이드가 분류하는 금속·광물 업종 상장사 6곳의 4분기 영업이익 합산액은 3206억원으로 증권사 예상치인 1조1488억원의 27.9% 수준에 불과했다.작년 부동산 프로젝트파이낸싱(PF) 부실과 주가조작 사태 등으로 충당금을 크게 쌓은 증권사들 역시 4분기 실적이 부진했다. 증권사 5개 업체의 4분기 영업손실은 2048억원에 달해 기존 예상치인 영업이익 1619억원 대비 적자로 전환했다."
    },
    {
        "title": "[주간증시전망] K-디스카운트 해소 본격화될까",
        "date": "2024.02.25. 오후 3:16",
        "content": "26~29일 MWC 관련 AI 테마 투자심리도 주목 \n\n\n\nMWC 2024 주제는 '미래가 먼저다(Future First)'이다. 사진=연합뉴스  \n\n\n\n [파이낸셜뉴스] ‘기업 밸류업 프로그램'에 대한 기대감으로 상승장을 이어온 코스피지수가 이번주에도 모멘텀을 유지할 수 있을 지가 관전 포인트다.   26일부터 29일까지(현지시간) 스페인에서 열리는 국제모바일기술박람회 ‘모바일월드콩그레스(MWC) 2024’는 인공지능(AI) 테마 투자심리에 영향을 줄 것으로 관측된다.   25일 한국거래소에 따르면 코스피지수는 지난 1월 마지막주 이후 5주 연속 상승세를 이어갔다. 지난 23일 2660대에서 강보합으로 마감한 코스피지수는 주주환원이 기대되는 금융주 등 주가순자산비율(PBR)이 낮은 종목들이 강세를 보였다.   NH투자증권은 “밸류업 프로그램 세부 사항 발표를 앞두고 이에 대한 기대감으로 주가 상승세가 지속됐다”면서 “정부가 올해부터 공공기관 경영평가 세부 평가기준에 ‘상장 공기업의 주주가치 제고’ 항목을 포함할 것이란 소식에 대해서도 시장의 기대감이 강하다”고 설명했다.   섹터별로는 가치주 우위가 이어질 전망이다. 신한투자증권은 “52주 신고가를 달성한 한국전력은 업황과 자기자본이익률(ROE) 회복에도 상대적으로 작은 PBR 부담에 정책수혜주로 각광을 받고 있다”며 “유틸리티, 상사·자본재(지주 중심), 보험, 증권, 자동차가 업종 수익률 상위에 포진한 반면, 성장 업종들은 하위에 머물러 있다”고 전했다.   즉 가치주의 추가 상승 가능성을 염두에 둔 투자전략이 필요하다는 조언이다. 신한투자증권은 “정부가 추진하는 밸류업 프로그램도 가치주에 유리한 상황이지만 시장금리 상황도 가치주에 유리하다”고 강조했다.   기업 밸류업 프로그램 발표 이후 관련 인덱스와 상장지수펀드(ETF) 등이 출시되면서 해당 업종 및 종목들의 패시브 매수세가 유입될 가능성도 제기됐다. 삼성증권은 “거래소의 인덱스 준비 등 이번 밸류업 프로그램이 단기 정책에 그치지 않을 것으로 보인다”고 전했다.   글로벌 테크 이벤트 MWC가 ‘미래가 먼저다(Future First)’란 주제로 ‘AI의 인간화’를 전면에 내세운 점도 증시에 영향을 줄 전망이다. 국제반도체제조장비재료협회(SEMI)가 ‘AI 기술이 최첨단 반도체 수요를 유발하는 거대한 촉매제가 될 것’이라고 언급한 것도 이를 방증한다.   NH투자증권은 “엔비디아가 쏘아 올린 ‘반도체 훈풍’이 불고 있는 가운데 AI 성장 기대감과 한국 수출 개선세가 이번주 상승 요인이 될 것”이라며 “코스피지수는 2600에서 2720선으로 예상된다”고 밝혔다. 이어 “다음달 1일 발표되는 한국의 2월 수출동향과 관련해서는 반도체 중심의 양호한 수출 흐름을 보일 것으로 기대한다”고 덧붙였다.   이베스트투자증권도 MWC 관련 종목으로 AI 및 반도체에 주목했다. 이베스트투자증권은 “MWC에서 AI 스마트폰 등 기술 시연이 예정돼 있어 AI·반도체 기대감이 지속될 것으로 예상한다”며 “미국 소프트웨어(SW)기업들도 실적발표를 앞두고 있어 세부적으로 영위하고 있는 사업별로 나타날 차별화에 따라 국내 SW기업의 투자심리에 영향을 줄 것”이라고 내다봤다. #MWC #인공지능 #주간증시전망 #밸류업 #디스카운트"
    },
    {
        "title": "“K-반도체와 금융·지주·자동차 밸류업 주목” [株슐랭가이드]",
        "date": "2024.02.25. 오후 2:14",
        "content": "26일 기업 밸류업 프로그램 발표 이후 국내 시장 재평가 \n\n\n\n코스피지수 상승 이미지. 사진=뉴스1  \n\n\n\n [파이낸셜뉴스] 증권가는 정부의 ‘기업 밸류업 프로그램’을 국내 시장 재평가의 시작점으로 지목했다. 이번 정책을 둘러싼 기대와 우려가 교차하지만 금융, 지주, 자동차 등 저밸류 업종에 대한 외국인 매수세가 계속 늘어날 것이란 전망이다.   25일 삼성증권은 주간 추천종목으로 SK하이닉스, 현대차, 기아, 삼성물산, 하나금융지주, 삼성화재, 삼성SDS, HPSP, 금호석유, 가온칩스를 제시했다.   삼성증권은 SK하이닉스의 강세 배경과 관련, △고대역폭메모리(HBM) 시장 선점 △D램 가격 상승 △낸드 흑자전환 임박 등을 꼽았다. 또 현대차와 기아에 대해서는 영업 현금창출을 통한 주주환원이 가장 명확한 기업이라고 평가했다.   일본 금융주와 비교되는 하나금융지주의 연말 배당기준일이 오는 28일로 다가왔다. 삼성증권은 “일본 주요 은행들이 실적 개선과 주주환원 증대로 지난해 30~40% 주가 상승한 반면, 국내 은행주의 상승 폭은 미미했다”고 설명했다.   유안타증권은 한국금융지주, 더블유게임즈, 에이비엘바이오를 추천했다. 한국금융지주는 30%대 이익 성장과 함께 10%대 자기자본이익률(ROE)도 회복할 것으로 기대된다. 더블유게임즈는 게임사 중에서 주가순자산비율(PBR)이 제일 낮은 기업으로 밸류에이션 리레이팅이 예상된다.   에이비엘바이오는 자체 ‘ABL301’의 임상1상 고용량 투여에 대한 임상 프로토콜 변경 등 연내 임상 종료가 전망된다. 또 ‘ABL503’의 임상1상에 대한 중간결과 발표도 올해 상반기 이뤄질 예정이다.   하나증권은 한국전력, 강원랜드, 씨앤씨인터내셔널을 추천목록에 올렸다. 한국전력은 전력도매가격(SMP)이 낮게 형성되고 있어 실적 눈높이가 개선될 것으로 기대된다. 또 기업 밸류업 프로그램에서 상장 공기업에 대한 구체적 대책이 언급될지 여부도 관전 포인트다.   강원랜드는 오는 3월 이사회를 앞두고 자사주 소각과 배당 확대 등 모멘텀이 예상된다. 올해 예상 주가순자산비율(PBR)은 0.9배 수준으로 1배 이하다.   하나증권은 색조 브랜드사인 씨앤씨인터내셔널에 대해서는 미국, 일본, 동남아 등으로 외형을 확대하면서 수주가 늘어날 것으로 내다봤다. #기업밸류업 #주간증시 #추천종목"
    },
    {
        "title": "'밸류업 발표' 임박한 증시, 기대 충족할까…증권가 '촉각'",
        "date": "2024.02.25. 오후 12:47",
        "content": "[주간증시전망]\n\n\n\n 서울 중구 하나은행 딜링룸 전광판에 지수가 표시돼 있다. 2024.02.23./사진=뉴시스지난주 증시는 밸류업 프로그램 기대감과 엔비디아의 실적 발표에 따라 움직였다. 오는 26일 정부가 기업 밸류업 프로그램 세부 내용을 발표하기로 한 가운데 관련주의 랠리가 지속될지 주목된다. 증권가에서는 '저PBR(주가순자산비율)주'에 대한 전망이 분분히 갈린다. 25일 한국거래소에 따르면 지난 23일 코스피 지수는 지난주보다 18.94포인트(0.71%) 상승한 2667.70을 기록했다. 같은 기간 코스닥 지수는 10.97포인트(1.28%) 오른 868.57로 마무리했다. 코스피와 코스닥 지수는 각각 4주, 3주 연속 상승세를 그리고 있다. 국내외 주식시장을 통틀어 가장 큰 화두는 엔비디아의 실적 발표였다. 엔비디아의 지난해 4분기 매출액은 전년동기 대비 265% 늘어난 221억달러, 같은 기간 순이익은 769% 증가한 124억달러로 집계됐다. 매출 면에서 시장 예상치(206억2000만달러)를 크게 웃돌았다. '엔비디아발 훈풍'에 국내 반도체 기업 SK하이닉스의 주가가 치솟았다. SK하이닉스는 지난 5거래일간 9.95% 올랐다. 장중에는 16만6900원까지 뛰며 역대 최고가를 경신했다. 다만 반도체 빅2 삼성전자는 보합권을 맴돌며, 업종 내 종목 차별화 장세가 나타났다. 황민성 삼성증권 연구원은 \"SK하이닉스의 HBM(고대역폭메모리) 선점은 최소 올해까지 유지될 것으로 보이고 향후 HBM 확대, 레거시 디램 가격 상승, 낸드 흑자 전환으로 올해 영업이익이 추정치는 14조원으로 상향한다\"며 목표주가를 17만원에서 19만원으로 올렸다. \n\n\n\n임종철 디자이너 /사진=임종철 디자이너26일에는 정부의 기업 밸류업 프로그램 세부 내용이 발표된다. 그간 해당 정책 기대감에 PBR 1배 미만 종목들이 지속 상승해 온 만큼 증권가도 촉각을 곤두세운다. 선반영된 기대에 부합할 만큼의 주주환원 강화 정책이 나오지 않으면 단기적 하방 압력을 가할 수 있다. 저PBR주에 대한 시장의 눈높이가 큰 폭으로 높아졌기 때문이다. 정부가 기업 밸류업 프로그램을 도입하겠다고 밝힌 후 수혜 업종은 랠리를 지속했다. 이달 들어 KRX보험(15.27%), KRX증권(14.16%), KRX은행(12.53%), KRX유틸리티(9.35%) 등이 나란히 급등했다. 김영환 NH투자증권 연구원은 \"정부의 기업 밸류업 프로그램 세부안 발표를 앞둔 상황에서 실제 발표되는 정책이 시장에서 반영한 기대를 상회하기는 쉽지 않은 상황\"이라며 \"저PBR 주식들에 대한 단기 차익실현 매물이 출회될 가능성이 있다\"고 설명했다. 저PBR주에서 그간 시장에서 소외받던 성장주로의 순환매가 이어질 수 있다는 전망이 나온다. 정부의 반도체 메가 클러스터 조성방안과 반도체 수출 호조세가 기대 요인이다. 하나증권에 따르면 지난 1일부터 20일까지 반도체 수출은 전년동기 대비 39.1% 늘었다. 김대욱 하나증권 연구원은 \"엔비디아 호실적으로 시장의 관심은 기업 밸류업에서 다시 IT로 쏠렸다\"며 \"향후 기대되는 정책 모멘텀을 고려해봤을 때 반도체를 주목할 필요가 있다\"며 \"향후 AI 수요 증가와 함께 반도체 업종 상승세를 예상해볼 수 있다\"고 말했다. 한편, 일각에서는 기업 밸류업 정책에 따른 저PRB주 랠리가 지속될 수 있다고 보기도 한다. 윤원태 SK증권 연구원은 \"밸류업 관련 주가가 많이 올랐고 금융권뿐만 아니라 재계에서도 관심이 많은 만큼 실망스러운 방안을 제시할 가능성은 낮아 보인다\"고 밝혔다."
    },
    {
        "title": "컨설팅 알선 대가로 20억…운용역 사익추구 또 적발",
        "date": "2024.02.25. 오후 12:32",
        "content": "금감원 엄중조치·수사기관 통보\n\n\n\n[서울경제] 비공개 사업성 정보를 이용해 2억 원을 투자한 뒤 3배 이상 금액을 상환받는 등 다양한 수법으로 사익을 추구하는 금융투자회사 임직원들이 또 적발됐다.25일 금감원은 금융투자회사 임직원의 부당한 사익추구 행위를 중점 검사 항목으로 집중 점검한 결과 최근 검사에서도 위반 사례가 확인됐다고 밝혔다. 금감원은 지난해부터 금융투자회사 대주주와 임직원들의 부당한 사익추구 행위를 중점 검사 항목으로 선정해 집중 점검하고 있는데 유사 위규행위들이 계속 적발되고 있다.한 운용역은 부동산에 투자한 다른 운용사의 펀드에 3억 원을 투자한 이후 수년이 지나 본인이 자사 펀드를 설정해 해당 부동산을 직접 매수했으나 이를 본인 회사나 투자자들에게 알리지 않았다. 이는 이해상충 관리의무 위반이다. 해당 운용역은 거래 후 펀드 청산 과정에서 투자금 대비 2배 금액을 돌려받았다.다른 운용역들은 부동산개발사업 시행 목적으로 설립된 특수목적법인(PFV) 관리업무를 수행했다. 이 과정에서 얻은 부동산 개발사업의 사업수지, 현금흐름 등 투자 판단에 중요한 비공개 사업성 정보를 이용해 배우자 명의나 본인 명의로 2억 원씩 투자하고 3배 이상을 상환받았다. 결국 직무상 정보를 이용한 사익추구 행위로 적발됐다.또 다른 운용역은 본인이 운용하는 자사 펀드 보유자산을 다른 운용사에 매각하는 과정에서 평소 알고 지내던 컨설팅 회사에 매입 자문 업무를 알선했다. 알선 대가로 본인 가족회사를 통해 20억 원을 받았다.금감원은 위반 행위에 대해선 관련 법규에 따라 엄중 조치하고 수사기관 통보도 진행할 예정이다. 유사 위반행위가 반복적으로 발견된 만큼 금융투자회사 임직원들의 준법의식 제고, 자본시장 신뢰성 회복 등을 위해 내부통제를 강화하도록 지도한다는 방침이다."
    },
    {
        "title": "기업 '밸류업' 내일 발표…코리아 디스카운트 해소될까",
        "date": "2024.02.25. 오전 10:18",
        "content": "정부가 내일(26일) 한국 증시 저평가 현상 해소 대책인 '기업 밸류업 프로그램'의 구체적인 추진 방안을 발표합니다.기업 밸류업 프로그램은 기업이 스스로 저평가된 기업가치를 개선하도록 유도하는 정책으로, 지난달 정부가 증시 부양책의 일환으로 밸류업 추진 계획을 밝혔습니다.상장사 기업가치 개선 계획 공표, 주요 투자지표 비교공시 시행 기업가치 개선 우수 기업으로 구성된 지수 개발 등의 방안이 거론된 바 있습니다.박지운 기자(zwoonie@yna.co.kr)#밸류업 #금융위원회 #코리아디스카운트연합뉴스TV 기사문의 및 제보 : 카톡/라인 jebo23"
    },
    {
        "title": "모습 드러내는 '기업 밸류업'…저PBR株 약세 전망[주간증시전망]",
        "date": "2024.02.25. 오전 9:39",
        "content": "지난주 코스피 0.71% 오른 2667.70에 마감외국인 매수세에 ‘엔비디아 훈풍’에 관련株↑“K-밸류업, 기대 못 미칠 것…저PBR주 약세” 분석“추가 정책 드라이브 있을 시 매수 대응 적절”[이데일리 박순엽 기자] 정부가 국내 증시 저평가 현상을 해결하기 위해 시행하는 ‘기업 밸류업 프로그램’ 세부안을 오는 26일 발표함에 따라 한 달여간 오름세를 보여온 가치주가 단기적인 약세를 보일 것이라는 전망이 제기된다. 이달 말 자동차·은행 등 종목의 배당기준일도 예정된 만큼 저PBR(주가순자산비율) 종목의 단기 차익 실현 매물이 출회할 수 있다는 분석에서다. 가치주를 떠난 투심이 엔비디아를 중심으로 한 반도체 업황 호조 기대감에 성장주 테마로 쏠릴 수 있는 만큼 종목 간 차별화를 예상하고 대응해야 한다는 조언도 제기된다. NH투자증권은 이번 주 코스피 지수가 2600~2720포인트에서 움직일 것으로 내다봤다. \n\n\n\n지난 23일 오후 서울 중구 하나은행 딜링룸에서 직원들이 업무를 보고 있다. (사진=연합뉴스)25일 마켓포인트에 따르면 지난주 코스피 지수는 전주 대비 18.94포인트(0.71%) 오른 2667.70에 거래를 마쳤다. 지수는 지난 19일 2680선을 돌파한 데 이어 23일엔 장중 2694.80까지 오르면서 약 1년 10개월 만에 2690선을 돌파하기도 했다. 같은 기간 코스닥 지수는 10.97포인트(1.28%) 오른 868.57에 마감했다. 코스피 시장에선 정부의 ‘기업 밸류업 프로그램’ 도입 기대 속에 외국인과 기관의 매수세가 지수를 끌어올렸다. 외국인과 기관은 5거래일 동안 각각 9751억원과 2503억원을 순매수했다. 반면, 개인투자자는 1조3142억원을 팔아치웠다. 코스닥 시장에선 개인투자자와 기관이 각각 6595억원과 233억원을 순매수했고, 외국인은 4428억원을 순매도했다. 이와 함께 지난 21일(현지시간) 발표된 엔비디아의 지난해 4분기 실적도 시장 기대치를 크게 웃돌면서 지수 상승에 한몫했다. 엔비디아를 중심으로 한 반도체 업황 호조 기대감에 국내에서도 AI(인공지능) 반도체 관련 기업들 주가가 상승했다. 외국인은 지난 한 주 동안 SK하이닉스(5165억원)를 가장 많이 순매수한 것으로 나타났다. 증권가에선 ‘기업 밸류업 프로그램’ 세부안이 시장 기대를 충족하긴 어려울 것으로 전망하며 저PBR 종목의 단기 약세를 예상하는 의견이 나온다. 이경민 대신증권 연구원은 “기업 밸류업 프로그램 기대감에 이미 급등세를 보인 만큼 세부안이 투자자 기대를 크게 웃도는 결과를 보이지 않는다면 저PBR 종목은 당분간 과열·매물 소화 과정을 거칠 것”이라고 말했다. 여기에 그동안 저PBR 종목으로 꼽히며 오름세를 보였던 자동차·은행 기업들의 배당기준일이 오는 28~29일 예정된 만큼 저PBR 종목을 중심으로 한 단기 차익 실현 매물이 쏟아져 나올 수 있다는 분석도 제기된다. 배당기준일은 28일 하나금융지주를 시작으로 29일 현대차·KB금융·우리금융지주·BNK금융지주·DGB금융지주·JB금융지주 등이 예정돼 있다. 김영환 NH투자증권 연구원은 “기업 밸류업 프로그램은 이미 정책에 대한 많은 예상이 언급되고 있으나 실제 발표되는 정책이 기대를 웃돌기는 쉽지 않다”면서도 “4월 총선 전까지 정부의 추가적인 정책 드라이브가 있으리라고 예상되는 만큼 조정 시엔 매수 대응이 적절하다고 판단한다”고 조언했다. 이와 함께 엔비디아의 실적 불확실성이 사라지면서 IT 기업들의 주가가 긍정적으로 반응한 점이나 다음 달 4일 양회(전국인민대표대회·전국인민정치협상회의)를 시작하는 중국 정부가 성장률 목표 제시와 함께 경기 부양을 위한 새로운 조치와 혜택을 발표할 수도 있다는 점은 이번 주 국내 증시에 영향을 줄 수 있는 요인이라는 게 증권가 분석이다. 주간 주요 이벤트로는 △27일 미국 S&P/CS 주택가격지수 △29일 미국 1월 PCE 물가 △1일 한국 2월 수출입, 중국 2월 국가통계국·차이신 제조업 구매관리자지수(PMI), 미국·유로존 2월 제조업 PMI △2일 미국 2월 미시간대 소비자심리지수 확정치 등을 꼽았다."
    },
    {
        "title": "엔비디아 효과에…IT지수 레버리지 ETF 수익률↑[펀드와치]",
        "date": "2024.02.25. 오전 9:08",
        "content": "‘TIGER 200 IT 레버리지’ 한주간 7.15% 상승엔비디아에 HBM 공급 SK하이닉스 주가 급등[이데일리 원다연 기자] ‘엔비디아 효과’에 SK하이닉스 주가가 급등하며 코스피200 IT지수를 2배로 추종하는 펀드의 수익률이 치솟았다. 기관의 매수세가 몰리며 2차전지 산업지수를 2배로 추종하는 펀드도 높은 수익률을 냈다. 25일 펀드평가사 KG제로인에 따르면 순자산액(클래스 합산) 100억원 이상, 운용기간 1개월 이상인 국내 주식형 펀드 중 최근 일주일(2월 16~22일) 미래에셋자산운용의 ‘TIGER 200 IT 레버리지’ 상장지수펀드(ETF)의 수익률이 7.15%로 가장 높은 성과를 낸 것으로 집계됐다. \n\n\n\n(그래픽=이데일리 김일환 기자)TIGER 200 IT 레버리지는 코스피200 IT지수의 일일 수익률을 2배로 추구한다. 구성 종목은 SK하이닉스(000660), 삼성전자(005930), 삼성SDI(006400), LG전자(066570), LG(003550) 등의 순으로 비중이 높다. 엔비디아가 지난 4분기 ‘어닝 서프라이즈’를 기록하며, 엔비디아에 고대역폭메모리(HBM)를 공급하고 있는 SK하이닉스 주가가 급등한 영향이다. SK하이닉스는 같은 기간 5.25% 상승했다. 이어 미래에셋자산운용의 ‘TIGER 코스닥150 바이오테크’ ETF가 6.89%로 같은 기간 두 번째로 높은 수익률을 기록했고, 한화자산운용의 ‘ARIRANG K방산Fn’ ETF(6.34%), 미래에셋자산운용의 ‘TIGER 200 철강소재’ ETF(5.89%)의 수익률이 뒤를 이었다. 국내 2차전지 산업 전반에 2배로 투자하는 삼성자산운용의 ‘KODEX 2차전지산업 레버리지’ ETF도 4.96%의 수익률을 냈다. 해당 ETF는 기관이 106억원 규모를 순매수하며 상승세를 이끌었다. 같은 기간 전체 국내 주식형 펀드 수익률은 2.00%를 기록했다. 코스피는 미국 소비자물가지수(CPI)와 생산자물가지수(PPI)의 악재에도 엔비디아의 어닝 서프라이즈에 반도체 업종을 중심으로 외국인과 기관의 순매수가 유입되면서 상승했다. 정부의 ‘기업 밸류업 프로그램’ 세부안 발표를 앞두고 보험 업종을 비롯한 ‘저 PBR(주가순자산비율)’ 업종의 강세는 이어졌다. 코스닥은 2차전지 관련주가 강세를 보이며 크게 상승했다. 해외 주식형 펀드의 주간 수익률은 -0.51%를 기록했다. 국가별로는 중국의 수익률이 1.84%로 가장 높았다. 섹터별로는 기초소재섹터가 1.90%로 가장 높은 수익률을 보였다. 개별 상품 중에선 삼성자산운용의 ‘KODEX 차이나H레버리지’ ETF의 수익률이 9.16%로 가장 높았다.한 주간 글로벌 증시는 상승세를 보였다. S&P 500은 엔비디아의 실적 발표를 앞두고 조정 양상을 보였지만, 엔비디아의 어닝 서프라이즈에 기술주 중심으로 투자심리가 개선되며 상승했다. NIKKEI 225는 또다시 상승하며 버블 경제 시기 기록했던 최고가를 경신했다. EURO STOXX 50은 유로존 서비스업 구매관리자지수(PMI)가 개선되며 경기회복에 대한 기대감이 커지며 올랐고, 상해종합지수는 중국 당국의 증시 안정 대책에 크게 상승했다. 한 주간 국내 채권금리는 하락세를 보였다. 국내 채권금리는 한국은행 금융통화위원회에서 만장일치로 금리를 동결한 가운데 한 금융위원이 향후 금리 인하 가능성을 열어놔야 한다고 주장하며 금리 인하 가능성 기대에 내렸다. 또한 물가가 목표 수준에 근접하고 있다는 기대가 커지며 채권은 강세를 보였다. 자금 흐름을 살펴보면 주식형펀드의 설정액은 전주 대비 1459억원 감소한 20조479억원으로 집계됐다. 채권형 펀드의 설정액은 1839억원 감소한 21조1663억원, 머니마켓펀드(MMF)의 설정액은 7239억원 증가한 169조9111억원으로 나타났다."
    },
    {
        "title": "첫 언급 한 달 만에 드러나는 밸류업…새로운 출발일까, 실망일까 [선데이 머니카페]",
        "date": "2024.02.25. 오전 9:03",
        "content": "정부 26일 밸류업 세부안 발표 예정밸류업 하나만으로 저평가 해소 불가日처럼 기업 실적 개선과 호응 필수일부 기업 중심으로 밸류업 참여 조짐“한국 시장 재평가의 시발점 될 것”\n\n\n\n23일 오후 서울 중구 하나은행 딜링룸에서 직원들이 업무를 보고 있다. 연합뉴스[서울경제] 지난 한 달 동안 국내 증시에서 가장 뜨거운 주제였던 정부의 ‘기업 밸류업 프로그램’ 발표가 하루 앞으로 다가왔습니다. 34년 만에 신고가를 기록한 일본 닛케이처럼 우리도 ‘코리아 디스카운트(한국 증시 저평가)’를 벗어나자는 공감대가 형성돼 있는 만큼 관심이 집중되고 있습니다. 외국인들도 지난달 17일 밸류업 계획 발표 이후 8조 원 넘게 순매수하는 등 호응하는 모습입니다.다만 밸류업 발표가 다가올수록 시장 반응도 엇갈리고 있습니다. 상장기업 스스로 기업가치를 높일 수 있도록 방안을 마련하겠다는 취지는 좋지만 이를 실행할 수 있는 수단이 충분하냐는 의구심 때문입니다. 정책 발표 내용이 시장 예상을 뛰어넘지 못한다면 실망 매물이 나올 수 있다는 회의적인 반응도 나옵니다. 그러나 이번 기회를 통해 정부가 중장기적인 체질 개선을 추진한다면 이번엔 정말 다를 수 있다는 기대감도 있습니다.\n\n\n\n윤석열 대통령이 지난달 17일 서울 여의도 한국거래소에서 열린 '국민과 함께하는 민생토론회 - 네번째, 상생의 금융, 기회의 사다리 확대'에서 발언하고 있다. 연합뉴스윤석열 대통령은 새해 첫 거래일인 지난달 2일 한국거래소를 방문해 금융투자소득세 폐지를 공식화하면서 코리아 디스카운트를 해소하겠다고 발언했습니다. 현직 대통령으로서 처음 증시 개장식에 참석하면서 의지를 보인 셈입니다. 같은 달 17일 민생토론회에서 다시 한번 코리아 디스카운트 해결을 강조했고, 이때 처음 상장사 기업가치 제고를 유도하기 위한 ‘기업 밸류업 프로그램’이 언급됩니다.이때 정부는 상장사 주가가 기업 가치보다 낮게 평가되는 현상을 극복하고 시장 평가를 제고할 수 있도록 ‘기업 밸류업 프로그램’을 운영하겠다고 밝힙니다. 기업지배구조 보고서에 기업가치 제고 계획을 기재하도록 하고, 공시우수법인 선정시 가점을 부여하는 등 내용이 간략하게 포함됐습니다. 주주가치가 높은 기업들도 구성된 상품지수를 개발하고 이를 추종하는 상장지수펀드(ETF)를 상장하는 방안도 거론했습니다.정부는 실제로 개인종합자산관리계좌(ISA) 납입액과 비과세 한도를 상향하는 등 증시 수요 기반을 확충했습니다. 특히 코리아 디스카운트 요인으로 꼽혀왔던 물적 분할, 내부자거래, 자사주, 배당절차 관련 제도 등에 대한 개선 방안을 연일 내놓으면서 의지를 보였습니다. 26일 발표하는 내용은 조금 더 구체적인 세부 방안이 담길 것으로 보입니다.\n\n\n\n지난 16일 일본 증시의 대표 주가지수인 닛케이225 평균주가(닛케이지수)가 역대 최고치에 근접한 38859를 기록하고 있다. 연합뉴스기업 참여를 확실하게 끌어내려면 당근과 채찍이 분명해야 합니다. 그러나 주주환원을 하지 않았다는 이유로 상장폐지를 할 수 없을 뿐만 아니라 정부 차원에서 할 수 있는 페널티가 뚜렷하지 않습니다. 인센티브로는 세제 혜택이 유력하지만 총선 일정과 법 개정 절차 등을 고려하면 당장 체감하기 어려울 수 있습니다. 기업 명단을 공개하는 ‘네이밍 앤드 셰이밍(naming and shaming·이름 거론해 망신 주기)’를 가장 강력한 페널티이자 인센티브로 활용한다는 방침이지만 기업 참여를 끌어내기엔 역부족일 수 있다는 우려도 나옵니다.기업 밸류업 프로그램 하나만으로 극적인 변화가 나타날 가능성도 크지 않습니다. 일본 사례를 볼 때 대내외 여건도 중요한 변수이기 때문입니다. 일본이 증시 저평가를 벗어난 이유는 10년이 넘도록 오랫동안 정책을 꾸준히 추진한 가운데 기업 실적과 완화적 통화정책 등이 맞물린 결과로 봐야 합니다. 미국 주가 움직임에 연동된 것도 일본 증시 호황의 배경으로 꼽힙니다.먼저 지난해 4분기 일본 기업들의 절반 이상은 시장 예상을 뛰어넘는 실적을 거뒀습니다. 일본은행도 완화적 통화정책을 지속하면서 엔화 약세가 이어졌습니다. 일본 정부가 대형 손해보험사에 대해 타사와의 관계 때문에 가지고 있는 정책보유주 매각을 요구하는 등 다양한 정책을 도입하기도 했습니다. 무엇보다 일본 증권거래소가 내놓은 기업가치 제고 방안에 기업들이 적극적으로 호응했기 때문에 밸류업이 성공할 수 있다고 합니다.\n\n\n\n우리는 한국은행의 금리 인하를 기대하기 어려운 시점인 만큼 결국 기업들의 실적 개선과 함께 참여 강도가 밸류업 프로그램의 성패를 좌우할 것으로 보입니다. 긍정적인 것은 국내 기업 가운데 밸류업에 화답하는 움직임이 관찰된다는 겁니다.현대차와 기아는 실적 호조를 바탕으로 주주 환원에 적극적으로 나선 상태입니다. 메리츠금융지주는 지난해 총주주 환원액이 1조 883억 원으로 주주 환원 성향이 51%로 금융주에서도 가장 높은 수준을 기록했습니다. 미래에셋증권도 업계 최초로 실적과 상관없이 매년 자사주 1500만 주 이상 소각 계획을 밝히면서 ‘코리아 디스카운트’ 해소에 적극적으로 나섰습니다. 삼성액티브운용은 이미 1호 밸류업 ETF 출시 계획을 밝혔습니다.외국인 투자자들이 일본 시장에서 학습 효과를 얻은 만큼 국내 증시에서도 매수세가 계속될 수 있다는 분석도 있습니다. 거래소가 관련 인덱스를 준비하는 가운데 국민연금도 기업가치 제고를 노력하는 국내 주식을 발굴하기 위한 위탁운용사 선정에 나섰습니다. 상장 공기업들도 경영평가에 주주가치 제고 항목을 도입하기로 했습니다.신승진 삼성증권 수석연구위원은 “26일 밸류업 발표가 예정돼 있는데 정책에 대한 기대감도 있지만, 발표 이후 하락을 걱정하는 시각도 분명 있다”며 “하지만 단기 이벤트 소진으로 하락하더라도 이번 밸류업 프로그램은 한국 시장 재평가의 시발점으로 생각한다”고 했습니다."
    },
    {
        "title": "'밸류업' 당장 내일인데…\"내 주식 놔둬도 될까요\"",
        "date": "2024.02.25. 오전 8:21",
        "content": "베일의 '기업 밸류업 프로그램'…내일 발표개미들 \"내 주식 오를까 내릴까\" 걱정증권가 \"정부 드라이브 정책…내리면 매수기회\"\n\n\n\n23일 오후 서울 중구 하나은행 딜링룸에서 직원들이 업무를 보고 있다. 사진=연합뉴스시장의 시선은 온통 다음 날에 집중돼 있다. 상장사 저평가 해소 대책인 '기업 밸류업 프로그램'의 세부내용이 발표되는 날이기 때문이다. 그동안은 소문만 가득했던 탓에 너 나 할 것 없이 관련주로 묶였지만 이날을 기점으로 '진짜 수혜주' 윤곽이 드러날 전망이다.선반영된 재료인 만큼 발표 이후 관련주들이 조정을 겪을 것이라는 우려도 나온다. 하지만 대부분 전문가들은 어떤 경우라도 좋다는 분석이다. 수혜가 확실한 정부 정책인 만큼 주가가 밀리면 매수 기회로 삼는 게 바람직하다는 얘기다.25일 금융투자 업계에 따르면 오는 26일 오전 정부가 직접 추진하는 '기업 밸류업 프로그램'의 세부 방안이 공개된다. 밸류업 프로그램은 기업지배구조 보고서에 기업가치 제고계획을 써넣도록 해 공시 우수법인 선정시 가점을 부여하는 게 골자다. 주주환원을 촉진할 수 있도록 이 과정에서 세무조사 유예 등 다양한 세제 인센티브를 마련한다. 주주가치가 높은 기업들로 꾸려진 신규지수 ETF를 도입하는 내용도 담긴다. 이런 계획들은 앞서 일본 증권거래소가 진행한 기업지배구조 개선 정책을 상당부분 참고한 것이다.밸류업 프로그램이 시장의 뜨거운 관심을 받은 만큼 당국은 발표일 직전까지 전문가들을 매일 불러모아 방안을 정비했다. 이들이 마지막까지 고민한 사안은 기획재정부의 협조가 필요한 세제 지원 부문이다. 그럼에도 제재가 아닌 인센티브에 방점을 찍는 만큼 강제성보다는 업계 자율로 증시 저평가 문제를 해소하겠다는 게 금융당국 의지다.주식 투자자들은 긴장 모드다. 지난달 중순 이후 밸류업 프로그램의 계획이 공개된 뒤로 주가순자산비율(PBR)이 낮은 종목들 중심으로 주가가 크게 뛰었던 만큼 재료 소멸로 단기 조정을 받을까하는 걱정이다. PBR이 낮은 종목이 한둘이 아닌 만큼 정책 발표 이후에는 수혜주가 보다 좁게 특정될 수밖에 없기 때문이다. 지난 23일 기준 유가증권시장에선 PBR 1배 미만 종목이 534개, 코스닥시장에선 575개로 양대 시장을 합해 1100여곳에 달한다.다만 증권가에선 관련주가 추세적인 상승세를 보일 가능성이 높다고 봤다. 또 단기 급등한 만큼 차익실현 매물이 나올 수는 있지만 이는 오히려 매수 기회로 삼아야 한다는 의견이다.\n\n\n\n2월 16~22일 국내 주식시장 지수, 스타일, 섹터, 업종별 성과. 자료=신한투자증권, 에프앤가이드발표일 직전 거래일인 23일 증시만 봐도 저PBR주와 주주환원 기대감이 높은 종목은 강세를 띠었다. 메리츠금융지주는 9% 상승했고 KB금융(1.39%)과 신한지주(1.64%), 삼성생명(3.8%), 하나금융지주(3.33%) 등 금융·보험주들이 줄줄이 올랐다.  이재원 신한투자증권 연구원은 \"일본의 경우 기시다 정부가 새 자본주의 구체안을 내놓은 뒤로 1년 반가량이나 영향권에 놓였다. 우리나라 밸류업 프로그램도 국내 증시에 중요한 영향력을 행사할 전망\"이라며 \"정책 강도가 관건이 되겠지만, 가치주를 중심으로 정책 발표 이후로도 두루 상승 흐름을 보일 것으로 보인다\"고 말했다.김영환 NH투자증권 연구원은 \"많은 관심이 쏟아졌던 정책이라 실제 발표되는 내용이 기대를 웃돌기는 쉽지 않다. 또 이달 28일과 29일 이틀간 자동차와 은행들의 배당기준일이 예정돼 있어, 저PBR주에 대한 단기차익 실현매물이 출회될 수 있\"고 밝혔다. 그러면서도 \"4월 총선 전까지 정부의 추가적인 정책 드라이브가 있을 것으로 예상되는 만큼 조정 시에는 사들이는 게 적절하다\"고 덧붙였다.한편 앞서 일본 증시는 밸류업 프로그램 도입 직후인 지난해 3월 이후 가치주와 고배당주가 글로벌 대비 뚜렷하게 약진하는 모습을 보였다. 시장 규모별로 살펴보면 대형주와 중형주가 크게 뛴 반면 소형주는 부진했다."
    },
    {
        "title": "밸류업 코앞 '높아진 변동성'…\"차익실현에 단기조정 가능\" [주간전망]",
        "date": "2024.02.25. 오전 8:02",
        "content": "밸류업 드디어 발표…증시 구원투수될까은행주 배당락 등 부담 요인도\n\n\n\n지난 23일 서울 중구 하나은행 딜링룸. 사진=연합뉴스모멘텀이 부재한 우리 증시의 '구원투수'로 불리는 기업 밸류업 프로그램의 세부내용이 이번 주 첫날 발표된다. 지난주 밸류업 효과 등으로 상승한 코스피지수가 이번 주(2월 26~29일)에도 정책 모멘텀을 받아 양호한 흐름을 이어갈 수 있을지 주목된다. 25일 한국거래소에 따르면 지난 한 주 유가증권시장과 코스닥시장 등 양대 시장에서 개인과 기관이 각각 6536억원, 1934억원어치 팔아치웠고 외국인 홀로 9984억원어치 순매수했다. 직전 거래일인 23일 코스피지수는 전주보다 0.72% 상승한 2667.7에 장을 끝냈다. 코스닥지수는 전주 대비 1.28% 뛴 868.57에 거래를 마쳤다. 유가증권시장에선 외국인의 순매수세가, 코스닥시장에선 개인의 순매수세가 돋보였다.한편 23일(현지시간) 뉴욕증시는 실적 호조에 급등세를 연출했던 엔비디아에 대한 흥분이 다소 진정세를 보이면서 혼조세를 기록했다. 다우지수와 S&P500지수는 전날에 이어 또 한 차례 사상 최고치를 경신했다.뉴욕증권거래소(NYSE)에서 다우존스30산업평균지수는 전장보다 62.42포인트(0.16%) 오른 3만9131.53으로 거래를 마쳤다. 스탠더드앤드푸어스(S&P)500지수는 전장보다 1.77포인트(0.03%) 상승한 5088.8으로, 나스닥지수는 전장보다 44.80포인트(0.28%) 내린 1만5996.82로 장을 끝냈다.증권가는 상장사 저평가 해소 대책인 '기업 밸류업 프로그램'을 앞둔 만큼 증시가 이번 주 변동성 높은 흐름을 보일 것으로 내다봤다. 오는 26일 오전에는 정부가 밸류업 프로그램의 세부 방안이 공개될 예정이다. 밸류업 프로그램은 기업지배구조 보고서에 기업가치 제고계획을 써넣도록 해 공시 우수법인 선정시 가점을 부여하는 게 골자다. 주주가치가 높은 기업들로 꾸려진 신규지수 ETF를 도입하는 내용도 포함된다.정부가 드라이브를 거는 정책인 만큼 중장기적으로는 주가 부양에 이득이라는 평가가 지배적이다. 다만 발표 직후 재료 소멸로 차익실현이 나올 수 있다는 점은 부담이다. 여기에 은행주 배당락까지 맞물리면서 가치주 테마가 단기적으로 약화할 가능성이 있다는 분석이다. NH투자증권은 이번 주 코스피지수 주간 예상 밴드로 2600~2720선을 제시했다.김영환 NH투자증권 연구원은 \"이미 정책에 대한 많은 예상들이 언급되고 있는 상황\"이라며 \"실제 발표되는 정책이 기대를 웃돌기는 쉽지 않는다. 또 이달 28~29일 이틀간 은행과 자동차사들의 배당기준일이 예정돼 있어, 저PBR주들에 대한 단기차익 실현매물이 출회될 수 있다\"고 전했다.다만 \"4월 총선 전까지 정부의 추가적인 정책 드라이브가 있을 것으로 예상되는 만큼 조정 시에는 매수 대응이 적절해 보인다. 종목간 차별화를 예상하고 대응할 필요가 있다\"고 덧붙였다.김수연 한화투자증권 연구원은 \"지난 한 달 동안 일부 업종에 대한 주주환원 기대가 주가에 반영됐다. 산업재와 자동차 등이 대표적인데 이들 업종은 2022년 잉여현금흐름 대비 주주환원율이 지난 9년 평균보다 낮아 정상화 가능성이 높다\"며 \"그러면 주가도 저점을 높일테니 이들 업종에 대해 굳이 매수를 주저할 필요는 없어보인다\"고 말했다."
    },
    {
        "title": "워런 버핏도 日 주목…아베가 쏜 '3개 화살'에 '잃어버린 34년' 되찾았다",
        "date": "2024.02.25. 오전 8:00",
        "content": "[버블 극복한 日증시]② 10여 년 간 이어진 기업 구조 개혁中 이탈한 외인 자금 日로 쏠려…자국민 투자 활성화도 만전\n\n\n\n워런 버핏 ⓒ 로이터=뉴스1 ⓒ News1 정희진 인턴기자(서울=뉴스1) 김정은 기자 = 일본 증시 대표 주가지수 닛케이225 평균주가(닛케이지수)가 34년 전 '버블(거품) 경제' 시기 기록도 뚫었다. 역대급 엔화 약세에 힘입은 수출 기업 호조에 더해 일본 정부의 증시 부양에 대한 강력한 의지가 맞물리면서다. 하지만 일본 증시 부활의 역사는 단기간의 결과물이 아니다. 일본 증시 제2의 전성기는 아베 전 총리가 쏘아올린 '3개의 화살'이 10여 년간의 비행을 성공적으로 마친 결과다. ◇'슈퍼 엔저'에 수출 호조…주주환원 강화 더해져 日 증시 활황아베 전 총리는 2012년 '아베노믹스'의 핵심으로 3개의 화살(금융·재정·성장)을 제시했다. 양적 완화와 재정지출 확대, 기업 구조 개혁이 그 내용이다. 아베 전 총리는 이 중 기업 구조 개혁을 통한 자본시장 부양을 성장의 화살로 삼았다. 2014년엔 아베 내각의 경제 책사였던 이토 구니오 히토츠바시대학 교수가 '이토 보고서'를 내놨다. 주주권을 강화하는 기업 지배구조 개선이 일본 경제에 활력을 불러일으킬 수 있다는 내용이다. 아베 전 총리는 이 보고서를 참고해 중장기적인 시각에서 증시 부양 여건을 마련했다.코로나19 이후 전 세계적인 고금리 긴축 기조에 달러가 강세를 나타내며 엔화는 유독 약세를 보였고, 이는 수출 기업의 호조로 이어졌다. 또 지난해 일본 도쿄증권거래소가 주당순자산가치(PBR) 1배 미만인 상장기업들을 상대로 자본수익성과 성장성을 높이기 위한 개선 방침과 구체적인 이행 목표를 요구하면서 아베 전 총리의 화살이 명중에 성공한 것이다.도쿄증권거래소는 PBR 1배 미만 기업에 대해 퇴출 가능성까지 거론하는 등 극약 처방을 내놨다. 일본의 경우 10년에 걸쳐 주주권 강화를 위해 노력해 온 만큼 '민간의 힘' 역시 기업들 입장에선 무시할 수 없는 압박 요소로 작용했다. 이에 도요타와 소니, 미쓰비시 등 일본 증시 대표 기업들은 자사주 매입이나 배당 확대 등 주주환원 보따리를 풀어놨다.그 결과 일본 기업들의 자기자본이익률(ROE)은 코로나19 이후 9.1%로, 배당 성향은 33.6%로 뛰었다. 도쿄증권거래소에 따르면 프라임시장 상장 기업 중 PBR 1배 이하 기업은 51%에서 41%로 개선됐다.\n\n\n\nⓒ News1 김초희 디자이너◇글로벌 수급 키워드 '탈중국'…日 지난해 외인 기록적 순매수일본 증시가 저평가의 늪을 탈피하자 글로벌 자금도 일본으로 흘러 들어갔다. 미·중 디커플링이 장기화하면서 불안해진 중국 시장 대신 일본 증시에 수급이 집중됐다. 시장 규모와 정부 성향 등을 고려했을 때 일본이 중국을 충분히 대체할 수 있다는 판단에 따라 '탈중국'이 글로벌 수급의 키워드로 떠올랐다.NH투자증권에 따르면 지난해 1월부터 11월까지 외국인 투자자들은 일본 시장에서 3조 6000억 엔어치를 사들였다. 지난해 4~6월에는 6조 1000억 엔 가량을 사들이며 기록적인 순매수를 달성하기도 했다. 외국인 투자자들은 2022년까지만 해도 일본 시장에서 2조 2500억 엔을 순매도했다. 특히 '투자의 귀재' 워런 버핏 버크셔해서웨이 회장이 일본 종합상사를 포트폴리오에 대거 담으면서 글로벌 자금의 마중물이 됐다. 워런 버핏 회장은 지난해 일본을 방문해 일본 투자를 늘리겠다고 밝혔다. 버크셔해서웨이는 미쓰비시상사를 포함한 일본의 5대 상사 지분을 꾸준히 늘리고 있다.아울러 일본 정부는 오랜 불황에 주식 투자에 담을 쌓아왔던 자국민을 시장으로 끌어내는 데도 성공했다. 일본 정부는 올해 1월부터 '일본판 ISA'인 신(新) 소액투자 비과세제도(NISA)를 도입했다. 새로운 NISA는 비과세 연간 납입 한도액을 360만 엔, 누적 1800만 엔으로 기존 대비 3배 늘리고 기간도 무기한으로 풀었다.실제 일본 개인 투자자들의 자국 주식 순매수세는 눈에 띄게 증가하는 추세다. 신한투자증권에 따르면 지난해 연말 1조 엔에도 못 미쳤던 일본 내 개인 누적 순매수 금액은 올 초 2조 엔을 넘어섰다. 이에 예금에 편중된 일본 개인들의 자산이 향후 주식으로 옮겨갈 거란 '머니 무브' 기대가 형성되고 있다는 분석이 나온다."
    },
    {
        "title": "[마켓인사이트] 밸류업 뚜껑 열어봐야…랠리 지속 vs 실망 매물",
        "date": "2024.02.25. 오전 7:00",
        "content": "저PBR 모멘텀 약화에도 코스피 연 5주 상승…코스닥에 수익률 뒤져관건은 밸류업 대책 강도 \"4월 총선까지 정부 추가 정책 드라이브 예상\"(서울=연합뉴스) 조성흠 기자 = 2월 넷째 주 주식시장은 기업 밸류업 프로그램에 대한 기대에 엔비디아발 훈풍이 더해지면서 5주째 상승 흐름을 이어갔다.    주초 2,680대로 올라선 뒤 조정을 받은 코스피는 미국 엔비디아의 깜짝 실적 영향으로 반등한 데 이어 약해졌던 저PBR(주가순자산비율)주의 상승 탄력이 주 후반 살아나면서 2,660선을 지켰다.    금주는 코리아 디스카운트 해결을 공언한 정부의 기업 밸류업 프로그램 세부안이 주초(26일) 공개될 예정이어서 관심이 집중된다.    시장의 기대에 부합하는 내용이 담긴다면 한 달 이상 이어져 온 저PBR 랠리가 확산할 가능성이 있지만, 자칫 높아진 눈높이에 못 미칠 경우 실망 매물을 불러올 수 있다는 관측이 나온다.\n\n\n\n코스피, 2,660대 강보합 마감…코스닥은 내려(서울=연합뉴스) 진연수 기자 = 23일 오후 서울 중구 하나은행 딜링룸에서 직원들이 업무를 보고 있다. 이날 코스피 종가는 전 거래일보다 3.43포인트(0.13%) 오른 2,667.70으로 집계됐다. 코스닥지수는 전 거래일보다 1.54포인트(0.18%) 내린 868.57로 장을 마쳤다. 2024.2.23 jin90@yna.co.kr 코스피 한주간 0.71% 상승…코스닥 1.27% 올라    25일 연합인포맥스와 한국거래소에 따르면 코스피는 지난 23일 코스피는 2,667.70으로 한 주간(19~23일) 0.71% 올라 1월 마지막주를 시작으로 5주 연속 상승했다.    업종별로 보면 전기가스(10.86%), 보험(5.80%), 금융업(2.19%) 등 기업 밸류업 프로그램의 수혜 예상되는 저PBR 업종이 강세를 보였다.    섬유의복(2.87%), 운수창고(1.94%), 의료정밀(1.54%), 종이목재(1.41%), 전기전자(1.30%) 등도 오른 반면 화학(-2.68%), 철강금속(-1.13%), 기계(-1.02%) 등은 내렸다.    외국인 투자자는 유가증권시장에서 한 주간 9천750억원을 순매수하며 상승장을 주도했다. 기관도 2천500억원을 순매수했으나 개인은 1조3천140억원을 순매도하며 차익실현에 집중했다.    이 같은 수급 구도는 수주째 지속되고 있다. 이달 들어 외국인은 7조460억원을 순매수한 반면 개인은 8조2천850억원을 순매도했다. 기관은 1조2천800억원 순매수를 기록했다.    유가증권시장에 집중된 저PBR 가치주의 상승 강도가 약화된 가운데 성장주로 순환매가 이뤄지면서 코스닥시장이 수익률에서 유가증권시장을 앞섰다.    코스닥지수는 868.57로 한 주간 1.27% 오르며 3주째 상승세를 이어갔다. 전주에는 3.75% 올라 코스피(1.08%)에 비해 상승폭이 두드러졌다.\n\n\n\n예상치 상회 실적 발표한 엔비디아(사라예보 로이터=연합뉴스) 인공지능(AI) 반도체를 장악하고 있는 미국 반도체 기업 엔비디아가 21일(현지시간) 시장 예상치를 웃도는 지난해 4분기 실적을 발표하면서 시간 외 거래에서 주가가 7% 이상 상승했다. 사진은 엔비디아 로고. 2024.02.22 passion@yna.co.kr 엔비디아 열풍, 국내선 '찻잔 속 태풍'    지난주 국내 증시는 미국 AI(인공지능) 반도체업체 엔비디아의 실적 호재가 약화된 저PBR 모멘텀의 공백을 메우며 상승 동력으로 작동했다.    엔비디아가 4분기 시장의 예상을 크게 웃도는 실적을 발표하면서 반도체주와 AI 관련 종목들이 저PBR주로부터 주도주 자리를 넘겨받을 것이란 기대감이 컸다.    그러나 엔비디아에 고대역폭 메모리를 독점 공급 중인 SK하이닉스만 신고가 행진을 이어갔을 뿐 대장주인 삼성전자나 다른 반도체 종목들로는 기대만큼 열기가 확산되지 않았다.    국내 반도체주는 엔비디아 실적이 공개된 직후인 22일 하루 반짝 상승에 그쳤을 뿐이고 증시 전반의 상승 강도는 약했다.    다우존스30평균지수와 닛케이225평균주가가 사상 처음으로 각각 39,000선을 돌파하는 등 반도체주 주도의 투자 열기가 고조된 미국, 일본 증시와는 차이가 컸다.    이를 두고 미국·일본과 중국 사이에 낀 한국 경제와 증시의 불확실성 때문이라는 분석이 나온다. 중국 인민은행은 지난 20일 기준금리를 역대 최저 수준으로 인하했으나 중국의 경기침체 장기화 우려는 수그러들지 않고 있다.\n\n\n\n한국거래소[한국거래소 제공. 재판매 및 DB 금지] 밸류업 대책 강도가 관건 \"4월 총선까지 정부 추가 정책 드라이브 예상\"    이번 주는 정부의 기업 밸류업 프로그램 발표가 초미의 관심사다.    연초 부진에 빠졌던 증시는 지난달 17일 정부가 밸류업 프로그램 도입을 예고한 뒤 반등해 꾸준히 우상향해왔다.    수혜가 예상되는 저PBR 업종으로 분류된 보험(32.68%), 증권(21.71%), 전기가스(21.21%), 금융(21.06%), 운수장비(18.22%) 등이 그사이 고공행진을 벌였다.    이미 여러 기업들이 자사주 소각 등 주가 부양 정책을 앞다퉈 내놓는 등 정부 정책에 호응하는 모습이다.    주주환원의 방향성이 예고됐고 시장이 이에 호응한 만큼 이번 발표의 관건은 대책의 강도라는 것이 증권가의 대체적인 의견이다.    정부가 시장의 눈높이에 부합하는 대책을 내놓을 것이란 기대가 적지 않다. 이럴 경우 한 달 이상 이어진 상승장이 연장될 것이란 낙관론이 우세하다.    황준호 상상인증권 연구원은 \"밸류업 프로그램에 대한 기대감으로 외국인 투자자의 순매수가 이어질 것으로 예상된다\"며 \"해당 이슈로 인한 상승 모멘텀은 지속될 것\"이라고 내다봤다.    강재현 SK증권 연구원은 \"실망 매물이 대량으로 쏟아지기는 어려울 것\"이라며 \"그럼에도 불구하고 정책 발표 후 매물이 나온다면 오히려 매수 기회로 삼아야 한다고 판단된다\"고 말했다.    이경민 대신증권 연구원은 \"2월 말 이후 코스피는 저PBR주에서 수출주, 성장주로 바통을 터치한 다음 막판 스퍼트를 할 것으로 예상된다\"며 코스피 목표치를 2,750으로 제시했다.    반면 투자자의 기대대로 강도 높은 주주환원책이 담기지 않을 경우 과열 상태인 저PBR 종목들의 매물 소화 과정이 불가피할 것으로 전망된다. 아울러 이미 과열 상태로 판단한 매물이 나올 경우 지수가 조정 국면을 거칠 수 있다.    김영환 NH투자증권 연구원은 \"실제 발표되는 정책이 기대를 상회하기는 쉽지 않다\"며 \"28~29일 양일간 자동차기업과 은행들의 배당기준일이 예정돼 있어 저PBR 주식들에 대한 단기 차익실현 매물이 출회될 수 있다. 다만 4월 총선 전까지 정부의 추가적인 정책 드라이브가 있을 것으로 예상되는 만큼 조정 시에는 매수 대응이 적절하다\"고 밝혔다.    NH투자증권은 이번주 코스피 전망치를 2,600~2,720으로 제시했다.    또 금주에는 미국 4분기 국내총생산(GDP) 잠정치, 1월 개인소비지출(PCE) 물가지표 및 2월 공급관리협회(ISM) 제조업지수 등 발표가 예정돼 있다.    이들 이벤트 모두 단기적으로 금리에 상방 압력이 있을 수 있는 사안들인 만큼 가격 부담이 커진 미국 증시에서 단기적으로 차익 실현 욕구가 커질 수도 있다고 SK증권은 예상했다.    이번 주 국내외 주요 경제지표 발표와 일정(한국 기준)은 다음과 같다.    ▲ 26일 한국 기업 밸류업 프로그램 발표, 미국 1월 신규주택판매    ▲ 28일 미국 4분기 국내총생산(GDP)(수정치)    ▲ 29일 미국 1월 개인소비지출(PCE) 물가    ▲ 30일 한국 2월 수출입, 미국 2월 공급관리협회(ISM) 제조업지수    josh@yna.co.kr"
    },
    {
        "title": "금감원장, 개미투자자 만난다…공매도 관련 직접 소통",
        "date": "2024.02.25. 오전 6:06",
        "content": "내달 한투연·'배터리 아저씨'와 국내외 증권사 참여 토론회 개최\n\n\n\n금융감독원, 공매도 특별 조사단 출범(서울=연합뉴스) 최재구 기자 = 이복현 금융감독원장이 5일 정부서울청사에서 임시 금융위원회를 마친 뒤 공매도 특별 조사단을 출범한다고 밝히고 있다. 2023.11.5 jjaeck9@yna.co.kr    (서울=연합뉴스) 채새롬 기자 = 이복현 금융감독원장이 공매도 제도 개선과 관련해 개인 투자자들과 직접 만나 의견을 듣는다.     작년 금감원의 대규모 불법 공매도 적발을 계기로 공매도 제도 개선을 추진하는 과정에서 개인 투자자들의 요구사항까지 들으며 적극적인 소통 행보를 보이는 것으로 해석된다.     25일 금융투자업계에 따르면 금융감독원은 다음 달 13일 이복현 원장 주재로 공매도 관련 토론회 개최를 준비하고 있는 것으로 알려졌다.     행사는 언론에 공개되며 정의정 한국주식투자자연합회 대표, '배터리 아저씨'로 알려진 박순혁 작가가 개인 투자자 대표로 참석한다.     이밖에 국내 증권사와 외국계 증권사 2∼3곳, 학계·전문가 등이 공매도와 관련해 특별한 주제 제한 없이 자유로운 의견을 낼 예정이다.     그간 금융투자협회나 한국거래소 주관으로 공매도 제도 개선 관련 토론회가 열린 적은 있지만, 금융권에서는 금융당국이 직접 주관하는 토론회는 이번이 처음으로 의미가 있다고 보고 있다.     특히 금감원장이 직접 개인 투자자를 만나 관련 현안에 대해 소통하는 것은 매우 이례적인 일로, 금융당국 최고 책임자 중 한 사람이 책임감 있게 투자자와 직접 소통하겠다는 의지가 확인된다는 평가가 나온다.      금융당국 관계자는 \"그동안 공매도 관련 금융당국이 직접적으로 개인 투자자의 의견을 청취하는 기회는 별로 없었다\"며 \"자유로운 소통 기회를 열어놓는다는 면에서 의미가 있다\"고 설명했다.     이 자리에서 금감원은 공매도 전산시스템 구축과 관련해서도 진척 상황을 설명할 것으로 예상된다.     금감원이 주축이 된 '무차입 공매도 전산시스템 구축 태스크포스(TF)는 공매도 거래 기관투자자의 내부 전산시스템 구축과 함께 무차입 공매도를 실시간으로 차단하기 위한 시스템 실현 방안을 논의하고 있다.     개인 투자자들은 무너진 신뢰를 회복하기 위해 실시간 주식 잔고 매매 모니터링 시스템이 필요하다는 입장인 반면 유관 기관은 현실적으로 쉽지 않다는 입장이다.    금감원은 작년 BNP파리바, HSBC 등 외국계 IB 2곳의 대규모 불법 공매도 혐의를 적발한 뒤 글로벌 IB 10여곳을 대상으로 불법 공매도 관련 전수 조사를 벌이고 있다.     금감원은 지난 1월에도 외국계 IB 2곳에 대해서도 500억원대 규모의 불법 공매도를 추가로 적발한 바 있다.     최근 금감원 공매도특별조사단은 홍콩 출장에서 증권감독청(SFC), 통화감독청(HKMA) 등 현지 금융당국과 불법 공매도 조사와 관련한 공조 방안을 논의했다.     금감원은 불법 공매도 조사와 제도 개선이 자칫 해외 투자자들의 위축으로 이어지지 않게끔 글로벌 기관을 대상으로 설명회도 이어간다는 방침이다.     srchae@yna.co.kr"
    }
]