[
    {
        "title": "AI에게 물어보니···“한국은 모르겠고, 일본 증시 13% 오른다”",
        "date": "2024.02.24. 오후 2:41",
        "content": "AI에게 물어보니 코스피 예상 수익률 묵묵부답 MS 코파일럿 “日 시장 개혁과 경제성장 수혜”“올 연말까지 13% 오를 것” 구체적 수치 제시\n\n\n\n 코파일럿 소개하는 사티야 나델라 MS CEO인공지능(AI)에게 물어보니 일본 증시가 올 연말까지 13% 오를 것이라고 밝혔다.AI는 일본 증시 정책에 따라 변화를 시도하는 국내 증시 전망도 긍정적이라고 했지만 구체적 수익률 수치는 제시하지 않았다.24일 마이크로소프트(MS) AI 서비스 ‘코파일럿’에 따르면 올해 증시 전망을 묻는 질문에 대해 올해 코스피가 일본을 벤치마킹하고 있어 증시 환경이 개선될 것이라고 봤다. MS 코파일럿(Microsoft Copilot)은 MS가 개발한 대형 언어 모델(GPT4 기준) 기반 챗봇이다.이 서비스는 일단 코스피지수가 G20 국가 중에서 가장 큰 하락세를 보인 지수라고 밝혔다.올 들어 지난 23일까지 코스피는 0.1% 하락했다.이같은 부진에 금융 당국은 다양한 정책을 통해 일본 주식 시장을 기준으로 삼고 있다고 해석했다.일본 닛케이지수는 올해 17.5%나 올랐다.\n\n\n\n 사상 최고가 중인 닛케이지수일본 주식 시장의 성공적인 지수 개선 방안 중 하나는 기업들이 자산 가치에 비해 주식 가격을 높이도록 유도하는 것으로, 국내 정부가 이를 기준으로 삼고 있다는 것이다. 실제 오는 26일 ‘기업 밸류업 프로그램’이 발표될 예정이다.이에 따라 최근 국내 증시에선 주가자산비율(PBR)을 1 이하의 저평가 주식들이 급등하는 현상이 나타났다.PBR은 기업의 주가를 자산 가치에 대비해 평가하는 지표다. 1 미만의 비율은 주식 가격이 자산 가치의 합보다 낮다는 것을 뜻한다.일본이 이러한 정책으로 저평가 주식들의 급등과 변화를 이끌었다.MS의 코파일럿은 미국 골드만삭스의 연구를 인용해 일본에게 2024년은 금융 시장 개혁과 글로벌 경제 성장 수혜의 원년이 될 것으로 전망했다.이처럼 국내 증시 보다 일본 증시에 대한 전망이 좋은 것은 미국 월스트리트에서 국내 보다 일본에 대한 분석량이 많기 때문인 것으로 보인다."
    },
    {
        "title": "[IPO챗] '김희선 미용기기' 에이피알 상장…올해 첫 코스피 '따따블'?",
        "date": "2024.02.24. 오후 12:00",
        "content": "올해 첫 '대어급' 신규 상장…증거금 14조\n\n\n\n에이피알의 홈 뷰티 디바이스 브랜드 '메디큐브'[에이피알 홈페이지 캡처](서울=연합뉴스) 임은진 기자 = 다음 주(2월 26일∼3월 1일)에는 예상 시가 총액이 2조원에 육박하는 에이피알이 상장하면서 올해 처음으로 유가증권시장에서 '따따블'(공모가의 4배)이 나올 수 있을지 주목된다.    '김희선 미용기기'로 잘 알려진 뷰티 테크 기업 에이피알은 2014년 설립됐으며, 홈 뷰티 디바이스 브랜드 '메디큐브'와 화장품 '에이프릴', 패션브랜드 '널디' 등을 보유하고 있다.    특히 에이피알은 올해 첫 '대어급' 신규 상장사로, 시장의 큰 관심을 받았다.    이에 지난 14일부터 이틀간 일반 투자자를 대상으로 공모주 청약을 진행한 결과, 경쟁률 1천112.54대 1을 기록했다. 증거금은 약 14조원이 모였다.     투자자의 높은 관심에 대표 주관사였던 신한투자증권은 20만 명이 넘는 신규 고객을 유치한 것으로 나타났다. 공모 청약을 위해 투자자가 주관사에 계좌를 신규 개설한 영향이다.     연결 기준 지난해 3분기 누적 매출액은 3천718억원, 영업이익은 698억원으로 집계됐다. 이는 각각 전년 동기 대비 37.9%, 277.6% 증가한 수치다.    공모가는 희망 범위(14만7천∼20만원) 최상단을 초과한 25만원으로 확정했다. 이에 총 공모 규모도 947억5천만원으로 늘어났으며, 예상 시가총액 역시 1조8천961억원으로 불어날 전망이다.    에이피알은 IPO(기업공개)를 통해 조달한 자금을 시설 자금과 운영 자금으로 사용할 계획이다.\n\n\n\n케이엔알시스템 시험장비[케이엔알시스템 IR북 캡처]유압로봇 기업인 케이엔알시스템은 다음 달 코스닥 시장 상장을 앞두고 일반 투자자를 대상으로 청약을 진행한다.    지난 2000년 설립된 케이엔알시스템은 액추에이터, 컨트롤러 등 유압을 동력원으로 하는 다양한 로봇 기술을 개발해온 전문 기업이다.    유압로봇뿐 아니라 자동차와 철도, 토목, 에너지 등 다양한 산업에서 사용되는 제품 및 부품을 실제와 동일한 시뮬레이션 환경에서 테스트하는 시험 장비 사업과 이를 활용해 전문적인 시험 평가를 진행해 데이터를 납품하는 서비스 사업도 하고 있다.    주요 고객사로 포스코 계열사, 현대차 그룹, LIG넥스원, 대우조선해양, 두산중공업 등 기업, 한국수력원자력, 한국기계연구원, 한국자동차연구원, 한국철도기술연구원 등 국책 기관을 보유하고 있다.     자동차 부품 제조 전문 기업인 삼현은 기관 투자자를 대상으로 수요 예측을 진행한다.     스마트 액추에이터(동력 구동 장치) 등이 주요 제품이다.    다음은 다음 주 IPO 일정. 상장    ▲ 에이피알, 27일 코스피 상장  일반 청약    ▲ 케이엔알시스템, 26∼27일, 공모가액 1만3천500원  수요 예측    ▲ 삼현, 2월 29일∼3월 7일, 희망 공모가액 2만∼2만5천원    engine@yna.co.kr"
    },
    {
        "title": "기업 밸류업 앞두고 기관 외국인 미친듯이 산 주식",
        "date": "2024.02.24. 오전 10:45",
        "content": "기업 밸류업 앞두고 외국인 기관 현대차로 뭉쳐 2월 외국인 1조5836억원, 기관 5388억원 매수하이브리드 전기차 등 친환경차 사업구조 분산배당수익 4.7%로 왠만한 은행 정기예금 금리\n\n\n\n 외국인 2월 순매수외국인과 기관 투자자가 정부의 ‘기업 밸류업 프로그램’을 앞두고 현대차로 대동단결했다.2월 들어 합산 2조원을 매수하며 기대감을 드러낸 것이다. 현대차가 전기차와 하이브리드 등 친환경차에 강점이 있어 향후 실적 증가와 함께 기업 밸류업 프로그램에서 바라는 주주환원 강화가 나타날 것이란 예상이 반영된 매수세라는 분석이다.24일 한국거래소에 따르면 2월 1일 이후 23일까지 외국인 순매수 1위는 현대차다. 이 기간 1조5836억원 어치의 주식을 매수한 것.같은 기간 기관도 개별 종목 기준으로 현대차를 가장 많이 샀는데 순매수 금액은 5388억원이다.이처럼 국내 시가총액 1위인 삼성전자를 제외하고 특정 종목이 외국인과 기관 순매수 1위에 오른 것은 이례적이다.\n\n\n\n 2월 기관 순매수증권가에선 이같은 매수세가 주가순자산비율(PBR) 1배 미만의 저평가 매력에다 26일로 예정된 기업 밸류업 프로그램 영향으로 본다.정부는 국내 증시 저평가 문제를 해결하기 위한 대책으로 ‘기업 밸류업 프로그램’을 내놓기로 했다.일본이 앞서 비슷한 정책을 밀어붙여 증시 상승을 이끌었고, PBR 1배 미만의 기업이 주로 영향을 받았다.현대차는 2024년말 예상 PBR이 0.64배(블룸버그 기준)일 정도로 저평가됐다는 분석이다.특히 일본의 도요타가 하이브리드(HEV) 일변도라면 현대차는 HEV와 전기차 등 친환경차 포트폴리오가 고른 편이다.2023년 현대차 매출에서 HEV 비중은 8.9%였고 전기차는 매출의 6.4%를 차지했다.현대차의 배당수익률은 4.67%로, 왠만한 국내 시중은행 정기예금 금리 보다 낫다. 현대차 주가는 올 들어 2월 23일까지 22% 올랐다.국내 부동의 시총 1위 삼성전자의 경우 배당수익률이 1.98%로 배당주서의 매력이 반감했다.올 들어 주가는 8% 조정받았는데 2월 들어 기관의 매도(-5014억원)가 영향을 준 것으로 보인다."
    },
    {
        "title": "엔비디아에 들썩인 증시…정부 밸류업 세부안 주목 [다음주 증시전망]",
        "date": "2024.02.24. 오전 10:01",
        "content": "코스피 0.71% 오르고 코스닥 1.28%↑외국인 최대 순매수는 SK하이닉스NH증권, 코스피 2600~2720 예상\n\n\n\n23일 오후 서울 중구 하나은행 딜링룸에서 직원들이 업무를 보고 있다. 연합뉴스[서울경제] 엔비디아 실적 호조 등으로 외국인들이 SK하이닉스 등 일부 종목을 중심으로 1조 원 가까이 순매수했으나 개인과 기관의 코스피와 코스닥이 소폭 상승했다. 다음 주 ’기업 밸류업 프로그램‘이 발표된 이후 정책 모멘텀이 사라질 수 있다는 우려가 나오는 만큼 정부 정책 내용에 따라 주가 향방이 갈릴 것으로 보인다.24일 한국거래소에 따르면 22일 코스피 지수는 지난 16일(2648.76) 대비 18.94포인트(0.71%) 오른 2667.70으로 거래를 마쳤다. 19일 2680선을 돌파한 데 이어 23일 장중 한때 2694.80까지 오르면서 1년 10개월 만에 2690선을 돌파했으나 기관 매도 등으로 상승 폭이 제한됐다. 같은 기간 코스닥은 857.60에서 868.57로 10.97(1.28%)포인트 올랐다.유가증권시장에서 외국인이 5거래일 동안 9751억 원을 순매수하면서 지수를 끌어올렸다. 기관도 2503억 원을 순매수한 것으로 나타났다. 반면 개인투자자는 1조 3142억 원을 팔면서 차익을 실현했다. 코스닥은 유가증권시장과 다른 양상이다. 개인투자자가 6595억 원을 순매수하면서 외국인(-4428억 원) 물량을 받아냈다. 기관은 233억 원은 순매수에 그쳤다.정부가 오는 26일 발표하기로 한 기업 밸류업에 대한 기대감과 함께 엔비디아를 중심으로 한 반도체 업황 호조 기대감 등으로 외국인 순매수가 지수 상승을 이끌었다는 평가다. 외국인은 이달 들어서만 7조 원 넘는 순매수세를 기록 중이다. 외국인은 지난 한 주 동안 SK하이닉스(5165억 원)을 가장 많이 순매수했다. 이어 삼성전자우, 삼성물산, KODEX200, 알테오젠, HD현대일렉트릭, SK스퀘어, 기아, 삼성생명, HMM 등이 뒤를 이었다.코스피와 코스닥이 동반 상승했으나 엔비디아 실적 호조로 미국을 비롯해 일본, 유럽 등 일부 국가의 주가지수가 사상 최고치를 기록한 것과 비교하면 다소 아쉬운 수준이다. 22일(현지시간) 미국 다우존스30 산업평균지수는 사상 처음 3만 9000선을 돌파했고 스탠더드앤드푸어스(S&P)500지수는 2.11% 오른 5087.03으로 역대 최고치 기록을 세웠다. 일본 닛케이225 평균주가 역시 사상 처음 3만 9000선을 넘겼다. 거품경제 시절인 1989년 12월 이후 34년 만이다.투자 전문가들은 다음 주 국내증시에 영향을 줄 수 있는 요인으로 엔비디아가 촉발한 반도체 업황 호조 기대, 기업 밸류업 프로그램, 한국 수출 호조 기대감 등을 꼽았다. 특히 26일 발표 예정인 정부의 기업 밸류업 프로그램에 대한 관심이 고조되고 있다. 새로운 주가지수 개발, 기업 배당 세액공제 제도 등 다양한 정책이 언급되고 있으나 시장 기대를 충족하긴 쉽지 않을 수 있다는 우려도 나오고 있다.NH투자증권은 다음 주 코스피가 2600~2720포인트 안에서 움직일 것으로 예상했다. AI 성장 기대감과 함께 한국 수출 개선세를 상승 요인으로 꼽았다. 반면 하락 요인으로는 자동차·은행의 배당락을 거론했다. 오는 28일과 29일 자동차·은행 기업들의 배당기준일이 예정된 만큼 단기 차익실현 매물이 나올 가능성이 있다. 배당기준일은 28일 하나금융지주를 시작으로 29일 현대차·KB금융·우리금융지주·BNK금융지주·DGB금융지주·JB금융지주·POSCO홀딩스·카카오·CJ제일제당 등이 예정돼 있다.김영환 NH투자증권 연구원은 “기업 밸류업 프로그램 발표와 은행주 배당락 등으로 가치주 테마가 단기적으로 약화될 가능성이 있다”며 “반면 AI 분야에 대한 기대감이 커지고 있어 주식시장의 관심이 성장주 테마로 쏠릴 가능성이 큰 만큼 종목 간 차별화를 예상하고 대응할 필요가 있다”고 했다."
    },
    {
        "title": "“1년새 238% 올라도 52% 더 오른다” 美 월가의 엔비디아 사랑",
        "date": "2024.02.24. 오전 9:49",
        "content": "장중 2조 달러 돌파로 애플 MS와 어깨 나란히월가 애널리스트 목표주가 800달러~1200달러빅테크 평균 PER 보다 높은 50배 적용하기도 향후 순익 성장 추이봤을때 “상승여력 충분해”\n\n\n\n 사진=로이터엔비디아가 미국 증시에서 시가총액 2조 달러를 돌파하며 애플 마이크로소프트(MS)와 어깨를 나란히 했다.최근 1년새 주가가 238% 폭등하자 ‘엔비디아발 IT 거품론’까지 나오고 있다.일각에선 향후 실적 성장 속도를 감안하면 여전히 주가가 오를 여지가 있다는 분석도 나온다.‘인공지능(AI)’분야 글로벌 대장주식인 미국 반도체 기업 엔비디아의 시총이 AI 낙관론에 힘입어 23일(현지시간) 장중 2조 달러(약 2660조원)를 돌파했다.이날 뉴욕증시에서 엔비디아 주가는 개장 초 전장 대비 4.9% 오른 823.94달러를 고점으로 기록하며 시가총액 2조 달러를 넘어섰다.엔비디아 주가는 호실적과 낙관적인 실적 전망을 바탕으로 전날 주가가 16.4% 폭등했는데 연이어 주가가 상승한 것이다.시총은 전날 1조6670억 달러에서 1조9390억 달러로 껑충 뛰며 하루 만에 2720억 달러(약 361조원) 증가했다.이날 블룸버그에 따르면 엔비디아의 주가 급등은 하루 거래일 기준으로 가장 많은 시총 증가다.이달(2월) 초 페이스북 모회사 메타플랫폼의 하루 증가분(1970억 달러)을 능가했다.현재 미국 상장기업 중 시총이 2조 달러를 웃도는 기업은 마이크로소프트와 애플이 유일하다.엔비디아 시총은 23일 종가 기준으로는 다시 2조 달러 밑으로 내려왔다.한편 전날 엔비디아 주가의 폭등으로 엔비디아 주가 하락에 베팅한 공매도 투자자들이 총 30억달러(약 4조원)의 평가손실을 입은 것으로 추산된다.시장 일각에선 엔비디아의 주가가 고평가돼 있다며 4분기 실적 발표가 시장 기대를 충족시키지 못하고 주가가 폭락할 것이란 관측이 적지 않았다.그러나 이런 기대와 달리 엔비디아 매출은 전년 같은 기간 대비 265%, 총이익은 769% 급증하며 모두 시장 예상을 뛰어넘었다.월스트리트에선 1월까지 엔비디아 목표주가로 800달러 선을 제시한 곳이 많았다.그러나 23일 장중 800달러를 넘어서면서 목표주가 상향 압박을 받고 있다.미국 투자회사 ‘룹 캐피털’은 엔비디아에 대한 ‘매수’ 투자의견을 제시하면서 1년내 목표주가로 1200달러를 제시하기도 했다.목표주가 계산법 중에는 향후 12개월 포워드 주당 순이익(EPS)에 예상 주가수익비율(PER)을 곱하는 방식이 있다.이런 계산식에 따라 룹 캐피탈은 올해말 예상 EPS 23.62달러에 PER 51배를 적용한 것이다.일각에선 PER 50배 이상을 적용한 것은 지나친 거품이 아니냐는 의견도 있다.그러나 최근 3개년 엔비디아의 PER은 각각 58.96배(블룸버그 기준), 83.31배, 50.73배다. 3개년 평균이 64배에 달한다.1200달러 기준으로 엔비디아 현 주가(788.17달러)는 52%의 추가 상승 여력이 있는 것으로 나온다.이는 엔비디아가 지금과 같은 속도로 실적이 성정한다는 가정 하에서 형성되는 목표주가라는 설명도 뒤따르고 있다.문일호 기자"
    },
    {
        "title": "“K-주식 결전의 날 다가온다”…주말 사이 투자자들 잠 못 든다는데",
        "date": "2024.02.24. 오전 9:46",
        "content": "3일 서울 명동 하나은행 본점 딜링룸에서 직원들이 업무를 보고 있다. [사진 제공 = 연합뉴스]‘코리아 디스카운트(Korea discount)’국내 상장기업 주식의 가치평가 수준이 유사한 외국 상장기업과 비교했을 때 현저히 낮게 형성되는 현상을 의미하는 말이다. 정부가 ‘코리아 디스카운트’ 해소를 위해 나서자 시장에 눈길을 모이는 이유다. 특히 내주 구체적인 기업 밸류업 지원방안 발표를 앞두고 투자자들의 관심이 쏠리고 있다.24일 증권가에 따르면 오는 26일 금융위원회는 ‘기업 밸류업 프로그램’의 구체적인 내용을 발표한다.앞서 금융위와 한국거래소 등은 ‘코리아 디스카운트’ 해소를 위해 ▲상장사의 주요 투자지표(PBR·ROE 등)를 시가총액·업종별로 비교공시 ▲상장사들에 기업가치 개선 계획 공표 권고 기업가치 개선 우수기업 등으로 구성된 지수 개발·상장지수펀드(ETF) 도입 등에 나서겠다고 밝혔다.최근 들어서는 기업 밸류업 프로그램 방안이 좀 더 구체화 되는 모습이다. 최상목 부총리 겸 기획재정부 장관이 “기업들의 자발적 가치 제고 노력을 촉진할 수 있는 인센티브 프로그램을 발표하겠다”고 언급했기 때문이다. 그러면서 “주주환원 노력을 촉진할 수 있는 세제 인센티브 방안을 고민 중”이라고 덧붙이기도 했다.금융당국이 발표할 예정인 기업 밸류에이션 프로그램이 일본 사례를 본떴다는 점에서 일본의 사례도 주목할 만하다. 현재 일본에서는 시장 구분을 5개에서 3개로 보다 간소화하고, 기업가치 제고를 위한 동기 부여를 위해 시장 개편을 행하고 있다.여기에는 지속적인 기업가치 제고를 위한 동기부여가 충분히 이뤄지지 않고 있는 일본의 과제를 해결하려는 의도가 내포됐다는 분석이다.증권가에서는 일본의 사례를 봤을 때 기업 밸류업 프로그램이 성과를 내기 위해서는 거래소가 요구하는 공시의 강제성과 정량화된 지표를 기반으로 한 기준 제시가 필요하다고 강조한다. 우수 기업 선정 기준의 경우 PBR, ROE, 투하자본이익률(ROIC) 등 재무 지표 활용·업종별로 PBR을 비교 공시하는 방향으로 추진될 가능성이 높다는 설명이다.이에 따라 저PBR주가 지속 가능하기 위한 요건이 충족되는 방향으로 추진되고 있다는 평가다.주가 흐름 역시 일본과 유사한 경로를 보일 경우 현재 국내 증시는 개선기대감이 큰 저PBR 주들이 강세를 보였던 국면에서 벗어나 배당 확대, 자사주 매입 소각 여력 있는 종목들 중심으로 차별화될 것으로 전망된다.김지현 키움증권 연구원은 “지난주부터 가격 매력도가 높아진 고밸류 종목과 저밸류 종목 간 순환매가 이어지며 지수 상승 탄력이 약화되고 있다”며 “최근 외국인 순매수 상위 중 저PBR 종목은 현대차, 기아, 삼성물산, 삼성전자 우선주, KB금융, 하나금융지주로 좁혀졌다”고 말했다."
    },
    {
        "title": "[단독] 국세청이 들여다본 내 고액거래 정보, 카톡으로 자동 확인한다",
        "date": "2024.02.24. 오전 9:01",
        "content": "FIU, 모바일 전자고지 시스템 구축 착수檢 등에 1000만원 이상 거래 정보 제공우편 통지 어렵고 '구삐' 가입률도 저조통신사 문자, 네이버 알림으로도 고지\n\n\n\n서울 광화문 정부서울청사 금융위. 연합뉴스[서울경제] 이르면 올해부터 국세청이나 검찰이 1000만 원 이상 거래 정보를 들여다본 내역 등을 우편이 아닌 카카오(035720)톡으로 바로 확인할 수 있게 된다.22일 금융투자 업계에 따르면 금융위원회 산하 금융정보분석원(FIU)은 최근 이 같은 내용을 담은 모바일 전자고지 시스템 구축 계획을 세우고 사업자 모집에 나섰다. 사업비는 총 9000만 원이고 시스템 예상 구축 시점은 올 6월께다.모바일 전자고지 시스템이 완성되면 국민들은 FIU 전용 카카오톡 채널로 고액 현금 거래 정보(CTR) 제공 사실을 자동 수신하게 된다. 또 네이버(NAVER(035420)) 알림 기능이나 KT(030200) 등 통신사 문자로도 이를 고지 받을 수 있다.우리나라는 2006년부터 자금 세탁 등이 의심되는 비정상적인 금융 거래를 효율적으로 차단하기 위해 고액 현금 거래 보고 제도를 두고 있다. FIU는 이를 기반으로 특정 금융기관에서 누군가 하루 1000만 원 이상 현금을 주고받으면 거래자의 신원과 거래 일시·금액 등의 사실을 자동으로 수집한다.나아가 특정 금융거래정보의 보고 및 이용 등에 관한 법률(특정금융정보법률)은 FIU가 국세청, 검찰 등 법 집행기관의 요청으로 CTR를 제공한 경우 그날부터 10일 이내에 해당 거래 정보 내용, 사용 목적, 제공받은 자와 제공일을 명의인에게 통보하게 한다. FIU는 지금까지 모바일이 아닌 우편 방식으로 CTR 제공 사실을 알리고 있다. 전자 방식 알림 대상은 행정안전부 온라인 서비스인 국민비서 ‘구삐’에 가입하고 관련 알람 수신을 따로 신청한 사람으로만 한정한다.FIU가 해당 사업을 추진하는 것은 CTR 제공 사실 통보 제도의 실효성을 한층 강화하기 위해서다. 지금은 종이 고지서를 우편으로 보내다 보니 주소 변경, 수신인 부재의 문제가 빗발치는 상황이다. 세무 당국이나 수사기관이 개인의 1000만 원 이상 거래 정보를 들여다보더라도 당사자가 모르고 지나치는 경우도 많다. 국민 대다수가 이미 모바일 환경에 익숙하다는 점, 우편 통보 시 다른 사람이 주요 정보를 열람할 수 있다는 점, 제작비·우편 요금·교통비 등을 절감할 수 있다는 점도 시스템 개편 추진의 이유가 됐다.FIU 관계자는 “구삐 가입과 알림 신청 절차가 복잡하다 보니 현재는 전자 방식 통보 대상자가 매우 적은 편”이라며 “앞으로는 대상자들에게 자동으로 CTR을 통보하는 시스템을 만드려고 한다”고 설명했다."
    },
    {
        "title": "[머니플로우] 정부 밸류업 발표 앞두고 실탄장전?…증시 자금 '쑥'",
        "date": "2024.02.24. 오전 9:00",
        "content": "예탁금 53조원 넘어…코스피 '빚투' 자금 9.8조로 넉달 만에 최고CMA 잔고도 76.9조로 불어나…주식형펀드 설정액은 한주새 6천300억 줄어\n\n\n\n코스피, 2,660대 강보합 출발(서울=연합뉴스) 윤동진 기자 = 코스피가 장 초반 2,660대에서 강보합세를 보이고 있는 19일 오전 서울 중구 하나은행 딜링룸에서 딜러들이 업무를 보고 있다. 2024.2.19 mon@yna.co.kr(서울=연합뉴스) 배영경 기자 = 정부의 기업 밸류업 프로그램 세부안 발표를 앞두고 투자자예탁금·신용거래융자 등 증시 자금이 전반적으로 불어났다.     24일 금융투자협회 통계에 따르면 투자자예탁금은 지난 22일 기준 약 53조6천300억원으로 집계됐다.     한 달 전에는 50조2천900억원 수준에 그친 점을 감안하면 밸류업 프로그램 공개를 앞두고 '저PBR(주가순자산비율)주'에 대한 높아진 기대감이 영향을 미친 것으로 분석된다.    투자자예탁금은 투자자가 주식을 사려고 증권사 계좌에 맡겨두거나 주식을 팔고서 찾지 않은 돈으로 증시 진입을 준비하는 대기성 자금 중 하나다.    주식에 투자하기 위해 증권사에서 빌린 자금인 신용거래융자 잔고도 지난 22일 기준 18조3천800억원으로 집계됐다.     특히 유가증권시장의 신용거래융자는 9조8천500억원으로 지난해 10월 11일(9조8천800억원) 이후 넉 달여 만에 최고치를 기록했다. 이는 최근 저PBR주 장세가 유가증권시장 상장 종목을 중심으로 형성된 데 따른 걸로 보인다.    종합자산관리계좌(CMA) 잔고도 지난달 말 70조원대에서 지난 22일 기준 76조9천400억원까지 올라온 상태다.    CMA는 투자자가 맡긴 자금을 증권사가 국고채 및 양도성예금증서(CD) 등에 투자해 수익을 내되 수시로 입출금이 가능한 상품이다.    이같이 증시 자금이 전반적으로 증가한 것은 오는 26일로 예정된 정부의 기업 밸류업 프로그램 세부 내용 공개를 앞두고 투자심리가 개선됐기 때문으로 보인다.    실제 정부 발표 전 마지막 거래일인 지난 23일 유가증권시장에서는 주주환원 확대 기대감이 큰 증권·보험·금융지주 등 금융업종 위주로 상승장이 펼쳐졌다.     증권가에서는 정부 정책에 대한 기대감과 신중론이 엇갈린다.    강재현 SK증권 연구원은 \"밸류업 프로그램은 일본의 구체성 높은 기업가치 제고 정책을 벤치마크하는 만큼 현실성이 없을 가능성은 크게 낮다\"며 \"이번 정책을 기점으로 중장기적으로 더 많은 기업이 가치 제고를 위한 액션을 취할 것\"으로 봤다.    반면 이경민 대신증권 연구원은 \"이미 관련 종목들이 큰 급등세를 보인 만큼 밸류업 프로그램 내용이 투자자의 기대를 크게 상회하는 깜짝 놀랄만한 결과가 아닌 이상, 저PBR 종목들은 당분간 과열에 따른 매물 소화 과정이 진행될 것\"이라며 변동성 확대를 경계했다.    한편, 펀드 평가사 에프앤가이드에 따르면 지난 21일 기준으로 국내 주식형 펀드의 설정액은 최근 일주일간 6천300억원가량 감소한 반면, 채권형 펀드 설정액은 약 3천500억원 늘어난 것으로 집계됐다.    ykbae@yna.co.kr"
    },
    {
        "title": "일본 여행 가서 들렀던 그 백화점…주가는?",
        "date": "2024.02.24. 오전 8:01",
        "content": "[주목!e해외주식]日 백화점株日 최대 백화점 그룹 이세탄미츠코시 올 38.27% 급등다카시마야, J프론트홀딩스 등도 닛케이 상승률 웃돌아\"매출액 7년만 증가 전환 전망, 소비업종 중 매력도 높아\"[이데일리 원다연 기자] 일본 소비 업종에 대한 투자 심리가 개선되고 있다. 일본의 소비 심리가 개선 흐름을 보이고 임금 상승 전망이 우세한 가운데 외국인 관광객 증가까지 더해진 여파다. 특히 코로나19 당시부터 급감했던 백화점 판매액이 올 들어 코로나19 이전 수준까지 회복하며 일본 백화점 주가가 급등하고 있다.  24일 마켓포인트에 따르면 이세탄미츠코시 홀딩스의 주가는 올 들어 38.27% 급등한 것으로 집계됐다. 일본의 대표 주가지수인 닛케이225지수의 상승률(16.84%)을 크게 웃도는 성과다. 이세탄미츠코시 홀딩스는 일본 최대 백화점 그룹으로 일본 전역에 약 20개의 매장을 보유하고 있다. 다카시마야 백화점을 운영하는 다키사마야는 같은 기간 18.03%, 한큐 백화점을 운영하는 에이치투오리테일링은 17.35%, 파르코 백화점을 운영하는 J.프론트홀딩스도 18.82% 올랐다. 고선영 유안타증권 연구원은 “일본 증시에 더해지고 있는 기대감의 일부는 경제를 탄탄하게 뒷받침할 소비에서 나오고 있다”며 “일본의 지난 12월 소매판매는 전년비 2.1%로 22개월 연속 플러스 수익률을 기록하고 있다”고 밝혔다. 이어 “물론 고물가에 따른 부담으로 증가폭 자체는 아쉽지만 현재 소비심리 개선은 향후에 대한 기대감을 고조시키고 있다”고 평가했다.  고 연구원은 “현재 일본에서는 전 연령을 아우르는 소비 심리 개선세가 확인되고 있으며 해당 움직임은 최근 2개월 사이 특히나 뚜렷하게 확인되고 있다”며 “지난 1월 말 일본 내 봄철 임금 협상 기간인 춘투가 시작된 점도 시기 상 소비에 대한 기대감을 유효하게 만들고 있다”고 밝혔다. 일본 민간 조사기관 도쿄상공리서치에 따르면 올해 임금인상 예정인 기업은 85.6%로 집계됐다. 외국인 관광객 증가세도 일본 내 소비 회복에 우호적으로 작용하고 있다. 고 연구원은 “관광 산업 촉진을 위한 정부 주도 정책 효과 또한 가시화되면서 지난해부터 일본을 방문하는 외국인 관광객 수가 2019년도 수준에 근접하게 증가했다”며 “일본 내 소비 촉진의 한 축으로서 주목할 사안”이라고 밝혔다. 소비 회복 흐름에 따라 일본 소비 기업에 대한 투자심리가 개선되고 있는 가운데 특히 백화점 업종에 주목할 만하단 평가다. 고 연구원은 “개선되는 소비 심리와 우호적인 구매 여건은 자연스럽게 백화점, 편의점을 비롯 관련 종목들의 투자심리 개선으로 이어지고 있다”며 “특히 추가 상승 여력은 주요 유통채널 중 편의점 대비 백화점이 우세하다”고 평가했다. 그는 “현재 일본 백화점 3사의 경우 최근 3개 분기 연속 전년비 플러스 매출 성장률을 기록하고 있는데, 이는 최근 2개 분기 연속 마이너스를 면치 못하고 있는 편의점 관련 종목과는 차별화된 흐름”이라며 “더불어 2017회계연도 이후 하락세를 보였던 매출액이 7년 만에 처음 증가 전환 전망이 나오고 있는 점도 백화점에 대한 매력도를 높이는 요인”이라고 밝혔다.\n\n\n\n22일 일본 도쿄 시내에서 행인들이 증시 현황판 앞을 지나가고 있다. (사진=연합뉴스)"
    },
    {
        "title": "[하나證 주간추천주]한국전력·강원랜드·씨앤씨인터내셔널",
        "date": "2024.02.24. 오전 6:02",
        "content": "[이데일리 박순엽 기자] △한국전력(015760)-계통한계가격(SMP·전력도매단가)가 낮게 형성되고 있어 지난해 4분기 실적 발표 이후 2024년 실적 눈높이 개선 기대.-오는 26일 발표될 예정인 정부 정책에서 상장 공기업 관련 구체적 대책이 언급되는지 확인 필요.\n\n\n\n하이원 그랜드호텔 및 강원랜드 카지노 전경 (사진=강원랜드)△강원랜드(035250)-3월 둘째 주 이사회를 앞두고 자사주 소각, 배당 확대 등 관련 모멘텀 기대. -2024년 예상 주가순자산비율(PBR)은 0.9배 수준으로 1배 이하의 수준. △씨앤씨인터내셔널(352480)-국내 대표 색조 브랜드사의 미국·일본·동남아로의 외형 확대에 따른 수주 증가.-2024년 관광객 유입에 따른 색조·중저가 판매량(Q) 성장으로 주요 고객사 물량 확대 기대."
    },
    {
        "title": "\"외인, 무섭게 담네\" 7조 폭풍매수…무슨 종목 샀나 봤더니",
        "date": "2024.02.24. 오전 5:39",
        "content": "23일 코스피 지수가 전 거래일(2664.27)보다 3.43포인트(0.13%) 오른 2667.7에 장을 마쳤다. 이날 오후 서울 중구 하나은행 딜링룸 전광판에 지수가 표시돼 있다. /사진=뉴시스코스피 지수가 3일 만에 반등을 시작으로 이틀째 상승세를 이어갔다. 미국 엔비디아의 실적 발표와 주가 상승에 힘입어 우리나라 반도체주에 대한 외국인의 매수세가 거세지면서다. 정부의 기업 밸류업 프로그램으로 저평가주에 대한 관심이 높아진 점도 영향을 미쳤다. 외국인 투자자가 이달에만 국내 주식을 사들인 규모는 7조원이 넘는다.23일 코스피는 0.13%(3.43포인트) 오른 2667.7에 마감했다. 장중 최고 2694.80까지 올라 52주 신고가를 기록하기도 했다. 이날 3시30분 기준 개인이 1101억원, 기관이 560억원 순매도한 반면 외국인은 1459억원 순매수(매도보다 매수가 많은 것)하며 지수 상승을 이끌었다. 외국인은 이달 들어 지난 15일과 21일만 제외하고 줄곧 순매수세를 보였다. 한국거래소에 따르면 22일 기준 외국인은 코스피와 코스닥 시장을 합해 이달에만 7조1663억원을 순매수했다. 월별 기준으로는 역대 2번째로, 남은 기간을 고려하면 최대치 기록을 새로 쓸 가능성도 있다. 기존 최대 기록은 2013년 9월 7조8263억원이다.전날 외국인 순매수 1위 종목은 반도체 대장주 SK하이닉스였다. 엔비디아 실적 발표와 주가 상승 등으로 SK하이닉스 주식을 하루에만 2334억원 사들였다. SK하이닉스는 이날 3%대 상승하며 16만1400원에 마무리했는데, 이틀 연속 52주 신고가를 갈아치우며 강세를 보였다.저(低) PBR(주가순자산비율)주에 대한 관심도 높다. 이달 외국인이 순매수한 상위 종목은 현대차, SK하이닉스, 삼성물산, 삼성전자우, 기아, SK스퀘어 등이다.이처럼 최근 증시가 강세를 보인 배경에는 외국인 매수세가 영향을 미쳤다는 분석이 나온다. 전날 일본 도쿄의 닛케이225지수는 역대 최고치를 34년 2개월 만에 새로 썼는데, 외국인 투자자의 유입이 주요인으로 꼽힌다. 지난해 일본 증시의 외국인 순매수액은 3조1000억엔(약 27조4328억원)에 달했고, 올해에는 이미 2조엔(약 19조원)이 넘었다.조창민 유안타증권 연구원은 \"외국인은 이달 2거래일을 제외한 12거래일 동안 코스피를 순매수하는 등 무서운 기세를 보여줬다\"며 \"순매도를 기록한 지난 15일과 21일이 각각 162억, 652억원으로 규모가 작은 반면 순매수 규모는 최소 1000억원 이상을 기록 중\"이라고 말했다.이어 \"외국인 순매수가 이렇게 연속적으로, 강하게 기록됐던 경험은 흔하지 않은 특수한 상황\"이라며 \"외국인의 강한 순매수는 코로나 시기를 제외하면 대체로 증시 상승으로 이어졌다는 점에서 증시의 추가 상승 여력에 대해 긍정적인 시각을 유지한다\"고 말했다."
    },
    {
        "title": "“여보, 왜 이거 안샀어”…나스닥보다 더 오르는 반도체지수, M7끼리도 희비 갈려",
        "date": "2024.02.23. 오후 8:52",
        "content": "반도체지수 올해 11.7% 오를때 중소형주 러셀지수 1.4% 하락엔비디아가 이끄는 기술주 장세경기민감주는 당분간 부진할듯AI株 없으면 소외감 ‘포모’ 현상도\n\n\n\n 젠슨 황 엔비디아 CEO. 사진은 기사 내용과 관련 없음. [사진 = 엔비디아]S&P500 지수가 22일(현지시간) 5087.03에 마감해 최고가를 새로 썼지만 엔비디아와 관련 AI 관련주 이외엔 상승폭이 적어 극소수 종목만 뛰는 장세가 심화되고 있다. 이에 따라 현금비중이 높은 투자자 외에도 경기민감주, 중소형주를 담은 투자자들이 느끼는 포모(FOMO: 뒤처지거나 소외되어 있는 것 같은 두려움을 가지는 증상) 심리가 더욱 두드러질 것으로 보인다.23일 금융투자업계에 따르면 지난 22일 기준 연초대비 지수 상승률을 보면 나스닥100 지수는 7% 올랐지만 다우존스는 2.4%만 오르고 중소형주들이 모여있는 러셀2000지수는 오히려 1.4% 하락했다. 다우존스는 마이크로소프트, 애플, 인텔 등의 기술주들도 들어있는 지수지만 다른 산업재·유통주들이 눈에 띄는 상승을 보여주지 못하면서 상승폭이 적었다. 러셀2000은 작년 말 금리 인하 기대가 커지면서 깜짝 반등했지만 최근 들어 미 국채 10년물 수익률이 4.3%까지 올라가자 다시 저조한 성과를 보이고 있다.나스닥100이나 매그니피션트7(Magnificent 7)보다 더 큰 상승률을 보이는 지수는 필라델피아반도체 지수다. AMD, 엔비디아, 브로드컴, 인텔 등 AI반도체가 포진해 있는 필라델피아반도체 지수는 올해 들어 11.7% 상승했다. 엔비디아가 연초 대비 63%, AMD가 23% 오르는 등 AI반도체 시장을 주도하는 종목들이 급등했기 때문이다.\n\n\n\n1년 상승률을 보더라도 나스닥100이 48.9% 오를 동안 러셀2000은 5.3% 상승에 그쳤다. 이처럼 소수 종목이 주도하는 랠리는 결국 일부 종목만 어닝쇼크가 나더라도 시장이 받는 충격이 크다는 점에서 증시 조정의 우려도 나왔지만 21일 발표한 엔비디아의 실적 발표로 그 우려가 해소된 상태다. 시장의 성장세가 계속되고 있고 실적 증가세를 감안하면 밸류에이션 부담도 크지 않다는 인식 때문이다. 김일혁 KB증권 연구원은 “엔비디아는 실적 발표 이후 하루 사이 12개월 선행 주당순이익 (EPS)이 10.86% 상승해 밸류에이션 상승폭은 크지 않다”며 “하루만에 16% 주가가 올랐어도 12개월 선행주가수익비율(PER)은 5%만 올랐다”고 말했다.반면 중소형주나 경기민감주는 실적 모멘텀은 적고 금리 민감도는 높기 때문에 당분간 기술주를 능가하는 상승폭을 보여주지는 못할 것이란 전망이 나온다. AI 반도체 랠리의 열풍이 다른 업종으로 확산되거나 순환매 장세가 시작되기는 이른 시점이라는 얘기다. 작년 12월27일 3.789%까지 떨어졌던 미국채 10년물 수익률은 인플레이션 우려가 지속되면서 22일 4.327%까지 올라왔다. 유동원 유안타증권 글로벌투자본부 상무는 “미 연준이 빨라야 5월은 되어야 금리인하를 시작할 것이고 그렇다면 중소형주나 경기민감주의 반등도 당장 시작되지는 않을 것”이라며 “지금 AI반도체가 보여주는 실적과 성장기대감이 크기 때문에 기술적 조정이 오더라도 소폭에 그칠 것”이라고 전망했다.작년 미 증시를 이끌었던 기술주인 M7(Magnificent 7)들도 AI관련주냐 아니냐로 주가 희비가 엇갈렸다. 엔비디아, 마이크로소프트, 아마존, 메타는 주가 상승세가 두드러졌지만 AI 반도체와 관련성이 적은 애플, 테슬라, 구글은 주가 상승이 저조했다. 테슬라는 특히 전기차 시장 둔화로 연초대비 주가가 20% 하락했다. 월가에선 M7 대신 올해 시장 주도주로 AI 5(엔비디아, 마이크로소프트, AMD, TSMC, 브로드컴)을 꼽고 있다."
    },
    {
        "title": "“나만 못 웃어”…‘AI 잔칫상’ 전세계 떠들썩한데 삼성은 주가 역주행",
        "date": "2024.02.23. 오후 6:53",
        "content": "미·일·대만 증시 사상최고AI 반도체 호황 효과합종연횡·보조금 정책 등삼성전자만 소외…주가 ‘역주행’\n\n\n\n 서울 서초동 삼성 사옥 [매경DB]전세계적인 인공지능(AI) 반도체 열풍에서 한국만 소외되고 있다. ‘엔비디아 효과’로 미국과 유럽, 일본, 대만 증시가 일제히 사상 최고치를 경신했는데, 한국증시는 대표적인 반도체기업인 삼성전자가 오히려 하락세로 돌아서며 ‘랠리효과’를 놓쳤다. 생성형 AI가 촉발한 반도체시장 재편과 세계 각국의 보조금 경쟁에서 삼성전자는 ‘샌드위치’ 신세에 놓였기 때문이라는 분석이 나온다.22일(현지시간) 미국 뉴욕증시에서 S&P500 지수는 엔비디아 깜짝실적에 힘입어 또다시 최고가를 경신했다. 일본도 전날 도쿄일렉트론을 포함한 주요 반도체 장비주들이 주가상승 랠리를 펼치며 닛케이 최고기록을 갈아치웠다. 대만 자취엔 지수도 지수내 비중이 30%인 TSMC 주가강세 영향으로 또 사상 최고치를 기록했다.반면 23일 한국에선 코스피가 전일대비 0.13% 상승에 그쳤다. 뉴욕증시에서 엔비디아 주가가 급등했지만, 삼성전자는 전일 대비 0.27% 하락한 영향이다. SK하이닉스도 3.13% 상승한 점을 감안하면 삼성전자만 이같은 ‘랠리’에서 사실상 소외된 셈이다.시장에서는 이같은 ‘삼성 소외현상’이 AI로 촉발된 글로벌 반도체시장 재편과 각국에서 쏟아지는 보조금정책과 연관됐다고 분석한다.정우성 포스텍 교수는 “미국·일본 등 글로벌 테크산업의 주요 플레이어들이 첨단 반도체 공장 건설에 보조금을 지급하는 것은 삼성전자 입장에서는 ‘기울어진 운동장’에서 경기하는 것과 마찬가지”라고 설명했다.실제로 이번 반도체 랠리를 주도한 AI 반도체시장에서 삼성전자는 거센 도전을 마주한 상황이다. AI 반도체시장에서 독주체제를 굳힌 엔비디아는 대만 TSMC, SK하이닉스와 ‘동맹’ 체제를 강화한 상태다.삼성전자가 차세대 고대역폭메모리(HBM)인 HBM4 생산을 위해 메모리사업부와 파운드리사업부가 협업하는 ‘턴키 전략’을 수립하고, AI 반도체의 두뇌역할을 할 범용AI(AGI) 개발을 위해 ‘AGI컴퓨팅랩’을 신설하면서 시장대응에 나서고 있지만, 시장여건은 녹록지 않다.반(反) 엔비디아 진영의 대항마로 꼽히는 오픈AI와의 협업논의도 진행중이지만 이마저도 쉽지 않다. 최근 미국 새너제이에서 열린 인텔파운드리서비스(IFS)의 ‘다이렉트 커넥트 2024’에선 오픈AI와 마이크로소프트(MS), 인텔을 비롯한 미국기업간 연대 분위기를 확인할 수 있었다.여기에 지나 러몬도 미 상무장관이 ‘제2 반도체법’을 언급하는 등 자국 반도체 생산에 대한 추가적인 지원방안을 시사한 것도 눈길을 끄는 대목이다. 파운드리·D램·낸드시장마저 세계 주요국 보조금과 공급망 재편으로 판이 흔들리고 있다."
    },
    {
        "title": "이화그룹 상폐 전망에 주주들만 눈물",
        "date": "2024.02.23. 오후 6:42",
        "content": "-상폐 막는 노력 없어서 고의상폐 유도 보도까지 나와-소액주주들 “김영준 회장 횡령에 상폐되면 김 회장만 꽃놀이패”지난 5월 거래정지된 이화그룹 계열사 3곳 이화전기·이아이디·이트론에 대해 상장폐지 가능성이 제기되면서 소액주주들의 이화그룹 김영준 회장의 횡령·배임으로 막대한 손해를 입게 됐다. 지난 5월 10일 검찰이 이화그룹 김영준 회장과 김성규 총괄사장에 대해 구속영장을 청구하자 거래소는 조회공시를 요구했으나, 이들 기업은 혐의를 부인하거나 혐의 발생 금액을 낮춰 공시했다. 이에 잠시 거래가 재개되기도 했으나 거래소는 제보를 토대로 이화그룹 계열사들의 공시가 사실과 다른 점을 파악하고 매매거래를 정지했다. 9월 거래소는 기업심사위원회(기심위)를 열어 유가증권시장 상장사 이아이디와 코스닥 상장사 이화전기·이트론의 상장폐지를 결정했다고 밝혔다.최근 이화그룹 계열사 3곳의 이사회가 고의로 상장폐지를 유도했다는 보도까지 나와 주주들의 분노는 더 커지고 있다. JTBC 보도에 따르면 한국거래소는 이그룹 계열사에 보낸 심의의견서에 김영준 회장 개인적 이익을 위해 투자한 자산은 일부 회수 노력이 가능함에도, 회수 계획과 적절한 법적 조치 방안이 부재하다는 평가를 내놨다. 이때문에 상장폐지를 통해 김영준 회장 일행이 외부 감시를 받지 않고 헐값에 회사에 대한 통제권을 강화하려고 한 게 아니냐는 해석이 나온 것이다.김현 이화그룹 주주대표는 “상장폐지를 해도 김 회장은 잃을 게 없고 이상욱 외화전기공업 CFO 등 거래소에서 문제 삼은 사람조차도 그대로 이사회에 둔다는 건 상장폐지를 막을 생각이 없다는게 합리적 의심”이며 “이화그룹 이사회는 기업윤리가 부재한 상태로 책임없다는 일관된 입장만 보이고 있다”고 말했다.소액주주들은 액트 플랫폼 내 전자공동보유 기능을 이용하여 지분을 결집하고 있다. 2월 22일 기준 액트 플랫폼에 모인 소액주주 지분은 이화전기 24.07%, 이아이디 20.97%, 이트론 13.73%다.\n\n\n\n 한국거래소 전경[출처=연합뉴스]"
    },
    {
        "title": "금융위원장, H지수 ELS 손해규모에 \"상반기 만기 10조 중 반 정도\"",
        "date": "2024.02.23. 오후 6:41",
        "content": "\"부동산PF '늑장정리' 지적에 \"심리 악화 막기 위해 그런 것 맞다\"\n\n\n\n김주현 금융위원장[연합뉴스 자료사진](서울=연합뉴스) 차지연 곽민서 기자 = 김주현 금융위원장은 23일 홍콩H지수(항셍중국기업지수) 기초 주가연계증권(ELS) 대규모 손실과 관련, 올해 상반기 만기 도래분 10조원 중 5조원가량은 손해가 날 것으로 본다고 밝혔다.    김 위원장은 이날 국회 경제분야 대정부질문에서 더불어민주당 오기형 의원이 '올해 상반기 만기가 도래하는 ELS가 약 10조원 정도인데 반 정도인 5조원은 부실이 날 것으로 예상하지 않느냐'고 묻자 \"추세에 따라 다르지만 반 정도 손해날 것으로 알고 있다\"고 답했다.    김 위원장은 \"지금 금융감독원에서 (피해 관련) 1차 조사를 한 번 나갔고 2차 조사를 진행하고 있다\"며 \"그것과 병행해 민원이 많이 제출되기 때문에 민원 사항에 대해 별도로 조사하고 있다\"고 밝혔다.    그러면서 \"종합적으로 조사 결과가 나오면 그것을 바탕으로 필요한 조치를 하겠다\"고 \"배상 문제뿐 아니라 필요한 제도를 개선하겠다\"고 덧붙였다.    부동산 프로젝트파이낸싱(PF) 부실 정리가 늦어진다는 지적에는 \"어려운 상황에서 심리까지 한꺼번에 불안해지면 정상적인 것까지 어려워지는 문제가 있어 굉장히 민감한 상황\"이라며 \"심리가 악화하는 것을 막기 위해 (늦어진) 그런 것은 맞다\"고 말했다.    김 위원장은 \"언론에서 보도가 많이 되지 않았지만 PF사업 중 부실한 경우는 알게 모르게 정리되고 있고, 이번에 태영과 관련해서도 부동산PF의 여러 제도 개선 방안을 내부적으로 보고 있다\"고 밝혔다.    charge@yna.co.kr"
    },
    {
        "title": "한국거래소, 효성 분할 재상장 예심 신청서 접수",
        "date": "2024.02.23. 오후 6:38",
        "content": "사업부문 인적분할 후 재상장 계획\n\n\n\n서울시 영등포구 여의도 한국거래소 사옥. 사진 제공=한국거래소[서울경제] 한국거래소 유가증권시장본부는 효성(004800)의 분할 재상장을 위한 주권 재상장 예비심사신청서를 접수했다고 23일 밝혔다.효성은 1966년 11월 설립 후 1973년 6월 유가증권시장에 상장된 기타금융업 등을 영위하는 지주회사다. 신청일 현재 조현준 등 15인이 보통주 56.1%를 보유하고 있다.신청회사는 효성첨단소재(298050) 등 일부 자회사의 지분관리를 목적으로 하는 사업부문 등을 인적분할해 재상장할 계획이다.효성은 이날 이사회에서 효성첨단소재를 중심으로 효성인포메이션시스템·효성홀딩스USA·효성토요타 등 6개 사에 대한 출자 부문을 인적분할해 새로운 지주회사인 가칭 ‘효성신설지주’를 설립하는 분할계획을 결의했다.효성그룹은 6월 임시 주주총회를 열어 회사분할 승인절차를 거쳐 7월 1일자로 존속회사인 효성과 신설법인인 효성신설지주의 2개 지주회사 체제로 재편될 예정이다. 분할된 지주사는 조현준 회장과 조현상 부회장이 각자 이사진을 꾸려 독립경영에 나설 예정이다.조 회장은 존속지주회사인 효성을 중심으로 효성티앤씨(298020)·효성중공업(298040)·효성화학(298000)·효성티엔에스 등 주력 계열사를 이끈다. 조 부회장은 신설 지주사 대표이사로 안성훈 효성중공업 부사장, 신덕수 효성 전무 등과 이사진을 구성한다."
    },
    {
        "title": "글로벌 '반도체 랠리'…한국만 소외된 까닭",
        "date": "2024.02.23. 오후 6:06",
        "content": "엔비디아發 훈풍 전세계 확산국내 반도체 기업은 되레 약세'HBM 수혜' SK하이닉스만 부각\"삼성전자는 메모리가 주력 AI 열풍서 상대적으로 소외중장기론 주가 키 맞추기 전망\"\n\n\n\n사진=게티이미지뱅크엔비디아를 필두로 세계 반도체 랠리가 이어지는 가운데 유독 한국 반도체 관련주만 소외된 모습을 보이고 있다. ARM 등 미국은 물론 유럽(ASML) 일본(어드반테스트, 도쿄일렉트론) 등의 반도체 대표주들이 대거 오름세에 동참하는 것과 대조적이다.전문가들은 미국 중앙은행(Fed)의 금리 인하 시기가 불투명한 데다 중동 등의 국제 정세 불안이 이어지자 글로벌 자금이 상대적으로 선진국 증시를 선호하고 있다고 분석한다. SK하이닉스 등을 제외하면 국내 기업 중 엔비디아 ‘가치 사슬’에 속한 기업이 별로 없다는 점도 국내 반도체주가 소외된 배경으로 거론된다.○‘엔비디아 랠리’ 소외된 한국\n\n\n\n23일 한국거래소에 따르면 KRX반도체지수는 전 거래일보다 0.09% 내린 3844.25에 거래를 마쳤다. 엔비디아가 ‘어닝서프라이즈’를 기록하면서 각국 반도체 관련주가 급등한 것과 상반된 모습이다. 이날 3.13% 오른 SK하이닉스를 제외하고는 대부분 약세였다. 삼성전자는 0.27% 하락했고, 한미반도체(-3.40%), 이수페타시스(-1.46%)도 약세였다. 코스닥시장에서 하나마이크론이 3% 이상 떨어졌다.한 증권사 반도체 담당 연구원은 “국제 정세가 불안해 한국보다 미국 일본 등 선진국으로 매수세가 몰리고 있다”며 “국내 반도체 업체 대부분은 낸드와 D램 등 범용 반도체가 주력이기 때문에 엔비디아의 혜택을 보지 못했다”고 말했다.일각에서는 국내 증시가 미국과 일본, 그리고 중국 사이에 낀 상태를 유지해 영향이 제한적일 것으로 봤다. 이날 하이투자증권은 보고서를 통해 “국내 증시도 기업 밸류업 프로그램 등으로 상승 국면을 타고 있지만 강도는 미국 일본보다 미진하다”며 “중화권 증시 역시 부양책 기대로 반등 국면에 있지만 불확실성이 크다”고 말했다. 중화권 증시 중엔 대만이 엔비디아 랠리에 동참했다. TSMC 등 주요 반도체 기업이 엔비디아와 협력관계란 점이 부각됐다. TSMC는 23일까지 이틀간 3%가량 올랐다.○국내 반도체주 ‘키 맞추기’ 나설 듯국내 반도체주 중에선 SK하이닉스가 예외적으로 오름세를 이어가며 주목받고 있다. 시장 전문가들은 고대역폭메모리(HBM) 영향으로 보고 있다. SK하이닉스는 엔비디아에 HBM을 공급한다. HBM 등 고부가가치 제품군의 판매 호조에 힘입어 지난해 4분기 매출 11조3055억원, 영업이익 3460억원을 올리며 삼성전자 반도체(DS) 부문보다 빠르게 흑자 전환했다.전문가들은 중장기적으로 SK하이닉스에 이어 국내 다른 반도체주도 글로벌 랠리에 동참하는 ‘키 맞추기’가 진행될 것으로 예상한다. 지난해 4분기부터 D램 등 메모리 반도체 가격이 상승세로 돌아서는 등 반도체 업황이 살아나고 있어서다. 연내 금리 인하 기대감도 긍정적이다. 인공지능(AI) 수요로 설비 투자가 늘어나는 상황에서 관련 금융 비용을 줄일 수 있다. 김영건 미래에셋증권 연구원은 삼성전자에 대해 “메모리 수요가 회복하고 있는 데다 주가 약세의 원인이던 HBM 역시 투자를 본격화하고 있다”고 평가했다."
    },
    {
        "title": "풍력·태양광 등 인프라 회사 투자…기후테크로 상장 후 수익률 7.6%",
        "date": "2024.02.23. 오후 5:51",
        "content": "■KoAct 글로벌기후테크인프라액티브전력인프라·태양광·풍력 골고루 담아\n\n\n\n미국 오하이오주에 위치한 아마존 태양광 발전소. 서울경제DB[서울경제] 올해 선진국을 중심으로 ‘기후테크(기후+기술)’가 주요 키워드로 떠오르면서 재생에너지와 전력인프라에 동시에 투자할 수 있는 상장지수펀드(ETF)가 주목을 받고 있다. 기후변화 대응을 위한 탄소 감축 노력이 이어지는 가운데 전기차와 인공지능(AI) 산업 발달, 에너지 안보 등이 맞물리면서 재생에너지 전력 수요가 급증하자 관련 기업의 실적이 두드러질 것으로 예상되기 때문이다.23일 한국거래소에 따르면 22일 기준 삼성액티브자산운용의 ‘KoAct 글로벌기후테크인프라액티브’는 지난 1월 18일 상장 이후 수익률 7.61%를 기록했다. 같은 기간 스탠더드앤드푸어스(S&P)500지수와 나스닥종합지수는 각각 4.2%, 3.5% 상승했는데 이를 웃도는 성과다. 기후테크는 산업 전반에서 탄소 배출을 줄이면서 기후변화 악영향에 대처하기 위한 모든 기술을 일컫는 개념이다.KoAct 글로벌기후테크인프라액티브는 풍력·태양광·원자력 등 저탄소 에너지와 에너지저장시스템(ESS)·가상발전소 등 탄소 감축 기술을 가진 기후테크 기업, 전력망·재생에너지 발전소 건설 등과 관련한 핵심 인프라 기업에 투자한다. 기초지수는 솔라액티브 글로벌기후테크인프라 PR이다.해당 ETF는 제너럴일렉트릭(8.5%), 이튼(7.3%), 퍼스트 솔라(6.7%), 인페이즈 에너지(6.3%), 콴타 서비시즈(6.1%) 등 26개 종목이 포함돼 있다. 미국 주식 비중이 71.8%로 대부분을 차지하는 가운데 유럽(15.3%)과 한국(9.8%) 등이 나머지를 채웠다. 세부 섹터별로는 전력인프라 29.7%, 태양광 29.6%, 풍력 24.8%, 수소 8.3% 등으로 구성했다.기후테크에 주목해야 하는 건 최근 생성형 AI가 데이터센터에 적용되면서 전력 수요가 급증할 것으로 예상되기 때문이다. 국제에너지기구(IEA)는 올해 초 전 세계 데이터센터에서 사용되는 전력이 2022년 460테라와트시(TWh)에서 2026년 최대 1050TWh로 늘어날 수 있다는 전망을 내놓았다. 글로벌 빅테크 기업들의 재생에너지 확보 경쟁도 심화하면서 GE(16.8%) 등 미국 전력기기 업체들의 주가도 연초부터 강세다.미국 인플레이션감축법(IRA) 역시 전력 인프라 투자를 늘리는 요인으로 작용한다. 태양광, 풍력 등 재생에너지 발전소 설치에 대한 세액공제 혜택이 포함되면서 그동안 멈췄던 대규모 프로젝트 발주가 재개되고 있다. 올해 미국 대선 결과와 무관하게 관련 투자가 이어질 것이란 분석도 제기된다.김효식 삼성액티브자산운용 운용팀장은 “미국 빅테크 기업들이 AI 투자와 IRA 법안 효과로 다른 지역보다 업황이 더 좋다”며 “올해 전력 인프라, 유틸리티 태양광, 육상풍력 등 실적 개선이 두드러질 것”이라고 했다."
    },
    {
        "title": "150조 뭉칫돈 대기…밸류업 수혜주 옥석가리기 본격화",
        "date": "2024.02.23. 오후 5:45",
        "content": "[밸류업 대책 발표 앞두고 증시 '정중동']예탁금 53.6조로 한달새 3.8조 늘어신용융자·CMA 잔액도 일제히 급증외국인·기관 주도 저PBR株 강세 속주주환원 높은 기업에 자금유입 전망정책 실효성 없을땐 해외 이탈할 수도\n\n\n\n서울 여의도 증권가. 연합뉴스[서울경제] 정부의 기업 밸류업 프로그램 발표가 코앞으로 다가온 가운데 구체적인 내용을 확인한 뒤 투자하려는 대기 자금이 크게 늘고 있다. 투자 전문가들은 이런 자금들이 정부 발표 이후 저평가 주식에 선별적으로 유입될 것으로 점치면서도 정책에 대한 실망이 더 클 경우 미국 등 해외 증시로 이탈할 가능성도 있다고 내다봤다.23일 금융투자협회에 따르면 투자자 예탁금은 정부가 기업 밸류업 프로그램을 처음 언급한 지난달 24일 49조 7804억 원에서 이달 22일 53조 6264억 원으로 한 달가량 동안 3조 8460억 원이 더 증가했다. 19일과 21일에는 이 액수가 54조 원을 넘기도 했다. 예탁금은 투자자가 주식을 사려고 증권사 계좌에 맡겨두거나 주식을 팔고 쌓아둔 돈으로, 금융투자 업계에서는 증시 대기성 자금으로 분류한다.밸류업 발표를 목전에 두고 늘어난 증시 대기 자금은 예탁금뿐이 아니다. 개인투자자들이 빚을 내 주식을 사는 자금인 신용거래 융자 잔액도 이 기간 17조 9028억 원에서 18조 3766억 원으로 4738억 원 더 늘었다. 종합자산관리계좌(CMA) 잔액 역시 69조 6300억 원에서 76조 9366억 원으로 7조 원 이상 급증했다. CMA는 투자자가 맡긴 자금을 증권사가 국고채나 양도성예금증서(CD), 회사채 등에 투자해 수익을 내며 수시로 돈을 넣고 뺄 수 있는 상품이다. CMA 잔액은 19일 77조 7543억 원까지 불어 사상 최대치에 이르기도 했다.업계에서는 증시 주변 자금이 빠르게 늘어나는 이유를 기업 밸류업 프로그램에 대한 기대 때문으로 풀이했다. 총선을 앞두고 정부가 직접 증시 부양 의지를 보이는 상황에서 실제 정책을 확인한 뒤 수혜주에 투자하겠다는 목적이 강하다는 해석이다.실제 지난달 24일부터 이날까지 국내 주식시장의 상승세는 주당순자산비율(PBR)이 낮은 종목들이 주도했다. 흥국화재(000540)가 이 기간 94.21% 뛰어오른 것을 비롯해 삼성생명(52.72%), LG(003550)(39.04%), 제주은행(006220)(36.78%), 삼성물산(028260)(36.29%), 기아(000270)(34.70%), 현대차(005380)(31.89%) 등 상당수 저(低)PBR 종목이 유가증권시장 상승률 상위권을 석권했다. 같은 기간 코스피지수가 8.11% 오른 점을 감안하면 해당 종목들만 압도적으로 강세를 보인 셈이다. 특히 이 기간 외국인투자가가 코스피에서만 8조 1600억 원어치를 순매수하고 연초 매도 폭탄을 던지던 기관까지 1조 7900억 원 매수 우위로 돌아서면서 기업 밸류업 프로그램에 대한 기대는 더욱 확산했다. 이날 코스피시장에서도 보험(2.90%), 증권(1.52%), 금융업(1.61%) 등 대표적인 저PBR 업종들이 가장 많이 올랐다.\n\n\n\n전문가들은 26일 정부 정책 발표 이후에는 자사주 매입·소각, 배당 확대 등 기업가치 제고 노력에 자발적으로 동참하는 기업들의 주가가 일시적으로 탄력을 받을 수 있다고 내다봤다. 단기적으로는 증시 주변 자금이 이들 기업을 중심으로 흘러 들어갈 수 있다는 전망도 나왔다. 노동길 신한투자증권 연구원은 “밸류업 프로그램 중심축이 자기자본이익률(ROE)이라면 일본 사례를 참고해 타사 주식 매각으로 자본 효율성을 제고할 기업에 주목해야 한다”고 조언했다.다만 정부가 실효성이 떨어지는 정책을 내놓을 경우 불투명한 기대만으로 늘었던 증시 자금들이 해외 주식시장이나 다른 투자 상품으로 뿔뿔이 흩어질 수 있다는 우려도 만만찮게 나왔다. 업계에서는 기업 밸류업 프로그램의 핵심 내용으로 거론되는 세제 혜택들은 대부분 법 개정 사안이라 4월 총선에서 여당이 대승을 거둔다는 전제가 필요하다고 입을 모았다. 한국거래소의 ‘밸류업 지수’ 산출과 자산운용사들의 관련 상장지수펀드(ETF) 개발 문제도 상당한 시일이 걸리는 작업인 만큼 26일 당장 구체화하기는 어려울 것이라는 관측이 대세다. 무엇보다 일본의 밸류업 제도가 10년 뒤에야 빛을 본 점을 감안하면 기업 체질 개선 없이 정책만으로 당장 증시를 부양하기는 힘들 것이라는 의견도 많았다. 금융 정보 업체 에프앤가이드(064850)에 따르면 이달 14일 기준으로 지난해 4분기 실적을 발표한 국내 상장사 218개 중 72%인 158개사가 시장 평균 추정치를 밑도는 영업이익을 발표한 상태다.박승영 한화투자증권 연구원은 “밸류업 프로그램의 성패는 기업들이 얼마나 자율적으로 따르는가에 달렸다”며 “자사주 소각을 비용으로 인정하고 배당 증가분에 대해 세액을 공제해주면 기업들이 주주 환원을 비용 절감 수단으로도 활용할 수 있다는 문제가 있다”고 지적했다. 영국계 헤지펀드 헤르메스의 조너선 파인스 일본 제외 아시아 수석 포트폴리오 매니저는 13일(현지 시간) 홈페이지에서 “한국 특유의 총수 일가 지배구조를 개혁하지 않는 한 일본식 기업 밸류업 프로그램은 효과를 내지 못할 것”이라고 비판했다."
    }
]