[
    {
        "title": "한국서 2주간 5조원 쓸어담았다…외국인 ‘최애’ 저PBR 종목은",
        "date": "2024.02.11. 오후 7:26",
        "content": "1년2개월만에 15거래일 연속 순매수 현대·기아·삼성물산 등 저PBR 집중연휴 이후 美 1월 CPI·산업생산 변수\n\n\n\n외국인들이 지난 2주간 5조원이 넘는 코스피 종목을 사들인 것으로 나타났다. 정부가 국내 증시 저평가 해소 차원에서 이달 중 ‘코리아 디스카운트 대책’을 마련하겠다고 밝힌 데 따른 훈풍이다. 미국과 일본 증시가 연일 사상최고 기록을 쓰고 있는 가운데, 한국 증시도 저평가 국면을 벗어날 수 있을 지 관심이 쏠린다.11일 한국거래소에 따르면, 지난달 29일부터 지난 8일까지 2주간 코스피 시장에서 외국인 투자자의 국내 주식 순매수액은 5조372억원을 기록했다. ‘저(低) PBR(주가순자산비율)’ 대책 기대감이 외국인 매수를 이끌었다. 반면 같은 기간 개인 투자자는 6조1647억원어치를 순매도하며 차익 실현에 나서 대비를 이뤘다.특히 외국인은 코스피200 종목을 지난달 19일부터 지난 8일까지 15거래일 연속 순매수했다. 외국인이 보름 이상 연속으로 코스피200 종목을 사들인 것은 1년 2개월만이다.이같은 상황은 ‘저PBR 랠리’라 부를 만 하다. 같은 기간 외국인의 매수세는 현대차(1조2283억원)·기아(5003억원)·삼성물산(3112억원)·KB금융(2582억원) 등 ‘저PBR 종목’에 집중됐다. 현재 PRB을 보면 현대차가 0.79배, 기아차가 1.15배, 삼성물산이 0.96배 수준이다.PBR은 시가총액을 순자산으로 나눈 값으로, 주가가 1주당 순자산의 몇 배로 매매 되고 있는지를 알려주는 지표다. 낮을수록 저평가돼 있다고 본다. 외국인 매수세가 몰리면서 같은 기간 현대차는 37.5%, 기아차는 29.2%, 삼성물산은 32.9%, KB금융은 36.5% 상승했다.미국과 일본 등 글로벌 증시 랠리가 언제까지 이어질 지도 관심이다. 뉴욕 증시에서 스탠더드앤드푸어스(S&P)500 지수는 지난 9일(현지시간) 5026.61으로 장을 마감했다. 사상 처음 5000선을 돌파한 것이다. 9일 닛케이지수도 3만6897로 장을 마감하며 34년만에 최고치를 이틀째 경신했다.월스트리트저널은 “미국 경기가 지나치게 뜨겁지도 차갑지도 않은 전형적인 ‘골디락스’에 진입해 연착륙 가능성이 높아지고 있다”며 “기업 실적도 호조를 보이는 것이 랠리에 영향을 주고 있다”고 전했다.이번 주 아시아 증시는 한국 설 연휴(12일), 중국·홍콩 춘절(12~16일), 일본 개천절(12일) 등 대체로 휴장이다. 반면 미국 증시는 중요한 지표 발표를 앞두고 있다. 13일 미국 1월 소비자물가지수, 15일 미국 1월 산업생산·소매판매, 16일 미국 2월 미시건대 소비자심리지수(잠정) 등이 발표된다.노동길 신한투자증권 연구원은 “1월 미국 소비자물가지수는 종합지수와 근원지수 모두 전년 동기 대비 안정 수준으로 나올 것 같다”면서 “미국 시장은 연준 위원들의 매파적 발언에도 실적 주도 상승세가 이어지고 있어, 빅테크 기업들 주도로 상승세가 유지될 가능성이 있다”고 말했다."
    },
    {
        "title": "공개매수 석권한 이 증권사…수백억 이자수익까지 ‘쏠쏠하네’ [시그널]",
        "date": "2024.02.11. 오후 1:01",
        "content": "NH증권, PEF 파트너 입지 다져쌍용C&E 7000억 공개매수에도브릿지론 4600억 제공···이자 수익 최대 150억\n\n\n\n서울 여의도 증권가 전경. 연합뉴스.[서울경제] 사모펀드(PEF) 운용사 한앤컴퍼니(한앤코)가 쌍용C&E(003410) 공개매수에 나선 가운데 이번 거래가 성공적으로 마무리되면 파트너 투자은행(IB)은 쏠쏠한 수익을 거머쥘 것으로 보여 업계의 관심이 모아진다. 공개매수를 주관하면 기본 수수료는 물론 수천억 원 규모 대출을 제공하며 이자수익까지 챙길 수 있다는 점에서 IB 업계의 새 먹거리로 부상하고 있다.11일 IB업계에 따르면 한앤코는 다음달 6일까지 쌍용C&E 주식 20.1%를 공개매수할 계획이다. 한앤코는 현재 쌍용C&E 지분 78.48%를 보유한 최대주주다. 이번 공개매수가 끝나면 쌍용C&E가 직접 보유한 자사 주식 등을 포함해 지분 100%를 확보하고 회사를 상장폐지 시킬 계획이다.한앤코는 이번 공개매수의 주당 단가로 7000원을 제시했다. 시장에 풀려 있는 지분 20.1%가 모두 공개매수에 응하면 총 7030억 원을 마련해야 한다는 계산이 나온다. 이를 위해 한앤코가 3668억 원, 쌍용C&E가 3350억 원을 각각 투입한다는 계획이다.한앤코는 전체 인수대금 중 주관사 NH투자증권(005940)으로부터 절반 이상을 빌리기로 조달 전략을 짰다. 한앤코가 2800억 원, 쌍용C&E가 1800억 원을 NH증권으로부터 6개월 만기 각각 이자율 6.90%, 5.90% 책정해 대출 받는다는 계획이다. NH증권은 이 브릿지론(Bridge Loan)을 제공하면서 단순 이자 수익만 97억 원, 53억 원 등 최대 150억 원을 챙길 수 있게 됐다.NH증권은 또 이번 거래의 매수 수수료로 11억 원을 책정해 둔 상태다. 여기에 공개매수 청약을 통해 최소 수백 명의 개인 투자자가 유입된다는 점에서 리테일 금융 시장에서 무형의 시너지까지 확보하게 셈이다.NH증권은 지난해부터 잇따라 펼쳐진 사모펀드들의 공개매수에서 파트너사로 입지를 공고히 다지고 있다. 지난해 6월 한앤코가 실시했던 루트로닉과 1월 MBK파트너스·UCK파트너스의 오스템임플란트 공개매수 때 주관사로 나서 매수 수수료로 각각 33억 원, 11억 원을 책정했다.특히 NH증권은 한앤코의 루트로닉 공개매수 때 최대 6172억 원의 브릿지론을 6개월 만기 금리 6.5%에 제공하기로 약정, 최대 200억 원의 이자 수익을 확보했다. 다만 당시 공개매수에는 최초 계획 이하의 청약만 접수된데다 한앤코가 이 브릿지론을 만기까지 끌고 가지 않고 일부 중도상환 하면서 예상보다 이자 수익은 적었던 것으로 파악된다.IB업계 관계자는 “공개매수자는 브릿지론을 최대한도로 약정해 두지만 실제 청약 수가 적으면 이보다 적은 돈을 빌려와 거래를 마무리한다”면서 “이자 비용을 줄이기 위해 펀드에 돈이 추가 마련되는대로 중도상환에 나서 실제 주관사가 벌어갈 이자수익은 예상보다 적을 수 있다”고 설명했다."
    },
    {
        "title": "'美中갈등 격화 수혜' 삼성바이오로직스, 황제주 도전장",
        "date": "2024.02.11. 오후 12:01",
        "content": "외국인 투자가 매수세작년 말 대비 17% 상승\n\n\n\n삼성바이오로직스 본사 전경. 사진 제공=삼성바이오로직스[서울경제] 최근 삼성바이오로직스(207940)의 주가가 지난해 말 대비 큰 폭으로 올랐다. 증권 업계에서는 삼성바이오로직스가 황제주(주당 100만원을 넘는 주식) 자리에 올라서는 것도 가능할 것으로 보고 있다.10일 한국거래소에 따르면 8일 삼성바이오로직스의 주가는 전날 종가 대비 1만 1000원(1.33%) 하락한 81만 5000원에 장을 마감했다. 삼성바이오로직스의 주가는 이달 5일부터 하락세를 보이고 있지만 지난해 12월 14일 69만 8000원과 비교하면 11만 7000원(16.76%)이 오른 것이다.이 기간 외국인 투자가들이 삼성바이오로직스의 주가 상승을 견인한 것으로 보인다. 실제 12월 14일 기준 외국인 투자가들의 삼성바이오로직스 주식 보유율은 10.11%에서 2월 8일 기준 11.45%로 1.34% 포인트 증가했다. 외국인 투자가들은 1월 19일부터 2월 7일까지 14거래일 간 삼성바이오로직스의 주식을 순매수했는데 규모는 약 3920억 원으로 집계됐다.삼성바이오로직스는 바이오 의약품 위탁개발생산(CDMO) 사업을 영위하고 있다. 고객사의 바이오 의약품에 필요한 항체 등을 생산하거나 세포주를 개발해 제공한다. 삼성바이오로직스의 생산 역량은 세계 최대다. 현재 60만 4000ℓ의 생산 역량에 더해 지난해 4월부터 공장 증설에 돌입했다. 완공 후 삼성바이오로직스의 총 생산 능력은 78만 4000ℓ에 이르게 된다.증권 업계에선 삼성바이오로직스의 목표 주가를 100만 원 이상이 될 것으로 보고 있다. 미래에셋증권은 목표 주가를 110만 원으로 설정했으며, NH투자증권은 목표 주가를 105만 원으로 11% 상향했다. 바이오 의약품 CDMO 업황이 올해도 긍정적일 것이란 전망과 함께 바이오 산업에서 미국의 중국 견제가 예상되는 만큼 삼성바이오로직스가 수혜를 볼 수 있다는 설명이다.미국 하원 특별위원회는 지난해 ‘Biosecure Act’의 초안을 발표했다. 법안의 내용은 특정 중국 바이오 업체들과 계약 금지를 골자로 한다. 중국 공산당은 중국 기업에 데이터 공개를 요구할 수 있다. 중국 기업과 거래가 미국의 국가 안보에 위협을 끼칠 수 있다는 것이다. 김승민 미래에셋증권 연구원은 “Biosecure Act는 초안이라는 점 등 때문에 기우라고 생각할 수 있겠으나 미중 간의 갈등이 바이오 산업에도 확장되고 있으며 그 빈도가 잦아지고 있다”고 분석했다.삼성바이오로직스가 지난해 1조 원의 영업이익을 기록한 점도 시장에서 긍정적으로 평가되고 있다. 삼성바이오로직스의 지난해 연결 기준 매출액은 전년 대비 6933억 원(23%) 증가한 3조 6946억 원, 같은 기간 영업이익은 1301억 원(13%) 늘어난 1조 1137억 원으로 집계됐다. 별도 기준 매출액은 2조 9838억 원, 영업이익은 1조 2042억 원을 기록했다.올해에는 4조 원의 매출을 넘어설 것으로 전망된다. 삼성바이오로직스는 올해 매출액 성장률을 10~15%로 예상했다. 연결 기준 매출은 4조 2300억 원, 영업이익은 1조 2200억 원 수준이 될 것으로 추정된다. 이지수 다올투자증권 연구원은 “알츠하이머 치료제와 항체약물접합체(ADC) 등 항체치료제 시장의 성장이 예상된다”며 “대량 생산 수요에 대응할 수 있는 생산 능력을 보유하고 있어 지속적인 성장이 기대된다”고 했다."
    },
    {
        "title": "진영이형, 시혁이형, 주가 왜 이래? 엔터株 시총 올들어 3조 증발",
        "date": "2024.02.11. 오전 10:37",
        "content": "JYP엔터 올들어 시총 24% 증발에스엠, 와이지, 하이브 두자릿수 감소올해 영업이익 눈높이도 낮아져YG엔터 이익전망 10% 하향\n\n\n\nK팝이 세계적 인기를 얻고 있음에도 올들어 국내 엔터테인먼트 종목 시가총액이 3조원 가까이 감소한 것으로 나타났다.11일 한국거래소에 따르면 8일 기준 국내 엔터테인먼트 4개사(JYP엔터·와이지엔터·에스엠·하이브)의 시가총액은 총 13조5630억원으로 지난해 말(16조4700억원) 대비 2조9070억원 줄었다.시가총액이 가장 많이 감소한 종목은 JYP엔터테인먼트로 올들어서면 24%나 줄었다. 에스엠(20%), 와이지엔터테인먼트(17%), 하이브(14%)도 두자릿수로 떨어졌다.4대 엔터사 주가는 올들어 평균 19.2%나 떨어지면서 같은 기간 코스피(-1.3%), 코스닥지수(-4.6%) 대비 몇 배의 하락률을 보였다.특히 기관투자가들의 매도세가 거셌다. 순매도액은 2630억원에 달한다. 최민하 삼성증권 연구원은 “최근 몇 년간 엔터테인먼트는 음반 중심으로 실적 고성장을 보였지만, 최근 중국 공동구매 감소 등의 이슈로 음반 시장 성장 둔화가 감지된 이후 주가가 약세를 보이고 있다”고 분석했다.올해 영업이익에 대한 눈높이도 대폭 낮아지고 있다.금융정보업체 에프앤가이드에 따르면 7일 기준 증권사 3곳 이상이 추정치를 제시한 엔터 4사의 영업이익 추정치 총합은 1조5898억원으로 지난해 말 추정치(1조6542억원) 대비 644억원 감소했다.와이지엔터테인먼트의 영업이익 추정치가 지난해 말 대비 10% 하향 조정돼 조정폭이 가장 컸다.목표주가도 올해 들어 평균 8% 하향 조정됐다.에프앤가이드에 따르면 7일 기준 증권사 3곳 이상이 제시한 와이지엔터테인먼트 평균 목표주가는 6만9250원으로 지난해 말(8만1000원) 대비 14.5%나 낮춰 제시됐다. 이어 JYP엔터테인먼트(-9.2%), 에스엠[041510](-7.6%), 하이브(-1.0%) 순으로 하락폭이 컸다."
    },
    {
        "title": "삭풍 부는 엔터株, 올들어 시총 3조 증발…목표가 평균 8% 낮춰",
        "date": "2024.02.11. 오전 10:00",
        "content": "올해 영업이익 눈높이도 낮아져…YG엔터 이익전망 10% 하향\n\n\n\n그룹 방탄소년단(BTS)의 콘서트 'BTS: Yet to Come'[쿠팡플레이 제공. 재판매 및 DB 금지](서울=연합뉴스) 이민영 기자 = 음반 시장 성장 둔화 우려 등으로 올해 들어 엔터테인먼트 종목 시가총액이 3조원 가까이 감소한 것으로 나타났다.    11일 한국거래소에 따르면 8일 기준 국내 엔터테인먼트 4개사(JYP엔터·와이지엔터·에스엠·하이브)의 시가총액은 총 13조5천630억원으로 지난해 말(16조4천700억원) 대비 2조9천70억원 줄었다.    시가총액이 가장 많이 감소한 종목은 JYP엔터테인먼트로 올해 들어 24% 감소했다. 뒤이어 에스엠(20%), 와이지엔터테인먼트(17%), 하이브(14%) 순으로 감소 폭이 컸다.    이들 종목의 주가는 올해 들어 평균 19.2% 내려 같은 기간 코스피(-1.3%), 코스닥지수(-4.6%) 하락률을 대폭 상회했다.    최민하 삼성증권 연구원은 \"최근 몇 년간 엔터테인먼트는 음반 중심으로 실적 고성장을 보였지만 최근 중국 공동구매 감소 등의 이슈로 음반 시장 성장 둔화가 감지된 이후 주가가 약세를 보이고 있다\"고 분석했다.    기관투자자들이 엔터테인먼트 종목을 대거 순매도하며 주가 하락을 이끌었다.    기관은 올해 들어 4개사에 대해 모두 매도 우위를 보였으며 순매도액은 총 2천630억원에 달했다.\n\n\n\n블랙핑크[YG엔터테인먼트 제공. 재판매 및 DB 금지]앨범 판매 둔화 등에 대한 우려로 이들 엔터사의 올해 영업이익에 대한 눈높이도 대폭 낮아지고 있다.    금융정보업체 에프앤가이드에 따르면 7일 기준 증권사 3곳 이상이 추정치를 제시한 엔터 4사의 영업이익 추정치 총합은 1조5천898억원으로 지난해 말 추정치(1조6천542억원) 대비 644억원 감소했다.    와이지엔터테인먼트의 영업이익 추정치가 지난해 말 대비 10% 하향 조정돼 조정폭이 가장 컸다.    아울러 이들 엔터사의 목표주가도 올해 들어 평균 8% 하향 조정됐다.    에프앤가이드에 따르면 7일 기준 증권사 3곳 이상이 제시한 와이지엔터테인먼트의 평균 목표주가는 6만9천250원으로 지난해 말(8만1천원) 대비 14.5% 내리며 조정폭이 가장 컸다.    뒤이어 JYP엔터테인먼트(-9.2%), 에스엠(-7.6%), 하이브(-1.0%) 순으로 하락폭이 컸다.    김현용 현대차증권 연구원은 \"상반기까지 방탄소년단(BTS) 활동 공백이 예상되는 가운데 주요 아티스트들의 활동이 작년 수준을 나타내지 못할 것으로 보여 1분기 실적이 가시화되는 5월 초까지는 엔터주 주가 흐름이 좋지 않을 것\"이라고 내다봤다.    이어 \"1분기 실적 발표 후 아티스트 활동량이 회복될 경우 주가가 반등할 수 있을 것이나, 추세적인 반등보다 단기적인 반등으로 추정한다\"며 종목별 차별화가 예상되는 가운데 미국 걸그룹 데뷔, 플랫폼 고도화 등이 기대되는 하이브를 엔터주 내 최선호주로 꼽았다.    mylux@yna.co.kr"
    },
    {
        "title": "밸류업 핵심이 저PBR 아니라고?…日 사례 분석해보니",
        "date": "2024.02.11. 오전 9:02",
        "content": "저PBR 종목들 밸류업 도입 후 6개월 뒤 고점'PBR 1배 개선주 ETF'는 지수 평균 상승률 정도'일본 코스닥' 그로쓰 지수, 밸류업 효과 못 봐\"배당성향 증가로 고배당 종목·상품 인기\"\"고배당ETF, 외인 모멘텀으로 자금 유입 기대\"\n\n\n\n/게티이미지뱅크정부가 벤치마크로 삼고 있는 일본 밸류업 프로그램 도입 이후 닛케이지수에서 저PBR(주가순자산비율) 효과는 6개월 정도에 그쳤다는 분석이 나왔다. 증권가에선 밸류업 프로그램 도입 이후 장기적으로 고배당주에 대한 관심이 커질 것이라는 의견이 지배적이다.11일 에프앤가이드와 신한투자증권에 따르면 일본 밸류업 프로그램 도입(지난해 3월) 이후 프라임 지수 내 저PBR 종목들은 약 6개월 후 고점을 형성한 뒤 주가가 꺾인 것으로 나타났다. 일본 증시는 프라임, 스탠다드, 그로쓰 지수로 분류되는데 프라임의 경우 한국의 코스피에 해당한다.프라임 지수 내 저PBR 종목들은 밸류업 프로그램 시행 직후 3개월간 강세를 보이다가 6개월 시점에서 고점을 찍은 뒤 하락세를 보였다.한 단계 체급이 낮은 종목들로 구성된 스탠다드 지수 내 저PBR주들 역시 밸류업 도입 초기 상승하다가 6개월을 정점으로 꺾였다. 스탠다드 지수 종목의 경우 6개월 지점에서 주가가 과열돼 고PBR주로의 전환이 있었고, 이후에 상승 전환에 성공한 종목이 없었다.특히 밸류업 프로그램 도입 이후 6개월 시점에 'PBR 1배 개선주 상장지수펀드(ETF)'가 등장했는데, 이 상품 출시 이후 PBR주 효과는 고점을 형성했다. 저PBR 대표 ETF였던 이 상품의 수익률은 닛케이 지수 평균 상승 정도에 그쳤다.한국의 코스닥에 비견되는 그로쓰 지수 내 기업들은 밸류업 프로그램 이후 주가가 오히려 떨어졌다. 박우열 신한투자증권 연구원은 \"여전히 일본 중소기업들은 매출이나 이익이 제자리걸음이고 주주환원도 못하고 있다\"며 \"엔저로 대기업들은 호황을 구가하고 있으나 그 훈풍이 중소기업으로까지 미치지 못했다\"고 설명했다.\n\n\n\n/레피니티브·신한투자증권오히려 가장 인기 있는 상품은 '고배당 ETF'였다. 주주환원 자체가 일본 증시 내에서 하나의 테마로 등장하면서 업종을 가리지 않고 배당성향이 증가해서다.박유안 KB증권 연구원은 \"일본 밸류업 프로그램 도입 당시 일본 투자 ETF 중 배당수익률이 높은 기업들을 담은 ETF가 정책 실시 이후 가장 우수한 성과를 냈다\"며 \"배당과 주주환원을 통한 저평가 해소에 초점을 맞춘 액티브 ETF들이 일본 주식시장에 등장했었다\"고 설명했다.국내에서도 벌써 고배당 ETF에 대한 관심이 늘고 있다.정부 발표 직후였던 지난달 25일부터 지난 8일까지 'KODEX 보험 ETF' 주가는 20%가량 올랐다. 이 펀드는 삼성화재, DB손해보험, 삼성생명, 현대해상 등을 담고 있다. 'TIGER 은행고배당플러스TOP10' ETF의 이 기간 수익률도 15%가 넘는다.이외에 'ARIRANG 고배당주', 'HANARO 고배당', 'KODEX 고배당' ETF 등의 일평균 거래량도 폭증했다. 저PBR 수혜와 배당 매력이 부각된 결과로 풀이된다.박 연구원은 \"한국도 기업 밸류업 프로그램을 통해 저PBR 종목에 관심이 집중되면서 관련 ETF 상품이 기획될 것\"이라며 \"특히 향후 고배당주 ETF는 외국인 입장에서 한국 증시가 위험자산 선호 국면에 좋은 투자 대상인 데다 정책적인 수급 모멘텀이 존재하는 만큼 자금 유입을 기대해볼 수 있다\"고 말했다."
    },
    {
        "title": "'저PBR 장세'에 5조 쓸어 담은 외국인 \"성적표 화려하네\"",
        "date": "2024.02.11. 오전 9:00",
        "content": "순매수 상위 20개 종목 주가 모두 올라…코스피200 15거래일 연속 '사자'개미들, 현대차·기아 등 차익실현 몰두…순매수 1~5위 모두 하락\n\n\n\n코스피 외국인 '바이코리아' (PG)[정연주 제작] 일러스트(서울=연합뉴스) 조민정 기자 = 당국의 '기업 밸류업 프로그램' 구상 발표 이후 펼쳐진 저PBR(주가순자산비율) 장세에서 외국인투자자는 함박웃음을 짓고 있지만 개인투자자들은 울상이다.    11일 한국거래소에 따르면 저PBR 종목이 증시를 이끈 지난달 29일부터 지난 8일까지 코스피 시장에서 외국인 투자자의 국내 주식 순매수 금액은 5조372억원이다.    외국인은 특히 코스피200 기업을 지난달 19일부터 지난 8일까지 15거래일 연속 순매수했다. 외국인이 15일 이상 연속으로 코스피200 기업을 사들인 것은 2022년 9월 29일~10월 27일(19일) 이후 1년2개월여만이다.    외국인의 매수세는 현대차(1조2천283억원)·기아(5천3억원)·삼성물산(3천112억원)·KB금융(2천582억원) 등 저PBR 종목에 '올인'하는 모양새였다.     특히 현대차 순매수 금액은 코스피 전체 순매수액의 4분의 1수준에 달한다.    저PBR 종목 중심의 시장이 형성되면서 외국인의 순매수 상위 20개 종목은 한 종목도 빠짐없이 모두 올랐다. 그중 13개 종목은 오름폭이 두 자릿수일 정도로 컸다.\n\n\n\n한국거래소[한국거래소 제공. 재판매 및 DB 금지]삼성화재가 38.17%로 가장 많이 올랐고 한미반도체가 33.73%, 현대차는 33.48% 상승했다. 삼성물산, 삼성생명도 30.09%씩 올랐다.    SK스퀘어(29.62%), 하나금융지주(26.20%), KB금융(25.65%), 이마트(21.23%)도 20%가 넘게 상승했다.    같은 기간 개인은 6조1천647억원어치를 순매도하며 차익 실현에 나섰다.    특히 개인은 외국인 순매수 1위인 현대차를 1조7천201억원어치 팔았다. 기아(5천312억원), 삼성물산(4천443억원), KB금융(2천935억원) 등 대부분 순매도 상위 종목이 외국인 순매수 상위 종목과 일치했다.    개인이 이들 종목을 팔고 순매수한 종목들의 성적표는 초라했다.    매수 상위 20개 종목 중 주가가 오른 종목은 단 4종목인데, 삼성SDI(6.80%), LG에너지솔루션(3.41%)정도만 유의미한 상승률을 보였고 삼성전자, LIG넥스원(0.53%)의 오름폭은 미미했다.    가장 많이 사들인 NAVER(2천976억원)은 4.85% 내렸고, 삼성전기(857억원·-2.94%), 현대오토에버(811억원·-13.41%), 하이브(700억원·-7.62%), 한국항공우주(635억원·-8.57%) 등 순매수 상위 종목 1∼5위 모두가 하락했다.    chomj@yna.co.kr"
    },
    {
        "title": "설 연휴 끝나면 주가 오르던데…\"저PBR 모멘텀 여전\" [주간전망]",
        "date": "2024.02.11. 오전 8:02",
        "content": "설 연휴 이후 국내 증시 오를까아시아 주요 증시 휴장, 미 증시 투심↑미 CPI 등 주요 경제지표 발표최근 10년 연휴 이후 상승장 다수\"긴 연휴 두려워할 필요 없어\"\"저PBR 모멘텀 여전…외인 강한 매수세 확인\"\n\n\n\n/게티이미지뱅크이번주 국내 증시는 한국을 비롯해 일본, 중국 등 주요 아시아 증시가 일부 휴장에 들어가는 가운데 미국 경제지표를 지켜보며 관망세에 돌입할 것으로 전망된다. 다만 국내 증시는 연휴 이후 상승장이 많았다는 점, 최근 미국 증시에 대한 투자 심리가 자극되고 있다는 점은 고려해야 한다는 조언이다.11일 에프엔가이드에 따르면 이번주 국내 증시는 오는 12일 대체 공휴일로 주식시장이 열리지 않는 가운데 중국·홍콩 춘절(12~16일), 일본 개천절(12일) 등으로 아시아 주요 증시가 휴장에 돌입한다. 다만 미국에서 주요 경제지표가 발표된다는 점, 뉴욕증시가 기업 실적 호조와 기초체력(펀던멘털) 개선으로 상승세에 있다는 점은 다시 열릴 국내 증시에도 영향을 미칠 전망이다.주요 경제지표로는 미국 1월 소비자물가지수(CPI·13일 현지시간), 미국 1월 산업생산·소매판매(15일), 미국 2월 미시건대 소비자심리지수 잠정(16일) 등이 대기하고 있다. 특히 지난해 12월 미국 노동부가 CPI의 전월대비 수치를 기존 0.3% 상승에서 0.2% 상승으로 수정하면서 인플레이션 우려가 다소 완화됐다.노동길 신한투자증권 연구원은 \"1월 CPI는 종합지수(헤드라인)과 근원지수(핵심) 모두 전년 동기 대비 안정치로 나올 전망\"이라며 \"다만 물가 안정폭이 크지 않아 금리인하 시점을 앞당기기에는 부족하다는 판단\"이라고 말했다. 그러면서 \"시장의 기대감은 물가가 예상치를 크게 웃돌지 않는 한 이미 주식시장에 반영된 상태\"라고 부연했다.증권가는 최근 뉴욕증시가 상승 랠리를 타고 있다는 점도 주목해야 한다고 설명했다. 지난 9일(현지시간) 뉴욕증시에서 스탠더드앤드푸어스(S&P)500 지수는 마감가 기준으로 사상 처음 5000선을 돌파했다. 미 월스트리트 저널은 \"미국 경기가 지나치게 뜨겁지도 차갑지도 않은 전형적인 '골디락스'에 진입해 경기 연착륙 가능성이 높아지고 있다\"며 \"기업 실적도 호조를 보이고 있는 것이 랠리에 영향을 주고 있다\"고 풀이했다.\n\n\n\n/REUTERS미국 증시 상승장은 인공지능(AI)·반도체 등 기술주들이 주도하고 있다. 이날 엔비디아, 마이크로소프트(MS), 아마존, 구글 등 기술주들이 대거 상승했다. 엔비디아 주가는 사상 최고치를 다시 썼다. 블룸버그 산하 연구기관인 블룸버그인텔리전스에 따르면 미 상장 기업들의 3분의 2가량이 지난주까지 지난해 4분기 실적을 발표한 가운데 약 80%가 시장 예상치를 웃도는 실적을 공개했다. 이는 지난 10년 평균치인 74%를 뛰어넘는 수준이다.노 연구원은 \"미국 주식시장은 미 중앙은행 위원들의 매파적(통화긴축 선호) 발언에도 실적 주도 상승세가 이어지고 있다\"며 \"빅테크 기업들의 주도로 상승세가 유지될 전망\"이라고 관측했다.퀀트(계량분석)지표 가운데는 연휴 이후 수급에 주목할만하다. 과거 사례들을 보면 명절 연휴 이후 코스피지수는 한동안 강세 흐름을 나타낸 적이 많았다.한국거래소에 따르면 2014~2023년까지 설(구정 기준)·추석 명절 연휴가 끝난 뒤 코스피·코스닥 양 지수는 상승 곡선을 그리는 경우가 다수였다. 코스피의 경우 20번 중 13번이 상승장, 코스닥의 경우 14번이 상승장이었다. 특히 지난해 코스피지수는 구정 연휴 이후 첫 거래일에 1.5% 넘게 올랐다.염동찬 한국투자증권 연구원은 \"추석 연휴 기간은 시기적으로 미국 예산안 불확실성과 셧다운(정부 업무정지) 이슈 등이 있는 반면 설 연휴의 경우 이러한 이슈가 상대적으로 적어 추석과 달리 상승 확률이 좀더 높다\"며 \"과거 통계를 보면 설 연휴 이후의 흐름을 두려워만 할 필요는 없다\"고 내다봤다.\n\n\n\n/게티이미지뱅크증권가에선 저PBR(주가순자산비율)주 투자전략이 여전히 유효하다고 내다봤다. 최근 국내 증시에서 저PBR주가 과열 양상에 잠시 주춤하는 모습을 나타냈지만, 최근 외국인 투자자를 중심으로 강한 매수세가 다시 들어오고 있다는 이유에서다.조창민 유안타증권 연구원은 \"성장주 대비 가치주의 상대강도를 통해 향후 저PBR주들의 향방을 엿볼 수 있는데 최근 저PBR의 가파른 상승세로 1월에 이어 2월에도 가치주가 성장주 대비 수익률을 능가하고 있다\"며 \"정부의 정책적 지원이 기대된다는 점을 감안하면 동력(모멘텀) 지속에 대한 기대를 가져도 좋다는 판단\"이라고 말했다.다만 \"정책 발표 이후 국면에서 저PBR주가 대부분 좋은 수익률을 기록하고 있지만 옥석가리기가 필요하다\"며 \"시가총액 5000억원 이상 기업 중 재무건전성이 우수한 기업들이 적극적인 주주환원을 기대해볼 수 있는 곳들\"이라고 덧붙였다."
    },
    {
        "title": "[마켓인사이트] 연휴 경계감 속 반등…'저PBR 랠리' 지속될까",
        "date": "2024.02.11. 오전 7:00",
        "content": "저평가 해소 정부 정책에 외국인 호응…G2 증시 강세 '훈풍'도미국 1월 소비자물가 주목…호재냐 불확실성이냐 엇갈린 전망(서울=연합뉴스) 조성흠 기자 = 2월 첫째주 주식시장은 설 연휴를 앞두고 공방 끝에 3주 연속 상승세를 이어갔다.    1월 중반 이후 증시 상승세를 견인한 정부의 '기업 밸류업 프로그램' 기대감이 언제까지 지속될지 의문도 있었지만, 시장은 2월 들어서도 상승 흐름을 이어가며 코스피 2,600 고지를 재탈환했다.    미국 연방준비제도(Fed·연준)가 섣부른 금리 인하 기대에 선을 그었음에도 미국 증시가 호조를 보이면서 국내 증시에 '훈풍'이 됐다. 여기에 중국 증시까지 반등하는 등 주요 2개국(G2) 증시 강세가 상승 동력으로 작용했다.    금주는 미국 1월 소비자물가지수(CPI) 발표 이후 시장의 반응을 지켜볼 필요가 있다. 미국 물가 상승률이 예상대로 낮게 나올 경우 최근 한풀 꺾인 금리 인하 기대가 되살아나는 계기가 될 것이란 전망이 있는가 하면, 다른 한편으로 조기 금리 인하 가능성을 낮춘 연준 정책과의 충돌로 인한 불확실성을 경계해야 한다는 목소리도 나온다.\n\n\n\n설 연휴 앞두고 코스피 상승 마감(서울=연합뉴스) 류효림 기자 = 코스피가 설 연휴 전날인 8일 이틀 연속 상승하며 장을 마감했다. 코스피 종가는 전장보다 10.74포인트(0.41%) 오른 2,620.32로 집계됐다. 사진은 이날 장을 마친 서울 중구 하나은행 딜링룸 모습. 2024.2.8 ryousanta@yna.co.kr 외국인 연일 순매수로 시장 견인…코스닥도 반등    11일 연합인포맥스와 한국거래소에 따르면 코스피는 지난 8일 2,620.32로 한 주 전인 지난 2일(2,615.31)보다 0.19% 상승했다.    지난 5일 0.92% 하락하며 2,600선이 무너진 코스피는 6일에도 0.58% 하락하며 설 연휴를 앞두고 경계 심리가 높아지면서 조정 국면에 접어드는 분위기였다.    그러나 지난 7일 1.30% 급반등하며 2,600선을 탈환한 뒤 8일에도 0.41% 오르며 2,620선까지 회복했다.    한주 간(5~8일) 업종별로는 최근 기업 밸류업 프로그램의 최대 수혜주로 주목받는 보험(5.14%)을 비롯해 비금속광물(4.37%), 의료정밀(3.87%), 기계(3.39%) 등의 상승률이 두드러진 반면 의약품(-2.69%), 운수창고(-2.40%) 등은 약세를 보였다.    이 기간 외국인이 유가증권시장에서 1조4천676억원을 순매수하며 상승세를 이끌었고, 개인은 1조4천673억원을 순매도했다. 기관은 224억원을 순매도했다.    외국인은 정부가 기업 밸류업 프로그램 도입을 예고한 지난달 17일 이후 단 이틀을 제외하고 순매수를 기록했다.    코스닥지수는 826.58로 1주일 전(814.77)보다 1.44% 올라 5주만에 주간 상승세로 돌아섰다.    코스닥 업종 중 방송서비스(12.36%)과 금융(12.15%)이 두 자릿수 상승률을 기록한 반면 섬유의류(-3.65%), 운송(-3.11%) 등은 하락했다.    개인과 외국인이 각각 4천964억원, 493억원을 순매수했으나 기관은 4천364억원을 순매도했다.\n\n\n\n부산항에 적재된 컨테이너[연합뉴스 자료사진] 저PBR주 테마에 G2 증시 강세 겹쳐 투자심리 개선    시장 반등을 이끈 저PBR(주가순자산비율)주는 주초 주춤하다 재시동을 걸었다.    지난 6일 금융위원회는 '자본시장 체질개선을 위한 정책과제 추진 방향'을 발표했고, 이튿날에는 최상목 부총리 겸 기획재정부 장관이 일본 경제 전문가와 간담회에서 \"자본시장 체질을 근본적으로 개선하겠다\"며 기업 밸류업 프로그램 추진 의지를 강조했다.    주초 이틀간 맥없이 하락하며 전주의 상승세가 꺾이는 듯했던 증시는 이후 다시 힘을 내기 시작했다.    조창민 유안타증권 연구원은 \"기업 밸류업 프로그램에 대한 의지를 재확인하며 관련주의 상승세가 다시 시작됐다\"며 \"외국인 투자자의 공격적인 순매수도 확인됐다\"고 평가했다.    그 결과 연초 이후 보험, 은행, 증권, 자동차 등 저PBR 업종의 주가 상승률은 평균 13%로 코스피 평균(-1.7%)을 크게 웃돌았다.    미국과 중국 등 G2 증시의 동반 강세도 국내 증시의 투자심리 개선으로 이어졌다.    뉴욕증권거래소(NYSE)에서 스탠더드앤드푸어스(S&P)500 지수는 9일(현지시간) 사상 처음 5,000선을 넘어서며 거래를 마쳤다.    김석환 미래에셋증권 연구원은 \"미 증시는 기업실적 호조와 경제의 펀더멘털 개선 평가에 따라 상승하고 있다\"며 \"연준의 금리인하 기대감 속 경기 연착륙 자신감이 커지고 있다\"고 말했다.    중국에서는 시진핑 국가주석이 나선 증시 부양 의지를 밝힌 뒤 증시가 반등했고, 이는 신흥국 시장에 대한 자금 유입으로 이어졌다.\n\n\n\n제롬 파월 미 연준 의장[AFP 연합뉴스 자료사진. 재판매 및 DB 금지] 미 소비자물가 하락 예상에 '촉각'…저PBR 강세 속 순환매 전망도    이번 주는 13일(현지시간) 공개되는 미국 1월 소비자물가지수(CPI)가 증시에 어떤 영향을 미칠지 주목된다.    1월 CPI 상승률은 지난해 12월 3.4%보다 낮은 2.9%가 될 것이라는 게 시장의 평균 전망치다.    이 경우 최근 낮아졌던 미국 금리 인하 기대가 되살아날 수도 있고, 이에 따라 채권금리 및 달러화의 하락 압력이 높아지면서 국내 증시의 상승 요인이 될 수 있다.    다만, 여전히 인플레이션을 경계하는 연준의 매파적 태도로 인해 금리 인하 시기를 둘러싼 불확실성이 고조될 가능성도 있다.    김유미 키움증권 연구원은 \"CPI뿐만 아니라 근원물가도 전년 동월 대비 3.7%로 전월(3.9%)보다 상승세가 둔화할 것으로 예상된다\"며 \"이는 단기적으로 연준 통화 정책 방향성과 관련해 불확실성을 키울 수 있으며, 지표 결과에 따라 달러나 미국 국채 금리의 변동성이 커질 수 있다\"고 예상했다.    저PBR주 쏠림 현상은 당분간 더 지속될 가능성에 무게가 실린다. 정부 역시 기업 밸류업 프로그램의 적용 대상에 코스피 종목뿐만 아니라 코스닥까지 포함하는 방안을 검토 중인 것으로 알려졌다.    한지영 키움증권 연구원은 \"적어도 총선이 예정된 4월까지 저PBR주의 모멘텀은 유효할 것\"으로 내다봤다.    조창민 유안타증권 연구원은 \"최근 저PBR주의 가파른 상승세로 1월에 이어 2월에도 가치주가 성장주에 비해 더 좋은 성적을 거두고 있다\"며 \"당분간 저PBR주의 상승세는 이어질 것\"이라고 전망했다.    다만, 최근 급등한 저PBR주 대표 종목들 대신 순환매 차원에서 성장주로의 수급 이동 가능성이 있다는 전망도 나왔다.    이경민 대신증권 연구원은 이 같은 전망에 따라 인터넷과 바이오, 이차전지 등을 주목해야 할 업종으로 꼽았다.    이번 주 국내외 주요 경제지표 발표와 일정(현지 기준)은 다음과 같다.    ▲ 13일(화) 미국 1월 소비자물가지수(CPI)    ▲ 14일(수) 유로존 4분기 GDP, 유로존 12월 산업생산    ▲ 15일(목) 미국 1월 산업생산·소매판매, 일본 4분기 GDP    ▲ 16일(금) 미국 1월 생산자물가지수(PPI), 미국 2월 미시건대 소비자심리지수, 한국 1월 실업률    josh@yna.co.kr"
    },
    {
        "title": "코스피에 완패한 삼성전자…‘8만전자’ 희망고문 그칠까 [선데이 머니카페]",
        "date": "2024.02.11. 오전 6:19",
        "content": "코스피 4.9% 오를 때 삼성전자 1.9% 그쳐SK하이닉스는 6% 급등···삼성전자만 소외4분기 실적발표 기점 주가에 실망감 반영‘보수적 접근’ VS ‘회복 방향성 동일’ 양립\n\n\n\n[서울경제] 올해 초 삼성전자(005930)는 가장 뜨거운 주식이었습니다. 4일 장중 7만 9800원까지 오르면서 ‘8만전자’ 돌파 기대감이 최고조에 달했죠. 삼성전자를 8~9만 원대에 물린 투자자들 역시 반도체 업황 회복세가 본격적으로 시작하며 원금을 회복할 수 있다는 희망을 품었습니다.상황은 한 달 만에 달라졌습니다. 삼성전자는 ‘8만전자’는커녕 최근에는 7만 5000원에도 채 못 미치는 수준에서 거래되고 있죠. 코스피가 정부의 ‘기업 밸류업 프로젝트’에 힘입어 순식간에 2400선에서 2600선까지 뛰었는데도 삼성전자는 이렇다 할 반등세를 보이지 못하고 있습니다. 이번 선데이 머니카페에서는 삼성전자의 상승에 제동을 건 요인은 무엇이고 증권가는 추후 주가의 향방에 대해 어떤 전망을 내놓고 있는지 살펴보겠습니다.━‘저PBR’ 수혜 벗어난 삼성전자…코스피에 완패이달 들어 6거래일 동안 코스피는 4.93% 상승했습니다. 정부가 한국 증시의 저평가를 해소하기 위해 ‘밸류업 프로젝트’에 시동을 건다는 소식이 전해지자 주주환원책을 강화할 여력이 있으며 확실한 저평가 업종으로 꼽히는 자동차, 금융 등의 업종을 중심으로 불기둥을 쏘아 올렸습니다.하지만 단연 코스피 시가총액 1위 기업인 삼성전자는 코스피의 상승세에서 완전히 소외된 모습을 보였습니다. 지난달 초 ‘8만전자’ 문턱까지 올랐던 삼성전자는 지난달 말 7만 2700원까지 주가가 밀렸는데요, 정부가 증시 부양 정책을 드러낸 이후 주가 상승률은 1.93%에 그쳤습니다. 사실상 코스피 대장주인 삼성전자가 코스피 상승세를 주도하기는커녕 발목을 잡은 것이죠.그렇다면 반도체 업종의 주가가 전반적으로 약세를 보였던 걸까요? 꼭 그렇지만은 않습니다. SK하이닉스는 이달 들어 6.01% 올랐습니다. 코스피 수익률을 소폭 웃돌았죠.\n\n\n\n━기대 너무 컸나…실적에 발목잡힌 삼성전자삼성전자를 ‘8만전자’ 문턱까지 밀어올린 것은 반도체 업황 회복 기대감입니다. 인공지능(AI)발 반도체 열풍까지 불면서 예상보다 빠르게 실적이 회복할 수 있다는 기대감이 커졌죠. 하지만 오히려 지난해 4분기 실적 발표를 기점으로 시장에는 실망감이 유입되는 분위기입니다.삼성전자는 지난달 말 지난해 4분기 실적을 발표했습니다. 매출은 67조 7799억 원, 영업이익은 2조 8247억 원을 기록했습니다. 2022년 4분기 대비 각각 3.81%, 34.4% 하락한 수준입니다. 지난해 1~3분기보다는 회복세가 뚜렷해졌다는 평가가 나오지만, 증권가의 추정치를 밑도는 ‘어닝 쇼크’ 수준의 실적이었죠.이에 어닝 시즌을 소화한 삼성전자에 대한 증권가의 전망은 더 나빠졌습니다. 지난해 12월 말까지만 해도 삼성전자의 올해 영업이익에 대한 증권가 추정치는 33조 8109억 원 수준이었습니다. 하지만 올 들어 1월 33조 5920억 원까지 낮아졌고 확정 실적이 발표된 이후에는 32조 1038억 원까지 눈높이가 내려왔습니다.증권 업계에서는 지나친 낙관론은 경계해야 한다는 신중론과 함께 실적 개선의 방향성은 훼손되지 않았다는 의견이 양립하는 분위기입니다. 우선 반도체 업황 회복의 속도가 시장의 예상보다 더딜 수 있다는 전망이 제기됩니다. 박유악 키움증권 연구원은 “연말, 연초를 지나며 반도체 전방 수요가 기대보다 부진한 흐름을 보이고 있으며 중국 스마트폰 시장의 유통재고가 예상과 달리 재차 증가했다”라며 “기대했던 서버 수요의 회복도 아직까지는 부재한 상황”이라고 말했습니다. 송명섭 하이투자증권 연구원 역시 “삼성전자가 고성장 고대역폭메모리(HBM) 부문에서 경쟁사들을 압도하는 모습을 보여주지 못해 주가가 상대적으로 부진한 흐름을 보였다”라며 “단기 메모리 반도체 업황 둔화 전망에 근거해 당분간 보수적인 접근을 권한다”고 내다봤습니다.다만 반도체 업황 회복의 방향성에는 이견이 없는 만큼 ‘슈퍼 사이클’을 앞두고 올해 내내 삼성전자의 주가가 강한 흐름을 보일 수 있다는 의견도 만만치 않습니다. 김영건 미래에셋증권 연구원은 “1분기 수요 정체와 2분기 메모리 가격 상승폭 둔화에 대한 우려가 존재하지만 이미 인지된 위험 요소”라며 “재고 조정의 끝이 보이면 3분기로 예정됐던 가격 상승폭 확대 시점이 2분기로 당겨질 가능성이 높다”고 말했습니다."
    },
    {
        "title": "테슬라에 울고 웃은 '2차전지株'…설 이후에도 '관망세'",
        "date": "2024.02.11. 오전 6:01",
        "content": "올 들어 주가 24% 하락한 테슬라BYD 1위·가격 인하 등 악재 여파국내 2차전지 관련주 함께 부진일시적 반등에도 상승세 기대 일러전기차 속도조절·밸류업 영향\n\n\n\n일론 머스크 테슬라 최고경영자(CEO). 연합뉴스[서울경제] 전기차 대장주인 테슬라의 주가가 올 들어 20% 이상 하락하며 국내 2차전지 관련주도 약세를 나타냈다. 저가 매수세가 유입되며 뉴욕 증시에서 테슬라의 주가가 반등할 때마다 국내 2차전지주가 반짝 상승하긴 했지만 전기차 시장이 캐즘(혁신 제품이 대중화되기 전 겪는 일시적 판매 정체) 구간에 진입한 만큼 지속적인 상승세를 타기까지는 시간이 필요할 것으로 전망된다.━악재 반복에 주가는 9개월 만의 최저치9일(현지 시간) 뉴욕 증권거래소에서 테슬라는 전 거래일 대비 2.12% 오른 193.57달러에 거래를 마쳤다. 소폭 반등하긴 했지만 지난해 말(248.48달러)과 비교하면 22.0%나 빠졌다. 같은 기간 테슬라가 상장된 나스닥지수가 6.5% 오른 것과 대비된다. 테슬라의 시가총액도 한 달 새 1834억 달러(약 244조 원) 줄었다.테슬라 주가는 올 초부터 온갖 악재를 마주하며 크게 출렁였다. 지난달 2일 글로벌 전기차 시장에서 지난해 4분기 테슬라의 판매량이 중국 비야디(BYD)에 뒤졌다는 소식이 전해지자 주가는 전 거래일 대비 4% 급락하며 238.45달러까지 떨어졌다.2주 뒤 테슬라가 중국에 이어 유럽 전역에서 모델Y의 가격을 최대 8.1% 인하한다는 소식은 또 다시 악재로 작용하며 주가를 215.55달러까지 끌어내렸다. 이미 테슬라는 지난해 수 차례 가격을 내리며 연평균 판매 단가가 16% 낮아진 상황이다. 가격 경쟁 여파로 테슬라의 영업이익률은 2022년 17%에서 2023년 9%로 급격히 낮아졌다.이달 5일 독일 소프트웨어 기업 SAP가 테슬라 전기차를 더 이상 구매하지 않겠다고 발표한 소식에 주가는 181.06달러까지 하락하며 바닥을 쳤다. 지난해 5월 이후 약 9개월 만에 가장 낮은 수준이다.\n\n\n\n미국 캘리포니아의 테슬라 급속충전소에서 테슬라 차량이 충전하고 있다. 연합뉴스━2차전지 관련주 올 들어 10% 이상 하락테슬라 주가의 하락은 국내를 대표하는 2차전지주에도 악재가 됐다. 8일 기준 LG에너지솔루션(373220)은 올 초보다 7.8% 내린 39만 4000원에 거래를 마쳤다. 같은 기간 엘앤에프(066970)(-30.7%), 포스코퓨처엠(003670)(-21.3%), 삼성SDI(006400)(-18.4%), 에코프로비엠(247540)(-15.4%), SK이노베이션(096770)(-13.7%), POSCO홀딩스(005490)(-9.3%) 등도 동반 하락세를 나타냈다.저가 매수의 유입으로 간밤 뉴욕 증시에서 테슬라의 주가가 반등할 때마다 국내 2차전지주 역시 일시적인 상승세를 타긴 했다. 다만 설 명절 이후에도 2차전지주의 꾸준한 상승 흐름을 기대하기에는 이르다는 분석이 지배적이다. 전기차 소비심리가 약화하며 주요 완성차 제조사들이 보수적인 투자 전략을 취하고 있어서다.미국 포드는 전기차 개발과 투자에 120억 달러를 투자하로 한 계획을 연기하고 미시간에 설립할 배터리 공장 규모도 절반으로 줄였다. 제너럴모터스(GM)는 미시간 공장의 전기 픽업트럭 생산을 1년 연기하고 올해 중반까지 40만 대를 생산하겠다는 기존 계획을 폐기했다. 혼다와의 보급형 전기차 공동 개발 작업도 백지화했다. 권준수 키움증권 연구원은 “주요 전방 고객사인 포드, 폭스바겐 등이 전기차 생산 속도를 조절하려는 의사를 내비치고 있다”며 “상반기까지는 2차전지주 실적에 대해 보수적인 시각을 유지해야 한다”고 분석했다.\n\n\n\n경기도 안성시 원곡면 경부고속도로 안성휴게소 서울 방향에 설치된 초고속 전기차 충전소. 연합뉴스━올 하반기 이후 점진적 상승세 전망배터리 가격에 영향을 미치는 리튬 가격이 단기간에 반등하기 어렵다는 점 역시 우려를 키우는 변수다. 리튬 가격은 공급망 내에 재고가 쌓이며 2일 기준 1㎏당 86.5위안(약 1만 5900원)으로 한 달 넘게 보합권에 갇혀있다. 니켈도 전월 대비 1% 하락한 16달러(약 2만 1200원)로 21년 이후 최저 수준을 기록 중이다. 국내 업계는 판가 연동제를 시행하고 있어 비싼 가격으로 매입한 원재료로 만든 제품이라도 원재료 가격이 하락하면 낮은 가격에 팔아야 한다. 지금처럼 가격이 하락세인 시기에는 수익성이 악화할 수밖에 없는 구조다. 장정훈 삼성증권 연구원은 “현재 수산화리튬 가격 하락세를 감안하면 2분기까지 판가 하락은 불가피하다”고 내다봤다.정부가 주가순자산비율(PBR)이 낮은 기업을 집중 관리하겠다고 선언하며 추진하고 있는 ‘기업 밸류업 프로그램’ 또한 2차전지주에는 악재다. 2차전지 종목은 성장주인 만큼 PBR이 높기 때문이다. 최보영 교보증권 연구원은 “밸류업 프로그램으로 저PBR 종목이 2월 증시의 트렌드가 되고 있다”며 “상대적으로 PBR이 높은 2차전지는 불리한 위치에 놓여있다”고 진단했다.2차전지 산업의 단기 전망이 불확실한 것은 맞지만 성장 잠재성이 분명한 만큼 중장기적으로 다시 성장 곡선을 그릴 가능성이 높다는 관측도 있다. 국내에 ‘돈나무 언니’로 널리 알려진 캐시 우드 아크투자운용 대표는 올 들어 테슬라의 주가가 급락하자 69만 주를 쓸어 담기도 했다. 정용진 신한투자증권 연구원은 “올 상반기까지는 2차전지 업체의 실적 부진이 지속될 것으로 보인다”며 “하반기부터는 주요 제조사들의 신차 출시가 이어지고 전기차 가격이 낮아지면서 수요가 점차 늘어날 것”이라 전망했다."
    },
    {
        "title": "LG화학에도 번진 ELS 공포…증권가는 “반등 어렵다”",
        "date": "2024.02.11. 오전 5:26",
        "content": "미래에셋증권 발행 ELS 57~58% 손실 확정다른 LG화학 기초 ELS도 원금 손실 공포↑증권가 목표주가 60만 원···49만 원도 등장올해 영업이익 추정치도 두 달 새 35% ‘뚝’난관 속 양극재 장기공급계약은 긍정적 평가\n\n\n\n[서울경제] 홍콩항셍중국기업지수(HSCEI·홍콩H지수) 기반 주가연계증권(ELS)의 대규모 손실이 현실화되고 있는 가운데, 종목형 ELS인 LG화학(051910) 연계 ELS도 60% 가까운 손실을 기록 중인 것으로 드러났다. LG화학의 주가가 연내 반등에 성공해야 투자자들이 원금 손실을 피하거나 피해를 줄일 수 있지만, 증권가는 LG화학의 목표주가와 이익 추정치를 낮추는 등 우려 섞인 시각을 보내고 있다.━종목형 ELS까지 덮친 원금손실 공포11일 금융투자 업계에 따르면 미래에셋증권(006800)이 3년 전 발행한 ‘미래에셋대우 29492회 ELS’가 58.17%의 손실을 기록한 채 이달 5일 투자자들에게 상환됐다. 1억 원을 투자한 투자자라면 원금의 절반에도 못 미치는 4183억 원만 돌려받는 셈이다. 이 ELS는 LG화학과 현대차를 기초자산으로 하고 있으며 총 5억 500억 원어치가 발행됐다.앞서 지난달 22일 만기를 맞은 ‘미래에셋대우 29466회 ELS’ 역시 57.74%의 손실을 냈다. 이 상품도 LG화학과 현대차를 기초자산으로 하며 총 7억 원어치가 발행됐다. 두 ELS를 통한 투자자들의 손실 규모는 6억 원 남짓이다.ELS는 보통 만기를 3년으로 발행되는데, 최초 발행 시점부터 6개월이 지날 때마다 조기 상환 평가를 진행한다. 만약 기초자산의 가격이 기준 이하일 경우 조기 상환은 이뤄지지 않고 6개월 뒤 다시 상환 여부를 따진다. 그런 식으로 통상 3년인 최종 만기까지 상품이 유지될 경우 자산의 하락률만큼 원금 손실이 확정된다.금융투자 업계는 올해 만기를 맞는 LG화학 기초 ELS 역시 큰 손실을 볼 가능성이 매우 높아졌다고 진단한다. 한국예탁결제원에 따르면 2021년 발행돼 올해 만기가 도래하는 LG화학 기초 ELS는 총 28건, 106억 원어치다. 문제는 최근 LG화학의 주가가 ELS가 발행되던 2021년 대비 반토막 수준으로 급락했다는 점이다. 2021년은 LG화학의 주가가 100만 원을 넘어 황제주에 등극했던 시기다. 이후에도 LG화학은 70만~80만 원 대의 가격대를 유지했다.하지만 최근 LG화학의 주가는 절반에도 못 미치는 40만 원대에 거래되고 있다. 지난달 23일에는 38만 3500원까지 주가가 급락하기도 했다. 이에 NH투자증권(005940)이 발행한 LG화학 기초 21296회차 ELS는 지난달 17일 손실(녹인) 구간에 진입하기도 했다. 이 상품뿐 아니라 녹인 진입 구간이 설정된 다른 ELS들 역시 손실 구간 진입을 피하지 못했을 것으로 관측된다. ELS는 가입 기간 중 한 번도 손실 구간에 진입하지 않으면 원금이 보장되지만 만약 손실 구간까지 자산가치가 떨어졌다면 만기 시 상환 요건은 더욱 까다로워진다. NH투자증권의 상품은 만기인 10월 말까지 주가가 61만 5750원 이상으로 올라야 손실을 피할 수 있다.\n\n\n\n증권 업계의 올해 LG화학 영업이익 평균 추정치 추이. 사진=에프앤가이드━손실 피하려면 주가 올라야 하지만…증권가 전망은 먹구름문제는 LG화학의 주가 반등할 가능성이 적다는 점이다. 8일 기준 LG화학에 대한 증권가의 평균 목표주가는 60만 2222원이다. LG화학이 증권가의 추정치만큼 주가가 회복해도 NH투자증권의 ELS에서는 원금 손실이 발생하는 것이다. 증권가의 목표주가 하향치는 현재 진행형이라는 점도 LG화학 주가에는 부담이다. 지난달 4분기 LG화학 실적이 발표된 이후 분석 보고서를 발간한 17개 증권사 중 14개가 목표주가를 하향했다. 메리츠증권은 49만 원의 목표주가를 제시하기도 했으며 목표주가 상단은 67만 원까지 내려왔다.증권가가 LG화학에 대한 기대치를 낮춰 잡은 것은 화학 업황이 악화일로를 걸으며 LG화학의 이익이 꾸준히 줄어들 가능성이 크기 때문에다. 에프앤가이드에 따르면 증권가는 지난해 12월까지만 해도 LG화학이 올해 4조 8395억 원의 영업이익을 거둘 것으로 추정했다. 하지만 올해 들어 눈높이는 급락하기 시작했다. 올해 영업이익 추정치는 1월 4조 575억 원을 거쳐 현재는 3조 1575억 원까지 내려왔다. 두 달 새 이익 추정치가 34.7%나 하락한 셈이다.이에 대해 노우호 메리츠증권 연구원은 “자회사인 LG에너지솔루션의 수익성이 악화하고 석유화학 부문이 적자로 전환하면서 LG화학은 시장 전망치를 하회하는 실적을 기록했다”라며 “3대 성장동력원을 위한 투자는 지속돼 이를 위한 선제적 재원 확보가 필요하지만 동사가 제시한 재원확보 우선순위는 재무구조를 훼손하는 방향에 가깝다”고 지적했다.다만 2차전지 소재인 양극재 부문에서 성장성을 입증하면서 주가가 반등할 수 있다는 의견도 조심스레 제기된다. 실제 LG화학은 이달 7일 제네럴모터스와 전기차용 양극재 중장기 공급계약을 체결했다. 계약 규모는 총 24조 7492억 원이며 이 계약을 통해 2035년 12월까지 양극재를 공급하게 된다.조현렬 삼성증권 연구원은 “최근 전기차 성장 둔화에도 장기적인 계약을 체결한 것은 미국 내 최초로 대규모 양극재 생산설비라는 점에 기인한다”라며 “LG에너지솔루션 내 LG화학의 양극재 점유율 또한 지난해 30%에서 올해 40%까지 빠르게 확대될 것”이라고 밝혔다."
    },
    {
        "title": "“널 위해 골랐어”…서학개미들, 남에게 선물한 종목 1위 회사는",
        "date": "2024.02.10. 오후 4:05",
        "content": "[사진츨처 = MS]최근 생성형 인공지능(AI) 열풍이 뜨거운 가운데 올해 들어 국내 투자자들이 타인에게 가장 많이 선물한 해외 주식 종목은 마이크로소프트로 나타났다.10일 KB증권이 올해 들어 지난 6일까지 자사 해외 주식 선물하기 서비스를 통해 고객이 많이 선물한 종목을 분석한 결과 거래건수 기준 마이크로소프트(MS)가 1위를 차지했다.마이크로소프트가 챗GPT 개발사 오픈AI와 손을 잡은데다 AI 관련 종목에 대한 투자자들의 호감도가 높아진 영향으로 분석된다.서학개미들이 타인에게 올해 들어 선물한 종목 2위는 테슬라였으며 아이온큐가 3위에 올랐다. 이어 애플, 알파벳A가 각각 4위와 5위를 차지했다.테슬라는 지난해 국내 투자자들이 가장 많이 선물한 종목이었으나 전기차 등 업황 부진 우려에 주가 낙폭을 키우며 올해는 2위로 내려왔다.증권업계 관계자는 “고객들이 타인에게 선물할 주식을 고를 때 기업 이미지에 대한 우호적 인식이 영향을 주는 경향이 있다”며 “선물 수신자의 감정 등을 고려해 주가가 최근 하락한 종목보다 상승하고 있는 종목을 선물하는 것으로 보인다”고 말했다.실제로 테슬라 주가는 연초 이후 지난 8일까지 23.7% 하락한 반면 같은 기간 마이크로소프트는 10.1% 올랐다.한편, 주식 선물하기 서비스란 증권사 홈트레이딩시스템(HTS)이나 모바일트레이딩시스템(MTS)을 통해 주식을 선물할 수 있는 서비스다.KB증권 해외주식 선물하기 서비스의 경우 MTS ‘주식 선물하기’ 메뉴에서 보유 중인 해외 주식을 선택한 후 수신인의 이름과 휴대전화 번호를 입력하면 선물할 수 있다."
    },
    {
        "title": "슈퍼리치 사이 입소문…1월에만 6200억 사들인 이 투자상품은?",
        "date": "2024.02.10. 오후 1:01",
        "content": "5대 증권사 1월 美 개별국채 판매액 6233억금리 인하 기대감에 “지금 사자”ETF와 달리 차익 비과세 매력도\n\n\n\n뉴욕 증권거래소. 연합뉴스[서울경제] 미국 연방준비제도(Fed·연준)가 올해 최대 세 차례의 금리 인하를 전망한 가운데 고액 자산가들이 연초부터 미국 개별 국채를 대거 사들이고 있다. 금리 인하 기대감이 커진 데다 상장지수펀드(ETF)와 달리 소위 ‘알채권’이라고 불리는 개별 채권은 매매 차익에 대한 세금 부담이 없어 자산가들 사이에 인기를 모으고 있다는 분석이다.10일 금융투자 업계에 따르면 삼성·미래에셋·한국·NH·KB 등 국내 5대 증권사가 올해 1월 한 달 간 판매한 미국 개별 국채 규모가 6233억 원을 기록했다. 이 같은 추세라면 1분기에만 미국 개별 국채가 1조 8700억 원에 달할 것으로 예상된다. 이는 지난해 모든 분기별 판매액을 훌쩍 웃도는 수치다. 지난해 미국 개별 국채 판매액은 3분기 1조 5900억 원으로 정점을 찍고 4분기 1조 3500억 원으로 소폭 줄었다. 10년 만기 미 국채 수익률은 지난해 10월 장중 5%를 돌파한 후 하락해 12월 말 3.7%까지 떨어졌다. 이후 금리는 다시 소폭 올라 4.1%대를 기록 중이다. \n\n\n\n연초부터 채권 투자자들이 미국 국채로 몰리는 것은 지난해보다 금리 인하의 가능성이 높아지면서 자본 차익에 대한 기대감이 커진 데 따른 영향이다. 은행의 1년 예금금리가 3%대에 머물러 있는 데 반해 미국 개별 국채는 같은 기준으로 이자 소득과 매매 차익을 따졌을 때 5.5% 이상 수익률을 기대할 수 있다. 개별 채권은 매수한 후 만기까지 보유하면 처음 약속한 이자와 원금을 보장한다.특히 개별 채권은 상장지수펀드(ETF)와 달리 매매 차익에 대해 과세하지 않아 고액 자산가들 사이에서 매력적으로 작용한다는 분석이다. 통상 채권금리와 가격은 반대로 움직여 채권금리가 내리면 채권값은 오른다. 금리가 향후 내릴 것으로 예상되면 채권을 사 향후 채권 가격이 올랐을 때 팔면 매매 차익을 누릴 수 있다. 투자 금액이 클수록 매매 차익의 비과세 효과는 커지게 된다.최홍석 미래에셋증권 대치WM 선임매니저는 “올해 상반기부터 금리 인하의 가능성이 제기되고 있어 기준금리 인하 전 미국 국채에 투자해 고금리 채권을 확보하려는 수요가 많다”며 “특히 고액 자산가들은 빅테크 투자로 해외투자에 관심이 높고 만기가 긴 채권 투자로 비과세되는 자본 차익을 경험해본 고객이 많아 적극적으로 투자에 나서는 것으로 보인다”고 말했다. 다만 ETF에 비해 수수료가 높고 자유로운 매매가 상대적으로 어렵다는 점은 개별 국채 투자의 단점으로 꼽힌다.한편 ETF를 통한 개인투자자들의 미 국채 투자도 여전히 활발하다. 10일 기준 연초 이후 채권형 ETF 중 개인 순매수 1~5위는 모두 미 국채 30년물에 투자하는 ETF가 차지했다. ‘ACE 미국30년국채액티브(H)’가 684억 원으로 1위에 올랐고 ‘TIGER 미국채30년스트립액티브(합성H)’가 464억 원, ‘KBSTAR 미국채30년엔화노출(합성H)’이 333억 원을 기록하며 뒤를 이었다. 채권 ETF는 이자 수익과 매매 차익에 모두 과세되지만 개별 채권에 비해 상대적으로 보수가 낮고 장중 자유로운 매매가 가능해 편의성이 높다."
    },
    {
        "title": "4분기 폭탄적자 낸 증권사들, 자기네 주식은 사라고?",
        "date": "2024.02.10. 오전 10:25",
        "content": "서울 여의도 증권가 모습. / /사진=김휘선 기자 hwijpg@금융당국의 부동산 PF(프로젝트 파이낸싱) 위기 대응 기조에 따라 대규모 충당금을 쌓아온 증권사가 부진한 실적을 발표하며 우려의 목소리가 커지고 있지만, 증권가는 목표주가를 상향하고 나섰다. 기업 밸류업 프로그램 도입 예고에 따른 시장의 관심 확대, PF 이슈가 정점을 지나 해소될 것이란 기대감, 증권업의 저PBR(주가순자산비율) 등이 그 이유로 꼽힌다.━기업 밸류업·주주환원책·PF 이슈 해소 기대감 등 긍정 요인━8일 하나증권에 따르면 빅5 증권사(미래·한국금융·키움·NH·삼성)의 지난해 4분기 합계 순손실은 736억원으로 예상된다. 특히 키움증권은 1652억원 손실, 미래에셋증권은 1168억원 손실로 적자 폭이 클 것으로 예측했다.앞서 실적을 발표한 미래에셋증권은 지난해 4분기 영업적자 1004억원을 기록하며 적자전환했다. 하나증권은 지난해 영업손실 3340억원으로 적자로 돌아섰다. 메리츠증권의 지난해 영업이익은 8813억원으로 전년보다 19.3% 감소했다. 대신증권의 지난해 영업이익은 1840억원으로 전년보다 27.4% 줄었다.실적 부진의 대표적인 배경은 '충당금 적립'이 꼽힌다. 부동산 PF와 관련한 충당금 적립으로 영업이익 규모가 감소했다는 설명이다.\n\n\n\n/사진=NH투자증권이런 상황에서도 NH투자증권은 증권산업에 대한 투자의견을 '긍정적'으로 상향했다. 증권사별 투자의견으로는 한국금융지주·미래에셋증권·대신증권은 '매수의견'으로 상향, 키움증권·삼성증권은 매수의견을 유지했다. 목표주가는 5개사 모두 상향했다. 윤유동 NH투자증권 연구원은 \"기업 밸류업 프로그램 도입 예고에 따라 시장의 관심이 확대됐고, 증권사에서도 주주환원의 중요성을 인식하는 추세이며 PF 이슈 해소에 대한 기대감도 있다\"며 \"증권업 PBR은 0.5배로 여전히 밸류에이션 하단에 위치해 소외된 증권주에 대한 시각을 변경해도 좋은 시점\"이라고 말했다.━\"증권주 재평가 기대\"…\"저PBR 맹신은 금물\" 경고도━우선 기업 밸류업 프로그램 예고에 따라 증권사 거래대금 증가로 이어져 증권업종의 실적이 개선될 거란 전망이 나온다. KB증권이 발표한 '증권 1월 지표'에 따르면 1월 일평균 거래대금은 19조4000억원으로 전월 대비 2.7% 증가했다. 4분기 16조3000억원과 비교하면 18.8% 늘었다. 지난달 증권업종 주가는 0.7% 상승하며 코스피가 6% 하락한 것과 비교해 강세를 보였다.주주환원 정책도 긍정적인 요인이다. 미래에셋증권, 키움증권 등이 자사주 매입, 자사주 소각 등 주주환원 정책을 발표했다. 그동안 증권사는 일부 상장사만 배당 성향 혹은 DPS(주당배당금)의 점진적 상향을 기준으로 제시했을 뿐 명확한 주주환원책은 존재하지 않았다는 점에서 변화가 뚜렷하다.증권업 역시 PBR 0.5배로 저PBR 종목에도 해당해 관심을 받고 있고, 금융당국의 부동산 PF 구조조정도 빠르게 마무리될 것으로 예측된다. 조아해 메리츠증권 연구원은 \"부동산 PF 구조조정이 상반기 중 속도감 있게 진행될 것으로 예상한다\"며 \"하반기 금리 인하에 따른 자산건전성 개선과 이에 따른 증권사들의 점진적 손익 개선 추세가 확인되면 증권주의 재평가를 기대할 수 있다\"고 했다.다만 정태준 유안타증권 연구원은 \"단순히 모든 주식이 PBR 1배에 도달해야 한다는 주장은 지금까지 시장 가격 형성을 부정하는 것과 다름없다\"며 \"기업 가치 제고를 위한 민·관의 협력이 유의미한 결과로 이어질 수는 있으나, 단순하게 특정 수준만을 기준으로 급등세를 추종하는 것이라면 반작용으로 그에 상응하는 급락세가 나타날 수 있음을 유념해야 한다\"고 지적했다.\n\n\n\n/사진=NH투자증권"
    },
    {
        "title": "[다음주 증시 전망] 당분간 저PBR주 강세…美 CPI 주목",
        "date": "2024.02.10. 오전 10:01",
        "content": "키움, 다음주 코스피 2540~2670P 예상에코프로머티의 MSCI 편입 여부도 변수\n\n\n\n지난 8일 서울 중구 하나은행 딜링룸. 연합뉴스[서울경제] 국내 주요 증권사들이 설 연휴 직후 미국 소비자물가지수(CPI) 발표, 정부의 기업 밸류업 프로그램 구체화 등을 변수로 짚으면서 다음 주 국내 주식시장이 크게 반등하기는 어려울 것으로 내다봤다. 10일 한국거래소에 따르면 지난 8일 코스피 지수는 2일 2615.31보다 5.01포인트(0.19%) 오른 2620.32에 장을 마감했다. 같은 기간 코스닥지수는 814.77에서 11.81포인트(1.45%) 오른 826.58에 마쳤다. 5~8일 유가증권시장에서는 외국인이 1조 4677억 원어치를 순매수하면서 지수를 끌어올렸다. 개인과 기관은 각각 1조 4647억 원, 244억 원어치를 순매도했다. 코스닥시장에서도 개인과 외국인이 4967억 원, 452억 원씩 매수우위를 보였고 기관은 4362억 원어치를 팔아치웠다.주가순자산비율(PBR)이 낮은 업종을 중심으로 기관 매수세가 몰리면서 주식시장이 들썩거렸다. 5일에는 미국 금리 상승, 저(低) PBR주에 대한 차익 실현 등으로 한때 1% 가까이 내렸다가 중국 정부의 2조 위안(약 370조 원) 규모 증시 안정화 기금 조성 검토 소식이 전해지면서 한국에 대한 외국인의 투자 심리가 다소 나아졌다. 여기에 대만 파운드리(반도체 위탁생산) 업체인 TSMC의 1월 매출이 지난해 같은 기간보다 7.9% 증가했다는 소식으로 인공지능(AI) 반도체 수요 확대에 대한 기대가 커면서 코스피는 결국 2600선을 회복한 채 거래를 마무리했다.투자 전문가들은 다음주인 13~16일 증시에 영향을 줄 최대 변수로 13일(현지시간) 미국의 1월 CPI 발표를 거론했다. 스탠더드앤드푸어스(S&P)500지수가 5000포인트까지 다가간 상황에서 CPI 결과에 따라 미국 연방준비제도(Fed·연준)의 금리 정책도 달라질 수 있다는 판단에서다. 전문가들은 사실상 증시 테마주로 부각한 저PBR주 열풍이 얼마나 지속되느냐도 관건으로 떠올랐다고 분석했다. 특히 13일 모건스탠리캐피털인터내셔널(MSCI) 지수 정기 변경 발표때 에코프로머티(450080)리얼즈(에코프로머티)가 신규 편입되느냐 여부도 수급의 향방을 바꿀 변수로 꼽았다. 에코프로머티리얼즈를 필두로 2차전지를 비롯한 성장주들이 줄줄이 영향을 받을 수 있기 때문이다. 전문가들은 미국 AI 관련주 강세, 테슬라 주가 반등도 눈여겨봐야 할 요소로 지목했다.키움증권(039490)은 이에 따라 다음주 코스피지수 예상 범위를 현 주가 수준보다 높지 않은 2540~2670포인트로 제시했다. 주가 상승 요인으로는 물가 상승(인플레이션) 둔화 신호를, 하락 요인으로는 중동 지역 정세 불안과 물류비·에너지 가격 변동성 확대 등을 들었다.한지영 키움증권 연구원은 “최근 한국 증시도 다른 주요국들처럼 위험선호 심리가 유지되는 편”이라며 “주가 바닥 확인 기대로 저PBR주로 쏠렸던 수급이 일정 부분 분산되고 있기는 하다”고 진단했다.다음주 추천 업종으로는 저PBR주 가운데 수익성과 재무건전성이 좋은 주식을 지목하는 전문가가 많았다. 조창민 유안타증권(003470) 연구원은 “저PBR주의 상승이 당분간 이어질 것”이라며 “관련 종목 가운데 우량주를 선별할 필요가 있다”고 밝혔다."
    },
    {
        "title": "새해 들어 '해외주식 선물하기' 1위는? 마이크로소프트",
        "date": "2024.02.10. 오전 10:00",
        "content": "AI 열풍에 주가 고공행진…호감도 상승테슬라, 1위→2위…전기차 업황 부진 우려로 주가 급락\n\n\n\n하루 만에 주가 12% 폭락한 테슬라(샌프란시스코 AP=연합뉴스) 25일(현지시간) 미국 뉴욕증시에서 테슬라 주가가 실적 악화 및 성장률 부진 전망 등으로 전날 대비 12.13% 폭락했다. 사진은 2022년 8월 캘리포니아의 테슬라 급속충전소에서 테슬라 차량을 충전하는 모습. 2024.01.26 passion@yna.co.kr(서울=연합뉴스) 이민영 기자 = 최근 기술주 강세로 미국 증시가 고공행진하는 가운데 올해 들어 국내 투자자들이 타인에게 가장 많이 선물한 해외 주식 종목은 마이크로소프트로 나타났다.     10일 KB증권이 올해 들어 지난 6일까지 자사 해외 주식 선물하기 서비스를 통해 고객이 많이 선물한 종목을 분석한 결과 거래건수 기준 마이크로소프트(MS)가 1위를 차지했다.    2위는 테슬라였으며 아이온큐가 3위에 올랐다.    뒤이어 애플, 알파벳A가 각각 4위와 5위를 차지했다.    테슬라는 지난해 국내 투자자들이 가장 많이 선물한 종목이었으나 올해 들어 1위 자리를 내줬다.    작년 선물하기 상위 종목 2위는 애플, 3위는 마이크로소프트였다. 4위부터 6위까지는 아이온큐, 스타벅스, 알파벳A가 이름을 올렸었다.    지난해 월별로 보면 3개월(1·3·10월)을 제외하고 모두 테슬라가 1위를 차지했다.    테슬라는 전기차 업황 부진 우려 속에 올해 들어 주가 낙폭이 커진 반면 챗GPT 개발사 오픈AI와 손을 잡은 마이크로소프트를 비롯한 인공지능(AI) 관련 종목에 대한 투자자들의 호감도가 높아진 영향으로 분석된다.    증권업계 관계자는 \"고객들이 타인에게 선물할 주식을 고를 때 기업 이미지에 대한 우호적 인식이 영향을 주는 경향이 있다\"며 \"선물 수신자의 감정 등을 고려해 주가가 최근 하락한 종목보다 상승하고 있는 종목을 선물하는 것으로 보인다\"고 말했다.    테슬라 주가는 연초 이후 지난 8일까지 23.7% 하락했다. 반면 같은 기간 마이크로소프트는 10.1% 올랐다.     전문가들은 당분간 테슬라 주가 하락이 지속될 것이라고 내다봤다.    황수욱 메리츠증권 연구원은 \"부정적인 전기차 시장 전망으로 인해 올해 들어 테슬라 주가가 하락세를 보인 가운데 미국 대선에서 전기차 산업에 비우호적인 정부가 출범할 경우 이차전지 업황이 둔화할 수 있다는 우려가 나오는 상황\"이라며 \"전기차 시장이 턴어라운드하기 전까지 테슬라 주가가 유의미하게 반등하기 어려울 것\"이라고 전망했다.    이어 \"애플과 테슬라의 경우 중국에 대한 매출 비중이 작지 않은 만큼 애플 주가도 중국 경기 둔화 등으로 당분간 유의미하게 반등하기 어려울 것\"이라며 \"반면 마이크로소프트, 엔비디아 등은 실적 개선이 기대돼 상승 추세가 이어질 것\"이라고 내다봤다.     주식 선물하기 서비스란 증권사 홈트레이딩시스템(HTS)이나 모바일트레이딩시스템(MTS)을 통해 주식을 선물할 수 있는 서비스다.    KB증권 해외주식 선물하기 서비스의 경우 MTS '주식 선물하기' 메뉴에서 보유 중인 해외 주식을 선택한 후 수신인의 이름과 휴대전화 번호를 입력하면 선물할 수 있다.\n\n\n\n[그래픽] 미국 스탠더드앤드푸어스(S&P)500 지수 추이(서울=연합뉴스) 김토일 기자 = 뉴욕증시는 실적 강세가 이어지며 고점을 다시 높였다.    다우지수와 S&P500지수가 이틀 연속 사상 최고치를 경신했고, S&P500지수는 사상 처음으로 장중 5,000 고지를 넘어섰다.    kmtoil@yna.co.kr    페이스북 tuney.kr/LeYN1 트위터 @yonhap_graphicsmylux@yna.co.kr"
    },
    {
        "title": "[머니플로우] '저PBR 랠리'에 증시자금 유턴…예탁금 1주새 9천억 늘어",
        "date": "2024.02.10. 오전 9:00",
        "content": "美증시 고공행진에 국내 투자자 이달 들어 미국주식 8천억 순매수\n\n\n\n여의도 전경, 증권가 모습[촬영 류효림](서울=연합뉴스) 임은진 기자 = 4월 총선을 앞두고 정부가 불을 댕긴 '저PBR(주가순자산비율) 랠리' 영향으로 증시 자금도 다시 늘어나고 있다.    10일 금융투자협회와 에프앤가이드에 따르면 지난 7일 현재 투자자 예탁금은 51조6천621억원으로 집계됐다.    이는 한 주 전인 지난달 31일(50조7천434억원) 대비 9천187억원 늘어난 규모다.    연초 59조원대로 불어났던 투자자 예탁금은 국내 증시 부진 여파로 지난달 하순 49조원대까지 줄었다 회복세로 돌아섰다.    투자자 예탁금은 투자자가 주식을 사려고 증권사 계좌에 맡겨두거나 주식을 팔고서 찾지 않은 돈으로, 증시 진입을 준비하는 대기성 자금 중 하나다.    주식에 투자하기 위해 증권사에서 빌린 자금인 신용거래융자 잔고는 같은 기간 17조8천90억원에서 17조8천261억원으로 소폭 늘었다.    간접 투자 상품인 국내 주식형 펀드의 설정액은 일주일 동안 3천734억원이 증가했다.     이들 자금은 정부의 '기업 밸류업 프로그램' 추진 기대감에 그간 저평가됐던 저PBR 종목에 매수세가 몰리고 코스피가 연초 내줬던 2,600선을 회복하면서 늘어난 것으로 풀이된다.    급반등했던 코스피가 지난 5∼6일 이틀간 조정을 받을 때만 해도 저PBR주가 단기 테마에 그칠 것이란 우려가 확산했으나, 설 연휴를 앞둔 7∼8일 반등에 성공하면서 국내외 투자자의 관심이 당분간 이어질 것이라는 전망이 나오고 있다.        코스피는 외국인 투자자의 매수세에 힘입어 이달 들어 4.93% 올랐다. 외국인은 이 기간 유가증권시장에서 4조4천470억원 순매수를 기록했다.    노동길 신한투자증권 연구위원은 \"저PBR 업종 상승이 단기 테마성으로 끝날 수도 있다는 일부 시장의 우려가 있었다\"며 \"하지만 외국인 투자자의 유입과 함께 저PBR 업종의 상승이 재개됐다\"고 전했다.    그는 \"주도 업종은 지난주 시장 상승을 주도했던 저PBR 업종이었다\"며 \"이를 통해 기업 밸류업 프로그램에 대한 시장의 꾸준한 관심을 재확인했다\"고 설명했다.    국내 증시 반등에 더해 미국 주가지수가 연일 사상 최고치를 경신하면서 미국 증시로 향하는 국내 투자금도 늘었다.    뉴욕증권거래소(NYSE)에서 스탠더드앤드푸어스(S&P)500 지수는 9일(현지시간) 사상 처음 5,000선을 넘어서며 거래를 마쳤다.    국내 투자자는 이달 들어 지난 7일까지 미국 주식에 6억2천84만6천900달러(약 8천276억원)를 순매수 결제한 것으로 나타났다.     이 기간 미국 증시에 투자하는 '서학 개미'가 가장 많이 순매수한 종목은 결제액 기준으로 테슬라(2억1천741만5천130달러)였다.    그 다음으로 미국 필라델피아 반도체 지수를 3배 추종하는 '디렉시온 데일리 반도체 불 3X SHS ETF'(DIREXION DAILY SEMICONDUCTORS BULL 3X SHS ETF)(1억172만6천688달러), 마이크로소프트(8천449만4천363달러), 엔비디아(7천35만9천628달러) 등이 뒤따랐다.     engine@yna.co.kr"
    },
    {
        "title": "SK㈜, 작년 연간 배당 5천원 확정…배당·자사주 매입 지속",
        "date": "2024.02.10. 오전 8:11",
        "content": "별도 기준 배당성향 50% 웃돌아…배당 기준일도 주주친화적으로 변경(서울=연합뉴스) 장하나 기자 = 금융당국이 기업가치 제고와 주주환원 독려를 골자로 한 '기업 밸류업 프로그램' 도입을 발표하면서 배당과 자사주 매입 등 주주 친화 정책을 이어온 SK㈜가 수혜주 중 하나로 주목받고 있다.\n\n\n\n서울 종로구 서린동 SK 본사[촬영 서명곤]10일 업계에 따르면 SK㈜는 지난 7일 이사회에서 주당 기말 배당금으로 3천500원을 지급하기로 했다고 공시했다.     이에 따라 SK㈜는 지난해 7월 실시한 중간 배당(주당 1천500원)을 포함해 주당 연간 5천원(2023년 회계연도 기준)의 배당금 지급을 확정했다. 연간 배당금 총액은 약 2천800억원이다.    별도 기준 배당 성향은 2020년 19%에서 2022년 51%로 높아졌다. 지난해 배당 성향도 50%를 웃돌 전망이다.    배당 성향은 당기순이익 중 배당금 총액의 비율로, 실적의 부침에도 배당 규모를 일정 수준 이상 유지해 왔음을 뜻한다. \n\n\n\n상장사 배당금 (PG)[박은주 제작] 사진합성·일러스트양지환 대신증권 연구원은 \"한국 증시의 디스카운트 해소를 위한 기업 밸류업 프로그램의 도입으로 지주사의 순자산가치(NAV) 대비 할인율이 축소될 것\"이라며 지주사에 대한 투자 의견을 '비중 확대'로 상향하고 최선호주로 SK㈜를 제시했다.    정부는 '코리아 디스카운트'(한국증시 저평가) 해소를 위해 금융투자세 폐지, 공매도 개혁 등 다양한 정책을 추진 중이며, 특히 이달 중 기업 밸류업 프로그램의 세부 시행 계획을 발표할 예정이다.    양 연구원은 \"SK㈜는 성장 산업에 대한 투자 규모 조정만으로도 주주 환원 확대를 위한 충분한 재원 확보가 가능할 것\"이라며 \"ESG(환경·사회·지배구조)와 기업의 사회 환원에 진심인 점을 감안 시 정부 정책에 부응할 가능성이 높다\"고 분석했다.    박종렬 흥국증권 연구원은 \"(SK㈜는) 첨단소재, 바이오, 그린, 디지털 등 4대 핵심 영역을 통한 신성장동력의 적극적인 확대로 성장 가치주로 변신 중\"이라며 \"주주환원율 제고를 위한 노력이 집중된다면 실적 회복과 함께 주가 재평가 가능성이 충분하다\"고 말했다. 아울러 목표주가를 종전 22만원에서 26만원으로 상향 조정했다.     SK㈜는 그동안 경상 배당수입의 30% 이상 기본배당, 매년 시가총액의 1% 이상 자사주 매입 등을 해 왔다.    2022년 8월 당시 시가총액의 1%(약 1천687억원)를 웃도는 약 2천억원(95만주·시총 1.3%) 규모의 자기주식 매입을 발표한 후 이듬해 4월 이를 전량 소각했다.     지난해 10월에도 약 1천200억원 규모(73만주·시총 1%)의 자기주식 매입을 위한 신탁계약을 체결했으며, 신탁계약 종료 이후 이사회 의결을 받아 전량 소각할 방침이다.     지난해 주주총회에서는 배당기준일을 이사회가 결정할 수 있도록 정관을 변경하기도 했다. 투자자가 3월 정기 주총을 통해 배당 규모를 먼저 확인한 뒤 투자 여부를 결정할 수 있도록 하기 위한 조치다. \n\n\n\nSK서린사옥[SK㈜ 제공. 재판매 및 DB 금지]투자업계에서는 ESG 펀드를 통한 꾸준한 자금 유입도 SK㈜ 주가에 긍정적으로 작용할 것으로 보고 있다.     블룸버그와 교보증권에 따르면 2020년 1천억달러였던 글로벌 ESG 상장지수펀드(ETF) 규모는 지난해 5천억달러 수준으로 상승했다.    SK㈜는 지난해 12월 글로벌 ESG 평가기관인 모건스탠리캐피털 인터내셔널(MSCI)의 ESG 경영평가에서 'AAA' 등급을 2년 연속 획득했으며, 다우존스 지속가능경영지수(DJSI)에서는 12년 연속 월드 지수에 편입됐다.    hanajjang@yna.co.kr"
    }
]