[
    {
        "title": "FOMC발표 앞두고 경계 심리... 실적 하향조정  숨고르기 장세 [주간 증시 전망]",
        "date": "2024.01.21. 오후 6:43",
        "content": "미국 연방공개시장위원회(FOMC)가 블랙아웃(발언 금지) 기간에 돌입하면서 이번주 국내 증시는 숨고르기 장세가 나타날 것으로 보인다. 올해 실적 전망치가 하향 조정되고 있는 점이 부담이다. 최근 급격한 하락에 대한 기술적 반등이 나올 수 있다는 예상도 나오지만 당분간 보수적인 관점을 유지해야 한다는 전문가들의 조언이다. 이번주 코스피 예상범위는 2380~2500선이다.   21일 한국거래소에 따르면 지난주 코스피지수는 전주(2525.05) 대비 2.07% 하락한 2472.74에 거래를 마쳤다. 코스피시장에서 외국인과 기관이 각각 5873억원, 5800억원의 모두 우위를 보인 반면, 개인은 1조491억원을 순매수했다.   한국과 미국의 지난해 4·4분기 국내총생산(GDP) 발표가 예정된 가운데 오는 30~31일(현지시간) 1월 FOMC를 앞두고 경계심리가 커질 전망이다. 여기에 지난해 4·4분기 및 올해 연간 코스피 순이익 전망치가 하향 조정되고 있다는 점도 실적 기대감을 낮추고 있다.   NH투자증권 김영환 연구원은 \"이번주는 1월 FOMC를 앞둔 블랙아웃 기간이어서 연준 위원들의 공개 발언은 없다\"며 \"연준 통화정책에 대한 투자자들의 기대치는 4·4분기 GDP와 12월 PCE 물가에 의해 움직일 것으로 예상한다\"고 말했다. 그는 \"4·4분기 실적발표 시즌을 맞아 2024년도 실적 전망의 하향 조정도 진행되는 중\"이라며 \"주요 기업들의 실적발표가 진행되는 동안은 이런 흐름이 이어질 가능성이 크다. 4·4분기 실적발표가 마무리된 후 올해 연간 실적과 밸류에이션에 대한 신뢰성이 높아질 수 있을 것\"이라고 내다봤다.   코스피시장의 일방적 약세 원인이었던 수급 부담은 정점을 통과했다는 지적이 나온다. 대신증권 이경민 연구원은 \"1월 들어 외국인은 선물시장에서 6조원 넘게 순매도하면서 11~12월 유입금액(8조4500억원)의 절반 이상을 소화했다\"면서 \"아직 잠재 매도물량이 남아있으나 12월에 유입됐던 프로그램 매수(6조8000억원)도 절반가량 정리돼 수급 변수로 인한 코스피의 일방적인 약세는 진정될 것\"이라고 설명했다.   다만, 기술적 반등은 나올 수 있어도 추세 반전은 어려울 거라는 게 전문가들의 의견이다. 김영환 연구원은 \"급격한 하락에 대한 기술적 되돌림이 나올 수 있으나 이는 단기적이라는 판단이다. 당분간 보수적인 관점을 유지할 필요가 있다\"고 조언했다."
    },
    {
        "title": "3주째 힘 못쓰는 코스피…훨훨 나는 美·日 증시와 딴판",
        "date": "2024.01.21. 오후 6:26",
        "content": "올들어 6.8% 하락Fed 금리인하 기대 후퇴北 등 지정학 위험 고조中 경기 침체도 한몫코스피지수가 3주 연속 하락하면서 사상 최고치를 기록한 선진국 증시와의 격차가 더 벌어졌다. 미국 기준금리 조기 인하 기대 후퇴, 지정학적 위험 증가, 중국 경기 악화 등의 이유로 당분간 추세적 반등은 어려울 것이란 전망이 많다.\n\n\n\n21일 한국거래소에 따르면 코스피지수는 올 들어 6.87% 하락했다. 지난 19일 1.34% 오르며 2472.74에 장을 마쳤지만 분위기는 좋지 않다. 코스피지수는 올 들어 3주 연속 하락세를 이어가고 있다. 글로벌 대표 지수 움직임과 대비된다. 미국 S&P500지수는 지난주 1.17% 상승해 사상 최고치를 기록하고, 일본 닛케이225지수가 1.09% 올라 버블 붕괴 이후 사상 최고치에 근접했다.코스피지수가 떨어지는 건 미국 기준금리 조기 인하 기대가 식으면서 외국인이 신흥국 증시에서 돈을 빼고 있기 때문으로 풀이된다. 시카고상품거래소(CME) 페드워치에 따르면 미국 중앙은행(Fed)의 3월 기준금리 인하 가능성은 12일 76.90%를 찍은 뒤 최근에는 40%대로 떨어졌다. 이 영향으로 지난주 MSCI 선진국지수가 0.22% 올랐지만 MSCI 신흥국지수는 2.55% 급락했다. 신흥국으로 분류되는 한국의 코스피지수도 조정받았다. 외국인은 올 들어 유가증권시장에서 약 8000억원어치(삼성그룹 주식 블록딜 제외)의 주식 현물과 5조7180억원어치의 코스피200 선물을 순매도했다.중동 홍해, 북한 등과 관련해 지정학적 긴장이 고조되는 것도 코스피지수가 떨어지는 원인 가운데 하나로 지적된다. 원유 수입의 약 3분의 2를 중동에 의존하는 만큼 현지 분쟁에 취약하다.정용택 IBK투자증권 리서치센터장은 “일본에서는 정부가 연금계좌 세제 혜택을 확대한다는 정책을 연초 발표하면서 개인의 주식 매수세가 커졌고, 엔저 현상도 외국인 자금 유입에 긍정적 영향을 미치고 있다”며 “대만은 증시 전체 시가총액의 약 절반을 차지하는 TSMC가 어닝서프라이즈를 냈지만 삼성전자는 어닝쇼크 상황인 점도 코스피지수 하락폭을 키웠다”고 했다.전문가들은 당분간 코스피지수의 추세적 반등을 보기는 어려울 것으로 전망했다. 이재선 현대차증권 연구원은 “코스피지수가 상승 반전하려면 중국 경기가 돌아서야 하는데 아직 그런 지표는 나오지 않고 있다”고 했다.박소연 신영증권 연구원은 “이달 말(30~31일) Fed의 올해 첫 연방공개시장위원회(FOMC) 정례회의가 열릴 예정이어서 큰 폭의 반등보다는 관망 분위기가 나타날 것”이라고 했다."
    },
    {
        "title": "하이닉스 효과…SK 시총 2년 만에 2위 탈환",
        "date": "2024.01.21. 오후 5:48",
        "content": "AI열풍에 반도체 회복 기대하이닉스 그룹 시총 끌어올려LG엔솔은 실적 하향세LG그룹 시총 3위로 밀려\n\n\n\nSK하이닉스가 LG에너지솔루션 시가총액을 넘어선 데 이어 SK그룹 시총도 LG그룹 시총을 추월했다. 2차전지와 반도체 산업의 업황 전망이 엇갈리면서 각 그룹의 시총 최대 종목 주가가 부침을 겪는 가운데 그룹 전체 순위마저 뒤바뀐 것이다.21일 한국거래소에 따르면 SK그룹주(우선주 제외) 시총이 LG그룹주와 격차를 좁혀간 끝에 지난 18일 역전에 성공했다. 2022년 1월 27일 LG에너지솔루션 상장 이후 줄곧 그룹주 시총 2위를 이어온 LG그룹이 약 2년 만에 SK그룹에 자리를 빼앗긴 셈이다.18일 종가 기준 SK그룹주 시총은 167조5433억원으로 LG그룹주(166조3044억원)를 1조2389억원 차이로 따돌렸다. 다음날에도 SK그룹주는 LG그룹주와 시총 격차를 7조848억원까지 벌렸다. 올해 첫 거래일만 하더라도 LG그룹주 시총이 SK그룹주 시총을 5조8211억원 넘었으나 LG그룹주 시총이 빠르게 줄어들면서 SK그룹주를 하회한 것이다.두 그룹의 시총 순위가 뒤바뀐 데는 그룹 내 대장주의 희비가 주효했다. SK그룹주 내 대장주인 SK하이닉스는 지난달 14일 LG에너지솔루션을 누르고 코스피 시총 2위에 올랐다. 새해 들어 그룹 순위가 역전한 18일까지 SK하이닉스 주가는 4.35% 떨어졌으나 같은 기간 LG에너지솔루션은 그보다 두 배 이상 큰 9.08%의 하락폭을 드러내면서 한 달여 만에 그룹주 시총에서마저 SK그룹이 LG그룹을 넘어섰다. 지난 19일 종가 기준으로도 SK하이닉스는 LG에너지솔루션보다 시총이 13조1277억원 크다.증권가에서도 SK하이닉스와 LG에너지솔루션의 주가 하락폭이 그룹주 순위를 가른 것으로 보고 있다. 이상헌 하이투자증권 연구원은 \"양 그룹 시총에서 상당 부분을 차지하는 SK하이닉스와 LG에너지솔루션의 등락에 따라 그룹주 전체 순위도 갈렸다\"며 \"SK하이닉스는 작년 한 해 동안 90% 정도 상승한 뒤 새해에 다소 주가가 내려갔으나 턴어라운드 기대감이 여전한데도 LG에너지솔루션은 전기차 산업 침체 속에서 주가가 더 크게 빠졌다\"고 분석했다.정원석 하이투자증권 연구원은 \"전기차 산업은 내년부터 보급형 차량이 출시되면서 성장세로 진입할 것으로 예상되나 해당 차종에는 중국 업체가 주로 생산하는 리튬인산철(LFP) 배터리가 주로 쓰여 국내 기업의 수혜 여부는 엇갈릴 것\"이라고 말했다. 그는 \"도널드 트럼프 전 미국 대통령이 올해 대선에서 당선되면 전기차에 우호적이었던 기존 정책이 변하며 리스크로 떠오를 수도 있다\"고 설명했다.새해 들어 코스피가 200포인트 넘게 빠지면서 합병 절차를 마무리한 셀트리온그룹을 제외한 대부분의 그룹주 시총이 줄었다. 삼성그룹주는 지난 2~19일 시총이 6.74% 축소됐고, 현대자동차그룹주(10.62%) 포스코그룹주(17.29%) 네이버그룹주(5.27) 등도 시총이 감소했다.[김정석 기자]"
    },
    {
        "title": "H지수 ELS 손실률 58%까지 껑충…증권사들, 뒤늦게 수익 보장 강화",
        "date": "2024.01.21. 오후 5:48",
        "content": "항셍지수 약세에 ELS 손실 눈덩이올해 확정된 손실만 2300억 달해원금손실 기준 49%로 10%P 낮춰신상품 줄여 발행액 240억으로 뚝기초자산 75% 하락해도 수익 주는 ELS까지시장 위기 처하자 \"늑장 대응\" 지적\n\n\n\n지난 19일 오후 서울 여의도 금융감독원 앞에서 홍콩H지수 기초 주가연계증권(ELS) 투자자들이 피해 보상 등을 촉구하고 있다. 연합뉴스[서울경제] 홍콩 항셍 중국기업지수(HSCEI·홍콩H지수)를 기초자산으로 하는 주가연계증권(ELS)이 무더기로 손실을 보는 사태가 이어지자 증권사들이 올 들어 신상품 수를 줄이고 수익 보장 요건도 대폭 완화하고 나섰다.21일 한국결제예탁원에 따르면 올 들어 19일까지 미래에셋·삼성·신영·KB·한국투자·한화투자증권이 발행한 홍콩H지수 연계 ELS 37개는 원금 손실이 발생할 수 있는 기초자산의 평가 하한선을 발행 시점 대비 평균 49.73%로 잡았다. 3년 전인 2021년 1월만 하더라도 평균 58.91%였던 기준점을 10%포인트 가까이 내린 셈이다. 2021년 초 홍콩H지수 관련 ELS에 투자한 사람의 경우 기초자산 가격이 40% 정도만 하락해도 손실을 입었다면 올해 이 상품에 돈을 넣은 투자자들은 지수가 50% 이상 하락해도 손해를 입지 않는다는 뜻이다.ELS는 지수·종목 등 기초자산 가격이 만기 시점까지 특정 가격(녹인) 아래로 하락하지 않으면 원금과 약속한 이자를 주는 파생상품이다. 6개월 단위로 기초자산 가격을 평가해 돌아오는 조기 상환 기준을 충족하면 원금과 이자를 지급하고 그렇지 않으면 자동 연장된다. 만약 만기 시점에도 지수가 녹인 구간 밑으로 내려갈 경우 기초자산이 떨어진 만큼 투자 원금을 잃을 수 있다. 홍콩H지수는 홍콩 증시에 상장된 중국 기업 50개를 추려서 산출한 지수다.홍콩H지수 연계 ELS 발행 건수도 올 들어 크게 줄었다. 2021년 1월 2~19일 282개, 9686억 원어치가 발행됐던 홍콩H지수 관련 ELS는 올해 같은 기간 37개, 247억 원어치로 급감했다.특히 2021년 1월 홍콩H지수 연계 ELS를 39개나 발행했던 미래에셋증권(006800)은 올해 관련 ELS를 고작 5개만 내놓아 눈길을 끌었다. 미래에셋증권은 2021년 1월 39개 관련 ELS 가운데 32개의 1차 조기상환 기준을 ‘기초자산 가격 10% 하락’으로 내걸었지만 올해에는 5개 상품 가운데 1개에 대해서만 같은 조건을 설정했다. 나머지 4개 ELS의 1차 조기상환 조건은 ‘기초자산 가격 13~15% 하락’으로 넓혔다. 미래에셋증권의 2021년 1월 출시 홍콩H지수 연계 ELS 중에서는 ‘기초자산 가격 5% 하락’과 같이 1차 조기상환 요건이 빡빡한 상품도 6개나 됐다.\n\n\n\n상환 조건이 투자자들에게 유리해진 것은 비단 홍콩H지수 관련 ELS뿐이 아니다. 증권사들은 올 들어 발행한 전체 ELS 406개의 평균 하한선도 2021년 58.86%보다 4%포인트 이상 낮은 54.40%로 설정했다. 올해에는 원금 손실 기준점을 25%로 설정한 상품도 7개나 출시됐다. 기초자산 가격이 75%나 급락해도 확정 수익을 지급하도록 설계했다는 의미다. 원금 손실 기준점을 70% 이상으로 정한 ELS은 ‘하나증권 15442 ELS’가 유일하다.증권사들이 홍콩H지수 연계 ELS의 발행 수를 줄이고 상환 기준을 줄줄이 낮추는 것은 최근 해당 ELS의 만기 손실이 눈덩이처럼 커지고 있기 때문이다. 홍콩H지수가 올해에도 부진한 흐름을 보일 것이라는 비관적 전망이 힘을 얻으면서 기초자산 하락 가능성을 더 폭넓게 적용한 ELS를 발행할 수밖에 없게 됐다는 분석이다. 실제로 올해 만기를 맞은 홍콩H지수 기초 ELS의 손실률은 이달 8일 48.6%에서 최근 57.7%까지 뛰었다. KB국민·신한·하나·우리·NH농협은행 등 5대 은행이 판매한 관련 ELS 상품의 손실액만 2296억 원에 달한다.금융감독원에 따르면 지난해 11월 15일 기준으로 홍콩H지수 기초 ELS의 총판매 잔액은 19조 3000억 원으로 이 가운데 79.6%인 15조 4000억 원이 올해 만기를 맞는다. 이 중 10조 2000억 원에 대한 만기는 상반기에 몰려 있다. 유안타증권은 월별로 올 4월 만기 물량이 2조 5553억 원으로 가장 많다고 분석했다.금융투자 업계 안팎에서는 증권사들이 중국 경기를 둘러싸고 경고음이 울리던 시기에는 막상 위험 관리에 소홀하다가 시장이 와해될 위기에 처하자 뒤늦게 대응에 나섰다고 지적했다. 홍콩H지수는 올해 만기를 맞는 ELS가 발행되던 시점인 2021년 2월 1만 2000선을 넘었다가 지난해 10월 말 5000선을 내줄 정도로 급락했다. 금융 당국은 KB국민·신한·하나·NH농협·SC제일은행과 한국투자·미래에셋·삼성·KB·NH·키움·신한투자증권 등 홍콩H지수 연계 ELS 주요 판매사 12곳에 대해 현장검사를 실시하고 불완전 판매 여부 등을 파악하기로 했다.정인지 유안타증권 연구원은 “2021년 상반기 발행된 홍콩H지수 ELS 물량이 대거 손실을 입은 채 만기 상환에 맞는 만큼 당분간 신상품 발행 시장도 부진을 면하기 어려울 것”이라고 말했다."
    },
    {
        "title": "[이번주 추천주]  한화에어로 수주 행진…'TSMC 수혜' HPSP도 주목",
        "date": "2024.01.21. 오후 5:26",
        "content": "금리 인하에 증권사株도 추천\n\n\n\n경남 창원 한화에어로스페이스 2사업장. 사진 제공=한화에어로스페이스[서울경제] 국내 증권사들이 올해 항공·우주 산업의 수주 증가 추세와 반도체 기업들의 실적 개선 가능성에 주목하며 관련 종목들을 추천주로 제시했다. 연내 금리 인하와 부동산 프로젝트파이낸싱(PF) 부담 완화로 실적이 나아질 수 있는 증권 업종도 주가 흐름을 주시할 만하다고 평가했다.\n\n\n\n삼성증권(016360)은 21일 이번주 추천 종목으로 수주 잔액이 지속적으로 늘고 있는 한화에어로스페이스(012450)를 제안했다. 한화에어로스페이스는 항공·우주, 방산, 정보기술(IT) 서비스 등을 주력 사업을 삼는 기업이다. 특히 항공·우주 분야에서는 위성체부터 엔진, 지상체 등 모든 과정에 걸친 제조·공급 역량을 보유했다.한화에어로스페이스가 제시한 자료에 따르면 올해 이 회사의 수주 잔액은 2017년 22조 8000억 원보다 134% 많은 약 53조 3000억 원에 달한다. 한화에어로스페이스의 수주 잔액은 2017년부터 최근까지 단 한 번도 줄어든 적이 없다.삼성증권은 또 반도체 전공정 장비 업체인 HPSP(403870)도 주목할 종목으로 추천했다. HPSP의 최대 고객사인 대만의 파운드리(반도체 위탁생산) 업체 TSMC가 시장 예상치를 웃도는 지난해 4분기 실적을 발표한 점을 최대 호재로 꼽았다. 삼성증권은 “HPSP의 고압 수소 어닐링(열처리) 장비에 대한 수요가 늘면서 2026년까지 매출이 증가할 것으로 보인다”고 설명했다.유안타증권(003470)은 한국투자증권을 주력 계열사로 둔 한국금융지주(071050)를 추천했다. 한국금융지주 매출의 80% 이상은 증권업에서 창출된다. 유안타증권은 미국의 기준금리 인하 움직임에 따라 한국금융지주의 수익성도 나아질 수 있다고 봤다. 나아가 금리 하락이 한국투자증권의 부동산PF 문제에 대한 부담도 덜어줄 수 있다고 진단했다.하나증권은 키움증권(039490)을 추천주로 제시했다. 올해 금리 하락과 공매도 금지 조치로 거래대금이 증가하면서 브로커리지(위탁매매) 부문 강자인 키움증권의 수수료 수익도 늘 가능성이 높다는 이유에서다. 키움증권의 부동산 PF 비중이 다른 증권사보다 낮다는 점도 긍정적인 부분으로 지목했다.하나증권은 롯데쇼핑(023530)도 추천 종목 리스트에 올렸다. 백화점, 마트 등 본업에서 나쁘지 않은 성과를 내고 있어 지난해 4분기 실적이 시장 예상치를 웃돌 것이라는 전망에 힘을 실었다. 롯데쇼핑의 현 주가수익비율(PER)과 주가순자산비율(PBR)이 낮다는 점도 주가 흐름에 긍정적인 부분으로 분석했다."
    },
    {
        "title": "[스타즈IR] AI로 글로벌 공략…\"네이버, 올 매출 첫 10조 달성\"",
        "date": "2024.01.21. 오후 5:24",
        "content": "유럽시장서 잠재 고객 확보 본격화사우디선 클라우드사업 발굴 추진미래도시 '네옴시티' 수주 공들여게임 스트리밍 '치지직'도 흥행질주\n\n\n\n[서울경제] 네이버(NAVER(035420))가 올해 인공지능(AI)·클라우드 등 전략 사업 부문에서 글로벌 시장 공략에 본격적으로 나서면서 사상 첫 10조 원 매출을 달성할 것으로 보인다. 증시 전문가들은 게임 스트리밍 플랫폼을 비롯한 전 사업 부문 실적 개선을 앞세워 네이버의 주가도 상승 가능성이 있다고 분석했다.\n\n\n\n21일 금융정보 업체 에프앤가이드에 따르면 국내 증권사들은 올해 네이버의 매출액이 지난해보다 11% 이상 많은 10조 8275억 원에 달할 것으로 전망했다. 영업이익은 1조 7152억 원으로 전년 대비 15% 넘게 증가할 것으로 예상했다. 네이버가 올해 매출 10조 원을 넘어서면 이는 사상 처음이다. 증권사들은 네이버의 지난해 매출과 영업이익의 경우 9조 7011억 원, 1조 4797억 원으로 각각 추산했다.증권사들은 특히 네이버가 올해부터 AI와 클라우드 시장 문을 적극적으로 두드리는 점을 실적 호전의 주요 요인으로 지목했다. 네이버는 전 세계에서 3번째로 초대규모 AI를 자체 개발한 데 이어 지난해 8월에는 한국형 거대언어모델(LLM) AI인 ‘하이퍼클로바X’까지 공개했다. 네이버는 현재 기업과 스타트업, 연구기관에 하이퍼클로바X를 도입하는 방안을 논의하고 있다.네이버는 나아가 지난해 8월 유럽의 AI 전략 민관 싱크탱크인 ‘유럽 AI 연합’에 가입하면서 현지 시장 진출에 닻을 올렸다 네이버는 유럽에 데이터센터를 두고 이용 국가의 주권을 보장하는 일명 ‘소버린 기술’을 통해 각국 규정을 준수하고 있다. 이는 글로벌 빅테크 기업인 아마존, 구글, 마이크로소프트(MS)가 자사 기준을 고수하는 것과 대조적인 전략이다. 데이터 주권을 보장하는 AI를 원하는 국가를 네이버의 잠재적인 고객으로 포섭하겠다는 취지다.클라우드 부문에서는 올 1분기 사우디아라비아에 현지 법인을 설립해 클라우드 신규 사업 발굴에 나설 예정이다. 네이버는 지난해 10월 사우디아라비아 정부로부터 1억 달러(약 1350억 원) 규모의 디지털 트윈 플랫폼(실제 세상을 디지털 환경에 복제하는 기술) 구축 프로젝트를 수주한 바 있다. 효율적으로 도시 계획을 짜고 홍수 등 재난을 예측할 수 있는 플랫폼이다. 네이버 사우디아라비아 법인은 앞으로 5년간 수도 리야드와 메디나·제다·담맘·메카 등 5개 도시에 이 플랫폼을 적용할 예정이다.네이버는 또 사업 규모만 700조 원에 이르는 사우디아라비아의 미래형 도시건설 사업인 ‘네옴시티’ 프로젝트 수주에도 공을 들이고 있다. 이달 채선주 네이버 대외·ESG(환경·사회·지배구조) 정책 대표, 김유원 네이버클라우드 대표 등 주요 경영진들이 사우디아라비아를 방문해 정부 고위 관계자와 협력 방안을 논의하기도 했다. 네이버는 중동을 시작으로 글로벌 클라우드 기반 스마트시티 구축 사업에 잇따라 뛰어들 계획이다.최승호 상상인증권 연구원은 \"네이버는 글로벌 빅테크 기업과 경쟁하는 국내 유일한 AI 플랫폼 사업자\"라며 “사우디아라비아 관련 사업이 가속화되는 점을 감안할 때 네이버의 정보통신기술(ICT) 사업 영역도 글로벌로 확장될 수 있다”고 분석했다. 이선화 KB증권 연구원은 “네이버는 최전방에서 한국형 AI 산업을 개척하는 수장이 될 것”이라고 평가했다.지난해 12월 베타(시범운영) 테스트를 시작한 게임 스트리밍 플랫폼 ‘치지직’의 실적 성장도 시장이 기대하는 부분이다. 치지직은 서비스 시작과 동시에 국내 인기 스트리머들을 영입 중이다. 여기에 다음달 글로벌 최대 게임 스트리이밍 플랫폼인 ‘트위치’가 한국에서 철수하는 데 따른 이용자 유입, 광고 매출 증가 등 반사이익도 예상된다.증권가에서는 네이버의 기존 핀테크와 콘텐츠, 전자상거래 사업 분야도 올해 성장세를 지속해 주가에 도움을 줄 것이라고 진단했다. 에프앤가이드에 따르면 증권사들이 제시한 네이버의 평균 목표주가는 29만 원으로 이달 19일 21만 5500원보다 34.6% 높다.\n\n\n\n하이퍼클로바X"
    },
    {
        "title": "미래에셋 '1년물 CD' ETF 출격…매일 高이자 지급",
        "date": "2024.01.21. 오후 4:51",
        "content": "[서울경제] 최근 주식시장 변동성이 커진 데다 고금리 기조가 예상보다 길어지자 미래에셋자산운용이 안정적으로 높은 이자 수익을 추구할 수 있는 양도성예금증서(CD) 1년물 상장지수펀드(ETF)를 국내 최초로 선보인다.21일 금융투자 업계에 따르면 미래에셋자산운용은 다음 달 상장을 목표로 ‘TIGER1년은행양도성예금증서액티브 ETF’ 출시를 준비하고 있다. 이 상품은 CD 1년물의 하루치 금리를 매일 복리로 반영하는 ETF다. 은행이 단기자금을 조달할 때 발행하는 CD 금리는 통상 기준금리보다 높은 수준에서 형성된다.CD 1년물 수익률을 추종하는 ETF는 이번이 국내 최초가 사례가 될 전망이다. 현재까지 국내 출시된 CD금리 ETF 4종은 모두 CD 91일물을 추종한다. 금융투자협회에 따르면 19일 기준으로 나이스피앤아이·한국자산평가·KIS자산평가 등 국내 민간 채권 평가사들이 평가한 신용등급 ‘AA+’의 CD 1년물 평균 수익률은 연 3.84%로 91일물(3.78%)보다 6bp(1bp는 0.01%) 높다.이 ETF는 퇴직연금 계좌에서 적립금의 100%를 투자할 수 있다는 점도 강점이다. CD 금리, 한국무위험지표금리(KOFR) 등을 추종하는 다른 파킹형 ETF 대다수는 퇴직연금 적립금의 70%까지만 투자할 수 있다.미래에셋자산운용 관계자는 “상대적으로 높은 1년 정기예금 수준 금리를 지급할 수 있을 것으로 기대한다”고 설명했다.이 상품은 파킹형 ETF 최대 히트작 ‘TIGER CD금리투자KIS(합성)’의 후속작이기도 하다. 파킹형 ETF는 3개월 미만의 단기금리를 추종하며 매일 이자수익을 지급하는 상품이다. 파킹형 ETF는 지난해 1년 동안 상품 종류는 3종에서 14종, 순자산총액은 6조 8104억 원에서 24조 453억 원으로 급증했다. TIGER CD금리투자KIS(합성)은 지난해 9월 ‘KODEX 200’을 제치고 전체 ETF 중 순자산총액 1위에 오르기도 했다. 파킹형 ETF 시장에는 올해에도 이미 1조 원에 가까운 자금이 순유입됐다.전균 삼성증권 연구원은 “기준금리가 여전히 높은 상황인 만큼 중앙은행의 금리 인하 전까지는 파킹형 ETF를 활용해 고금리 국면에서 수익을 낼 수 있다”고 설명했다."
    },
    {
        "title": "\"웹툰·소설은 잘 나가는데\" 엇갈리는 컨텐츠주",
        "date": "2024.01.21. 오후 3:44",
        "content": "드라마 영화 제작 콘텐츠 기업은 실적 악화로 주가 떨어져\n\n\n\n증권가에서 드라마·영화 등을 제작하는 콘텐츠 기업의 목표주가를 낮추고 있다. 지난해에 이어 올해도 실적이 부진할 것이란 전망에서다. 웹툰·웹소설 등을 기반으로 하는 콘텐츠 기업의 주가가 상승세를 타고 있는 것과 대비되는 모습이다. 21일 증권업계에 따르면 DB금융투자는 지난 19일 드라마 제작사인 스튜디오드래곤의 목표가를 7만5000원에서 6만6000원으로 12% 낮췄다. 지난해 4분기 매출(1746억원)과 영업이익(66억원)이 DB금융투자의 예상 매출(1832억원) 및 영업이익(91억원) 전망보다 크게 낮을 것으로 추정되서다. 신은정 DB금융투자 연구원은 \"드라마 방영 회차가 줄어들고, 상각비 부담이 커졌다\"면서 \"올해 연간 작품 수도 지난해 대비 소폭 축소될 수 있다\"고 설명했다. 지난 16일 하나증권도 스튜디오드래곤과 콘텐트리중앙의 목표주가를 내렸다. 스튜디오드래곤은 7만원에서 6만5000원으로, 콘텐트리중앙은 2만4000원에서 2만1000원으로 조정했다. 이기훈 하나증권 연구원은 \"콘텐트리중앙의 예상 영업적자가 243억원으로 시장의 예상(35억원 적자)보다 클 것\"이라며 \"'서울의 봄' 관련 배급·투자수익이 일부 반영되나 4분기는 3분기 개봉작의 부진으로 영향이 제한적일 것\"이라고 분석했다. 스튜디오드래곤과 콘텐트리중앙의 주가도 하락세다. 스튜디오드래곤은 연초부터 19일까지 주가가 12.33% 떨어졌다. 같은 기간 콘텐트리중앙의 주가도 15.33% 내려갔다. 반면 웹소설·웹툰을 기획·제작하는 디앤씨미디어는 연초부터 주가가 38.64% 올랐다. 올해 글로벌 론칭한 '나 혼자만 레벨업(나혼렙)' 애니메이션이 인기를 끌면서 지적재산권(IP)을 보유한 디앤씨미디어가 주목을 받았다. 상반기에는 넷마블에서 액션 RPG게임 ‘나 혼자만 레벨업: ARISE’가 출시될 예정이다. 지난해 주식시장에 입성한 전자책 구독 플랫폼기업인 밀리의서재도 19일 4.03% 오른 3만2300원에 장을 마쳤다. 올 들어 주가가 87.24% 급등했다. 작년 상장일(9월27일) 4만1600원으로 마감한 후 주가는 1만원대 후반에 머물러왔다.  최재호 하나증권 연구원은 \"밀리의서재는 2019년 매출 110억원에서 지난해 565억원으로 400% 이상의 성장을 이룬 것으로 예측된다\"면서 \"오리지널 IP(지적재산권)를 활용한 다양한 콘텐츠 제작, 웹소설 플랫폼 론칭, AI 서비스 제공 등의 성장성을 고려했을 때 현재 주가가 성장성 대비 저평가된 상태\"라고 평가했다."
    },
    {
        "title": "배당률 12%인데 주가도 오르네...커버드콜의 반전",
        "date": "2024.01.21. 오후 3:36",
        "content": "나스닥 추종 커버드콜ETF30% 차익에 월배당도 두둑1억 투자시 세후 1천만 수령\n\n\n\n 뉴욕증권거래소. 사진=연합뉴스연간 배당수익률이 12%를 웃돌면서, 시세 차익도 30%나 발생한 커버드콜 상품이 시장의 주목을 받고 있다.21일 한국거래소에 따르면 ‘TIGER 미국나스닥100커버드콜(합성)’ 상장지수펀드(ETF)의 지난해 수익률은 25.7%인 것으로 나타났다.올해에도 해당 ETF 주가는 4.58% 상승했다. 개인투자자들은 최근 1년 동안 해당 ETF를 1440억원 순매수했다. 커버드콜 상품군 중에선 눈에 띄게 많은 수치다.커버드콜 특성상 기초지수인 나스닥100지수의 수익률엔 못 미쳤지만, 해당 상품이 투자자들의 이목을 끈 건 연간 배당수익률이 12%에 달하기 때문이다.1억원을 넣으면 지난해 약 1025만원(배당소득세 제외)의 분배금 수익을 거머쥘 수 있었다는 얘기다. 매월 말 분배금을 지급하는 월배당 방식이라 정기적으로 현금흐름을 창출하고 싶은 투자자들에게 유용하다.커버드콜 상품은 기초자산 추종과 동시에 콜옵션을 매도해 수익률에 합산하는 전략을 쓴다.매도한 콜옵션 수익은 분배금으로 전환해 투자자들에게 배분한다. 다만 콜옵션 매도로 인해 증시가 상승할 때 기초지수의 상승률을 온전히 따라가진 못하는 편이다.투자자들 사이에서 “커버드콜은 원금을 갉아서 배당으로 받은 상품”이라는 볼멘소리가 나오는 것도 주가가 우상향을 못하기 때문이다.다만 TIGER 미국나스닥100커버드콜(합성) ETF의 우수한 성과로 인해 미국 지수를 기초자산으로 하는 커버드콜 상품에 대한 관심이 재차 증가하는 모습이다.나스닥100지수는 나스닥에 상장한 글로벌 기업 중 시가총액 상위 100개 종목을 담는다.마이크로소프트, 애플, 엔비디아 등 주가 상승 동력이 뛰어난 빅테크 등이 대거 포함돼 있다.때문에 경기침체 등 거시경제 여건이 불확실할 때도 주가 방어력이 뛰어나 커버드콜 상품의 기초자산으로 제격이란 평가가 나온다.최근 나스닥100지수는 지난 2021년 유동성 장세 당시 기록한 고점을 돌파하며 신고가를 기록하기도 했다.미국 증시에서도 커버드콜 상품에 대한 글로벌 투자자들의 수요가 높다.JP모건이 운용하는 월배당 커버드콜 상품 ‘JP모건 나스닥 에쿼티 프리미엄 인컴(JEPQ)’ ETF엔 최근 1년 동안 69억2866만달러(약 9조2580억원)의 자금이 몰렸다.TIGER 미국나스닥100커버드콜(합성) ETF와 동일하게 소정의 수익률을 거두면서 연 환산 배당수익률은 9%를 넘어 인기다."
    },
    {
        "title": "'아이돌 오디션' 부진…F&F, 80억 투자 손실 위기 [시그널]",
        "date": "2024.01.21. 오후 3:28",
        "content": "F&F엔터 '유니버스 티켓' 0%대 시청률콘서트도 무산···투자비 회수 불투명F&F, CJ 출신 콘텐츠 전문가 영입엔터사업 전략 전면적 재조정할듯\n\n\n\n[서울경제] 패션 제조·유통 업체인 F&F(383220)가 자회사 F&F엔터테인먼트의 콘텐츠 제작·연예기획 사업 부진으로 80억 원 이상의 투자 자금을 잃을 위기에 처했다. F&F는 아이돌 오디션 방송 프로그램의 시청률 부진, 연계된 콘서트 무산 이후 F&F엔터의 전략 사업을 전면적으로 재검토하기로 했다.21일 투자은행(IB)·엔터테인먼트 업계에 따르면 F&F는 최근 F&F엔터 사업 추진 전략을 재조정하는 방안을 논의하고 있다. F&F는 특히 최근 임명균 전 CJ ENM(035760) 상무를 콘텐츠 투자·기획 전문가로 새로 영입하기도 했다. IB 업계는 임 전 상무가 F&F의 드라마 제작 자회사인 빅텐츠(210120)는 물론 F&F엔터 사업에 대해서도 일정 부분 역할을 할 것으로 보고 있다. 현 F&F엔터의 수장은 카카오엔터테인먼트 출신인 최재우 대표다.F&F가 엔터 사업에 적극적으로 변화를 꾀하는 것은 F&F엔터 투자 실패로 자칫 대규모 손실을 입을 수 있다는 우려 때문으로 풀이된다. F&F엔터는 2022년 말 F&F가 글로벌 K팝 아티스트 육성을 목표로 설립한 자회사다. F&F는 F&F엔터가 첫 프로젝트로 SBS와 함께 제작한 아이돌 오디션 방송 프로그램 ‘유니버스 티켓’의 제작비 대부분을 댔다. 그 규모만 80억 원 이상으로 알려졌다. F&F엔터의 설립 자본금이 20억 원이라는 점을 고려하면 F&F는 1년 간 100억 원이 넘는 자금을 투입한 셈이다. IB 업계에 따르면 F&F엔터는 프로젝트 준비 당시 F&F 측에 과거 다른 오디션 프로그램들이 각종 협찬과 광고, 음원, 상품 판매 등으로 큰 돈을 번 전례가 있다는 점을 강조하면서 사업 성공을 자신했다.\n\n\n\n문제는 유니버스 티켓이 결국 0%대 시청률로 막을 내리면서 불거졌다. 평일 저녁 늦은 시간 편성 등의 문제로 프로그램이 인기몰이에 성공하지 못하자 후속 프로젝트로 준비했던 서울 중구 장충체육관 콘서트 계획도 무산됐다. IB업계는 콘서트 티켓 판매가 부진했을 것으로 추측하면서 F&F도 투자금을 거의 회수하지 못했을 것이라고 추정했다.F&F 관계자는 이에 대해 “유니버스 티켓은 총 82개 국에서 1800만 투표를 끌어내고 ‘라코이(방송 콘텐츠 가치정보 분석 시스템)’에서 예능 부문 2위에 오를 정도로 큰 화제를 모았다”며 위기설을 일축했다. 이 관계자는 “글로벌 온라인 팬덤을 구축하는 성과도 거둔 만큼 F&F는 데뷔 조의 본격적인 활동을 매우 기대하고 있다”며 “콘서트는 비자 문제로 취소됐고 투자금도 예정대로 회수하는 중”이라고 밝혔다."
    },
    {
        "title": "韓日 증시 거꾸로 가는 이유는 ··· 이남우 기업거버넌스포럼 회장 “日 정책 주목하라”",
        "date": "2024.01.21. 오후 3:17",
        "content": "이남우 한국기업거버넌스포럼 회장한국기업거버넌스포럼이 윤석열 대통령의 ‘코리아 디스카운트’(한국 증시 저평가 현상) 해소 움직임을 두고 ‘적극 찬성’ 의사를 드러냈다.지난 17일 윤 대통령은 금융과 자본시장을 주제로 열 민생 토론회에서 ‘기업밸류업 프로그램’ 등 국내 증시의 부흥을 위한 각종 정책을 발표한 바 있다.21일 이남우 한국기업거버넌스포럼 회장은 논평을 통해 “윤석열 대통령의 코리아 디스카운트 해소 의지 적극 환영한다”며 “기업 가치를 장기간 파괴해온 상장기업들이 결자해지해야 코리아 디스카운트 본격적으로 해소할 수 있을 것”이라고 밝혔다.이 회장은 국내 증시의 온도가 일본과 엇갈리는 원인으로 일본거래소의 거버넌스 개혁 프로그램을 꼽았다.그는 “일본 주가는 올해 들어 9% 상승했고 지난 1년간 37% 올랐으나 반면 한국은 올해에 8% 떨어졌고 1년 동안 3% 오르는 데 그쳤다”며 “이는 일본거래소가 중심이 되어 지휘한 상장사 거버넌스 개혁에 많은 기업들이 따라줬으며 국제금융시장에서 일본의 의지를 믿기 때문”이라고 설명했다.이 회장은 일본 거버넌스 액션 프로그램의 핵심이 “기업이 매출과 이익의 성장에만 집중하지 않고 주주 입장에서 자본비용과 투자 효율성을 따져보는 것”이라며 “(경영진이 아닌) 이사회가 중심이 돼 주가 저평가 원인을 따져본 뒤 해결책을 공표하고 이를 주주들과 지속적으로 소통하고 피드백을 반영하는 것”이라고 분석했다.이어 “과거에는 국제 금융 시장에서 일본보다 한국 투자가 낫다고 얘기했지만 지금은 정반대”라며 “우리 기업들은 제품과 서비스가 더 좋지만 거버넌스 낙후로 투자 매력도가 형편없이 떨어지면서 일본 경쟁사에게 완패 당하는 중”이라고 덧붙였다.또한 그는 일본의 액션 프로그램을 한국에 그대로 적용한다면 국내 우량주 종목의 주가가 3배까지 오를 것이라는 분석도 내놓았다.이 회장은 “코리아 디스카운트 해결의 열쇠는 재무상태표에 숨겨져 있다”며 “현대차 PBR이 0.5배이고 삼성전자가 대만 TSMC 대비 PBR 기준 1/3 수준에 거래되는 이유는 대주주 및 경영진 의도대로 재무상태표가 방만하게 관리돼 일반 주주에게 돌아가야 할 현금이 회사 곳간과 비핵심 자산에 묶여있기 때문”이라고 주장했다.\n\n\n\n 한미일 주주총수익률 및 투자시 원금 변화 [자료=한국기업거버넌스포럼]이 회장은 국내 기업의 거버넌스 문제를 코리아 디스카운트의 배경으로 꼽았다.그는 “국내 투자자나 외국인은 위험자산임에도 채권금리보다도 못한 투자성과를 가져다주는 한국 주식이 매력 없다고 생각한다”며 “MSCI의 자료에 따르면 한국 주식은 과거 3년간 연 평균 2% 손실을 내면서 2% 배당수익률 감안하면 2021년부터 3년간 매년 평균코스피는 4% 하락한 셈”이라고 지적했다.또한 “삼성전자를 제외하면 과거 10 년간 코스피 주가 상승은 제로에 가까운 반면 거버넌스 개혁을 철저히 수행하고 있는 일본 증시는 3년간 연 12%의 투자 성과를 냈다”고 말을 이었다.논평에는 오리온의 레고켐바이오 인수에 대해 ‘후진적 기업 거버넌스 사례’라고 비판하는 내용도 담겼다.이 회장은 “투자자들은  두자리수 영업이익률 내는 우량 제과 회사에 투자했는데 갑자기 의사와 상관없이 이름도 생소한 바이오 회사에도 투자하게 된 셈”이라고 말했다.또한 “오리온 사례가 상법 개정을 통해 이사의 충실 의무에 ‘주주의 비례적 이익’을 추가해야 하는 이유를 드러냈다”며 “국내에서는 대주주가 일방적인 의사 결정을 내릴 때 이를 경영진과 권력기관 출신 중심의 사외이사로 구성된 이사회는 반대를 못 하는 경우가 비일비재하다”고 강조하기도 했다.이 회장은 “금융 당국은 주가 디스카운트 문제를 제공한 당사자인 상장사들이 결자해지 해야 한다는 원칙을 지키면서 성공하길 바란다”며 “윤 대통령이 강조한 대로 자본시장은 계층의 고착화를 막고 사회의 역동성을 끌어 올릴 수 있는 장터”라며 논평을 끝맺었다.한편 한국기업거버넌스포럼은 오는 2월 5일에 관련 공개서한을 발표하고, 19일에는 일본 거버넌스 전문가를 초청해 세미나를 개최할 예정이다."
    },
    {
        "title": "실적 전망도 하향세...코스피 어쩌나 [주간증시전망]",
        "date": "2024.01.21. 오후 2:45",
        "content": "지난 19일 오후 서울 중구 하나은행 본점 딜링룸에서 직원들이 업무를 보고 있다. 연합뉴스 제공 [파이낸셜뉴스] 미국 연방공개시장위원회(FOMC)가 블랙아웃(발언 금지) 기간에 돌입하면서 이번주 국내 증시는 숨고르기 장세가 나타날 것으로 보인다.   올해 실적 전망치가 하향 조정되고 있는 점이 부담이다. 최근 급격한 하락에 대한 기술적 반등이 나올 수 있다는 예상도 나오지만 당분간 보수적인 관점을 유지해야 한다는 전문가들의 조언이다. 이번주 코스피 예상범위는 2380~2500선이다.    ■실적 발표가 고비...\"경계 심리 커져\" 21일 한국거래소에 따르면 지난주 코스피지수는 전주(2525.05) 대비 2.07% 하락한 2472.74에 거래를 마쳤다. 코스피시장에서 외국인과 기관이 각각 5873억원, 5800억원의 모두 우위를 보인 반면, 개인은 1조491억원을 순매수했다.   한국과 미국의 지난해 4·4분기 국내총생산(GDP) 발표가 예정된 가운데 오는 30~31일(현지시간) 1월 FOMC를 앞두고 경계심리가 커질 전망이다. 여기에 지난해 4·4분기 및 올해 연간 코스피 순이익 전망치가 하향 조정되고 있다는 점도 실적 기대감을 낮추고 있다.   NH투자증권 김영환 연구원은 \"이번주는 1월 FOMC를 앞둔 블랙아웃 기간이어서 연준 위원들의 공개 발언은 없다\"며 \"연준 통화정책에 대한 투자자들의 기대치는 4·4분기 GDP와 12월 PCE 물가에 의해 움직일 것으로 예상한다\"고 말했다.   그는 \"4·4분기 실적발표 시즌을 맞아 2024년도 실적 전망의 하향 조정도 진행되는 중\"이라며 \"주요 기업들의 실적발표가 진행되는 동안은 이런 흐름이 이어질 가능성이 크다. 4·4분기 실적발표가 마무리된 후 올해 연간 실적과 밸류에이션에 대한 신뢰성이 높아질 수 있을 것\"이라고 내다봤다.    ■\"깜짝 반등 있어도 추세는 비슷할 것\" 코스피시장의 일방적 약세 원인이었던 수급 부담은 정점을 통과했다는 지적이 나온다. 대신증권 이경민 연구원은 \"1월 들어 외국인은 선물시장에서 6조원 넘게 순매도하면서 11~12월 유입금액(8조4500억원)의 절반 이상을 소화했다\"면서 \"아직 잠재 매도물량이 남아있으나 12월에 유입됐던 프로그램 매수(6조8000억원)도 절반가량 정리돼 수급 변수로 인한 코스피의 일방적인 약세는 진정될 것\"이라고 설명했다.   다만, 기술적 반등은 나올 수 있어도 추세 반전은 어려울 거라는 게 전문가들의 의견이다. 김영환 연구원은 \"급격한 하락에 대한 기술적 되돌림이 나올 수 있으나 이는 단기적이라는 판단이다. 당분간 보수적인 관점을 유지할 필요가 있다\"고 조언했다.   이경민 연구원도 \"단기 반등 가능한 지수대에 진입했지만 추세 반전까지는 시간이 필요하다\"며 \"지정학적 리스크, 통화정책에 대한 시장의 기대와 연준 스탠스 간의 괴리 축소, 중국 경기 불확실성 지속(모멘텀 둔화), 4·4분기 실적 시즌 불안 등 여전히 풀어야 할 과제들이 많기 때문\"이라고 전했다.   그는 \"남은 숙제들을 풀어가는 동안 코스피시장은 기간 조정을 이어갈 가능성이 높다\"며 \"다음달 이후 분위기 반전을 예상하고 있다. 그 전까지는 적극적인 대응보다 리스크 관리를 유지하는 가운데 단기 트레이딩에 집중해야 한다\"고 강조했다."
    },
    {
        "title": "80대 부친 넘어뜨려 숨지게 한 50대男 1심 '징역 3년6개월'…항소심 결과는",
        "date": "2024.01.21. 오후 1:35",
        "content": "연합뉴스[서울경제] 80대 부친과 몸싸움을 벌이다 밀어 넘어뜨려 숨지게 한 혐의로 실형을 선고 받은 아들이 형이 너무 무겁다며 항소했으나 기각됐다.대전고법 제1형사부(재판장 송석봉)는 존속폭행치사 혐의로 기소된 A씨(57)에게 1심과 같은 징역 3년 6개월을 선고했다.앞서 A씨는 2022년 10월 18일 오후 3시 30분께 충남 서천 자신의 집에서 부친 B(87)씨와 서로 멱살을 잡고 싸우다 B씨를 뒤로 밀쳐 거실 바닥에 머리를 부딪치게 하는 등 폭행했다.부친은 곧바로 병원으로 옮겨졌으나 12일 뒤 외상성 뇌내출혈로 숨졌다.A씨는 B씨와 함께 조문을 가기로 약속했지만 B씨가 전화를 받지 않고 늦게 귀가하자 화를 내며 다툼을 벌였던 것으로 알려졌다.A씨는 재판 과정에서 “아버지가 때리려고 해 손을 풀고 나왔는데 스스로 중심을 잃고 넘어졌다. 설령 폭행이 인정되더라도 피해자의 사망을 예견할 수 없었다”며 혐의를 부인했으나 법원은 받아들이지 않았다.1심 재판부는 “피해자의 연령과 건강 상태 등을 감안하면 피고인이 밀칠 경우 넘어지면서 골절 등 중한 상해를 입을 수 있으며, 사망 등 중대한 결과를 초래할 수 있다는 점을 예견할 수 있다고 봄이 상당하다”며 \"다만 말다툼 중 우발적으로 밀친 것으로 보이고, 피고인의 어머니와 누나가 선처를 탄원하는 점 등을 고려했다”며 징역 3년 6개월을 선고했다.A씨는 양형 부당 등의 이유로 항소했지만 2심 재판부도 “원심의 양형 판단이 재량의 합리적인 범위를 벗어나지 않는다”며 기각했다."
    },
    {
        "title": "‘하이브·SM·YG·JYP’ K팝 ETF 출시…이르면 1분기 상장",
        "date": "2024.01.21. 오후 12:45",
        "content": "지난해 11월19일(현지시간) 미국 LA에서 열린 ‘2023 빌보드 뮤직 어워즈’에서 데뷔 1년 4개월 만에 ‘톱 글로벌 K-팝 아티스트’를 수상한 뉴진스. K팝 걸그룹 최초로 시상식 공연을 펼쳤다. 사진 빌보드           국내 4대 연예기획사 하이브, SM엔터테인먼트, YG엔터테인먼트, JYP엔터테인먼트 등에 투자 자금 대부분을 투입하는 첫 상장지수펀드(ETF)가 출시된다.        21일 업계에 따르면 한국투자신탁운용은 국내에서는 처음으로 엔터테인먼트 회사에만 투자는 ‘ACE KPOP 포커스 ETF’를 이르면 1분기 상장한다.        이 ETF는 기초자산의 95%를 SM엔터(25.75%), 하이브(25.64%), JYP엔터(24.46%), YG엔터(18.36%) 등 4대 기획사로 채웠다.        나머지 5%도 걸그룹 ‘(여자)아이들’의 소속사 큐브엔터(1.14%), SM의 플랫폼 디어유(0.94%), ‘마마무’ 소속사 알비더블유(0.93%) 등 K팝 산업 관련주다.        앞서 국내 증시에 상장된 미디어·엔터테인먼트 관련 테마 ETF는 ▶TIGER 미디어컨텐츠 ▶KODEX 미디어&엔터테인먼트 ▶HANARO Fn K-POP&미디어 등 총 3개다. 이들 상품의 4대 엔터주 비중은 10~60% 수준에 불과하다.      한투운용 관계자는 “4대 기획사의 합산 매출액은 최근 3년간 평균 35% 늘었고 이 같은 성장세는 올해에도 지속될 전망”이라고 내다봤다."
    },
    {
        "title": "[선데이 머니카페] 새해부터 1兆 몰려…각양각색 파킹형 ETF, 어디 투자할까",
        "date": "2024.01.21. 오전 11:59",
        "content": "고금리·증시불안 속 안전투자처로 인기지난 1년 동안만 순자산 17조원 늘어총 16개 ETF···종류 다양해 선별 필요SOFR>MMF>CD>KOFR 순으로 금리 높아퇴직연금계좌 100% 투자가능여부도 봐야[서울경제] 연초 국내 증시가 급락하자 ‘도피처’를 분주히 찾는 개미들이 늘어나고 있습니다. 개중 가장 주목받는 상품이 바로 파킹통장형(파킹형) 상장지수펀드(ETF)인데요. 하루만 원금을 예치해도 매일 하루분의 이자수익을 얻을 수 있는 이 상품은 증시 대기자금 보관처를 찾는 이들로부터 각광받고 있습니다. 오늘 선데이 머니카페에서는 파킹형 ETF 현황과 각 종목별 특징, 그리고 투자 시 활용하면 좋을 ‘꿀팁’들을 살펴 보겠습니다.\n\n\n\n게티이미지뱅크━ 새해 벽두부터 1조 쏠림…신상품도 다수 대기21일 한국거래소에 따르면 올 들어 파킹형 ETF 16종에는 총 9999억 원이 순유입됐습니다. ‘TIGER CD금리투자KIS(합성)’에 5296억 원, ‘KODEX CD금리액티브(합성)’이 4673억 원을 끌어모으며 1조 원에 육박하는 금액을 사실상 양분했습니다. 이외 ‘KODEX KOFR금리액티브(합성)’(334억 원), ‘SOL 초단기채권액티브’(249억 원) 등도 수백 억 원을 유치하며 양강 체제 속 선방했습니다.파킹형 ETF가 ‘돌풍’을 일으킨 건 지난해부턴데요. 순자산이 지난 한 해 동안에만 연초 6조 8104억 원에서 24조 453억 원으로 17조 원 이상 늘었습니다. 지난해 전체 ETF 순자산이 79조 원에서 121조 원으로 42조 원 증가했는데 증가분 중 절반 가량이 파킹형 ETF에서 발생한 셈입니다. 상품 종류 역시 같은 기간 3종에서 16종까지 늘었습니다.고금리 환경 속 수익률이 연 4%대까지 치솟으며 매력이 커졌다는 분석인데요. 채권금리가 지난해 말 정점을 찍고 내려온 최근 기준으로도 연 3% 중후반대, 높게는 4% 중반대의 금리를 제공하는 상품들이 포진하고 있습니다. 파킹형 ETF는 양도성예금증서(CD) 91일물, 한국무위험지표금리(KOFR) 등 초단기 채권의 금리를 일할 계산해 매일 복리로 반영하는 상품입니다. 파킹통장과 사실상 동일한 기능을 하는데 타행 계좌로 번거롭게 이체할 필요 없이 증권사 계좌에서 바로 매수할 수 있는 만큼 주식 대기자금을 보관하고자 하는 이들로부터 특히 각광을 받고 있습니다. 예금 대신 이 상품을 찾는 수요도 있는데요. 예금과 달리 중도 환매가 자유롭다는 게 특징입니다. 5대 은행 기준 1년 정기예금 금리가 연 4% 밑으로 내려앉은 만큼 금리 측면에서도 이점이 있다는 분석입니다. 올해부터 금리 인하가 예상되지만 금리형 ETF 수요는 꾸준할 것으로 예상되는데요. 금리가 인하된다 해도 ‘제로금리’에 가까웠던 이전보다는 높은 수준이 유지될 것이라는 전망이 유력하기 때문입니다. 미국 연방준비제도(Fed·연준)의 금리 조기 인하 기대감이 꺾이며 당장 언제부터 금리 인하가 개시될지도 불투명하다는 점도 인기에 힘을 보탭니다. 이에 KB자산운용, 미래에셋자산운용 등이 CD금리를 기초로 하는 신상품을 상반기 중 출시하기 위해 준비 중입니다. 전균 삼성증권 연구원은 “기준금리가 여전히 높은 상황인 만큼 중앙은행의 금리 인하 전까지는 파킹형 ETF를 활용해 고금리를 향유할 수 있다”고 설명했습니다. ━CD금리, KOFR, SOFR…유형별 상품 살펴보기파킹형 ETF는 현재 총 16개가 상장돼 있는데요. 상품별 이름을 살펴보면 크게 ‘CD’, ‘KOFR’, ‘SOFR’ 키워드가 눈에 띕니다. 바로 해당 상품들이 추종하는 CD, KOFR, SOFR 금리를 뜻하는데요. 각각 어떤 차이점이 있을까요?우선 CD금리란 은행이 단기자금 조달 시 발행하는 양도성예금증서(CD)의 수익률인데요. 양도성예금증서란 은행이 예금을 맡았다는 것을 인정하는 증서이며 누구에게나 양도가 가능합니다. 은행이 돈을 빌리고 쓴 ‘차용증’이라고 생각하면 쉽습니다. CD 만기는 통상 91일물이며 매우 안전하다고 여겨지지만 여전히 국채보다는 위험하기 때문에 통상적으로 국채보다는 높은 수준에 금리가 형성됩니다. 18일 기준 CD 91일물 금리는 3.69%로 기준금리(3.50%)보다 19bp(1bp는 0.01%), 국고채 3년물(3.29%)보다 40bp 높습니다.KOFR(한국무위험지표금리)는 기관들간의 환매조건부채권(RP) 실거래를 기반으로 한국예탁결제원에서 산출한 금리인데요. 익일물 국채·통화안정채권(통안채)를 담보로 하는 만큼 이름 그대로 무위험 투자에서 기대할 수 있는 수익률을 제공합니다. 하루짜리이기 때문에 만기가 91일인 CD금리보다 안정적입니다. 다만 그만큼 기대수익률은 낮습니다. 가장 최신일인 18일 기준 KOFR은 3.505%로 CD91일물(3.69%)보다 20bp가량 낮습니다. SOFR(미국무위험지표금리)는 뉴욕 연방준비은행이 미국 국채를 담보로 하는 1일 환매조건부채권(RP) 거래를 기반으로 산출하는 금리입니다. KOFR의 미국 버전이라고 생각하면 되는데요. 18일 기준 SOFR 금리는 5.31%에 이릅니다. 미국 기준금리(5.50%)가 우리나라(3.5%)보다 높은 만큼 국내 대비 2%포인트가량 높은 수익률이 강점인데요. 다만 이 상품은 환노출 방식으로 투자하기 때문에 원·달러 환율 하락 시 원금 손실 우려가 있다는 점에 유의해야 합니다. 실제 국내 상장된 SOFR ETF 5종의 3개월 수익률은 -0.02%~-0.11%로 일제히 소폭 손실을 기록했습니다. 반면 달러 강세가 예상되는 시점이라면 고금리에 환차익까지 누릴 수 있는 만큼 투자 매력이 높아집니다. 이외에도 특정 금리를 추종하진 않지만 만기 3개월 이내의 초단기 채권에 분산 투자하는 상품들이 있는데요. KB자산운용의 ‘KBSTAR 머니마켓액티브’와 ‘SOL 초단기채권액티브’가 속합니다. KBSTAR 머니마켓액티브는 만기 3개월 이내 단기채권과 기업어음(CP) 70~80%, 현금성 자산에 20~30%을 투자합니다. SOL 초단기채권액티브는 잔존만기 3개월 이내의 국내 발행 원화채(AA- 이상)에 50%, 기업어음·전자단기사채 및 콜에 각각 30%, 20%를 투자합니다. 지난해 말 기준 연간 기대수익률(YTM)은 각각 4.51%, 4.57%로 높은 편입니다. 최근 1주일 수익률 역시 0.42%, 0.44%로 0.2~0.3%대에 머물렀던 타 KOFR, CD금리 ETF보다 높았습니다. ━절세 혜택도 쏠쏠…퇴직연금 100% 투자 가능한지 확인해야 파킹형 ETF를 매수할 때는 인출 시점까지 과세가 이연되는 ISA(중개형), 개인연금, 퇴직연금(DC·IRP) 계좌를 이용하는 게 좋습니다. 특히 ISA(중개형) 계좌를 통해 매수할 경우 200만 원 수익까지는 비과세를 적용받을 수 있고 200만 원 초과분에도 9.9%의 세율이 부과되기 때문에 동일한 금리 수준의 예금보다 더 많은 이자를 돌려받을 수 있게 됩니다. 연금계좌를 통해 매수할 경우 △IRP 900만 원 △연금저축 600만원 △두 개 합산은 900만 원까지 세액공제 혜택을 받을 수 있습니다.다만 퇴직연금(DC·IRP) 투자 시 유의해야 할 사항이 있습니다. 퇴직연금 계좌는 연금저축펀드와는 달리 무조건 30% 이상을 안전자산으로 채워야 하는데요. 대부분의 파킹형 ETF의 경우 위험자산으로 분류돼 70%까지만 매수가 가능합니다. 이들은 직접 실물 채권을 운용하는 게 아니라 다른 기관과 스왑 계약을 맺고 위탁하는 방식을 채택했기 때문에 혼합자산형 펀드로 분류돼 위험자산에 속합니다. 반면 ‘KODEX CD금리액티브(합성)’, ‘TIGER KOFR금리액티브(합성)’, ‘KBSTAR 머니마켓액티브’, ‘SOL 초단기채권액티브’은 실물 채권을 직접 운용하는 방식을 채택해 안전자산인 채권혼합형 펀드로 분류됩니다. 퇴직연금 계좌를 안전자산으로만 채우고 싶다면 이들 ETF가 좋은 선택지가 될 것입니다."
    },
    {
        "title": "[단독] 빅4 엔터사에 95% 투자…'K팝 ETF' 이달 나온다",
        "date": "2024.01.21. 오전 11:34",
        "content": "한투운용 'ACE KPOP 포커스'하이브·SM·JYP·YG에 집중[서울경제] 하이브(352820), SM엔터테인먼트(에스엠(041510)), YG엔터테인먼트(와이지엔터테인먼트(122870)), JYP엔터테인먼트(JYP Ent.(035900)) 등 국내 4대 연예기획사에만 투자 자금 대부분을 투입하는 첫 상장지수펀드(ETF)가 이달 본격적으로 출시된다. 금융투자 업계에서는 해당 상품이 한국 K팝 산업 성장성을 높게 보는 투자자들의 집중적인 관심을 받을 것으로 내다봤다.\n\n\n\n걸그룹 뉴진스. 사진 제공=어도어\n\n\n\n21일 업계에 따르면 한국투자신탁운용은 이달 말 국내에서는 처음으로 엔터테인먼트 회사에만 투자는 ‘ACE KPOP 포커스 ETF’를 상장한다. 이 ETF는 NH투자증권의 ‘iSelect K-POP 포커스 지수’를 100% 추종하는 패시브 상품이다. 총 수수료율은 0.3%로 책정했다.이 ETF는 기초자산의 95%를 SM엔터(25.75%), 하이브(25.64%), JYP엔터(24.46%), YG엔터(18.36%) 등 4대 기획사로만 구성했다. 나머지 5%도 걸그룹 ‘(여자)아이들’의 소속사 큐브엔터(182360)(1.14%), SM의 플랫폼 손자회사 디어유(376300)(0.94%), ‘마마무’의 소속사 알비더블유(361570)(0.93%) 등 K팝 산업 관련주로만 포트폴리오를 채웠다.앞서 국내 증시에 상장된 미디어·엔터테인먼트 관련 테마 ETF는 ‘TIGER 미디어컨텐츠’ ‘KODEX 미디어&엔터테인먼트’ ‘HANARO Fn K-POP&미디어’ 등 총 3개다. 세 상품은 ACE KPOP 포커스 ETF와 달리 웹툰 플랫폼사, 드라마 제작사, 영화 배급사 등 K팝과 무관한 콘텐츠 관련주를 편입하고 있다. 4대 엔터주의 비중은 10~60% 수준에 불과하다.한투운용이 K팝 관련주에만 투자를 집중하는 ETF를 선보이기로 한 것은 이 업종이 세계적인 인기 산업으로 자리매김하면서 투자 수요가 늘고 있다는 판단 때문이다. 실제 하나증권는 4대 기획사의 지난해 합산 영업이익이 2016년 80억 원의 90배 수준인 6958억 원에 달할 것으로 추정했다.한투운용은 최근 엔터주의 주가 하락 흐름도 일시적인 현상이라고 보고 있다. JYP엔터(-16.98%), SM엔터(-14.12%), YG엔터(-16.40%) 등은 올 들어 19일까지 코스피지수보다 더 큰 폭으로 하락했다. JYP엔터의 ‘있지(ITZY)’, SM엔터의 ‘에스파’ 등 각 회사별 대표 그룹들의 최근 발매 음반 초동 판매량(발매 후 첫 일주일 판매량)이 전작의 반토막 수준으로 추락하면서 4분기 실적에 대한 비관론이 확산한 탓이다.한투운용 관계자는 “최근 앨범 판매 부진은 산업 전체 수요층이 약화된 데 따른 현상이 아니라 수익이 기존 앨범에서 공연, 콘텐츠, 음원 등으로 분산된 효과”라며 “4대 기획사의 합산 매출액은 최근 3년 간 평균 35% 늘었고 이 같은 성장세는 올해에도 지속될 전망”이라고 평가했다."
    },
    {
        "title": "2400선 밀린 코스피, 단기 반등 나서나[주간증시전망]",
        "date": "2024.01.21. 오전 9:56",
        "content": "지난주 코스피 2.07%↓…2400선으로 '뚝'이번 주 기술적 반등 가능성 커졌으나 \"단기 그칠 것\"中GDP 호조에도 항셍지수 3%대 급락[이데일리 김보겸 기자] 한 달 반 만에 2500선을 내준 코스피가 기술적 반등에 나설 수 있다는 전망이 제기된다. 그러나 홍해를 둘러싼 군사갈등에 북한의 도발 등 지정학적 리스크에 4분기 실적에 대한 불확실성까지 더해 단기 반등에 그칠 것이라는 지적이다. 미국의 조기 금리 인하에 대한 기대가 사그라진 상황에서 악재가 이어지며 추세적인 반등에 대한 기대가 어렵자, 증권가에서는 적극적인 투자보다는 단기 트레이딩에 집중하는 전략을 펼치라고 조언하고 있다. \n\n\n\n코스피가 전 거래일보다 1% 넘게 상승해 2,470대에서 장을 마친 19일 오후 서울 중구 하나은행 본점 딜링룸 전광판에 지수가 표시되어 있다. (사진=연합뉴스) 코스피, 2400선 초반으로 뚝…연초 대비 200포인트↓21일 마켓포인트에 따르면 지난 한 주(1월15~19일) 코스피 지수는 전주 대비 2.07%(52.31포인트) 내린 2472.74에 거래를 마쳤다. 지난 3일부터 11일 연속 내림세를 이어오다 18일부터 이틀간은 소폭 반등했지만 연초 이후 200포인트 가까이 빠지며 그간 상승분을 되돌리는 모습이다. 특히 기관과 외국인의 매도세가 지수에 하방 압력으로 작용했다. 지난주 기관은 코스피에서 1조890억원, 외국인은 5935억원을 팔아치웠다. 같은 기관 개인만 1조5225억원을 사들였다. 국내 증시가 약세를 이어가는 건 미국 경기가 여전히 양호하다는 지표가 나오면서 조기 금리 인하 기대가 후퇴하고 있기 때문이다. 크리스토퍼 왈러 연준 이사는 지난 16일(현지시간) 금리 인하 가능성을 인정하면서도 인하를 서두를 필요는 없다고 강조했다. 과거 금리를 급격하게 내렸던 경기 사이클과 달리 현재 경기가 여전히 양호하다는 설명이다. 중국 국내총생산(GDP) 발표 이후 홍콩 항셍지수가 하루 만에 3.7% 급락한 것도 국내 투심 악화로 이어졌다는 분석이다. 2023년 중국 GDP 성장률은 5.2%로 정부 목표치(5.0%)를 상회했다. 김영환 NH투자증권 연구원은 “비교적 양호한 경제지표가 오히려 중국 정부의 경기 부양책 강도를 약하게 만들 수 있다는 우려에 주가가 하락했다”고 판단했다. 4분기 실적발표에서 코스피 순이익 전망치가 하향하고 있는 것도 증시 약세에 영향을 미치고 있다. 최근 2주간 2023년 4분기와 2024년 연간 코스피 순이익 전망치는 각각 9.0%, 1.5% 하향했다. 이에 따라 올해 실적 전망도 하향하고 있다. 주요 기업들의 실적발표가 진행되는 동안 전망치 하향은 계속될 가능성이 크다는 관측이 나온다. 김 연구원은 “4분기 실적발표 시즌이 마무리된 뒤 2024년 연간 실적과 밸류에이션에 대한 신뢰가 높아질 수 있을 것”이라고 설명했다.단기 반등 가능성도…“추세반전 기대 무리”코스피가 2400선까지 밀리며 반등이 가능하다는 전망이 제기된다. 증권가는 코스피 시가총액 1위 삼성전자(005930)와 3위 LG에너지솔루션(373220)이 잠정실적을 발표한 뒤 2024년 실적 컨센서스(전망치)에 대한 불안에 외환시장 변동성 확대까지 가세하면서 외국인 선물 대량매도와 프로그램 매물 출회가 빨라진 것을 이유로 손꼽는다. 코스피의 약세를 이끌었던 이 같은 수급부담이 정점을 지나고 있어 약세가 진정될 수 있다는 얘기다. 하지만 한편에서는 이 같은 반등도 단기에 그칠 것이라는 지적이 나온다. 이경민 대신증권 연구원은 “기술적 반등을 넘어 추세반전을 기대하기는 어렵다”며 “지정학적 리스크와 통화정책에 대한 시장 기대와 연준 스탠스 간의 괴리 축소, 중국 경기 불확실성 지속, 4분기 실적 시즌 불안 등 여전히 풀어야 할 과제가 많기 때문”이라고 설명했다. 이에 따라 당분간 보수적인 관점을 유지해야 한다는 조언이다. 전반적으로 4분기 실적이 부진한 가운데 어닝 서프라이즈를 기록하는 종목을 중심으로 대응해야 한다는 얘기다. NH투자증권에 따르면 최근 2주간 2023년 4분기 및 2024년 순이익 전망치가 상향된 코스피200 기업은 카카오(035720) 카카오뱅크(323410) SK텔레콤(017670) 한국타이어앤테크놀로지(161390) 삼성카드(029780) HD현대일렉트릭(267260) 강원랜드(035250) 현대로템(064350) 씨에스윈드(112610) 농심(004370) 효성티앤씨(298020) 한국콜마(161890) 등이다.오는 23일은 미국 12월 컨퍼런스보드 경기선행지수와 한국 12월 생산자물가가 발표된다. 25일은 한국 4분기 GDP 잠정치와 미국 4분기 GDP 속보치 발표가 예정돼 있다. 26일에는 미국 소득·소비와 개인소비지출(PCE)물가도 발표된다. 23일에는 마이크로소프트와 존슨앤존슨, P&G, 넷플릭스, 버라이즌 실적 발표가 예정돼 있다. 24일은 테슬라와 ASML, IBM이 실적을 발표한다. 한국 기업들은 24일 삼성바이오로직스(207940) 기아(000270) 포스코퓨처엠(003670)이, 25일은 SK하이닉스(000660) 현대차(005380) 네이버 포스코홀딩스 삼성SDI(006400)가 실적을 발표한다. 26일은 LG에너지솔루션(373220) 현대모비스(012330) 현대위아(011210)의 실적 발표가 예정돼 있다."
    },
    {
        "title": "코스피 주간 기관 순매수 1위 'KODEX 200선물인버스2X'",
        "date": "2024.01.21. 오전 9:33",
        "content": "[이데일리 김보겸 기자]"
    },
    {
        "title": "코스피 주간 외국인 순매수 1위 '삼성전자'",
        "date": "2024.01.21. 오전 9:33",
        "content": "[이데일리 김보겸 기자]"
    },
    {
        "title": "코스피 주간 개인 순매수 1위 'KODEX 레버리지'",
        "date": "2024.01.21. 오전 9:33",
        "content": "[이데일리 김보겸 기자]"
    },
    {
        "title": "코스피 주간 개인 순매도 1위 'KODEX 200선물인버스2X'",
        "date": "2024.01.21. 오전 9:33",
        "content": "[이데일리 김보겸 기자]"
    },
    {
        "title": "코스피 주간 기관 순매도 1위 'KODEX 레버리지'",
        "date": "2024.01.21. 오전 9:33",
        "content": "[이데일리 김보겸 기자]"
    },
    {
        "title": "코스피 주간 외국인 순매도 1위 'LG화학'",
        "date": "2024.01.21. 오전 9:33",
        "content": "[이데일리 김보겸 기자]"
    },
    {
        "title": "코스닥 주간 개인 순매수 1위 'JYP Ent.'",
        "date": "2024.01.21. 오전 9:33",
        "content": "[이데일리 김보겸 기자]"
    },
    {
        "title": "코스닥 주간 외국인 순매수 1위 'HPSP'",
        "date": "2024.01.21. 오전 9:32",
        "content": "[이데일리 김보겸 기자]"
    },
    {
        "title": "코스닥 주간 기관 순매수 1위 '엘앤에프'",
        "date": "2024.01.21. 오전 9:32",
        "content": "[이데일리 김보겸 기자]"
    },
    {
        "title": "코스닥 주간 개인 순매도 1위 '엘앤에프'",
        "date": "2024.01.21. 오전 9:32",
        "content": "[이데일리 김보겸 기자]"
    },
    {
        "title": "코스닥 주간 기관 순매도 1위 'JYP Ent.'",
        "date": "2024.01.21. 오전 9:32",
        "content": "[이데일리 김보겸 기자]"
    },
    {
        "title": "코스닥 주간 기관 순매도 1위 '에코프로비엠'",
        "date": "2024.01.21. 오전 9:32",
        "content": "[이데일리 김보겸 기자]"
    },
    {
        "title": "\"기술적 반등 전망…AI·반도체 주목\" [주간전망]",
        "date": "2024.01.21. 오전 8:02",
        "content": "NH證, 코스피 2380~2500p 제시\n\n\n\n지난 19일 오후 서울 중구 하나은행 명동점 딜링룸. 사진=뉴스1이번주(1월 22~26일) 증시에 대해 전문가들은 최근의 과대 낙폭에 따른 반발매수세의 유입으로 상승할 가능성이 있다고 전망했다. 다만 보수적인 대응을 권고했다. 조기금리 인하 기대감이 사그라든 가운데 상승을 주도할 재료가 없단 점에서 지수가 계속 하방 압력을 받을 수 있단 분석에서다.21일 증권업계에 따르면 코스피지수는 이번주 2380~2500포인트(NH투자증권 기준) 범위에서 움직일 전망이다. 전주(1월 15~19일) 증시는 조기 금리 인하 기대감이 과도했단 인식 속 미국·중국·북한 등 지정학적 리스크, 주요 대형주의 실적 부진 등의 악재가 맞물리면서 크게 하락했다.코스피는 작년 12월 7일 이후 약 한 달 만에 다시 2500선을 내줬다. 지난 19일 기준 코스피와 코스닥은 전주 금요일인 12일 대비 각각 2.66%, 4.52% 하락했다. \n\n\n\n사진=게티이미지뱅크이번주 증시는 그간 하락세가 깊었던 만큼 기술적 반등이 이뤄질 수 있단 게 증권가 전망이다.황준호 상상인증권 연구원은 \"그동안 하락세를 주도했던 악재들이 어느 정도 반영됐다는 인식 속에 저가 매수세가 유입될 가능성이 있다\"며 \"여기에 TSMC가 견조한 실적을 발표했다는 소식에 반도체 섹터 내 대형주들에 대한 투자 심리가 회복된 점은 증시에 상승 모멘텀을 제공할 수 있을 것\"이라고 전망했다. 하지만 이는 단기적일 뿐, 본격적인 상승은 아닐 것이란 분석이다. 김영환 NH투자증권 연구원은 \"급격한 하락에 대한 기술적 되돌림이 나올 수 있으나 이는 단기적이라고 판단된다\"며 \"당분간 보수적인 관점을 유지할 필요가 있다\"고 말했다. 그러면서 \"전반적으로 부진한 4분기 실적 시즌 중에 어닝 서프라이즈(깜짝실적)를 기록하는 종목 중심의 대응을 권고한다\"고 덧붙였다. 황준호 연구원도 \"반등세를 본격적으로 야기할 핵심적인 신호가 부재하다는 점은 악재로 인식된다\"며 \"미국 12월 소매판매가 호조를 보이면서 미 중앙은행(Fed)의 조기 금리 인하 기대감이 후퇴한 점은 한국 증시에 있어서 계속해서 하방 압력으로 지속될 것\"이라고 전망했다. 그는 또 \"중국 경제의 부진이 지속되는 가운데, 오는 23일 뉴햄프셔에서 예정된 공화당 대통령 후보 경선에서 트럼프 전 대통령이 다시 승리할 경우 다시 한번 지정학적 리스크로 인한 하방 압력이 증대될 가능성도 높다\"고 내다봤다. 그러면서 \"이번주 국내 증시는 정부 정책발 수혜가 기대되는 반도체, 인공지능(AI) 테마를 중심으로 반발 매수세가 유입되면서 반등장을 시현할 것\"이라고 예상했다.한편 19일(현지시간) 뉴욕증시는 일제히 상승했다. 기술주 중심의 랠리가 펼쳐졌다. 다우존스30산업평균지수는 전장보다 1.05%, 스탠더드앤드푸어스(S&P)500지수는 1.23%, 나스닥지수는 1.7% 각각 뛰었다. S&P500지수는 종가 기준 사상 처음으로 4800선을 돌파했다. 종전 최고치는 2022년 1월 3일 기록한 4796.56이다."
    },
    {
        "title": "[증시 풍향계] 코스피 2,400 바닥? \"추세 반등은 아직\"",
        "date": "2024.01.21. 오전 8:00",
        "content": "(서울=연합뉴스) 이웅 기자 = 주식시장이 3주 연속 하락했다.    연초 들어 미국 경제지표 호조로 조기 금리인하에 대한 기대가 후퇴하면서 시장금리와 환율이 다시 오르고 주가 하락 압력이 높아진 탓이다.    단기 조정 후 대형 기술주 주도로 반등에 성공한 미국 증시와 달리 국내 증시는 커지는 지정학적 불안으로 인한 부담이 겹치면서 조정이 깊어졌다.    주 후반 반도체주 중심의 외국인 매수세에 힘입어 코스피가 2,400대 초반에서 지지선을 구축한 모습이지만, 증시 전문가들은 아직 추세적인 반등을 점치기 이르다는 반응이다.\n\n\n\n코스피, 1.3% 올라 2,470대 마감(서울=연합뉴스) 박동주 기자 = 코스피가 전 거래일보다 1% 넘게 상승해 2,470대에서 장을 마친 19일 오후 서울 중구 하나은행 본점 딜링룸에서 직원들이 업무를 보고 있다. 이날 코스피 종가는 전장보다 32.70포인트(1.34%) 오른 2,472.74로 집계됐다. 2024.1.19 pdj6635@yna.co.kr    21일 연합인포맥스에 따르면 코스피는 지난 19일 2,472.74로 1주일 전인 지난 12일(2,525.05)보다 2.07% 내렸다.    업종별로는 음식료품(-6.44%), 석유의복(-6.07%), 철강금속(-5.63%), 보험(-5.18%), 화학(-5.175), 서비스(-4.64%), 의료정밀(-4.21%), 기계(-4.17%), 건설(-3.63%), 의약품(-3.44%), 유통(-3.33%), 운수창고(-3.27%), 전기가스(-2.99%), 증권(-2.87%), 비금속광물(-2.85%) 등 대부분 하락한 가운데 반도체주가 포함된 전기전자(0.09%)만 소폭 올랐다.    외국인 투자자(기타외국인 포함)는 유가증권시장에서 한 주간 5천600억원어치의 주식 현물과 1조9천244억원어치의 코스피200 선물을 순매도했다.    기관은 프로그램 매매를 포함해 5천765억원 순매도한 반면 개인은 1조498억원 순매수했다.    코스닥시장에선 외국인과 개인이 248억원, 1천19억원 각각 순매도했으나 기관이 2천273억원 순매수했다.    코스닥지수는 1주일 전(868.08)보다 2.92% 내린 842.67로 2주째 하락했다.    코스피는 주간 기준 3주 연속 하락해 올해 들어 낙폭이 182.54(6.87%)로 커지면서 작년 11~12월 상승분의 절반가량을 반납했다. 코스닥지수는 연말 대비 2.75% 내렸다.    3대 주가지수가 최근 2주 연속 반등해 연초 이후 수익률을 플러스(+)로 전환한 미국 증시와는 대조적이다.    다우존스30산업평균지수는 지난 한 주간 0.72% 올랐고 스탠더드앤드푸어스(S&P)500지수와 나스닥지수는 각각 1.17%, 2.26% 상승했다. S&P500지수는 19일(현지시간) 4,800선을 넘어서며 2년 만에 사상 최고가를 경신했다.    연초 발표된 미국 고용지표(12월 비농업 일자리)와 물가지표(12월 소비자물가지수)에 이어 지난 17일(현지시간) 공개된 소비지표(12월 소매판매)마저 시장 전망치를 웃돌면서 연방준비제도(연준)의 올 3월 기준금리 인하 가능성을 낮췄다.    그러나 미국 증시는 금리인하 기대의 후퇴에 따른 파장을 소화하며 대형 기술주에 대한 개선된 투자심리를 바탕으로 대만 TSMC의 실적 호조와 반도체 업황 개선 전망을 반등의 동력으로 삼았다.\n\n\n\n코스피, 1.3% 올라 2,470대 마감(서울=연합뉴스) 박동주 기자 = 코스피가 전 거래일보다 1% 넘게 상승해 2,470대에서 장을 마친 19일 오후 서울 중구 하나은행 본점 딜링룸에서 직원들이 업무를 보고 있다. 이날 코스피 종가는 전장보다 32.70포인트(1.34%) 오른 2,472.74로 집계됐다. 2024.1.19 pdj6635@yna.co.kr    이에 반해 한국 증시는 이렇다 할 모멘텀을 찾지 못했다. 연초 지속되는 증시 부진은 지난 연말 과도했던 금리인하에 대한 기대가 식으면서 위험자산 회피 심리가 강화된 가운데, 장기화되는 중동 분쟁과 대만 총통선거 이후 양안 갈등 우려, 한반도의 긴장 고조로 지정학적 불안이 커진 영향으로 볼 수 있다.    달러화가 강세로 돌아선 가운데 원/달러 환율은 두 달여 만에 1,340원대로 치솟으면서 한국 주식에 대한 매도 압력을 높였다.    외국인은 올해 들어 유가증권시장에서 8천억원가량(삼성그룹사 블록딜 제외)의 주식 현물과 5조7천억원 규모의 코스피200 선물을 순매도했으며, 선물 매도는 기관의 프로그램 매도를 유발하며 증시 수급을 악화시켰다.    지난 연말 하향 안정세를 보이던 시장 금리도 반등하고 있다.    미국 국채 10년물 금리는 지난해 말 3.8%대로 떨어졌다 4.1%대로 올라섰다. 우리나라 국고채 3년물 금리는 작년 말 3.1%대에서 3.3%대로 상승했다.    경기 부진으로 인한 연초 중국과 홍콩 증시의 침체도 한국 시장에 대한 투자심리를 악화시킨 요인으로 꼽힌다.    홍콩 항셍지수는 올해 들어 10.20% 하락했으며 중국 선전종합지수와 상하이종합지수는 각각 8.23%, 4.80% 내렸다.    삼성전자의 '어닝쇼크'로 약세를 보이던 국내 반도체주도 TSMC가 불러온 반도체 업황 회복 전망에 힘입어 주 후반 반등했으나, 증시 전반으로 파급되진 못했다.\n\n\n\n상승 마감한 코스피(서울=연합뉴스) 박동주 기자 = 코스피가 전 거래일보다 1% 넘게 상승해 2,470대에서 장을 마친 19일 오후 서울 중구 하나은행 본점 딜링룸에서 직원들이 업무를 보고 있다. 이날 코스피 종가는 전장보다 32.70포인트(1.34%) 오른 2,472.74로 집계됐다. 2024.1.19 pdj6635@yna.co.kr    이번 주(22~26일) 증시는 3주 연속 하락에 따른 기술적 반등이 나타날 가능성이 있지만 추세적 반등으로 이어지긴 어려울 것이란 관측이 우세하다.    이진우 메리츠증권 연구원은 \"지난주 말 외국인 매도세가 다소 완화되고 반도체 등 일부 대형주에서 주가 복원 움직임이 나타났다\"며 \"주가가 단기간에 많이 밀린 상황이어서 기술적 반등 가능성이 있다\"고 말했다.    이재선 현대차증권 연구원도 \"그동안 차익 매물이 많이 나왔고 TSMC 실적 발표 이후 분위기가 전환되면서 저가 매수 요인도 부각되기 때문에 반도체 중심으로 수급은 양호해질 가능성이 높다\"며 \"그러나 기술적 반등 이상이 나오려면 중국이 돌아서야 하는데 아직 그런 지표는 나오지 않아 주가지수 상단이 큰 폭으로 열릴 가능성은 이달까지는 제한적일 것\"으로 전망했다.    이경민 대신증권 연구원은 \"기술적 반등을 넘어선 추세 반전을 기대하기는 어려운 상황\"이라며 \"지정학적 리스크, 통화정책에 대한 시장의 기대와 연준 스탠스 간의 괴리 축소, 중국 경기 불확실성 지속, 4분기 실적 시즌 불안 등 풀어야 할 과제들이 많기 때문인데 숙제를 풀어가는 동안 코스피는 기간조정을 이어갈 가능성이 높다\"고 봤다.    이달 말(30~31일) 연준의 올해 첫 연방공개시장위원회(FOMC) 정례회의를 앞두고 있어 관망세가 짙어질 것이란 관측도 나온다.    정용택 IBK투자증권 연구원은 \"이번 주도 증시는 불투명할 것 같다\"며 \"시장이 크게 조정을 받은 건 연준의 통화정책 기대감이 후퇴한 영향인데 FOMC를 1주일 앞두고 있기 때문에 불확실성이 커질 것으로 본다\"고 말했다.     박소연 신영증권 연구원은 \"FOMC에 대한 기대감이 남아 있고 코스피가 고점 대비 200포인트 넘게 빠졌기 때문에 자율 반등이 가능할 것 같다\"며 \"하지만 큰 폭의 반등보다는 FOMC를 기다리면서 관망 분위기가 나타날 것\"으로 예상했다.    주중 연준의 통화정책 방향을 점검할 수 있는 미국 12월 개인소비지출(PCE) 물가지수(26일)와 미국 4분기 국내총생산(GDP)(25일)이 발표된다.    한국은행은 25일 우리나라 4분기 GDP 속보치와 지난해 경제 성적표를 공개한다.\n\n\n\n상승 마감한 코스피(서울=연합뉴스) 박동주 기자 = 코스피가 전 거래일보다 1% 넘게 상승해 2,470대에서 장을 마친 19일 오후 서울 중구 하나은행 본점 딜링룸에서 직원들이 업무를 보고 있다. 이날 코스피 종가는 전장보다 32.70포인트(1.34%) 오른 2,472.74로 집계됐다. 2024.1.19 pdj6635@yna.co.kr    기업 실적 발표가 본격화됨에 따라 분기 성적표에 따라 개별 종목 또는 업종별 주가가 등락하는 종목 장세가 강화될 것으로 예상된다.    SK하이닉스, 현대차, 기아, 현대모비스, 넷플릭스, 테슬라 등이 이번 주 작년 4분기 실적을 공개한다.     서상영 미래에셋증권 연구원은 \"금리인하 기대가 약화된 건 이미 시장에 많이 반영됐기 때문에 개별 기업들의 변화 요인에 시장이 주목할 가능성이 높다\"며 \"이번 주는 국내외 주요 기업들의 실적 발표가 본격화되기 때문에 개별 기업의 실적에 따라 변동성이 커지는 종목 장세가 펼쳐질 것\"으로 내다봤다.    김영환 NH투자증권 연구원은 \"급격한 하락에 대한 기술적인 되돌림이 나올 수 있으나 단기적이라고 판단돼 당분간 보수적인 관점을 유지할 필요가 있다\"며 \"전반적으로 부진한 4분기 실적 시즌 중에 어닝 서프라이즈(깜짝 실적)를 기록하는 종목 중심의 대응을 권고한다\"고 했다.    NH투자증권은 이번 주 코스피 전망치를 2,380~2,500으로 제시했다.    이번 주 국내외 주요 경제지표 발표와 일정(한국 기준)은 다음과 같다.    ▲ 23일(화) 한국 12월 생산자물가지수, 미국 12월 경기선행지수, 일본은행(BOJ) 통화정책회의    ▲ 24일(수) 미국 1월 S&P글로벌 제조업·서비스업 구매관리자지수(PMI)    ▲ 25일(목) 한국 4분기 GDP, 미국 4분기 GDP·12월 내구재주문, 유럽중앙은행(ECB) 통화정책회의    ▲ 26일(금) 미국 12월 PCE 물가지수·12월 신규주택판매    abullapia@yna.co.kr"
    },
    {
        "title": "증권가, 건설주 '옥석 가리기'…목표가 줄하향에 생존 종목 눈길",
        "date": "2024.01.21. 오전 6:01",
        "content": "PF 우려 속 11개 종목 중 6개 목표가↓…HDC현산·DL이앤씨는 '호평'\n\n\n\n서울 아파트 4채 중 1채는 준공 30년 넘겨(서울=연합뉴스) 김성민 기자 = 준공 후 30년이 지난 아파트에 대해 안전진단 없이 재건축을 시작할 수 있도록 정부가 절차를 간소화하기로 했다. 서울은 아파트 182만7천가구 중 27.5%가 준공 30년을 넘겼고, 노원·도봉구 아파트의 60% 가까이가 여기에 해당한다.     사진은 14일 오전 서울 강북구 북서울꿈의숲에서 바라본 노원·도봉구 일대 아파트 단지의 모습. 2024.1.14 ksm7976@yna.co.kr    (서울=연합뉴스) 배영경 기자 = 증권사들이 올해 들어 태영건설 워크아웃(기업구조개선)을 계기로 리스크가 부각된 건설주의 목표주가를 줄줄이 낮추고 있다. 이 와중에 목표주가가 상향 조정되는 건설주들도 등장해 눈길을 끈다.    21일 금융정보업체 에프앤가이드에 따르면 증권사 세 곳 이상이 목표주가를 산정하는 건설 종목 총 11개 가운데 올해 들어 목표주가가 하향 조정된 종목은 6개로 집계됐다.    증권사들의 평균 목표주가 하락 폭이 가장 큰 종목은 코오롱글로벌로 지난달 말 기준 1만5천333원에서 지난 18일 기준 1만3천667원으로 10.9%가량 낮아졌다.     이는 태영건설 워크아웃 이후 부동산 프로젝트파이낸싱(PF) 리스크에 대한 불안감이 확산하는 현 상황과 무관치 않다.     교보증권은 최근 해당 종목 보고서에서 \"높은 부채비율과 미분양 리스크가 큰 지방에 편중된 주택·PF 사업구조 등으로 부동산 PF 리스크가 추가로 확산될 시 위기관리 능력을 확인할 필요가 있다\"라고 지적했다.     그러면서 목표주가를 1만5천원에서 1만원으로 대폭 하향 조정하고, 투자의견도 '매수'에서 '중립'으로 강등했다.     PF 리스크 우려 속에 대우건설 역시 평균 목표주가가 올해 들어 5천967원에서 5천794원으로 2.9% 낮아졌다.    최근 이 종목의 투자의견을 '중립'으로 낮춘 한국투자증권은 \"작년 말 기준 대우건설의 PF 보증잔액은 약 1조원으로 이 중 63%가 미착공 현장\"이라고 밝혔다.    이어 지난해 초 대우건설이 울산 동구의 한 주상복합아파트 개발사업의 브릿지론 440억원을 자체 자금으로 상환하고 시공권을 포기한 사례를 언급, \"미착공 현장의 40%가 지방 권역에 포진한 만큼 이런 사례가 재현될 수 있다\"라며 경계했다.    그밖에 현대건설(5만2천588원→5만1천222원), GS건설(1만6천967원→1만6천688원), 삼성엔지니어링(3만6천63원→3만5천875원), 금호건설(6천400원→6천375원) 등의 목표주가가 줄줄이 하향 조정됐다.    이런 가운데 HDC현대산업개발의 경우 연초 이후 평균 목표주가가 1만8천375원에서 2만250원으로 10.2%나 상향 조정돼 눈길을 끈다.     회계상에 자체 사업의 매출을 준공 시점에 전액 반영하는 기존의 방식에서 공정률에 비례해 인식시키는 방식으로 변경하면서 올해부터 2027년까지 가시적인 증익이 예상되기 때문이다.    KB증권은 \"이는 회계상 이슈로 회사의 펀더멘털(기초여건)이 새롭게 변화하는 이벤트는 아니나, 투자자 입장에서 회사의 실적 반등을 눈으로 바로 확인할 수 있다는 점에서 의미가 크다\"고 평가했다.     DL이앤씨의 경우도 올해 들어 목표가가 4만5천375원에서 4만9천63원으로 8.1%가량 높아진 상태다.    증권가는 DL이앤씨의 지난해 3분기 말 기준 PF 우발채무가 6천억원에 불과한 데다, 지난 2021년부터 마진이 낮은 주택 매출을 줄이고 플랜트 프로젝트에 주력하며 수익성 개선에 나선 점을 긍정적으로 평가했다. [표] 주요 건설주, 연초 이후 증권가 목표주가 변경 현황 (단위:원·%)\n\n\n\n※증권사 3곳 이상이 목표주가를 산정하는 종목 위주로 집계(자료=에프앤가이드)    ykbae@yna.co.kr"
    },
    {
        "title": "연초 홍콩H지수 전세계 하락률 1위…ELS 손실 패닉 '경고등'",
        "date": "2024.01.21. 오전 5:45",
        "content": "ELS 만기 평가일 최근일수록 손실 확대…일부 상품 손실률 60% 육박1월 일평균 483억원 만기 예정…2∼3월 하루 2천억∼3천억원 되는 날도\n\n\n\n홍콩H지수 연계 ELS 투자자 피해 보상 촉구(서울=연합뉴스) 신현우 기자 = 19일 오후 서울 영등포구 여의도 금융감독원 앞에서 홍콩H지수(항셍중국기업지수) 기초 주가연계증권(ELS) 투자자들이 피해 보상 등을 촉구하고 있다. 2024.1.19 nowwego@yna.co.kr    (서울=연합뉴스) 송은경 기자 = 새해부터 홍콩H지수(항셍중국기업지수)가 10% 넘게 급락하면서 3년 전 발행된 홍콩 H지수 주가연계증권(ELS)에 투자한 투자자들은 원금의 절반도 건지지 못하는 경우가 속출하고 있다.    증권가에서도 홍콩H지수 약세 장기화가 이례적이라는 평가가 나오는 가운데 당장 지수가 반등할 모멘텀을 찾을 수 없어 투자자들의 손실 확대가 우려되는 상황이다.    21일 금융정보업체 연합인포맥스에 따르면 홍콩H지수는 연초 이후 11.12% 급락해 전 세계 주가지수 가운데 가장 부진한 것으로 나타났다. 두 자릿수 하락률을 기록한 건 홍콩 H지수가 거의 유일했다.    약세를 거듭했던 한국(코스피·-6.87%)은 물론, 경기 침체를 겪고 있는 중국(상하이종합지수·-4.80%)과 전쟁 중인 이스라엘(-3.12%)보다도 낮았다.    홍콩H지수는 올해 단 3거래일을 제외하고 모두 하락했다. 중국이 부진한 부동산·내수 경기 지표를 발표한 17일에는 3.94% 급락했다.    홍콩H지수가 큰 폭으로 떨어지면서 이를 기초자산으로 삼은 ELS의 만기 손실률도 60%에 육박하는 등 비상에 걸렸다.    ELS는 만기 상환일에 기초자산의 가격을 평가해 수익률을 확정하는데, 홍콩H지수가 떨어질수록 해당 지수를 기초자산으로 설정한 ELS의 원금 손실 규모도 커지게 된다.    금융투자업계에 따르면 홍콩H지수 ELS 손실률은 최근 일주일 만에 5%포인트(p)가량 확대됐다.    이달 10일께 만기 평가일을 맞은 키움증권의 '제1528회파생결합증권(주가연계증권)'은 손실률이 51.72%였지만, 지난 17일이 만기일이었던 미래에셋증권의 '미래에셋증권(ELS) 29447'은 손실률이 56.05%로 확정됐다. 두 상품은 모두 홍콩H지수를 기초자산 중 하나로 편입했다.    지난 16일이 만기 평가일이었던 한국투자증권의 홍콩H지수 연계 'TRUE ELS 제13599회(스텝다운)'도 만기 수익률이 55.06%로 확정됐다.    올해 1분기 홍콩H지수 ELS 만기 금액이 매일 수백억원씩 예정돼 있지만, 지수가 반등할 만한 호재를 찾기는 쉽지 않은 상황이다.    유안타증권에 따르면 홍콩H지수 연계 ELS는 1월에만 일평균 483억원의 만기가 예정돼 있으며, 2∼3월에는 만기 상환 예정 금액이 2천억∼3천억원에 달하는 날도 있다.    상반기(1∼6월) 만기 상환 금액은 10조원 수준이며, 월별로 보면 4월이 2조5천553억원으로 가장 많다.    전종규 삼성증권 연구원은 \"홍콩 증시의 장기 조정 사이클은 글로벌 사례와 비교해도 이례적인 케이스\"라며 1980년 이후 한국, 미국, 일본의 주가지수 조정 사이클은 길어야 3년이었다는 점을 고려하면 2020년부터 4년 연속 약세를 보인 홍콩H지수는 극히 드문 경우라고 짚었다.    전문가들은 중화권 증시 부진은 미·중 갈등 장기화와 중국 경기 침체, 재정지출 확대·통화 완화 같은 정책의 부재, 글로벌 자금의 탈중국 흐름 심화 등 여러 복합적인 요인이 얽혀 있어 단기간에 유의미한 반등을 이뤄내기는 쉽지 않다고 지적한다.    박상현 하이투자증권 연구원은 \"중국 내부적으로나 정책적으로나, 외국인 자금 흐름상으로나 H지수가 돌아서기가 쉽지 않다\"며 \"중국이 경기 부양을 하거나 자금을 투입해서 증시를 떠받치는 것 이상으로는 별 방법이 없을 것\"이라고 말했다.    norae@yna.co.kr"
    }
]