[
    {
        "title": "일본 미국 영국도 줄줄이 결정한다는 ‘이것’…국내 증시도 초긴장",
        "date": "2024.03.16. 오후 9:59",
        "content": "미국 중앙은행인 연방준비제도(Fed)의 제롬 파월 의장이 7일(현지시간) 워싱턴DC에 있는 상원 은행·주택·도시문제위원회 청문회에서 증언하고 있다. [사진 제공 = 연합뉴스]내주 전 세계 투자자들의 이목이 집중될 전망이다. 오는 18일부터 열리는 일본은행의 차기 통화정책회의에 이어 주요국의 통화정책회의가 몰렸기 때문이다. 시장에서는 일본은행이 금리인상에 나설 채비를 갖췄다고 보고 있는 가운데 미국에서 열리는 연방공개시장위원회(FOMC) 정례회의에도 관심이 뜨겁다.16일 증권가에 따르면 일본은행은 오는 18~19일 차기 통화정책회의를 앞뒀다. 이어 19일과 21일에는 각각 미국 FOMC와 영란은행(BOE)의 통화정책회도 열릴 예정이다. 한 주 사이에만 주요 3개국이 통화정책 방향을 결정한다는 점에서 눈길이 모이고 있는 것이다.앞서 일본은행은 새해 첫 금융정책결정회의에서 단기금리를 -0.1%로 동결하고, 장기금리 지표인 10년물 국채 금리는 0% 정도로 유도하는 대규모 금융완화 정책을 지속하기로 했다.하지만 일본은행이 작년 하반기부터 출구전략을 모색해 오고 있는 만큼 이번 통화정책회의에 대해 이목이 쏠린다. 연내에는 마이너스 금리를 해제할 수 있다는 관측까지 나온다.지난달 29일(현지시간) 우에다 가즈오 일본은행 총재는 브라질 상파울루에서 금융정책 변경 시점에 대해 “임금의 움직임을 확인하고, 임금과 물가의 선순환에 관한 정보도 합쳐 논의하고자 한다”고 설명했다. 최근 도요타자동차 등 일본 주요 대기업들이 노조의 임금 인상 요구를 수용하는 모습까지 보이면서 금융정책 변경에 대한 속도가 빨라지고 있다는 분석이다.미국의 경우 올해 6월 첫 금리인하에 나설 수 있다는 시장의 기대감도 높은 상황이다.올해 첫 FOMC에서 연방준비제도이사회(Fed·연준)는 기준금리를 5.25~5.50%로 재차 동결했다. 이는 지난해 9월과 11월, 12월에 이은 4번째 기준금리 동결이다.시장에서는 연준이 이르면 3월부터 금리를 인하할 것이라는 전망을 제기해 왔지만 당장은 쉽지 않을 것으로 보인다. 지난 12일 발표된 2월 소비자물가지수(CPI) 상승률이 전월 대비 0.4%, 전년 동월 대비 3.2%를 나타낸 데 이어 생산자물가마저 예상치를 웃돌자 연준의 2% 물가 목표 달성이 당장은 쉽지 않을 것으로 예상되기 때문이다.최근 파월 의장은 연방 상원 청문회에 출석해 “인플레이션이 2%를 향해 지속해서 이동하고 있다는 확신이 더 들기를 기다리고 있다”며 “우리가 그 확신을 갖게 되면, 그리고 우리는 그 지점에서 멀지 않았는데(not far), 긴축 강도를 완화하기 시작하는 게 적절할 것”이라고 언급한 바 있다. 이를 두고 시장에서는 “그 지점에서 멀지 않았다”라는 발언을 근거로 오는 6월 중 금리 인하에 나서게 될 것이라고 내다보고 있는 모양새다.임재균 KB증권 연구원은 “3월 FOMC에서 연준은 동결할 것”이라면서 “2월 고용지표도와 물가 모두 시장 예상치를 상회하는 견조한 흐름을 보여줬다”고 말했다."
    },
    {
        "title": "“양회 끝난 中증시, AI 모멘텀 강화될 것”",
        "date": "2024.03.16. 오전 11:01",
        "content": "[주목!e해외주식]\"정책 우선순위, 과학기술 혁신\"\"中증시 주도주, 성장주로 회귀\"[이데일리 원다연 기자] 중국 정부가 양회(전국인민대표대회·전국인민정치협상회의)를 통해 인공지능(AI) 액션 플랜을 공개한 만큼, 향후 중국 증시에서 AI 모멘텀이 강화될 것이란 전망이 나왔다. \n\n\n\n시진핑 중국 국가주석이 8일 베이징 인민대회당에서 열린 전국인민대표대회(전인대) 2차 전체회의에 참석해 박수를 치고 있다. (사진=연합뉴스)신승웅 신한투자증권 연구원은 16일 보고서를 통해 “과거 경험을 통해 보면 양회 자체는 주가 반등의 재료가 아니었지만 주도주를 결정하는 중요한 변곡점이었다”며 “중국 투자의 방점은 지수가 아닌 업종과 종목”이라며 이같이 밝혔다. 신 연구원은 “올해 지도부 정책 우선순위로 ‘과학기술 혁신과 산업 현대화’를 제시한 것에 주목한다”며 “정부는 자율주행, 신소재, 바이오, 항공우주, 양자컴퓨팅, 저공경제(UAM, 드론) 등을 미래산업으로 선정해 육성할 계획”이라고 전했다. 신 연구원은 “양회 이후 주도주로 성장주를 예상하는 이유”라며 “이를 아우르는 핵심 키워드는 AI”라고 강조했다. 그는 “정부는 AI와의 융합을 통해 첨단산업 고도화를 추진할 계획”이라며 “이번 양회에서 ‘인공지능+’ 액션 플랜을 발표한 배경”이라고 설명했다. 그는 “리창 총리도 양회 폐막 후 AI 산업 시찰을 통해 첫 공개활동을 시작했다”며 “바이두와 베이징 소재 인공지능연구원에 방문해 AI를 핵심 성장동력으로 제시하며 지원 의지를 피력했다”고 전했다. 리창 총리는 “AI 이니셔티브를 적극 수행하고 더 많은 산업이 응용할 수 있게 개방하도록 이끌어야 한다”며 “인공지능이 수천수백개의 업종에 진보된 역량을 갖게 하도록 해야 한다”고 강조했다.  이같이 정책 기조가 선명해지면서 AI 모멘텀은 더욱 강화될 것이란 전망이다. 신 연구원은 “2월 이후 전개된 기술적 반등에도 밸류에이션 부담은 크지 않다”며 “본토 AI지수의 후행 주가수익비율은 51.8배로 지난 5년간 하위 69%에 해당한다”고 밝혔다. 이어 “작년 고점까지의 상승 여력(38%)은 유효하다는 판단으로 글로벌 AI 랠리에서 소외된 중국의 갭 메우기에 주목할 필요가 있다”고 밝혔다. 그는 “개별종목 투자가 부담스럽다면 후강퉁 리스트에 편입된 본토 인공지능 상장지수펀드(ETF)로 접근하는 것도 좋은 대안”이라고 제시했다. 신 연구원은 “미래산업의 기반이 되는 반도체 업종에도 낙관적 전망을 제시한다”며 “기술자립을 위한 육성 의지는 여전한 가운데 업황 회복이 더해진다”고 밝혔다. 이어 “선행지표인 반도체 장비 수입은 작년 4분기부터 급증세를 이어가고 이에 후행해 반도체 매출도 연초 이후 뚜렷한 회복세를 보이고 있다”며 “로컬 메모리 반도체 출하량 증가와 가격 상승이 동반되는 국면”이라고 설명했다."
    },
    {
        "title": "美 물가에 울고 웃은 韓 증시…코스피 2700 회복 가능할까[다음주 증시 전망]",
        "date": "2024.03.16. 오전 10:01",
        "content": "코스피 2650~2750 전망엔비디아 AI컨퍼런스 주목21일 美 기준금리 발표 예정\n\n\n\n코스피가 전장보다 51.92포인트(1.91%) 내린 2666.84에 거래를 마친 15일 오후 서울 중구 하나은행 본점 딜링룸에서 딜러들이 업무를 보고 있다. 연합뉴스[서울경제] 1년 10개월 만에 2700선을 회복한 코스피가 미국 물가 쇼크가 촉발한 위험 선호 심리 약화로 2660선까지 추락했다. 미국의 생산자물가지수(PPI)가 예상치를 훌쩍 웃돌면서 외국인 투자가들이 재차 1조 원 넘게 순매도에 나섰다. 증권가에서는 기업 밸류업 프로그램에 대한 기대감이 여전한 만큼 다음주 코스피가 2750선까지 반등할 여지가 남아있는 것으로 보고 있다.15일 한국거래소에 따르면 코스피 지수는 51.92포인트(1.91%) 내린 2666.84로 마감했다. 코스피는 지난 14일 2718.76으로 1년 11개월 만에 2700선을 돌파했는데 불과 하루 만에 다시 2600선으로 뒷걸음질 쳤다. 유가증권시장에서는 외국인이 1조 379억 원을 순매도했다. 지난해 7월 25일 1조 3534억 원 순매도 이후 이후 8개월 만에 최대치를 경신했다. 기관 투자가들도 617억 원을 순매도하는 가운데 개인 투자자만 1조 177억 원을 순매수했다.━코스피 2700 돌파 후 다시 후퇴…美 물가에 영향\n\n\n\n제롬 파월 미국 연방준비제도(Fed·연준) 의장이 7일(현지시간) 워싱턴 DC에서 상원 은행·주택·도시문제위원회 청문회에 출석해 발언하고 있다. 연합뉴스특히 이번주 코스피는 미국의 물가 지수에 크게 영향을 받는 모양새였다. 미국의 2월 소비자물가지수(CPI)는 전년 동기 대비 3.2%, 지난달 대비 늘었다. 시장의 컨센서스는 각각 3.1%와 0.4%였다. 물가 변동폭이 큰 품목을 제외한 근원 CPI는 시장 기대치인 3.7%를 1%포인트 넘어선 3.8%를 기록했다. CPI가 시장의 기대치를 소폭 넘어선 것이다. 한지영 키움증권 연구원은 “미국의 인플레이션은 예상보다 높은 수치를 기록했지만 지난 1월 CPI 쇼크 이후 인플레이션이 단기적으로 순탄치 않을 것이라는 전망을 주가에 선반영한 측면이 있다”고 분석했다.실제 미국이 이같은 물가 지수를 발표한 다음 한국 증시는 1년 11개월만에 장중 2700선을 돌파했다. 지난 13일 코스피 지수는 전 거래일 대비 11.76포인트(0.44%) 오른 2693.57에 장을 마쳤다. 코스피는 장 중 2701.45까지 치솟으며 2022년 5월 3일 2702.10 이후 처음으로 2700 선을 넘어섰다. 코스닥지수도 0.22% 상승한 889.93에 마감해 6개월 만에 가장 높았다.시가총액 상위 종목 가운데 특히 금융주가 높은 상승률을 보였다. 증권(3.66%), 금융(2.02%), 보험(1.43%) 등 주가순자산비율(PBR)이 낮은 금융주가 강세였는데 정기 주주총회 시즌을 맞아 기업 밸류업 프로그램에 발맞춘 주주 환원 정책이 쏟아질 수 있다는 기대감도 증시 상승에 영향을 끼친 것으로 풀이된다.다만 미국의 생산자물가지수(PPI)가 시장 기대치를 크게 웃돌면서 한국 증시는 다시 2600선으로 후퇴했다. 미 노동부에 따르면 미국의 2월 PPI가 전월 대비 0.6% 상승했다. 이는 전월 대비 0.3% 상승을 예상한 월스트리트저널(WSJ)이 집계한 전문가 전망치를 크게 웃도는 수치다. 에너지와 식품 등을 제외한 근원 생산자물가는 전월 대비 0.4% 오르면서 전문가 전망치(0.2%)를 넘어섰다.━美 연준 금리 결정 주목…엔비디아 AI 개발자 콘퍼런스도 앞둬\n\n\n\n엔비디아 CI. 연합뉴스투자 전문가들은 다음주 증시에 영향을 줄 요인으로 엔비디아의 인공지능(AI) 개발자 콘퍼런스와 1월 미국 연방공개시장위원회(FOMC)의 금리 결정을 꼽았다. 엔비디아는 오는 18~21일(현지 시간) 예정된 컨퍼런스에서 차세대 첨단 AI 칩을 선보일 전망이다. 젠슨 황 엔비디아 최고경영자(CEO)는 콘퍼런스 첫날 캘리포니아주 새너제이 SAP 센터 무대에 올라 기조연설을 맡는다. 코로나19 이후 5년 만의 대면 행사로 엔비디아가 AI 시장 선두에 오른 후 처음 열리는 행사인 만큼 전 세계 30만명 이상(온·오프라인 합산)이 참여할 것으로 예상된다. 엔비디아의 주가는 국내 AI 반도체 시장에 영향을 주기 때문에 증권가에서도 이를 주목하고 있다.미국 금리 결정은 21일 예정돼 있다. 증권가에서는 제롬 파월 FOMC 의장이 미국의 인플레이션이 점차 안정되고 있지만 통계로 확인하는 과정이 필요하다고 언급할 것으로 보고 있다. 김영환 NH투자증권 연구원은 “다음주 코스피는 2650~2750포인트 수준으로 예상한다”며 “AI, 밸류업 프로그램에 대한 기대감이 상승 요인이며 미국 물가 불안 문제는 코스피 하락 요인”이라고 내다봤다."
    },
    {
        "title": "[하나證 주간추천주]SK하이닉스·삼성생명·에쓰오일",
        "date": "2024.03.16. 오전 9:56",
        "content": "[이데일리 박순엽 기자] △SK하이닉스(000660)-오는 2분기부터 출하 예정인 5세대 고대역폭메모리(HBM) HBM3E에서도 경쟁자 대비 점유율 우위가 이어질 전망. -D램(DRAM)·낸드플래시(NAND) 고정가 꾸준히 상승하면서 실적 개선 전망. \n\n\n\nSK하이닉스 경기 이천 본사. (사진=SK하이닉스)△삼성생명(032830)-고금리 기조와 양호한 신계약 판매 등으로 탄탄한 실적 기대. -컨퍼런스콜을 통해 ‘밸류업 프로그램’ 동참 의지 확인. △에쓰오일(S-Oil(010950))-‘샤힌 프로젝트’ 임시투자세액공제 연장이 국회에서 승인됐을 시 올해 공제 규모는 600억원에서 1700억원으로 급증. -올해 인도와 중국의 석유제품 순 수입국 전환이 기대. 아시아 정제마진 강세도 전망."
    },
    {
        "title": "코스피 시총 상위종목 '지각변동'…금융주 뜨고 이차전지 지고",
        "date": "2024.03.16. 오전 8:30",
        "content": "하나금융 KB금융 7~8계단 '껑충…POSCO 포스코퓨처엠 삼성SDI 등 후퇴코스닥, 신성델타테크·엔켐·HLB생명과학 등 상위권 점프\n\n\n\n상장사 시가총액 (PG)[박은주 제작] 사진합성·일러스트(서울=연합뉴스) 이민영 기자 = 올해 들어 국내 주식시장 대형주들의 주가 희비가 엇갈리면서 시가총액 상위권의 순위 변화가 큰 것으로 나타났다.    밸류업 프로그램 기대감에 금융주 등 저PBR(주가순자산비율)주의 순위가 껑충 뛴 반면 이차전지 종목은 일제히 미끄러졌다.    16일 한국거래소에 따르면 지난 15일 기준 유가증권시장 시총 상위 20개 종목 가운데 15개 종목이 지난해 말 대비 순위가 바뀌었다.    가장 많이 순위가 오른 종목은 하나금융지주로 지난해 말 28위에서 이달 20위로 8계단 뛰었다.    이 기간 시가총액은 12조6천880억원에서 18조1천550억원으로 5조4천670억원 증가했다.    KB금융도 지난해 말 17위에서 10위로 7계단 올랐다. KB금융은 지난 14일 2018년 12월 이후 5년 3개월 만에 시총 10위로 올라섰다.    뒤이어 셀트리온(12위→8위), 신한지주(18위→15위), 삼성생명(21위→19위) 등 순으로 오름폭이 컸다.    반면 전기차 수요 둔화 등 업황 부진 우려 속에 주가가 하향곡선을 그린 이차전지 종목들은 순위가 줄줄이 내려갔다.    포스코퓨처엠(13위→17위)의 내림폭이 가장 컸으며 POSCO홀딩스(7위→9위), 삼성SDI(11위→13위), LG화학(10위→11위)도 내렸다.    카카오 순위는 지난해 말 14위에서 이달 18위로 4계단 하락했으며 네이버도 9위에서 12위로 3계단 밀렸다.     한편 삼성전자, SK하이닉스, LG에너지솔루션, 삼성바이오로직스, 현대모비스는 시가총액 순위를 유지했다.    코스닥 시장의 경우 시총 상위 20개 종목 가운데 16개 종목의 순위가 뒤바뀌었다.     신성델타테크는 지난해 말 시총 상위 50위권 내에도 들지 못했으나 이달 들어 10위로 껑충 뛰었다.    엔켐은 지난해 말 37위에서 이달 7위로 30계단 올랐으며 HLB생명과학(47위→16위)도 31계단 뛰었다. 휴젤(20위→12위), 레고켐바이오(23위→18위)의 오름폭도 컸다.    반면 JYP엔터테인먼트가 지난해 말 7위에서 이달 11위로 4계단 내리며 하락폭이 가장 두드러졌다. 카카오게임즈는 지난해 말 16위에서 이달 19위로 3계단 내리며 두 번째로 하락 폭이 컸다.     에코프로비엠, 에코프로, HLB, 알테오젠은 순위를 유지했다.    순위 집계에서 유가증권시장으로 이전 상장한 엘앤에프, 포스코DX, 합병으로 상장 폐지된 셀트리온헬스케어는 제외됐다.    이차전지 종목인 에코프로비엠과 에코프로는 시가총액 1위와 2위 자리는 지켜냈으나 시가총액은 각각 3조810억원, 1조2천250억원 쪼그라들었다.     올해 들어 코스피 전체 시가총액이 2천171조2천470억원으로 지난해 말(2천126조3천730억원) 대비 44조8천740억원 늘었으며, 코스닥은 416조9천400억원으로 작년 말(431조7천920억원) 대비 14조8천520억원 줄었다.    전문가들은 국내 증시가 최근 저PBR주 중심으로 많이 오른 만큼 당분간 쉬어가는 흐름을 보일 것으로 예상했다.    이웅찬 하이투자증권 연구원은 \"밸류업 관련 종목 주가가 현재 오를 만큼 오른 가운데 밸류업 모멘텀도 끝난 것으로 보인다\"며 \"최근 미국 엔비디아도 조정 국면에 들어간 상황에서 국내 증시는 뚜렷한 주도주 없이 쉬어가는 국면이 나타날 것\"이라고 전망했다.    mylux@yna.co.kr"
    },
    {
        "title": "[머니플로우] \"초강세 코인으로 몰렸나?\"…예탁금 4조 이상 '썰물'",
        "date": "2024.03.16. 오전 8:00",
        "content": "예탁금 열흘새 57조9천억 → 53조5천억원…MMF도 한주간 2천700억원 빠져횡보장세에 국내주식펀드 설정액 5천700억원↓ 해외주식펀드 3천억원↑\n\n\n\n비트코인 원화마켓서 1억원 넘어(서울=연합뉴스) 류영석 기자 = 비트코인 시세가 7만 400달러를 돌파하며 사상 최고가를 경신한 가운데 11일 오후 서울 강남구 업비트 라운지 전광판에 비트코인 원화마켓 시세가 1억원을 넘어서고 있다. 2024.3.11 ondol@yna.co.kr(서울=연합뉴스) 배영경 기자 = 가상화폐 대장주인 비트코인이 연일 사상 최고가를 새로 쓰며 초강세를 보인 반면 국내 주식시장은 답보 상태에 빠지자 증시의 대기성 자금이 크게 이탈한 것으로 나타났다.    16일 금융투자협회 통계에 따르면 투자자예탁금은 지난 14일 기준 53조4천824억원으로 집계됐다. 이는 지난 4일(57조8천852억원)과 비교하면 열흘 사이에 4조4천억원 이상 줄어든 규모다.    투자자예탁금은 투자자가 주식을 사려고 증권사 계좌에 맡겨두거나 주식을 팔고서 찾지 않은 돈으로 증시 진입을 준비하는 대기성 자금 중 하나다.    또 다른 대기성 자금인 머니마켓펀드(MMF) 설정액도 전날 기준으로 1주일 새 2천700억원이 빠져나간 것으로 금융정보업체 에프앤가이드는 집계했다.    MMF는 만기가 짧은 국고채나 기업 어음(CP) 등 단기물에 주로 투자하는 상품으로, 투자자 입장에서는 어느 정도 수익률을 얻으면서도 언제든 환매할 수 있어 대기성 자금으로 분류된다.    최근 비트코인을 비롯한 가상화폐 시장이 강세를 띤 것과는 대조적으로 국내 증시는 박스권에 갇혀 힘을 쓰지 못하자, 증시 대기성 자금이 코인 시장으로 이동한 것이 아니냐는 분석이 나온다.    비트코인 가격은 이달 들어 처음 7만 달러를 돌파한 뒤 연일 고점을 높이고 있다. 지난 14일에도 한국시간 오후 4시 기준 7만3천797.97달러(한화 약 9천820만원)까지 올라 다시 한번 사상 최고가를 새로 쓰기도 했다.    반면 코스피는 지난 14일 1년 11개월 만에 2,700선을 넘어서며 잠시 박스권 탈출 기대감이 커졌으나 다음날 외국인의 거센 매도세에 다시 2,660대로 주저앉은 상황이다. 전날(15일) 코스피 종가는 직전일보다 1.91% 내린 2,666.84였다.    최근 미국의 2월 소비자물가지수(CPI)부터 생산자물가지수(PPI)까지 주요 물가 지표가 시장의 예상치를 웃돌면서 인플레이션(물가 상승)에 대한 우려를 키웠다.    이로 인해 인플레이션 둔화를 전제로 하는 기준금리 인하가 예상보다 지연될 수 있다는 인식이 확산, 내주 미국 연방준비제도(Fed·연준)의 3월 연방공개시장위원회(FOMC) 회의를 앞두고 경계심이 커진 게 국내 증시에도 부담이 됐다.    아울러 최근 국내 증시를 반등을 이끌었던 '밸류업 열풍'마저 한풀 꺾이면서 모멘텀 공백 상태 속에 업종·종목 간 순환매가 이뤄지고 있을 뿐이다.    코인 시장이나 미국 증시와 달리 국내 주식시장은 '심심한 장세'가 계속되면서 국내 주식형 펀드 설정액도 1주일 새 5천700억원 이상 줄었다. 같은 기간 해외 주식형 펀드 설정액이 3천억원 이상 증가한 것과 대조적이다.    다만 금리 인하 기대감이 꺾였음에도 오는 6월에는 연준의 첫 기준금리 인하가 시작될 것이란 관측이 여전히 우세해, 국내·해외 채권형 펀드 설정액은 각각 1천200억원씩 늘었다.    ykbae@yna.co.kr"
    },
    {
        "title": "K바이오에 다시 봄 오나…제약·의약품株 3개월새 시총 23% 늘어",
        "date": "2024.03.16. 오전 7:15",
        "content": "HLB 시총 140% 폭증…·신약·금리인하 기대 커지며 자금 유입내달 AACR 상승 모멘텀 될 듯…\"수출 비중 높은 종목 관심 가져야\"\n\n\n\n개인투자자 수익 (PG)[강민지 제작] 일러스트(서울=연합뉴스) 조민정 기자 = 긴 겨울을 보낸 바이오 종목에 볕이 들고 있다. 미국 금리 인하 기대감으로 성장주인 바이오 종목이 수혜를 받는 데다 신약 기대감이 곳곳에서 피어오르면서다.    16일 한국거래소와 연합인포맥스에 따르면 코스피 '의약품', 코스닥 '제약'에 속하는 54개, 120개 종목의 지난 15일 기준 시가총액은 각각 130조8천62억원, 54조2천608억원으로 집계됐다.    3개월 전인 지난해 12월 15일 종가 기준으로 107조4천997억원, 44조756억원이었던 데서 각각 22.8%, 23.1% 늘었다.    종목별로는 유가증권시장에서 삼일제약이 44.87%로 가장 높은 상승률을 보이며 시총이 967억원에서 1천710억원으로 76.8% 증가했다. 삼일제약은 국내 전환사채(CB) 전환 및 신주인수권부사채(BW) 행사로 상장 주식 수가 1천522만주에서 1천864만주로 늘었다.    동아에스티(18.47%), 유한양행(15.26%), 삼성바이오로직스(18.34%) 등도 주가 상승에 따라 시총이 17∼21% 늘었다.    코스닥 종목 중에선 간암 치료 신약 허가를 기다리고 있는 HLB가 153.15%의 주가 상승률로 시가총액도 5조6천310억원에서 13조4천억원으로 137.8% 폭증했다.\n\n\n\nHLB[HLB 제공. 재판매 및 DB 금지]거래소 업종 분류상 제약·의약품에 포함돼있지는 않지만 알테오젠(194.67%)의 시가총액이 3조5천100억원에서 10조8천409억원으로 208.8% 증가했다. 레고켐바이오도 1조2천576억원에서 1조9천403억원으로 54.3% 늘었다.    이들 종목을 담은 상장지수펀드(ETF) 수익률도 나날이 높아지고 있다.    이 기간 'TIGER 코스닥150바이오테크'의 수익률은 44.27%로, 803개 ETF 중 'TIGER 미국필라델피아반도체레버리지(합성)'(44.50%)에 이어 두 번째로 높았다.    코로나19 시기 크게 올랐던 바이오주는 2021년 하반기부터 기나긴 조정기를 거쳤다. 그러다 작년 4분기부터 미국의 금리 인하 기대감으로 금리에 대한 부담에서 조금씩 벗어나며 분위기를 살아났다.    다음 달 5∼10일 미국 캘리포니아에서 열리는 'AACR(미국 암 연구 학회) 2024'는 바이오 업종 상승에 또 다른 모멘텀이 될 전망이다.    AACR은 전 세계 120여개국 제약·바이오 기업들이 참가하며 암 연구와 관련된 전임상 또는 초기 단계 임상 데이터를 발표하는 학회다. 세계 3대 암 학회로 불릴 만큼 주목도가 높다.    김대준 한국투자증권 연구원은 \"유한양행의 비소세포폐암 신약 '렉라자', HLB의 간암치료제 '리보세라닙'도 과거 AACR을 통해 초기 연구 성과를 입증한 바 있다\"며 \"이번 AACR 2024에서도 국내 기업 중 글로벌 항암제 후보군이 발굴될 가능성이 있다\"고 기대했다.    하태기 상상인증권 연구원은 \"미국 연준의 금리 인하 가능성으로 바이오주의 분위기가 크게 개선된 상황\"이라며 \"다만 올해 상반기에는 의대 정원 확대 이슈로 인해 종합병원 매출 비중이 높은 제약사가 제한적으로 영업실적이 위축될 가능성이 있다\"고 분석했다.    그는 \"수출 비중이 높고, 수출에서 성장 잠재력을 창출하는 종목 중심으로 관심을 가질 필요가 있다\"며 \"바이오주의 양극화가 심화될 전망이기 때문에 임상 일정과 데이터, 자금 흐름 등을 통해 선별화해 투자해야 한다\"고 강조했다.    chomj@yna.co.kr"
    },
    {
        "title": "\"22만닉스 간다며\"…일주일 내내 조정 받은 SK하이닉스[종목현미경]",
        "date": "2024.03.16. 오전 7:00",
        "content": "외국인 매도세에 5거래일 하락…목표가는 상향 조정\"다음주 최대 AI 개발자 콘퍼런스, SK하이닉스 주가 상승 촉매제\"\n\n\n\nⓒ News1 양혜림 디자이너(서울=뉴스1) 문혜원 기자 = SK하이닉스(000660) 주가는 지난 8일 반도체 업황 개선세가 부각되면서 17만 원선을 넘겼다. 목표가 22만 원을 제시하는 보고서까지 등장하면서 '22만닉스'에 대한 기대감도 커졌다. 하지만 이번 주 내내 SK하이닉스 주가는 하락을 면치 못하고 있다.16일 한국거래소에 따르면 전날 SK하이닉스는 전 거래일 대비 700원(0.43%) 하락한 16만 1200원에 거래를 마쳤다. SK하이닉스는 장 중 16만 원선까지 붕괴되면서 15만원 8600원까지 밀리기도 했다.SK하이닉스 주가는 지난 8일 17만 1900원까지 오르면서 종가 기준 사상 최고가를 기록한 뒤 5거래일 연속 조정을 받고 있다. 지난 11일부터 15일까지 총 6.22% 하락했다.외국인투자자는 최근 5거래일 중 단 하루도 빠짐없이 '팔자'에 나서면서 주가를 끌어내렸다. 이번 주 외국인투자자는 총 3427억 원 팔아치웠다. 기관투자자도 1892억 원 순매도하면서 주가 하락에 힘을 보탰다. 반면 개인은 5거래일 연속 '사자' 기조를 유지하면서 총 5260억 원 순매수했다.SK하이닉스 주가가 하락세에서 벗어나지 못하고 있지만 증권가에서는 목표가를 줄줄이 높여 잡았다. 고대역폭메모리(HBM) 시장에 대한 SK하이닉스 경쟁력을 높게 평가하면서다.△SK증권(001510)(19만 원→22만 원) △IBK투자증권(17만 원→20만 원) △KB증권(18만 원→21만 원) △BNK투자증권(15만 5000원→21만 원) △미래에셋증권(006800)(17만 3000원→20만 원) 등이 목표가를 상향 조정했다.한동희 SK증권 연구원은 \"인공지능(AI) 강세에 따른 HBM의 성장성과 SK하이닉스의 시장 주도적 위치는 최소한 2025년까지 유지될 것으로 전망한다\"면서 목표가를 22만 원으로 제시했다.김운호 IBK투자증권 연구원은 \"하이앤드(High End) 디램(DRAM) 시장에서 절대적 입지를 확보한 SK하이닉스는 메이커 중에서 올해 물량 증가도 가장 공격적일 전망\"이라면서 \"5세대 고대역폭메모리(HBM3E) 시장 확산으로 평균판매단가(ASP)가 상승해 영업이익률 개선이 동반될 것으로 기대한다\"고 말했다.이에 더해 오는 18일부터 21일까지 열리는 'GTC 2024'가 SK하이닉스 주가 상승의 촉매제가 될 것이란 전망도 나왔다. GTC 2024는 엔비디아가 주최하는 세계 최대 AI 개발자 콘퍼런스다.김동원 KB증권 연구원은 \"SK하이닉스는 GTC 2024에서 HBM3E를 비롯한 다양한 HBM 신기술을 선보이며 엔비디아 밸류체인과 협업 관련 논의를 할 것으로 전망된다\"고 설명했다.이어 \"범용 인공지능(AGI) 연산 폭증과 천문학적 AI 연산을 감당할 AI 전용 데이터센터 구축이 필수가 된 만큼 엔비디아 그래픽처리장치(GPU)와 AI 신경망처리장치(NPU) 수요는 당분간 공급을 초과할 것으로 보인다\"면서 \"엔비디아 GTC 2024는 AI 반도체 업종의 추가 상승 촉매로 작용할 전망\"이라고 덧붙였다."
    },
    {
        "title": "'돈나무 언니' 캐시 우드 매수 등에…테슬라 주가 나흘만에 반등(종합)",
        "date": "2024.03.16. 오전 6:36",
        "content": "아크 인베스트먼트 ETF, 지난 14일 하루 470억원어치 사들여인도 수입 전기차 관세 인하 소식도 호재…\"테슬라 로비 성공\"\n\n\n\n캐시 우드 아크 인베스트먼트 최고경영자[AFP 연합뉴스 자료사진. 재판매 및 DB 금지](로스앤젤레스=연합뉴스) 임미나 특파원 = 미국 전기차업체 테슬라 주식에 매수세가 유입되고, 인도 시장에서 테슬라의 차량 판매에 유리한 환경이 조성됐다는 소식이 전해지면서 테슬라 주가가 나흘 만에 반등했다.    15일(현지시간) 뉴욕증시에서 테슬라 주가는 전장보다 0.66% 오른 163.57달러에 마감했다.    이날 오전 한때 1.4%까지 반등한 뒤 오후 들어 오르내리기를 거듭하다 상승세로 거래를 마쳤다.    테슬라 주가는 전날까지 사흘간 8.6% 하락했으며, 전날 종가(162.50달러)는 지난해 5월 4일 이후 최저치였다.     올해 들어 이날까지 낙폭은 34% 수준이며, 시가총액은 약 5천125억달러(약 682조6천500억원)로 쪼그라든 상태다.    최근 전기차 수요 위축에 관한 소식이 잇따르고, 월가에서도 부정적인 전망과 함께 테슬라의 투자등급을 줄줄이 하향하면서 주가 하락세를 부채질했다.    하지만 이날은 테슬라 주가에 긍정적인 소식들이 나왔다.\n\n\n\n테슬라 로고[로이터=연합뉴스. 재판매 및 DB 금지]한국에서 '돈나무 언니'로 유명한 미국 투자가 캐시 우드의 펀드가 테슬라 주식을 대량으로 매수하고 있다고 금융전문매체 마켓워치는 이날 전했다.    보도에 따르면 우드가 이끄는 아크 인베스트먼트의 여러 상장지수펀드(ETF)는 전날 테슬라 주식 총 21만6천682주를 사들였다. 전날 종가 기준으로 계산하면 3천521만달러(약 469억원)어치다.    이는 이 투자회사의 펀드들이 지난해 12월 테슬라 주식을 다시 사들이기 시작한 이래 최대 금액을 쓴 것이라고 마켓워치는 전했다.    이 매체는 \"캐시 우드의 ETF들은 최근 테슬라 주가의 폭락을 그들이 좋아하는 투자처 중 하나에 투자할 기회로 활용했다\"고 분석했다.    우드의 주력 ETF인 아크 이노베이션 ETF(ARKK)의 보유 비중은 가상화폐거래소 코인베이스에 이어 테슬라가 두 번째로 크다. 이 ETF는 올해 들어 현재까지 6.4% 하락했다.    앞서 우드는 코로나19 사태 직후 테슬라를 비롯한 기술주를 집중적으로 매입해 높은 수익률을 기록하며 2020년 투자업계의 스타로 떠올랐다.    한편 인도에서는 전기차 수입 관세를 큰 폭으로 낮춘다는 소식이 전해졌다.    로이터 통신에 따르면 이날 인도 정부는 현지에 최소 5억달러(6천660억원)를 투자하고 3년 이내에 국내 생산을 시작하기로 약속한 업체가 생산하는 특정 전기차에 수입 관세를 15%로 낮춘다고 밝혔다.    이런 요건을 충족하는 기업은 최대 8천대의 전기차를 수입할 수 있다고 로이터는 전했다.    인도는 기존에 수입 전기차의 차량 가격에 따라 70%나 100%의 세금을 부과해 왔다.    로이터는 인도의 새로운 관세 정책이 현지 자동차 업체들의 반발 속에 테슬라가 그동안 인도 정부를 상대로 로비를 벌여온 내용과 일치한다며 \"테슬라에게는 큰 승리\"라고 평가했다.    일론 머스크 테슬라 최고경영자(CEO)는 지난해 6월 미국을 방문한 나렌드라 모디 인도 총리와 회동한 뒤 \"나는 모디의 팬\"이라며 인도 시장 진출을 위해 적극적인 구애를 펼치기도 했다.    인도의 전기차 시장은 아직 규모가 작지만 성장세를 보이고 있으며, 현지 업체인 타타 모터스가 판매를 주도하고 있다.    mina@yna.co.kr"
    },
    {
        "title": "'돈나무 언니' 캐시 우드, 테슬라 주식 대량 매수…\"쌀 때 사자\"",
        "date": "2024.03.16. 오전 2:15",
        "content": "아크 인베스트먼트 ETF, 하루 새 470억원어치 사들여\n\n\n\n캐시 우드 아크 인베스트먼트 최고경영자[AFP 연합뉴스 자료사진. 재판매 및 DB 금지](로스앤젤레스=연합뉴스) 임미나 특파원 = 한국에서 '돈나무 언니'로 유명한 미국 투자가 캐시 우드의 펀드가 미 전기차업체 테슬라 주식을 대량으로 매수하고 있다고 금융전문매체 마켓워치가 15일(현지시간) 전했다.    보도에 따르면 우드가 이끄는 아크 인베스트먼트의 여러 상장지수펀드(ETF)는 전날 테슬라 주식 총 21만6천682주를 사들였다. 전날 종가 기준으로 계산하면 3천521만달러(약 469억원)어치다.    이는 이 투자회사의 펀드들이 지난해 12월 테슬라 주식을 다시 사들이기 시작한 이래 최대 금액을 쓴 것이라고 마켓워치는 전했다.    이 매체는 \"캐시 우드의 ETF들은 최근 테슬라 주가의 폭락을 그들이 좋아하는 투자처 중 하나에 투자할 기회로 활용했다\"고 분석했다.\n\n\n\n테슬라 로고[로이터=연합뉴스. 재판매 및 DB 금지]테슬라 주가는 지난 사흘간 8.6% 하락해 전날 162.50달러로 마감했다. 이는 지난해 5월 4일 이후 최저치였다. 올해 들어 낙폭은 35%에 달한다.     하지만 이날 뉴욕증시에서 오전 한때 1.4%까지 반등했다가 오후에는 오르내리기를 거듭하며 보합세를 보였다.    우드의 주력 ETF인 아크 이노베이션 ETF(ARKK)의 보유 비중은 가상화폐거래소 코인베이스에 이어 테슬라가 두 번째로 크다. 이 ETF는 올해 들어 현재까지 6.4% 하락했다.    앞서 우드는 코로나19 사태 직후 테슬라를 비롯한 기술주를 집중적으로 매입해 높은 수익률을 기록하며 2020년 투자업계의 스타로 떠올랐다.     또 비트코인 등 가상화폐 분야에도 거침없이 투자하는 공격적인 투자 스타일로 유명하다.    하지만 올해 들어 가장 강력한 랠리를 보인 엔비디아에는 투자하지 않은 것으로 알려졌다.    mina@yna.co.kr"
    },
    {
        "title": "“피 터지는 야수의 심장 여기 있네”…수익률 처참해도 ‘곱버스’ 쓸어담는다는데",
        "date": "2024.03.15. 오후 9:59",
        "content": "개인투자자 이달 곱버스 집중매수\n\n\n\n 서울 중구 하나은행 본점 딜링룸에서 딜러들이 업무를 보고 있다. [사진 출처 = 연합뉴스]코스피가 우상향 곡선을 그리는 가운데 개인 투자자들이 주가하락에 2배로 배팅하는 곱버스 상품을 집중적으로 매집하고 나서 이목이 집중된다.15일 한국거래소에 따르면 개인투자자들은 이달 들어 이날까지 곱버스 상품의 대표격인 KODEX 200선물인버스2X 상장지수펀드(ETF)을 132억원 순매수했다. 전날까지 3거래일 연속으로 순매수했을 뿐만 아니라 코스피가 2700을 돌파했던 14일에는 853억원어치를 사들였다. KBSTAR 200선물인버스2X ETF(7억원), TIGER 200선물인버스2X ETF(2억원), KOSEF 200선물인버스2X ETF(1억원) ARIRANG 200선물인버스2X ETF(4100만원) 등도 3월에 매수 우위를 보였다.이날 코스피가 하루 만에 2700대 아래로 다시 내려가면서 곱버스 상품의 차익실현 물량이 대거 나왔음에도 매수 우위가 이어지고 있다. 15일 하루 동안 개인투자자들은 KODEX 200선물인버스2X ETF는 1347억원 순매도했고, KBSTAR 200선물인버스2X ETF도 2억원 순매도했다.코스피 지수가 이날 1.91% 떨어졌음에도 곱버스 상품의 3월 수익률은 부진을 면치 못하고 있다. KODEX 200선물인버스2X ETF의 3월 수익률은 -2.46%이고, 다른 4개의 ‘곱버스’ 상품들도 2% 수준의 하락률을 기록했다.증권가에서는 개미들의 ‘하락장 베팅’과 반대로 국내 증시로 글로벌 자금이 지속해서 몰릴 것이라는 전망이 나온다. 미국증시와 AI(인공지능)을 비롯한 기술주 중심으로 자금이 쏠리면서 국내 증시로의 분산 투자 수요가 이어질 수 있다는 예측이다. 강대석 유안타증권 연구원은 “국내 증시는 미국이나 일본과는 달리 정부의 ‘기업 밸류업 프로그램’으로 대형주로의 쏠림 현상이 비교적 약했다”며 “쏠림 부담이 적은 국내증시는 외국인 투자자들의 분산 투자 수요의 수혜가 이어질 가능성이 크다”고 말했다.반면 개인투자자들은 최근 2거래일 연속으로 하락 마감한 코스닥150 지수에 레버리지 베팅을 하고 있다. 개미들은 KODEX 코스닥150레버리지 ETF를 이날 135억원, 지난 14일에는 80억원 순매수했다."
    },
    {
        "title": "'LG전자가 택한' 엔젤로보틱스 일반청약 흥행…증거금 9조 몰려",
        "date": "2024.03.15. 오후 8:10",
        "content": "엔젤로보틱스[IR비즈넷 제공. 재판매 및 DB 금지]    (서울=연합뉴스) 배영경 기자 = LG전자로부터 초기 투자를 유치해 눈길을 끌었던 웨어러블 로봇 전문기업 엔젤로보틱스의 일반청약에 약 9조원의 '뭉칫돈'이 몰리며 흥행에 성공했다.    15일 금융투자업계와 상장 주관사 NH투자증권에 따르면 지난 14일부터 이날까지 이틀간 일반청약을 진행한 결과 경쟁률은 2,242대 1로 집계됐다.    경쟁률은 청약신청수량(8억9천680만6천430주)을 배정수량(40만주)으로 나누어 산출한 값이다.    주문 금액의 절반을 미리 내는 청약증거금은 약 8조9천700억원으로 집계됐으며, 청약 신청 건수는 약 54만2천건에 달했다.    앞서 엔젤로보틱스는 지난 12일까지 5영업일 간 진행된 기관투자자 대상 수요예측에서 공모가가 희망범위 상단(1만5천원)을 초과한 2만원에 확정됐다.    엔젤로보틱스는 창사 이전에 LG전자로부터 시드 투자(초기 투자)를 유치하면서 이름을 알린 웨어러블 로봇 전문 기업이다.    2020년에는 국제 사이보그 올림픽인 '사이배슬론'의 제2회 대회에 출전해 1위를 차지하기도 했다. 사이배슬론은 하반신 완전 마비 환자들이 웨어러블 로봇을 착용하고 여러 지형지물을 극복하며 경주하는 사이보그 대회다.    현재는 LG전자를 비롯해 삼성전자와 CJ대한통운 등 다양한 기업과 비즈니스 파트너 관계를 형성하고 있다.    회사는 의료 분야를 시작으로 산업, 일상, 국방 등 다양한 분야까지 글로벌 웨어러블 로봇 기술 사업의 영역을 확대해 나가겠다는 구상이다.    ykbae@yna.co.kr"
    },
    {
        "title": "밸류업이 '울프팩 한탕주의' 자극…\"업종·기업별 특징 반영해야\"",
        "date": "2024.03.15. 오후 6:35",
        "content": "◆재계, 밸류업 지원 건의서 제출과도한 자사주 매입·소각 압박에기업 성장성 훼손 등 악영향 우려선진국처럼 차등의결권 부여 요구페널티·PBR 기준 등 구체화도\n\n\n\n한 기업의 정기 주주총회가 열리고 있다. 연합뉴스[서울경제] 재계가 ‘기업 밸류업 프로그램’에 관한 공동 건의서를 제출하는 것은 주주총회 시즌을 앞두고 ‘한탕주의’를 노리는 행동주의 펀드의 공격이 거세진 데다 정부가 지금까지 내놓은 정책의 구체성이 떨어져서다. 주요 기업들이 제출한 의견에는 이런 고민이 고스란히 드러난다.\n\n\n\n특히 지주사를 중심으로 다수 기업은 경영권 방어 수단이 필요하다고 건의한 것으로 알려졌다. 밸류업 분위기를 타고 행동주의 펀드 등이 자사주 매입과 소각 등 강력한 주주 환원책을 내도록 압박하는 사례가 늘었기 때문이다. 영국계 자산운용사 시티오브런던 등 5개 행동주의 펀드는 울프팩(wolf pack·늑대 무리) 전략을 통해 삼성물산(028260)에 5000억 원 규모의 자사주 매입을 요청했고 금호석유(011780)화학·현대엘리베이(017800)터·삼양패키징(272550) 및 7개 금융지주도 행동주의 펀드로부터 주주 환원 확대를 요구받았다.기업들은 무리한 자사주 소각 요구로 성장 경쟁력이 훼손되고 경영권마저 흔들릴 수 있는 점을 우려하고 있다. 자사주는 의결권이 없지만 이를 우호 주주에 매각하면 의결권이 살아나 경영권 방어에 활용할 수 있다. 행동주의 펀드의 요구대로 자사주를 과도하게 소각하면 기업 경영권 방어력이 저해될 수밖에 없다. 이 때문에 재계에서는 상장사들이 경영권을 걱정하지 않고 자사주 소각에 나설 수 있도록 방어책이 필요하다는 지적을 꾸준히 제기해왔다.선진국 대부분은 적대적 인수합병(M&A)이나 경영권 공격을 받을 때 대주주에게 시가보다 낮은 가격에 신주를 발행하는 포이즌 필, 특정 주주의 주식에 더 많은 의결권을 부여하는 차등의결권 등을 운영하고 있다. 한국은 이 같은 수단이 없다. 재계의 한 관계자는 “행동주의 펀드들이 정부의 주가 부양 의지를 인지한 뒤 본격적인 행동에 나섰다”며 “기업이 자사주 소각에 나서려면 선진국처럼 경영권 방어 수단을 허용해줘야 한다”고 말했다.주요 상장사들은 기업가치 제고 여부에 따라 부여되는 인센티브와 페널티를 구체화해 정책의 불확실성을 줄여달라는 요구도 했다. 지난달 26일 발표된 기업 밸류업 지원 방안에 자사주 소각 시 법인세 혜택, 배당소득세율 및 상속세율 인하 등 시장에서 강력하게 요구했던 방안이 다 빠졌기 때문이다. 기업들은 당시 발표를 ‘자발적으로 주주 환원에 나서면 세제 지원을 고민해보겠다’는 의미로 받아들였다.정부는 연내 세제 지원안을 추가 마련하기로 했지만 세부 방안과 일정을 특정하지는 않았다. 기업가치 제고 계획 공시와 관련한 가이드라인 확정이나 코리아 밸류업 지수, 상장지수펀드(ETF) 등 주요 일정은 대부분 총선 이후 또는 올해 하반기로 밀렸다. 한 상장사 투자자관리(IR) 담당자는 “구체적인 실행 방안, 눈에 띄는 인센티브, 공시 기준과 방법 등 필요한 내용이 발표되지 않아 기업 상황에 맞는 가치 제고 방안을 수립하는 데 어려움이 있다”고 토로했다.개별 산업, 기업의 특징을 반영해 바람직한 주가순자산비율(PBR), 자기자본이익률(ROE) 기준을 제시해야 한다는 의견도 있었다. 가령 바이오나 콘텐츠 산업은 기본적으로 기술 등 무형자산이 많아 PBR이 높을 수 있지만 부동산 형태로 생산시설을 보유한 전통적 제조사는 PBR이 낮게 나타나는데 이런 차이를 반영해야 한다는 설명이다. 업계 관계자는 “그룹 계열사마다 산업의 특성이 명확히 다르다”며 “PBR이 1을 웃돌아야 한다는 식의 획일적 기준을 적용하면 안 되는 이유”라고 강조했다."
    },
    {
        "title": "국민연금 \"행동주의 요구, 삼성물산 주주가치에 도움 안돼\"",
        "date": "2024.03.15. 오후 6:34",
        "content": "막오른 주총 시즌배당확대 요구한 세력 '완패'유한양행, 28년만에 회장직 신설15일 국내 주요 상장사의 정기주주총회가 본격적으로 시작된 가운데 표 대결이 펼쳐진 첫날은 회사·최대 주주 측 승리로 끝났다.\n\n\n\n이날 열린 삼성물산 정기주총의 주요 쟁점은 행동주의펀드 연합이 요구한 배당 확대와 자사주 매입 안건이었다. 행동주의펀드 측은 삼성물산을 상대로 보통주와 우선주에 대해 각각 주당 4500원, 4550원을 현금 배당하라고 요구했다. 또 주주가치 제고를 위해 자기주식 5000억원어치를 매입하라고 했다. 이들이 제안한 현금 배당과 자사주 매입 규모를 합치면 약 1조2364억원에 달한다. 삼성물산이 결정한 배당 규모는 각각 보통주 2550원, 우선주 2600원이다.투표 결과 주요 기관과 소액주주들은 대부분 행동주의펀드 연합의 요구안에 반대표를 던졌다. 배당안에 대해서는 의결권이 있는 주식 가운데 77%가 반대 또는 기권했다. 자사주 매입 안건은 82%가 반대·기권표를 던졌다. 전날 국민연금공단은 행동주의펀드의 요구가 “주주가치에 부합하지 않는다”며 반대표를 던졌다. 소액주주들도 이날 주총장에서 “자사주 취득에 쓸 돈으로 신규 사업을 적극적으로 모색해야 한다”며 목소리를 높였다.행동주의펀드가 표결에선 패배했지만 적지 않은 표를 얻었다는 점은 최근 주주환원 확대 목소리가 커진 게 반영된 것이라는 분석도 나온다. 행동주의펀드 연합을 대리한 법무법인 린은 주총 직후 “표결에선 패배했으나 제시한 안건에서 20%에 가까운 기관투자가들과 소액주주의 지지를 받았다는 것은 성과”라고 말했다.이날 열린 다올투자증권 주총에서 펼쳐진 표 대결도 최대주주 측 승리로 끝났다. 다올투자증권 2대 주주인 김기수 프레스토투자자문 대표는 ‘권고적 주주제안’을 신설하자는 안건을 제시했지만, 표결에서 찬성이 26.6%에 그치며 부결됐다. 이 안건이 부결되면서 김 대표 측이 제안한 △차등적 현금 배당 등 안건도 자동 폐기됐다.한편 유한양행 주총에서는 28년 만에 회장·부회장 직제를 신설하는 안건이 통과됐다. 회장 직제 부활을 앞두고 일부 직원이 “특정인이 회장직에 오르기 위한 조치가 아니냐”며 반발하기도 했지만 표결에서는 95%의 찬성을 얻었다."
    },
    {
        "title": "삼성물산, 행동주의 펀드에 완승",
        "date": "2024.03.15. 오후 6:33",
        "content": "주총서 '배당 확대' 반대표 많아다올투자증권 최대주주 승리삼성물산이 배당 확대 및 자사주 매입 안건을 두고 벌어진 행동주의펀드 연합과의 주주총회 표 대결에서 승리했다. 국민연금은 물론 소액주주들도 이들의 요구가 과하다며 회사 측 손을 들어줬다. \n\n\n\n삼성물산은 15일 열린 정기주주총회에서 시티오브런던, 안다자산운용 등 행동주의펀드가 제시한 배당안과 자사주 취득 안건이 모두 부결되고 이사회가 결정한 배당안이 통과됐다고 밝혔다.앞서 행동주의펀드 연합은 삼성물산에 보통주 주당 4500원, 우선주 주당 4550원씩 총 7364억원을 배당하라고 요구했다. 삼성물산이 결정한 배당 규모인 4173억원보다 76.5% 많은 금액이다. 그러나 삼성물산 지분 7.01%를 쥔 국민연금이 주주 가치에 부합하지 않는다며 반대표를 던졌고, 소액주주들도 반대해 표 대결은 삼성물산의 승리로 끝났다.이날 최대주주와 2대주주 사이에 표 대결이 벌어진 다올투자증권도 최대주주의 승리로 끝이 났다."
    },
    {
        "title": "금투협, 자본시장 밸류업 TF 신설…단장에 이창화 전무",
        "date": "2024.03.15. 오후 6:11",
        "content": "[서울경제] 금융투자협회가 정부의 기업 밸류업 프로그램과 맞물려 이를 추진할 조직을 신설했다. 15일 금투협회는 자본시장 밸류업 태스크포스를 신설하고 단장에 이창화 전무를 임명했다고 밝혔다. 이 전무는 자산운용·부동산본부장을 겸직한다. TF반장은 허욱 부장이 맡는다. 이외에도 김효실 소비자보호부장이 신규 보임했고, 김동오 홍보부장이 전보됐다. 정환철 증권2부 중소형사지원팀장, 최정현 소비자보호부 약관광고심사팀장도 전보 인사 발령을 받았다."
    },
    {
        "title": "[포토] 오늘의 가상화폐",
        "date": "2024.03.15. 오후 6:07",
        "content": "가상화폐가  연일 상승세를 이어가고 있는 15일 서울 강남구 빛썸 라운지에서  한 투자자가  시세판 을 사진 찍고있다. 2024.03.15.[이충우기자]"
    },
    {
        "title": "[포토] 오늘의 가상화폐",
        "date": "2024.03.15. 오후 6:07",
        "content": "15일 서울 강남구 빛썸 라운지에 설치된  전광판에 코인 가격이 나타나 있다 . 2024.03.15.[이충우기자]"
    },
    {
        "title": "\"ETF 인재 모셔라\"…금정섭 KB운용 본부장 한화자산운용으로",
        "date": "2024.03.15. 오후 6:06",
        "content": "KB운용 ETF 상품 및 마케팅 조직 초기 설계'ARIRANG' ETF 라인업 및 마케팅 강화될 듯\n\n\n\nKB자산운용에서 상장지수펀드(ETF) 사업을 이끌던 금정섭 ETF마케팅본부장이 한화자산운용으로 자리를 옮긴다.15일 금융투자업계에 따르면 금 본부장은 오는 25일부터 한화자산운용 ETF사업본부장으로 일한다. 김성훈 전 한화자산운용 ETF사업본부장이 지난 1월 사임한 이후 한화자산운용에서는  최영진 전략사업부문장이 ETF사업본부장직을 겸임해왔다. 한화자산운용은 금 본부장이 ETF 부문을 이끌 적임자라고 판단한 것으로 알려졌다.한화자산운용은 ETF 상품 개발·마케팅 전문가인 금 본부장 영입을 통해 ETF 시장 내 중위권 경쟁에서 지난해에 이어 올해에도 또 한 차례의 도약을 기대하고 있다.금 본부장은 1999년 우리증권에 입사해 교보악사자산운용, GS자산운용을 거쳐 2012년부터 KB자산운용에서 10년 넘게 ETF 조직에 몸 담았다. ETF 시장이 지금처럼 크지 않았던 2012년 당시, KB자산운용 퀀트운용본부 내 ETF전략팀장으로 입사해 초기 ETF 상품과 마케팅 조직을 직접 손보는 등 KB자산운용이 3위의 시장 점유율로 올라설 수 있는 기틀을 다진 인물로 평가된다.실제로 금 본부장이 재직하던 기간, KB자산운용의 ETF 순자산총액은 꾸준히 상승했다. 2012년 당시 약 6000억원 규모였던 KB운용의 ETF 순자산총액은 최근 10조원을 돌파하는 등 7%대의 시장 점유율로 업계 3위 자리를 지키고 있다.한화자산운용은 'ARIRANG 방산Fn', 'ARIRANG 일본반도체소부장Solative' 등 시장의 이목을 끄는 '전략 ETF' 상품 다수를 상장시키며 지난해 순자산총액을 2배 가량 끌어올리는 등 중위권 경쟁에서 두각을 나타내고 있다. 최근 'ARIRNAG ETF' 순자산총액 역시 3조원을 돌파하는 등 가파른 성장세를 보이고 있다.한화자산운용은 금 본부장의 상품 개발 및 마케팅 역량을 적극 활용할 것으로 보인다. 고객들의 다양한 투자 성향과 수요를 고려해 ETF 상품 라인업을 보다 강화하고, 이 중에서도 '전략 ETF'에 마케팅 역량을 집중해 시장 점유율을 끌어올리겠다는 포석이다.금융투자업계 관계자는 \"금 본부장은 KB운용의 초기 ETF 상품과 마케팅 조직을 세팅한 전문가\"라며 \"한화자산운용의 상품 라인업 및 마케팅 역량 보완·강화에 도움이 될 수 있을 것\"이라고 밝혔다."
    }
]