[
    {
        "title": "\"사기 피해 1조원 추산\" 홍진경도 \"투자 정보 제공 사칭 사기 범죄 주의\"",
        "date": "2024.03.30. 오후 2:39",
        "content": "페이스북 등 통해 투자 노하우 리딩방 가입 권유광고 표시 있지만 유명인 얼굴 걸고 구분 힘들어홍진경 \"사칭 사기 범죄 주의해달라\"\n\n\n\n[서울경제] 방송인 홍진경(사진)이 페이스북과 인스타그램 등 SNS에서 자신을 사칭해 투자 정보를 제공한다는 사칭 사기 범죄에 주의해달라고 당부했다.홍씨는 최근 자신의 유튜브 ‘공부왕찐천재 홍진경’ 채널 커뮤니티를 통해 “최근 저를 비롯해 유명인들을 사칭하여 투자를 유도하는 사기범들이 급증하고 있다”고 밝혔다.이어 “사기로 인한 피해 규모는 1조 원이 넘는 것으로 추산되지만, 사기범들의 계정이 대체로 해외에 있어 범인을 잡기도 처벌하기도 어려운 상황”이라며 “사기 계정을 발견할 때마다 신고해 주시길 부탁드리겠다”고 덧붙였다.특히 홍씨는 “그들이 만들어놓은 단톡방에 들어가 보면 수익을 얻었다는 글들이 꽤 보이는데, 사기범들과 AI가 이름을 바꿔가며 써놓은 글들”이라며 “부디 속지 마시길 바란다”고 당부했다.홍진경은 지난해 10월부터 사칭 피해에 대한 게시물을 지속해서 올리고 있다. 올 2월에는 “한동안 잠잠하더니 사기꾼들이 또 기승이다”며 “속지 마라. 홍진경 경제학부 같은 거 운영 안 한다. 주식과 관련된 어떤 리딩방과도 관련 없다”고 주의 글을 게재했다.최근 유명인을 사칭하며 회원을 모집하는 경제범죄에 대한 지적이 계속해서 나오고 있다. 이들 광고는 유명인이나 경제 전문가를 사칭해 무료 투자 노하우를 알려준다거나 관련 서적을 무료로 증정한다고 밝혀 클릭을 유도해 주식 리딩방 가입을 권유하는 식이다.\n\n\n\n특히 이런 광고들은 ‘광고’ 표시가 있지만 페이스북 게시글 형식을 빌려 마치 유명인이 직접 글을 올린 것처럼 보이는 점이 문제로 지적되고 있다.이에 22일 코미디언 송은이와 유명 강사 김미경 등, 유명인들은 기자회견을 열고 피해 방지 대책 촉구에 나섰다. 당시 기자회견 성명서 명단에는 연예인 유재석과 가수 엄정화, 유튜버 도티 등 137명이 이름을 올렸다.페이스북을 운영하는 메타 측은 “글로벌 본사 차원에서 관련 기술(AI)과 인력으로 사칭광고 콘텐츠를 차단하고 있다”며 “사칭광고가 많아지면서 추가 모니터링 인력이 투입되고 있는 상태”라고 했다."
    },
    {
        "title": "외국인, 1분기 한국 주식 16조 원 순매수…역대 최대",
        "date": "2024.03.30. 오후 1:45",
        "content": "올해 1분기 외국인의 유가증권시장 주식 순매수액이 분기 기준 처음 15조 원을 넘어섰습니다.한국거래소는 올 들어 지난 29일까지 외국인 투자자들이 유가증권시장에서 15조 7,700억 원어치 주식을 순매수했다고 밝혔습니다.이는 거래소가 관련 통계를 집계하기 시작한 1998년 이후 분기 기준 사상 최대치입니다.1분기 외국인들은 국내 반도체주와 이른바 '저PBR주' 등을 주로 사들인 것으로 나타났습니다.강은나래 기자 (rae@yna.co.kr)#거래소 #외국인 #유가증권시장 #PBR연합뉴스TV 기사문의 및 제보 : 카톡/라인 jebo23"
    },
    {
        "title": "\"안 팔거야\" 버틴 삼전 개미 웃는데…외국인 뭉칫돈 빠지면 어쩌나",
        "date": "2024.03.30. 오후 1:39",
        "content": "외국인, 한국 증시 3개월간 집중 쇼핑'23조 뭉칫돈' 차익 실현 땐 주가 흔들\"반도체 실적 기대\" 매수세 지속 가능성도\n\n\n\n외국인 순매수 추이/그래픽=이지혜지난 11월 이후 5개월째 한국 증시에 뭉칫돈을 넣어 온 외국인의 매수세가 흔들릴 수 있다는 우려가 나온다. 단기간에 외국인 매수세가 거셌고, 이에 따라 주가도 크게 오른 탓에 차익 실현에 나설 가능성이 있다는 이유에서다. 다만 외국인 자금이 몰린 반도체의 경우 1분기 실적 기대감이 여전하고, 밸류업 프로그램의 정책 구체화 등에 따라 매수세가 좀 더 이어질 수 있다는 관측도 나온다.━올해 3개월 만에 1년 치 자금 몰려…외국인, 차익실현 나서나━30일 한국거래소에 따르면 외국인은 지난해 11월부터 올해 3월28일까지 5개월 동안 코스피·코스닥 시장에 약 23조원을 투입하며 순매수세를 이어가고 있다. 코스피가 2750선, 코스닥은 900선을 뛰어넘는 등 한국 증시 상승 배경으로 외국인의 강한 매수세가 거론되는 이유다.하지만 단기간에 외국인 자금이 몰린 탓에 차익 실현에 나설 가능성이 제기되며 매수세가 둔화할 수 있다는 우려가 나오기 시작했다. 실제로 코스피 시장에서 외국인 순매수액은 올해 15조9067억원으로, 이미 지난해(15조1230억원) 수준을 넘어섰다. 불과 3개월 만에 1년 치 자금이 몰린 셈이다.최근 국내 증시로 유입된 외국인 자금은 대체로 유럽계 자금인 점도 주목해야 할 대목이다. 변준호 IBK투자증권 연구원은 \"너무 단기간에 외국인 자금이 몰린 점을 고려하면 4월부터 자금 유입 규모가 둔화하고 증시 상승도 탄력을 잃을 가능성이 있다\"며 \"보통 영국을 포함한 유럽계 자금은 헤지펀드 성격의 자금이나 단기 트레이딩 성향이 강해 시황 변화에 따라 유출입 변동성이 클 것\"이라고 말했다.━반도체·밸류업 기대감 주가에 선반영…높아진 밸류에이션은 부담━반도체 업황과 올해 1분기 실적 기대감은 외국인 매수세를 좀 더 이어갈 수 있는 중요한 요인이다. 실제로 삼성전자와 SK하이닉스 등 대형 반도체 기업의 1분기 실적은 시장 기대치를 웃도는 '어닝 서프라이즈'가 예고된 상태다. 삼성전자의 1분기 영업이익 컨센서스(시장 전망치 평균)은 큰 폭으로 상향 조정되며 5조4000억원까지 올라왔고, SK하이닉스도 1조7000억원까지 상향됐다.다만 주가 급등으로 높아진 밸류에이션을 부담스럽게 바라볼 가능성도 제기된다. 정부의 밸류업 프로그램 영향으로 외국인은 금융과 자동차 등 수혜 업종과 업황·실적 기대감이 높은 반도체를 중심으로 주식을 사들였다. 이들 종목의 주가가 크게 오른 점은 부담으로 작용할 수 있다. 이날 기준 SK하이닉스 주가는 18만3000원으로 연초 대비 28% 상승했다. 같은 기간 삼성생명(35%), KB금융(29%), 현대차(16%), 기아(13%), 삼성전자(3%) 등이 올랐다.\n\n\n\n삼성전자 투자자별 거래 실적/그래픽=이지혜대표적으로 삼성전자 수급 현황을 보면 지난 26일부터 이날까지 개인은 4거래일 연속 순매도한 반면 외국인은 순매수세를 이어갔다. 개인이 약 1조9000억원 규모의 주식을 팔아치웠는데도, 외국인이 1조5000억원 넘게 사들이면서 삼성전자 주가 상승세를 이끌었다. 외국인 비중이 높은 만큼 외국인 자금 흐름에 따라 주가가 변동할 가능성이 높은 상황이다.변 연구원은 \"밸류에 대한 부담이 높아지고 있다는 점은 인지해야 한다\"며 \"밸류업 추가 발표가 예견돼 있지만 수혜 업종으로 분류된 종목들의 주가가 크게 올라 밸류업을 상당 부분 선반영한 측면이 있다\"고 말했다.반도체 업종에 대해서는 \"1분기 어닝 서프라이즈 효과로 삼성전자와 SK하이닉스의 주가가 4월까지 추가 상승할 경우 밸류에이션 부담에 직면해 외국인의 추가 매수세가 둔화할 가능성이 있다\"고 했다."
    },
    {
        "title": "[하나證 주간추천주]삼성전자·씨앤씨인터내셔널·아이톡시",
        "date": "2024.03.30. 오후 12:50",
        "content": "[이데일리 박순엽 기자] △삼성전자(005930)-2024년 4월 5일 1분기 잠정실적 발표 예정으로 컨센서스 상회 가능성 커.-메모리 업황 호조에도 주가순자산비율(PBR) 밴드 평균 수준의 밸류에이션으로 부담 없는 수준.\n\n\n\n△씨앤씨인터내셔널(352480)-북미 최대 고객사 Top 2 수주 확대, 글로벌 프레스티지 고객사 신규 수주와 고객 다양화.-국내 대표 색조 브랜드사의 미국·일본·동남아시아로의 외형 확대로 인한 수주 증가.△아이톡시(052770)-슈퍼걸스대전, 라살라스, 다이아나스톤즈 등 신규 게임 퍼블리싱에 본업 실적 증가 예상.-우크라이나 지원·재건 사업으로 픽업트럭 3년간 약 3만대 공급 기대."
    },
    {
        "title": "미국물 먹은 사람들 다 샀나…5년새 주가 4배, 코인 못지않다고? [매일 돈이 보이는 습관 M+]",
        "date": "2024.03.30. 오전 10:42",
        "content": "멕시칸 식당 체인 업체 ‘치폴레’ 주가가 20일(현지시간) 사상 처음 3000달러를 찍었다. 우리나라 환율로 약 398만원. ‘멕시칸 코인’이라 할만한 이 주식 올 들어서만 29% 올랐다. 5년으로 확장하면 4배 넘게 꾸준히 상승했다. 치폴레는 미국 체류 경험이 있는 유학생들이 한국에 돌아와서도 찾을만큼 중독성이 강하며 경쟁력있는 레스토랑 브랜드다.\n\n\n\n미국 MZ들의 절대적 지지 속에 월스트리트에서도 이 주식의 목표주가를 상향 중이다. 치폴레는 1993년 스티브 엘스라는 요리사가 미국 콜로라도 덴버에서 설립한 식당에서 출발했다. 고급 레스토랑에서 맛볼 수 있는 음식들을 패스트푸드로 제공하겠다는 ‘하이브리드 전략’이 주요 철학이다. 이제 미국 전역에 2500여개 매장으로 성장했으며, 타코와 리또 등 멕시칸 간단 음식이 핵심이다.음식 외모만 보고 ‘정크푸드’로 판단하면 곤란하다. 모든 메뉴는 유기농 재료와 글루틴프리(밀가루 성분 없는) 식재료를 주로 사용한다. 건강하고 맛있으며 간단한 음식 위주로 바쁜 직장인, 주머니 사정이 가벼운 학생들에게 안성맞춤이다. 그래서 미국에 있다가 한국으로 돌아온 유학생들이 치폴레를 국내에 들여와야 한다며 ‘국민청원’을 넣었다는 것은 단순히 우스갯소리로 치부하기 어렵다.\n\n\n\n치폴레는 훈제 칠리 페퍼를 의미하는 단어에서 따왔다. 훈제 칠리 페퍼는 멕시코의 고추장 간장 격이다. 2022년 글로벌 아이돌 그룹 BTS 정국이 미국 촬영 중 치폴레를 먹었고, 치폴레가 이를 광고로 활용한 것도 유명하다. 그렇다고 치폴레가 마냥 위기없이 성장만 한 것은 아니다. 2015년 큰 위기가 찾아왔는데 음식 브랜드로서는 ‘나락으로 갈만한’ 식중독 사고가 터진 것이다. 절대 위기였다.위기를 극복한 인물은 바로 다른 경쟁사 타코벨에서 데려온 새 CEO였다. 새 CEO 브라이언 니콜은 식품 안전 사고 대비 메뉴얼 정비와 인력 인사 재배치, 대대적인 투자로 위기를 적극적으로 극복해나갔다. 식중독 사고에도 그동안 워낙 충성 고객이 많았던 탓에 매출 감소는 일시적이었고, 곧바로 부활한다. 치폴레가 음식 레스토랑 브랜드들의 절대 목표인 ‘맛있으면서 건강한 음식’에 성공했기 때문이다.미국 증시에서 치폴레 주가는 5년간 331%나 올랐다. 마이크로소프트(263%) 애플(274%) 구글(148%) 등 보다 더 올랐으니 빅테크 보다도 낫다. 치폴레 주가의 급등은 굳이 빅테크 처럼 어렵고 경쟁이 치열한 주식에 투자해야만 부자가 될 수 있다는 ‘투자 상식’을 여지없이 무너뜨린다. 거창한 AI의 미래 보다 투자자들은 치폴레의 ‘입에 맞고 시간을 줄여주는 건강한 음식’이란 현재에 집중하는 모양새다.\n\n\n\n치폴레의 매출은 올해 사상 처음 100억 달러를 넘길 것으로 예상된다. 2023년 98억7160만달러를 기록했는데 이는 전년대비 14.2% 증가한 수치다. 월가는 치폴레 매출이 매년 10%대 성장을 향후 수년간 지속할 것으로 보고 있다. 코로나 사태의 위기를 겪으면서도 매출이 무너지지 않은데다 심각한 경기 위기가 와도 소비자들이 치폴레의 음식을 찾을 것이란 강한 확신이 묻어나고 있다.다만 의문인 점은 과연 레스토랑 브랜드가 50배가 넘는 PER를 부여받을만큼 기술력이나 미래 성장성이 뛰어나냐는 것. 치폴레의 과거 3개년 평균 PER는 54.63배에 달한다. 2021년에는 PER가 73배를 넘었다. 과거 3개년 평균 PER와 올해 예상 EPS(주당순익)을 곱하면 목표주가가 나온다. 올해 예상 EPS는 53.26달러로, 평균 PER를 곱해보니 2909.42달러가 나온다. 20일 종가(2895달러)와 거의 맞닿아 있다.\n\n\n\n이번엔 3개년(2024~2026년) 평균 EPS(64.79달러)를 적용하면 목표주가 3539.08달러가 나온다. 현재 주가 대비 22.2% 상승 여력이 있다고 볼 수 있다. 그만큼 치폴레 자체만 보면 이 회사 실적을 흔들만한 위기가 보이지 않는다. 그러나 주식시장에선 항상 대체재나 경쟁자가 있다. 바로 타코벨 식당을 보유하고 있는 ‘얌 브랜즈’다. 얌 브랜즈의 올해 예상 PER는 23.61배다. 경쟁사 PER 적용시 치폴레의 주가는 비싸 보인다.이러한 목표주가는 이번에만 볼 수 있다. 이제 치폴레 주가는 50분의 1 토막 난다. 무슨 엄청난 위기가 와서 그런게 아니라 치폴레가 50대1 비율로 주식 분할을 추진하고 있어서다. 이미 이사회를 통과해 조만간 주가가 낮아져 투자자의 주가 부담이 낮아진다. 이번 주식분할은 회사 창립 이후 30년 만에 처음이다.◆ 찐 재테크 정보 M+에서 만나세요더 많은 재테크 기사와 돈되는 정보는 매일경제신문이 ‘내손안의 머니쇼’를 표방하며 만든 유료 플랫폼 매경엠플러스(www.money-plus.co.kr)에서 만날 수 있습니다."
    },
    {
        "title": "[다음주 증시 전망] 코스피 2800 조준…5일 '삼성 반도체 실적' 최대 변수",
        "date": "2024.03.30. 오전 10:01",
        "content": "NH, 다음주 코스피 2690~2810 예상2022년 1월 이후 2800 넘은 적 없어1분기 삼성전자 실적 반등 여부가 관건韓美 경제지표, 막판 총선 공약도 변수경기 불확실해 AI로 상승 지속은 힘들듯\n\n\n\n29일 서울 중구 하나은행 본점 딜링룸 현황판에 표시된 코스피 종가. 연합뉴스[서울경제] 국내 주요 증권사들이 인공지능(AI) 반도체 열풍과 삼성전자(005930)의 1분기 잠정 실적 공개를 빌미로 다음주 코스피지수가 2년 만에 2800선 돌파를 시도할 것이라고 내다봤다. 증권사들은 코스피가 이미 2700대 중반에서 횡보하는 상황에서 1분기 상장회사 실적 기대뿐 아니라 국내 총선 경제 정책 공약, 외국인 매매 흐름, 미국 반도체 보조금 발표 여부, 미국 물가 동향 등이 국내 증시의 주요 변수가 될 것이라고 분석했다.30일 한국거래소에 따르면 지난 29일 코스피는 22일 2748.56보다 1.93포인트(0.07%) 하락한 2746.63에 거래를 마감했다. 같은 기간 코스닥지수는 903.98에서 1.52포인트(0.17%) 오른 905.50에 마쳤다. 25~29일 유가증권시장에서는 개인과 기관이 각각 1조 5327억 원, 1953억 원어치를 팔아치운 가운데 외국인이 1조 7284억 원어치를 순매수하며 지수를 지지했다. 코스닥시장에서는 외국인과 기관이 3470억 원, 506억 원어치를 사들인 가운데 개인만 1704억 원어치를 순매도했다.이번주는 지난 20일(현지시간) 미국 연방준비제도(Fed·연준) 연방공개시장위원회(FOMC)가 연내 세 차례 금리 인하 전망을 유지한 직후부터 급격히 늘어난 외국인 매수세가 지수 방어의 든든한 우군이 됐다. 특히 AI와 반도체 관련주에 매기가 몰리면서 삼성전자가 2021년 12월 이후 처음으로 8만 원대 주가를 넘어섰다. SK하이닉스(000660)도 연일 52주 신고가를 다시 쓰면서 사상 처음으로 18만 원 고지를 점령했다. 반도체주뿐 아니라 HD현대일렉트릭(267260), 효성중공업(298040) 등 전력기기주들도 AI 사용 확산에 따른 전기 사용량 증가 기대를 업고 강세를 보였다. 다만 코스피 자체는 21일 2600대에서 단숨에 2750선을 뚫었다는 부담 탓에 이번주 추가적으로 상승하는 데에는 실패했다.투자 전문가들은 다음달 5일로 예정된 삼성전자의 1분기 잠정 실적 결과에 따라 코스피가 2800대 회복을 꾀할 수도 있을 것이라고 내다봤다. 삼성전자는 그동안 고대역폭메모리(HBM) 경쟁에서 밀렸다는 이유로 AI 관련주에서 소외됐다가 19일 HBM3E(5세대 HBM)에 대한 기술 검증 작업이 마무리 단계에 들었다는 젠슨 황 엔비디아 최고경영자(CEO)의 한 마디에 크게 반등하기 시작했다. 경계현 삼성전자 반도체(DS) 부문 사장도 20일 정기 주주총회에서 “반도체 사업이 이미 올해 1월부터 흑자 기조에 돌아섰다”고 밝히며 시장의 기대를 키웠다. 코스피가 2800선 위에 선 것은 2022년 1월 21일 2834.29포인트가 마지막이다.전문가들은 다만 코스피가 단기적으로 2800대를 회복하더라도 추세적인 오름세를 보일 가능성은 적다고 분석했다. 글로벌 경제 자체에 불확실성이 여전히 큰 상태라 AI 등 일부 업종과 몇몇 기업의 실적 개선만으로는 완전한 2800대 안착을 장담할 수 없다는 게 그 이유다. 전문가들은 이번주 국내 증시에 영향을 끼칠 변수로는 다음달 1일 한국의 수출 지표, 5일 미국의 고용지표, 미국의 반도체 보조금 발표 가능성 등을 꼽았다. 아울러 10일 한국 총선을 앞두고 여야가 막바지에 쏟아낼 각종 경제 정책 공약도 시장을 흔들 수 있는 요인으로 지목했다. NH투자증권은 이에 따라 다음주 코스피지수 예상 범위를 2690~2810포인트로 제시했다. 현 주가에서 일부 상승과 하락 가능성을 모두 열어둔 셈이다. 상승 요인으로는 AI 산업 성장 기대, 한국 상장사의 1분기 실적 시즌 기대, 미국 반도체 보조금 발표를 들었고 하락 요인으로는 주가 거품 논란, 미국의 물가 불안을 꼽았다.김영환 NH투자증권 연구원은 “주식시장의 관심이 물가와 정부의 밸류업 프로그램에서 실적으로 전환되고 있다”며 “반도체의 반등을 필두로 몇 주 동안은 실적 기대가 증시의 상승 동력이 될 것”이라고 평가했다.다음주 추천 업종으로는 반도체와 자동차, 금융, 지주사, 헬스케어, 로봇 등이 거론됐다. 이경민 대신증권 연구원은 “미국이 세금을 납부하는 4월에 시중 유동성이 약화될 수 있는 데다 금리 하락을 기대하기도 어려운 상황”이라며 “한국과 미국, 중국의 경제 지표와 삼성전자 실적에 따라 코스피가 2800선 돌파를 시도할 수는 있지만 단기 정점을 기록하는 데 그칠 가능성이 높다”고 진단했다."
    },
    {
        "title": "美 사로잡은 10달러짜리 화장품…주가 35% 급등",
        "date": "2024.03.30. 오전 8:34",
        "content": "[주목!e해외주식]엘프뷰티중저가 화장품, 올해 35% 주가 올라20개 분기 연속 매출 늘고 점유율 ↑\"앞으로도 안정적 실적 성장 가능성\"[이데일리 원다연 기자] 엘프 뷰티가 미국 가성비 화장품 브랜드로 자리 잡으며 주가도 뛰고 있다. 미국 소비 시장의 회복세가 뚜렷하지 않은 상황에서 ‘가성비 수요’는 이어질 것이란 전망이다. 30일 마켓포인트에 따르면 엘프뷰티의 주가는 올 들어서만 35.81% 급등했다. 평균 10달러 내외 중저가 제품을 판매하는 화장품 브랜드인 엘프 뷰티는 2019년 회계연도부터 20분기 연속 매출 성장세와 점유율 확대를 이어가고 있다. 이주완 하이투자증권 연구원은 “엘프 뷰티 제품은 타사 제품대비 50~70% 저렴한 가격을 강점으로 갖고 있다”며 “이러한 가성비 전략은 1020 세대인 Z세대 위주로 겨냥했으나, 고금리·고물가 부담에 따른 트레이딩다운(소비자가 중요하게 여기지 않는 품목에 대해 보이는 저가 구매 성향)으로 Z세대뿐만 아니라 전 세대로부터 인기를 끌었다”고 밝혔다.그는 “현재 미국 소비자 물가는 예상보다 더딘 둔화를 보이고 있으며 신용카드 연체율 상승 등 가계 소비 부담이 높은 상황에서, 단기간 내 미국 소비 개선 가능성은 제한될 것으로 보인다”며 “가성비 선호가 지속될 전망이며, 엘프 뷰티를 비롯한 중저가 화장품 수요 증가 요인으로 이어질 것”이라고 봤다.엘프 뷰티는 특히 성장세를 이어가기 위해 오프라인 채널을 늘리고 제품 카테고리를 확장하고 있다. 이 연구원은 “2분기부터 순차적으로 CVS, 월마트 매대 확장으로 제품 진열을 확대할 예정이며, 이외에도 영국 부츠, 캐나다 쇼퍼스드러그마트 내 채널 익스포저를 다변화하고 성장을 이어갈 것으로 기대된다”며 “제품 카테고리 또한 스킨케어 부문을 확대함으로써 미국 내 스킨케어 수요에 적극 대응하고자 한다”고 전했다. 그는 “향후 미국 소비 시장 등 매크로 상황에 따른 주가 변동이 클 수 있다”면서도 “꾸준한 점유율 확보 및 제품 믹스 다변화에 따른 안정적인 실적 성장 모멘텀은 여전히 유효하다는 판단”이라고 강조했다. \n\n\n\n엘프 뷰티의 제품. (사진=엘프뷰티 홈페이지)"
    },
    {
        "title": "저PBR주 던지고 반도체 담은 외국인…\"투심 돌아섰나\"",
        "date": "2024.03.30. 오전 8:02",
        "content": "외국인 투자자, 이번 주 삼성전자·SK하이닉스 집중 '매수''저PBR' 지주·자동차주 팔아 치워차익 실현 나선 듯…\"한동안 반도체 주도 전망\"\n\n\n\n기사와 사진은 직접적 연관없음. / 사진=게티이미지뱅크외국인 투자자들이 국내 주식시장에서 한참 샀던 ‘주가순자산비율(PBR) 1배 미만’ 종목들을 팔고 반도체주들을 사고 있다. 증권가에선 당분간 이러한 흐름이 이어질 것으로 보고 있다. 저PBR 테마의 상승 동력이었던 기업 밸류업 프로그램의 구체적인 정책 가이드라인의 윤곽이 5월에야 드러날 것으로 예상되기 때문이다.30일 금융투자업계에 따르면 이번 주(25~29일) 저PBR주가 포함된 KRX 보험(-7.49%), 증권(-6.17%), 자동차(-2.53%), 은행(-0.54%) 지수는 내림세를 보였다. 외국인 매도세 때문이다. 외국인은 지난 한 주 동안 지주사인 POSCO홀딩스를 983억원어치 팔았다. 순매도 규모가 두 번째로 컸다. 신한지주는 517억원어치 순매도했다. 밸류업 프로그램에 더해 실적 개선 기대감까지 부풀었던 현대차에 대한 외국인의 순매도 규모도 302억원에 달했다.이재선 현대차증권 연구원은 \"작년부터 아시아 증시에 투자하고 있는 외국인들은 달러 환산 지수로 '저렴하다'고 인식되는 종목을 집중 매수해왔다\"며 \"그동안 국내 저PBR주가 많이 오른 만큼 차익실현에 나선 것으로 보인다\"고 분석했다.저PBR주에서 빠져나온 외국인의 자금은 실적 기대감이 커지는 반도체주로 향했다. 외국인이 가장 많이 순매수한 종목 10개 중 4개 종목은 반도체 관련주였다. 이재선 연구원은 \"아직 AI 수요에 따른 반도체 기대감이 미국 증시에서 유효하다\"며 \"앞으로 외국인의 국내 반도체 순매수세는 더 강해질 전망\"이라고 말했다.\n\n\n\n사진=뉴스1특히 삼성전자를 5거래일간 1조6085억원어치 쓸어 담았다. 그 뒤를 잇는 SK하이닉스도 2897억원어치 사들였다. 한미반도체와 삼성전자우도 각각 1558억원, 483억원어치 순매수했다. 삼성전자 주가가 외국인 매수세에 힘입어 8만원대에 안착했다. 삼성전자를 비롯한 반도체 종목으로 구성된 KRX반도체지수도 한 주 동안 7.71% 상승했다.삼성전자는 내달 5일 1분기 실적을 발표할 예정이다. 시장 안팎에서는 1분기 메모리 반도체 실적은 6분기만에 흑자로 돌아설 전망이 나오고 있다. 인공지능(AI) 산업 확장에 따라 수요가 늘면서다. 현재 미국 증시도 AI와 반도체 기술주가 상승 랠리를 주도하고 있다.외국인 수급이 반도체주로 쏠리는 현상은 당분간 지속될 전망이다. 특히 저PBR주는 오는 5월 정부의 정책 가이드라인이 발표되기 전까지 상승 모멘텀이 부족할 것으로 보여서다.강현기 DB금융투자 연구원은 \"정부는 기업 밸류업 정책을 예고하면서 '주주환원율'에만 너무 치중한 경향이 있다\"며 \"외국인 투자자들은 이제 '수익성' 관점에서 저PBR주 중 장기적으로 가져갈 종목을 고르고 있는 상황\"이라고 설명했다. 그러면서 \"반도체주 외에도 화장품 등 소비주에 대한 순매수도 늘고 있다\"고 덧붙였다.이 연구원은 \"현재 컨센서스(증권사 추정치 평균)에 따르면 국내 대형 반도체주 주가는 여전히 저평가됐다\"며 \"외국인 수급이 국내 증시에 미치는 영향이 크다는 점에서 최소한 밸류업 정책에 대한 구체적인 방안이 발표되기 전까진 반도체 주도의 장세가 이어질 전망\"이라고 말했다."
    },
    {
        "title": "[머니플로우] 증시 살아나니 '빚투' 확산…신용잔고 한달새 1조 늘어",
        "date": "2024.03.30. 오전 8:00",
        "content": "3월 예탁금 1조7천억원 증가…국내 채권펀드 설정액 1조6천억원↑개인투자자들, 국내 주식 팔고 미국·일본 주식 '사자'\n\n\n\n주식 열풍 (PG)[박은주 제작] 사진합성·일러스트(서울=연합뉴스) 송은경 기자 = 최근 한달 동안 코스피가 4% 오르는 등 증시가 오름세를 보이자 빚을 내서 투자하는 '빚투'도 빠르게 늘고 있다.    30일 금융투자협회에 따르면 지난 28일 신용거래융자 잔고는 19조4천799억원으로 지난달 말 18조5천262억원 대비 9천537억원 늘었다.    유가증권시장 신용거래융자 잔고는 10조3천820억원으로 5천18억원 늘었고, 코스닥시장은 9조979억원으로 4천519억원 증가했다.    유가증권시장의 10조원대 신용거래융자 잔고는 작년 9월 이후로 약 6개월 만이다.    3월 말 코스피는 2,746.63까지 상승해 전달 대비 3.9% 올랐고, 코스닥지수 역시 4.9% 상승했다.    신용융자 잔고는 투자자가 주식 투자를 위해 증권사로부터 자금을 빌린 뒤 변제를 마치지 않은 금액으로, 주가 상승을 기대하는 투자자가 많을수록 늘어나는 경향을 보인다.    증권가에서는 연간 코스피 밴드 상단을 속속 올려잡고 있지만 단기간 내 추가 상승은 어렵다는 전망도 제기되고 있다.    이경민 대신증권 연구원은 \"강력한 유동성 모멘텀에 힘입어 밸류에이션 부담을 극복하거나 채권금리 레벨다운으로 밸류에이션 확장이 전개되든지, 아니면 강한 이익 개선세와 12개월 선행 주당순이익(EPS) 상승세가 전개되는 경우가 아니라면 단기간에 코스피 2,800선 돌파 및 안착은 어려울 전망\"이라고 내다봤다.    증기 대기성 자금인 투자자 예탁금은 지난달 말 54조3천356억원에서 지난 28일 56조438억원으로 1조7천억원 증가했다. 같은 날 머니마켓펀드(MMF) 설정액은 199조4천390억원으로 200조원선 밑으로 내려왔다.    간접투자 상품인 국내 주식형 펀드의 자금 유출과 국내 채권형 펀드로의 자금 유입 흐름은 계속 이어졌다.    펀드평가사 에프앤가이드에 따르면 전날 기준 국내 주식형 펀드 설정액은 일주일간 3천588억원 줄었다. 3월 한달 동안은 1조1천931억원이 감소한 것으로 나타났다.    반면 국내 채권형 펀드 설정액은 1개월 동안 1조6천276억원, 1주일 동안은 3천987억원이 증가했다.    금리 인하 시기가 임박해 올수록 금리가 높은 채권에 투자하려는 수요가 많아진 것으로 분석된다.\n\n\n\n젠슨 황 엔비디아 CEO 미디어 간담회(새너제이[미 캘리포니아주]=연합뉴스) 김태종 특파원 = 엔비디아 젠슨 황 최고경영자(CEO)가 18일(현지시간) 미국 캘리포니아주 새너제이 시그니아 바이 힐튼 호텔에서 가진 전 세계 미디어와 간담회에서 기자들 질문에 답하고 있다. 2024.3.20 taejong75@yna.co.kr국내 투자자들은 3월에도 미국과 일본 주식 순매수를 이어갔다.    한국예탁결제원에 따르면 국내 투자자들은 3월 한 달간 미국 주식을 19억2천만달러(약 2조6천억원), 일본 주식은 1억7천만달러(2천300억원)어치를 순매수 결제했다.    국내 개인투자자들이 유가증권시장에서 3월 한 달간 6조600억원을 순매도한 것과 대조되는 수치다.    순매수 결제 규모 상위 종목은 엔비디아(3억5천만달러), 필라델피아 반도체지수 3배 레버지리 'SOXL' 상장지수펀드(ETF·2억달러), 비트코인 대량 보유 기업 마이크로스트래티지(1억8천만달러), 테슬라(1억6천만달러), TSMC ADR(1억3천만달러) 등 순이었다.    해외 주식형펀드에서도 북미지역 펀드 설정액이 가장 많이 증가했다.    지난 1개월간 북미 펀드 설정액은 7천965억원이 늘었고, 아시아 퍼시픽(84억원), 동남아(8억원) 등 순이었다. 글로벌(-481억원)과 유럽(-46억원)에서는 설정액이 감소했다.    norae@yna.co.kr"
    },
    {
        "title": "\"中서 韓으로\" 외국인 '바이코리아', 3개월간 16조 순매수[1Q 증시결산]②",
        "date": "2024.03.30. 오전 8:00",
        "content": "'美금리인하·밸류업·수출 회복' 기대감 작용…환율 효과도추가 매수 기대감도…\"외국인 비중 여력 있어\"\n\n\n\nⓒ News1 김초희 디자이너(서울=뉴스1) 신건웅 기자 = 한국 주식을 외면하던 외국인 투자자들이 다시 돌아왔다. 올해 1분기에만 16조 원 가까이 베팅하며 '바이 코리아'에 나섰다.미국의 금리 인하 기대감으로 인한 위험자산 선호와 반도체를 중심으로 한 수출 경기 개선, 정부의 밸류업 프로그램이라는 3개의 화살이 통했다.여기에 글로벌 자금의 '차이나 엑소더스'도 한국 시장으로 외국인 자금이 유입되는 계기가 됐다. 중국의 대체 투자지 중 하나로 한국이 떠올랐다.?일 한국거래소에 따르면 올해 1분기 외국인 투자자는 코스피 시장에서 15조 7696억 원을 순매수했다. 기관과 개인이 각각 4조 4101억 원, 11조 6052억 원을 순매도한 것과는 정반대 행보다. 코스닥 시장에서도 외국인은 4315억 원을 사들였다.지난해 1분기 코스피와 코스닥 시장의 외국인 순매수액이 6조 6922억 원인 것을 고려하면 투자 규모가 2배 넘게 늘었다. 특히 한국은행이 집계한 지난 2월 외국인의 국내 증권투자자금 순유입은 55억 9000만 달러(약 7조 5375억 원)로, 2013년 9월(76억6000만 달러) 이후 가장 큰 규모를 기록하기도 했다. 이에 코스피 시가총액에서 외국인이 차지하는 비중은 33%를 웃돈다.외국인 '바이 코리아'는 3개의 화살이 통한 덕이다. 미국 연방준비제도의 금리 인하 기대감이 커지면서 위험자산에 대한 선호 현상이 커졌고, 반도체를 중심으로 한국 수출이 회복한 점이 긍정적으로 작용했다. 정부의 밸류업 프로그램도 외국인의 매수 흐름에 힘을 보탰다.이효섭 자본시장연구원 금융산업실장은 \"기업 실적이 개선되고, 정부가 코리아디스카운트를 해소한다고 하니 외국인들이 한국 시장에 투자한 것\"이라고 분석했다.원화 약세 현상도 외국인 입장에서 투자 메리트로 작용하고 있는 것으로 여겨진다. 원화 가치가 하락하면 외국인은 한국 주식을 더 싸게 살 기회다. 원화가 안정되면 주가 상승에 따른 수익은 물론 환차익까지 챙길 수 있기 때문이다. 달러·원 환율은 지난 27일 1352원까지 올랐었다.여기에 부동산 시장에 대한 불안과 소비 지출 둔화 우려로 중국에서 이탈한 자금이 마땅한 투자처를 찾지 못하면서 한국으로 향한 것으로 보인다. 지난해 6월 이후 중국 본토(상해+심천증시)에서 빠져나온 돈은 573억 7100만 위안(약 10조 6446억 원)에 달한다.증권가에서는 외국인의 매수 랠리가 당분간 이어질 수 있다고 기대했다. 실제 외국인의 국내 주식 보유 비중만을 보면 추가 유입 가능성은 남아 있다. 외국인의 국내 주식 보유 비중은 지난 2020년 1월 38.9%까지 올랐었다. 지금보다 5%포인트(p) 이상 여력이 있는 셈이다.다만 이를 위해 반도체 등 국내 경기 회복이 지속되고, 밸류업 프로그램이 가시화해야 된다고 봤다.박상현 하이투자증권 연구원은 \"미국 금리 인하 기대감이 흔들리지 않는다면 외국인 자금은 더 유입될 것\"이라며 \"밸류업과 더불어 기업의 이익 성장이 지속돼야 한다\"고 말했다."
    },
    {
        "title": "밸류업 열풍에도 행동주의펀드 주주환원 캠페인 '반쪽짜리 성과'",
        "date": "2024.03.30. 오전 7:00",
        "content": "KT&G·금호석유화학·삼성물산 주총 표대결서 사측 압승얼라인·트러스톤·FCP 등 이사회 진입 일부 성과도\n\n\n\nKT&G, 방경만 대표이사 선임(대전=연합뉴스) 방경만 KT&G 신임 대표이사 사장이 28일 대전 대덕구 본사 인재개발원에서 열린 KT&G 정기 주주총회에 자리하고 있다. 2024.3.28 [KT&G 제공. 재판매 및 DB 금지] photo@yna.co.kr(서울=연합뉴스) 배영경 기자 = 올해 국내 증시에 '밸류업' 열풍이 불면서 행동주의 펀드들의 주주환원 강화 캠페인도 가시적 성과를 거둘 것이라는 기대가 컸지만, 결과적으로는 절반의 승리에 그쳤다는 평가가 나온다.    30일 금융투자업계에 따르면 플래쉬라이트 캐피탈 파트너스(FCP)는 이달 KT&G의 주주총회를 앞두고 방경만 차기 사장 후보의 선임에 반대하는 캠페인을 벌여왔으나, 결국 지난 28일 주총에서 방 후보가 새 사장으로 최종 선임됐다.    IBK기업은행도 FCP와 함께 방 사장의 선임에 반대했지만, 3대 주주인 국민연금과 KT&G 사내 기금 및 산하 재단 등 우호 지분에 밀려 표 대결에서 고배를 마셨다.    다만 기업은행이 주주제안하고 FCP가 지지 의사를 밝혔던 손동환 성균관대 법학전문대학원 교수가 사외이사로 선임되면서 제한적이나마 경영진에 대한 견제를 이어갈 수 있게 됐다.    차파트너스자산운용 역시 개인 최대주주이자 고(故) 박정구 금호그룹 회장의 장남인 박철완 전 상무와 손을 잡고 금호석유화학을 상대로 캠페인을 벌여왔지만 주총 표 대결에서 참패했다.     앞서 박 전 상무로부터 권리를 위임받은 차파트너스운용은 이사회 결의 없이 주총 결의로도 자사주를 소각할 수 있게 하는 정관 일부 변경의 건, 김경호 KB금융지주 이사회 의장에 대한 사외이사 추천 등 총 3건을 주주 제안했다.    그러나 지난 22일 주총에서는 자사주 소각에 대한 주요사항 결의 주체를 이사회로 하도록 정관을 바꾸는 안건과 최도성 한동대 총장의 사외이사 선임 건 등 모두 금호석유화학 이사회가 제출한 안건들이 통과됐다.     특히 정관 일부 변경안은 의결권 있는 주식 74.6%가, 사외이사 선임 안건은 76.1%가 각각 찬성해 사측이 압도적 승리를 거뒀다.    다만 사측이 보유한 자사주의 절반을 3년간 분할 소각하고 500억원 규모의 자사주를 소각 목적으로 추가 취득한다는 방안을 내놓자, 박 전 상무는 \"과거보다 진일보한 결정\"이라며 환영의 의사를 밝힌 상태다.\n\n\n\n제47기 금호석유화학 주주총회(서울=연합뉴스) 임기창 기자 = 22일 서울 중구 금호석유화학 본사에서 제47기 금호석유화학 주주총회가 열리고 있다. 2024.3.22 pulse@yna.co.kr삼성물산을 상대로 배당 확대를 요구했던 시티오브런던 등 5개 행동주의 펀드들의 주주환원 강화 캠페인도 무위로 돌아갔다.    앞서 이들 5개 펀드는 삼성물산에 5천억원어치 자사주 매입과 함께 보통주와 우선주에 대해 주당 각각 4천500원, 4천550원씩 배당할 것을 요구했다.     특히 이들의 요구는 글로벌 의결권 자문사인 ISS와 글래스루이스의 지지를 받으며 통과 기대감이 커지기도 했다.    그러나 막상 지난 15일 주총 표 대결에서 국민연금을 비롯한 주주들은 삼성물산 이사회가 올린 이익배당 관련 안건에 77% 찬성률로 힘을 실어줬다.     또한 KCGI자산운용은 지난 28일 현대엘리베이터 주총을 앞두고 회사가 제시한 이사 재선임 안건에 반대해왔지만 이를 막지 못했고, 결국 이사 재선임 반대 이유와 자기주식 소각 요구 등 자신들의 목소리를 주총 의사록에 남기는 데 만족해야 했다.    올해는 정부가 추진하는 기업 밸류업 프로그램과 맞물려 주주환원 정책에 대한 관심이 어느 때보다 높아지면서 행동주의 펀드들의 활동에도 이목이 쏠렸다.    하지만 이 같은 우호적인 분위기에도 행동주의 펀드가 막대한 비용을 들여 주주제안과 캠페인을 전개하고 표심을 모아 주총 표 대결에서 대기업을 상대로 승리하기까지는 여전히 현실적인 한계가 많았다는 것이 업계의 지적이다.    다만 일부 행동주의 펀드는 자신들이 지지하는 후보들을 이사회에 진입시켜 기업에 '견제구'를 던지는 데 성공하기도 했다.     얼라인파트너스자산운용이 JB금융지주 사외이사로 지지했던 김기석·이희승 후보는 지난 28일 주총에서 나란히 득표 1·2위를 차지하며 이사회에 입성했다. 특히 김 이사의 경우 국내 금융지주 사상 주주제안을 통해 이사로 선임된 첫 사례라고 의미를 부여했다.    트러스톤자산운용 역시 자신들이 추천했던 3명의 사내외 이사 후보(김우진·안효성 사외이사, 정안식 사내이사)를 태광산업의 이사회에 진입시키는 데 성공했다. 태광산업이 주주제안을 통해 이사를 선임한 건 지난 2007년 장하성 펀드 이후 17년 만에 처음이다.     ykbae@yna.co.kr"
    },
    {
        "title": "외국인 1분기 한국 주식 역대 최대로 샀다…16조원 순매수",
        "date": "2024.03.30. 오전 6:10",
        "content": "삼성전자·현대차·SK하이닉스 등 반도체·저PBR주 집중 매수순매수 상위 10종목 주가 평균 22.6% 급등…코스피 상승률의 7배증시 전문가들 \"2분기부터 외국인 매수세 둔화 가능성\"\n\n\n\n코스피 외국인 '바이코리아' (PG)[정연주 제작] 일러스트(서울=연합뉴스) 이민영 기자 = 올해 1분기 외국인의 유가증권시장 주식 순매수액이 분기 기준 사상 처음으로 15조원을 넘어섰다.    30일 한국거래소에 따르면 외국인 투자자들은 올해 들어 29일까지 유가증권시장에서 15조7천700억원어치의 주식을 순매수했다.    이는 거래소가 관련 통계 집계를 시작한 1998년 이후 분기 기준 사상 최대치다.    직전 최대치는 지난 2009년 3분기 기록한 14조7천980억원이었다.    월별 외국인 순매수액은 1월 3조4천830억원, 2월 7조8천580억원, 3월 4조4천280억원이다.     1분기 외국인들은 미국발 AI(인공지능) 반도체주 열풍에 국내 반도체주를 대거 사들였으며 정부의 기업 밸류업 프로그램 수혜가 기대되는 저PBR(주가순자산비율)주도 많이 담았다.     외국인들이 가장 많이 순매수한 종목은 삼성전자로 5조5천20억원을 순매수했다.    현대차는 2조1천410억원, SK하이닉스는 1조7천560억원을 각각 순매수해 두 번째와 세 번째로 많이 샀다.    뒤이어 삼성물산(1조930억원), 삼성전자우(1조540억원), KB금융(6천650억원), 삼성바이오로직스(5천210억원) 등 순이었다.    외국인 순매수 상위 10개 종목 중 3개가 반도체 관련 종목이었으며 5개가 자동차와 금융주 등 저PBR주로 파악됐다.    이들 10개 종목의 주가는 지난해 말 대비 모두 올랐으며 평균 상승률은 22.6%을 기록했다.    이는 같은 기간 코스피 상승률(3.4%)의 7배에 달한다.    그러나 전문가들은 외국인 매수세가 2분기부터 한풀 꺾일 것으로 보고 있다.    변준호 IBK투자증권 연구원은 \"2분기 이후 외국인의 매수세 탄력은 둔화할 가능성이 높다\"며 \"공매도 금지 정책이 올해 2분기까지인 만큼 공매도 금지로 유입된 자금 일부가 2분기가 끝나기 전에 차익실현에 나설 가능성이 높고, 미국 연방준비제도의 기준금리 인하가 2분기에 현실화할 수 있어 셀온(고점 매도) 가능성이 있기 때문\"이라고 짚었다.    당분간 코스피의 추가 상승 여력도 제한될 것이라는 분석이 나온다.    이경민 대신증권 연구원은 \"삼성전자 실적 가이던스가 최근 기대치를 넘어설 수 있을지가 관건\"이라며 \"4월 초 반도체 업종의 실적 기대와 현실 간 괴리를 확인한 이후 실적 기대는 점차 약해질 가능성이 높다. 코스피 추가 상승 여력은 제한적일 것\"이라고 내다봤다.[표] 1분기 유가증권시장 외국인 순매수액 상위 종목\n\n\n\n※ 자료 : 한국거래소     mylux@yna.co.kr"
    },
    {
        "title": "사과값 실시간 표시 K부품, 일본 아날로그 유통가 뒤흔든다 [빛이 나는 비즈]",
        "date": "2024.03.30. 오전 6:01",
        "content": "솔루엠 ESL, 일본·미국·유럽 각지로 수출AI 접목해 재고 관리 도와줘···인건비 절감멕시코 新공장서 전기차 부품 양산까지매출 2조 육박 사상 최대 실적 달성[서울경제] \n\n\n\n일본 최대 슈퍼마켓 체인인 라이프코퍼레이션의 한 매장에서 솔루엠 ESL이 사과 가격을 표시하고 있다. 사진제공=솔루엠아날로그 문화가 강한 일본 유통가에 변화의 바람이 불고 있다. 한국 중견기업 솔루엠(248070)이 숨은 조력자 역할을 하고 있어 주목된다. 주요 사업이 기업간거래(B2B) 기반이라 국내에선 솔루엠 인지도가 주요 그룹만큼 높진 않지만 사실 가격을 실시간으로 바꿔주는 전자가격표시기(ESL) 시장에서 전 세계 2위를 기록하고 있다. 유통 업계의 디지털 전환이 빨라지고 있는 데다 인공지능(AI) 기술이 도입되고 있는 만큼 솔루엠의 ESL은 더욱 활용도가 커질 전망이다. 솔루엠은 ESL에 더해 전기차 충전기 부품, 헬스케어 기기 등 신(新) 사업에도 박차를 가하고 있다.30일 산업계에 따르면 일본 최대 슈퍼마켓 체인인 라이프코퍼레이션은 오사카 지역 166개 매장에 솔루엠의 ESL을 설치하고 있다. ESL은 2020년부터 도쿄 지역 전 점포에 순차적으로 도입되며 활용성을 인정받았다. 양사는 일본 내 다른 지역에도 ESL을 확대할 계획이다.종이 가격표를 ESL로 대체하면 신선식품이나 의류 등 실시간으로 가격을 편하게 바꿀 수 있어 식료품과 의류를 주로 판매하는 라이프코퍼레이션에 제격이라는 평가다. 라이프코퍼레이션 관계자는 “기존 종이 가격표와 팝 광고물을 ESL로 바꾸면서 인쇄가 필요 없어졌고 이는 자연스레 노동력과 매장 운영비를 절감으로 이어졌다”면서 “솔루엠 ESL은 버튼을 눌러 매장 관리자를 호출하거나 LED 불빛으로 고객이 제품을 찾는 과정을 간소화하는 데 도움을 준다”고 전했다.\n\n\n\n일본 최대 슈퍼마켓 체인인 라이프코퍼레이션의 한 매장에서 솔루엠 ESL이 사과 가격을 표시하고 있다. 사진제공=솔루엠솔루엠은 ESL 기능 고도화에 나섰다. 지난달 열린 유럽 최대 리테일테크 전시회 ‘EuroCIS 2024’에서 공개한 소형 카메라 ‘뉴튼 아이’는 재고를 자동으로 파악할 수 있는 자동화 솔루션이다. 사전에 진열 계획을 입력해두기만 하면 각 선반의 뉴튼 아이가 양 매대를 스캔해 계획과 일치하는지 실시간으로 확인한다. 매장 관리자가 틈틈이 코너를 돌며 제품이 잘 놓여 있는지 체크해야 하는 수고가 사라진다. 또한 고객이 물건을 구매해 선반의 모습이 처음과 달라졌다면 AI 딥러닝을 통해 어떤 제품이 빠졌는지 재고가 얼마나 부족한지를 파악하여 직원에게 알림을 보낸다.\n\n\n\n일본 최대 슈퍼마켓 체인인 라이프코퍼레이션의 한 매장에서 솔루엠 ESL이 사과 가격을 표시하고 있다. 사진제공=솔루엠솔루엠의 ‘뉴튼 플레이(Newton Play)’ 또한 새롭게 주목받는 ESL 기능이다. 구매하려는 제품의 ESL 버튼을 누르면 연동된 사이니지를 통해 연관 제품 광고가 송출되며 제품이 품절됐을 땐 온라인몰로 이동하는 QR코드가 사이니지에 나타난다. 앞으로 솔루엠은 이 솔루션에 AI를 입혀 기능을 더욱 고도화할 방침이다. 매장 내 카메라로 고객의 성별과 연령, 스타일 등을 인식해 고른 것과 관련된 제품을 홍보하거나 지난 구매 이력에 따라 선호할만한 제품을 추천하겠다는 것이다. 예를 들어 원피스 하나를 고른 후 옷에 부착된 ESL 태그의 버튼을 누르면 내가 고른 제품에 어울리는 가디건, 신발, 모자 등을 줄줄이 보여준다. 단순히 룩을 제안하는 것이 아니라 가격 정보와 함께 제품 위치까지 안내해 연쇄 소비를 촉진시킬 수 있다.ESL에 안주하지 않겠다는 것이 솔루엠의 전략이다. 전기차 부품과 헬스케어 기기가 새로운 사업으로 추진되고 있다. 멕시코 신 공장이 전진기지 역할을 할 것으로 기대를 모으고 있다.지난달 초 준공한 멕시코 공장은 연면적 9만5700㎡(약 2만 9000평) 규모로 TV 부품과 ESL은 물론 전기차 충전기용 파워모듈, 전기차용 파워 유닛, 차량용 헤드업 디스플레이 등 전장 부품들이 생산라인을 채웠다. 솔루엠은 미국 정부의 친환경차 정책에 발맞춰 중남미와 미주 지역 중심으로 시장점유율을 높일 계획이다. 전략형 모델인 50kW급 단방향/양방향 전기차 충전기용 파워 모듈은 연내 인증을 완료하고 양산에 돌입한다.\n\n\n\n지난달 열린 솔루엠 멕시코 신공장 준공식. 사진제공=솔루엠멕시코 신공장은 미국 샌디에이고와는 차로 30분 거리로 인근에는 완성차 회사와 부품업체들이 다수 포진해 있다. 충전 인프라 기업들도 미국 진출을 서두르고 있어 이들과의 협업도 기대되는 대목이다. TV용 주요 보드나 스마트 조명 사업도 주요 고객사 생산 거점과 가까워 원활한 제품 공급이 가능하다.\n\n\n\n테크 분야 인플루언서 ‘Trakin Tech’는 멘탈 케어 기기 Mindy(마인디)를 직접 머리에 쓰고 기능을 체험해보고 있다. 사진제공=솔루엠솔루엠은 MWC 2024에선 웨어러블 헬스케어 기기 브랜드 경쟁력을 알렸다. 자회사 솔루엠 헬스케어의 웨어러블 디바이스인 MINDY와 EARX가 인플루언서들의 눈길을 사로잡았다는 전언이다. 1400만의 구독자를 가진 테크 분야 인플루언서 ‘Trakin Tech’는 멘탈 케어 기기 Mindy(마인디)를 직접 머리에 쓰고 기능을 체험해보며 현장에서 즉석으로 제품 리뷰 영상을 촬영하기도 했다. 마인디는 어밴드 형태로 뇌파(EEG) 센서와 하나의 광학심박(PPG) 센서로 바이오 데이터를 측정해 사용자 맞춤형 스트레스 완화 솔루션을 제안하는 것이 특징이다. 스포츠용 무선 이어버드 ‘EARX’는 사용자가 즐겁고 건강한 운동 습관 형성을 할 수 있도록 고도화된 센서와 구체적인 리포트 제공하는 기기로 보이스 코칭을 통해 개인의 운동 목표에 집중할 수 있도록 도와주는 제품이다. 체온 센서, 가속도계 센서와 근접 센서 등이 탑재돼 격렬한 운동 중에도 다양한 건강 정보를 실시간으로 확인할 수 있다.\n\n\n\n전성호 솔루엠 대표. 사진제공=솔루엠솔루엠은 지난해 사상 최대 실적을 달성했다. 2023년 연결 기준 매출액 1조 9511억 원, 영업이익 1545억 원을 기록했다. 이는 전년 대비 각각 15%, 104% 증가한 수치다.이같이 놀라운 실적을 거둔 데엔 ESL 부문의 영향이 컸다. 미래 신성장 동력에서 주력 사업으로 탈바꿈한 ESL은 전통적인 강호인 유럽 외에도 미주 소재의 대형 리테일러를 신규 수주로 확보했다. 또한 중소형 매장과 병원, 물류 등으로도 적용처를 확대하며 고객 접점을 늘렸다."
    },
    {
        "title": "“매도 버튼 누른 나, 어쩔수 없는 개미인가봐”…한국도 일본도 다 던졌다",
        "date": "2024.03.30. 오전 12:11",
        "content": "1분기 개인·외국인 매매 보니짧은 상승 ·긴 하락에 지친 개미코스피 오르자 대거 팔아치워\n\n\n\n 29일 오후 서울 중구 하나은행 본점 딜링룸에 지수들이 표시돼 있다. 이날 코스피는 전 거래일보다 0.81포인트(0.03%) 오른 2,746.63으로 거래를 마쳤다. [사진 = 연합뉴스]올해 1분기에 개인들은 코스피 상승국면에서 오히려 적극적인 차익 실현에 나섰다.올들어 3월 29일까지 개인투자자가 가장 많이 순매도한 종목은 삼성전자(3조1062억원)였다. 최근 시장의 염원대로 ‘8만전자’에 도달하자 국민주 차익실현 물량이 대거 출회했다.개인 순매도 2위 종목은 저PBR 장세에서 고공행진을 펼치면서 20만원대에 안착한 현대차(2조3988억원)이었다. 3위부터 5위 종목 역시 삼성전자우·삼성물산·한국전력 등으로 근래 주가가 눈에 띄게 오른 종목들로 꾸려졌다.‘짧은 상승장과 긴 하락·횡보장’에 지친 개인들이 주가가 회복되기 시작하는 국면에 공격적인 순매도로 돌아서는 패턴이 다시 나온 것이다.특히 코스피가 급락세에 접어든 1월 미국·일본 증시는 상승세였기 때문에 한국 증시에 대한 실망감과 불신이 차익실현을 부추겼다는 분석도 나온다. 3월 들어 순매도에 나선 기관자금 중 대부분이 투자신탁인 점으로 볼 때 개인들은 직접투자 뿐만 아니라 한국 주식형펀드까지 적극적으로 매도한 것으로 볼 수 있다.정명지 삼성증권 연구원은 “국내 투자자들은 정부의 정책을 잘 믿지 않고 비관적이기 때문에 주가가 오르면 차익실현을 했다”고 말했다. 정 연구원은 “일본에서도 작년 상승장에 개인들은 계속 팔아치우고 외국인들은 ‘바이 저팬’했다”면서 “개인과 외국인들이 엇갈린 모습을 보이는 건 한국과 일본이 유사하다”고 말했다.\n\n\n\n올 1분기 외국인은 삼성전자·현대차·SK하이닉스·KB금융 등 반도체와 저PBR주를 중심으로 개인들의 매도 물량을 받아내는 모습이었다. 정부가 주도한 증시부양 프로그램의 위력을 일본에서 목격한 외국인들은 올 1분기에 코스피에서 15조7676억원을 순매수했다. 분기 단위로 볼때 2009년 3분기 이후 15년 만에 역대 최대기록이 갱신됐다.올 들어 사상 최고치 기록을 다시 쓴 일본과 대만도 외국인들이 랠리를 주도했다. 블룸버그 자료에 따르면 1분기 외국인은 일본 도쿄와 나고야 증권거래소에서 4279억4500만엔(약 3조8000억원) 규모의 주식을 순매수했다. 특히 일본증시가 급등세를 보이기 시작한 1월에만 4105억1700만엔(약 3조6500억원)이 순유입됐다.대만에서도 올 1월 해외펀드 자금 순유입이 34억7100만달러(약 4조7000억원), 2월에는 50억8000만달러(약 6조8000억원)를 기록했다. 두 달간 해외펀드 자금 순유입만 85억5100만 달러(약 11조 5000억원)에 달했다.이미 분기 최고치를 기록했지만 2분기에도 외국인들의 자금 유입이 코스피 상승을 이끌 것이란 전망이 우세하다.정 연구원은 “2020년 외국인들이 국내 증시에서 70조원 규모를 높은 가격에 팔아치울 때 국내 투자자들은 적극적으로 사들였다”면서 “이때 외국인들이 매도한 70조원 중 절반 정도만 다시 매수로 들어왔기 때문에 이제 외국인들의 리바운드 매수가 구조적으로 계속될 것”이라고 내다봤다.박소연 신영증권 연구원도 “그동안 중국 경기가 코스피 발목을 잡은 불안요인이었는데 최근들어 각종 증시 부양책이 나와 후행적으로 개선흐름을 보일 것”이라며 “밸류업 프로그램은 추가 정책이 나올 예정이고 반도체 실적기대도 커지고 있어 외국인 수급 전망은 긍정적”이라고 말했다.하지만 5월께 발표될 밸류업 정책 세부안이 투자자 기대에 미치지 못할 경우 외국인들의 투자도 방향을 돌릴 가능성을 배제할 수 없다는 전망도 나오고 있다."
    },
    {
        "title": "홍콩 ELS 자율배상 개시…가입자들 반발 여전",
        "date": "2024.03.29. 오후 10:42",
        "content": "[앵커] 하나은행이 은행권에서 처음으로 홍콩 H지수 주가연계증권, ELS 손실 관련 자율배상금을 지급했습니다. 다른 주요 시중 은행들도 모두 자율 배상을 결정한 상태지만, 가입자들 반발은 여전합니다. 문형민 기자입니다.[기자] 하나은행이 홍콩 ELS 가입자에게 첫 자율 배상을 실시했습니다.은행 측은 \"자율배상위원회에 상정된 개별자율배상안을 심의·의결하고, 일부 투자자들과의 합의해 일부 배상금 지급을 완료했다\"고 밝혔습니다.하나은행뿐 아니라 NH농협·SC제일·KB국민·신한은행도 자율 배상 방침을 공식화하면서, 은행권이 사실상 백기를 든 상황.하지만, 대다수 가입자들의 반발이 여전히 거셉니다. <현장음> \"자율 배상 거부한다. 전액 배상 실시하라. (실시하라. 실시하라. 실시하라.)\"최종 배상비율은 금감원 기준안에 따라, 기본 배상비율과 투자자 및 판매사 사례를 고려해 차등 적용됩니다.나머지 은행들도 이를 토대로 다음 주부터 본격적인 자율 배상을 시작하는데, 예상 배상비율은 평균 40% 안팎.<길성주 / 홍콩ELS 피해자 모임 위원장> \"제대로 된 설명도 없었고 그러고 나서는 다시 '투자자 자기 책임 원칙'을 내세웁니다. 어처구니가 없습니다.\"금감원 조사에서 불완전판매가 확인된 만큼, 홍콩ELS 계약 자체가 무효라는 주장입니다.이에 따라 가입자에 '일괄적 전액 배상'이 필요하다는 겁니다.한편, 금감원은 다음 달 금융사를 대상으로 불완전판매 관련 제재 절차에 착수합니다.<이복현 / 금융감독원장(지난 21일)> \"굳이 은행·증권 등의 배상안 또는 향후 추이와 관련된 입장을 안 보고, 제재는 제재대로 원래 속도대로 진행하려고….\"홍콩ELS를 둘러싸고 판매사와 가입자, 그리고 금융당국 사이의 진통은 한동안 불가피해 보입니다.연합뉴스TV 문형민입니다. (moonbro@yna.co.kr)[영상취재기자 최승아]#홍콩ELS #자율배상연합뉴스TV 기사문의 및 제보 : 카톡/라인 jebo23"
    },
    {
        "title": "[단독] 코스피 성적표 주요국 ‘꼴찌’...8만전자에도 개미들 11조 팔아치워",
        "date": "2024.03.29. 오후 6:30",
        "content": "외국인 순매수 15조 사상최대 개인 순매도 역시 사상최대\n\n\n\n 29일 오후 서울 중구 하나은행 본점 딜링룸에 코스피 종가가 표시돼 있다. [연합뉴스]‘기업 밸류업 프로그램’과 코스피 대장주 삼성전자·SK하이닉스의 상승에도 불구하고 올들어 코스피 상승률은 중국·인도를 제외하고 주요국 중 하위권으로 나왔다.외국인이 ‘바이 코리아’를 이어가며 사상 최대규모의 순매수에 나섰지만, 차익실현 물량을 쏟아낸 개인의 순매도 규모 또한 사상 최고수준에 올라서면서 코스피 상승동력을 누른 것이다.29일 매일경제의 취재를 종합하면 올해 1분기에 외국인은 총 15조7676억원을 순매수하며 15년만에 순매수 최고 기록을 세웠다. 종전 기록은 양적완화 정책이 본격 시행한 지난 2009년 3분기로, 당시 외국인은 15조 2726억원을 순매수했다.반대로 매도행진을 벌인 개미들은 11조6049억원을 순매도했다. 직전 분기에 세웠던 분기별 최대 순매도(11조 4765억원) 기록을 다시 갱신했다.올 1분기에 닛케이225가 20%, 대만 가권과 유로스탁스 50이 12.4% 오를 동안 코스피는 3.4% 오른 것으로 나왔다. 올해 사상 최고치를 계속 갱신해 미 증시 상승에 이목이 쏠렸던 S&P500도 10.8% 상승했다. 나스닥은 9.11% 상승했다. 중화권은 상해종합 1.2%, 항셍 -2.97% 로 저조한 성적표를 받아 중국 증시와 상관관계가 높은 코스피가 상대적으로 부진했다는 분석도 나온다.코스피는 지난해 11월부터 반도체 업황 개선 기대감이 높아지며 두달만에 16.6%가 오르는 성과를 보였다. 그러나 1월초 삼성전자의 지난해 4분기 잠정실적이 나오면서 상승분을 반납했다. 2월 들어서 ‘기업 밸류업 프로그램’에 대한 기대로 외국인들의 자금은 큰 폭으로 들어 왔지만, 개인들은 한국 증시에 대한 불신으로 대거 매도에 나섰다. 2월말 발표된 기업 밸류업 프로그램도 개인투자자들의 높아진 눈높이를 만족시키진 못해서 개인들의 한국 증시 매도세는 계속됐다.박소연 신영증권 연구원은 “코스피도 1월 저점에 비해서는 13% 상승하기는 했지만 조정없이 계속 상승장이 이어진 미국·일본에 비해서 연초 수급문제 때문에 하락폭이 커 분기로 보면 저조한 상승률을 보였다”거 밀헸다. 박 연구원은 “다만 5월에 밸류업 프로그램의 추가내용이 발표되고 관련 상장지수펀드(ETF)도 조기 발표되기 때문에 모멘텀은 남아 있다”고 말했다."
    },
    {
        "title": "\"엔화 바닥 근접\"…日반도체 ETF 부상",
        "date": "2024.03.29. 오후 6:16",
        "content": "환노출형 상품에 투자 몰려\"엔·달러 환율 150엔이 바닥\"美 금리 인하시 강세 전환 예상 일학개미 이달 1.7억弗 매수일본반도체소부장ETF 관심이 기사는 국내 최대 해외 투자정보 플랫폼 한경 글로벌마켓에 게재된 기사입니다.\n\n\n\n/게티이미지뱅크엔화 가치가 속절없이 떨어지자 일본 주식과 엔화 표시 상품에 투자한 일학개미가 노심초사하고 있다. 엔화 가치가 떨어지면 엔화 표시 상품을 매수한 국내 투자자들은 환차손을 입는다. 증권가 전문가들은 엔·달러 환율이 추가로 오를(엔화 가치가 추가로 떨어질) 가능성은 낮다고 보고 있다. 150엔대 초반이 바닥이 될 것이라는 게 중론이다. 엔화로 미국 국채를 매수하는 신탁 상품이나 일본 반도체 장비 상장지수펀드(ETF) 등이 투자해볼 만한 상품으로 거론된다.○엔화 가치, 어디가 바닥일까29일 일본 외환시장에서 엔화는 달러당 151.30엔 정도에 거래됐다. 전날 종가(151.37엔)와 비슷한 환율 수준이지만 연초(141.06엔) 대비로는 7% 이상 올랐다. 특히 지난 19일 대비 약 0.3% 오르는 등 최근까지도 엔화 약세가 이어져 일학개미들이 당황스러워하고 있다. 일본 중앙은행인 일본은행(BOJ)이 이날 열린 금융정책결정회의에서 기준금리를 0.1%포인트 올리기로 결정하며 8년여에 걸친 마이너스 금리 시대를 끝냈지만 이후에도 엔화 약세가 진정되지 않고 있기 때문이다.\n\n\n\n엔화 약세가 계속되는 이유에 대해 증권가 전문가들은 “BOJ의 금리 인상 전망이 이미 외환시장에 반영돼 있었고 인상 폭도 크지 않았기 때문”이라고 했다. 다만 150엔대 초반을 바닥으로 향후에는 엔화 가치가 완만한 상승 곡선을 그릴 가능성이 높다는 게 이들의 전망이다. 지금부터는 엔화 상품에 투자하면 환차익을 얻을 수 있다는 것이다.장희종 하이투자증권 연구원은 “엔화 가치가 더 떨어지면 물가 상승 압력이 높아져 BOJ가 개입할 수밖에 없을 것”이라며 “시장 참가자들이 이에 대한 경계심이 있기 때문에 엔·달러 환율이 150엔대 초반에서 더 올라가기는 어려울 것”이라고 했다. 김유미 키움증권 연구원도 “속도에 차이는 있겠지만 BOJ는 금리 인상, 미국 중앙은행(Fed)은 금리 인하의 길을 갈 수밖에 없다”며 “엔·달러 환율이 150엔 내외에서 움직이다가 Fed의 금리 인하가 가시화되면 강세로 돌아설 것”이라고 했다.○일본 환노출형 반도체 ETF 등 주목이런 전망에 따라 엔화 가치 상승에 올라타기 위한 투자자들의 발걸음이 분주해지고 있다. 한국은행에 따르면 국내 거주자가 금융회사에 맡긴 엔화 잔액은 지난달 말 98억6000만달러로 집계됐다. 한 달 전보다 4억6000만달러(10.3%) 늘었다. 한 시중은행 관계자는 “엔화 예금은 아직 금리가 너무 낮아 실익이 없다”며 “이 금액의 대부분은 환차익을 염두에 둔 자유입출금 계좌 잔액”이라고 했다.좀 더 적극적인 투자자들은 엔화를 통해 미국 국채를 매수하는 신탁이나 일본 증시에 투자하는 펀드 등에 돈을 넣고 있다. ‘아이셰어즈 20년 이상 미국채 엔화 헤지 ETF’가 대표적이다.일본 증시 투자금액도 늘고 있다. 한국예탁결제원에 따르면 이달 초부터 28일까지 국내 투자자의 일본 증시 순매수액은 1억6810만달러에 달했다. 전문가들은 ‘ARIRANG 일본반도체소부장Solactive’ ‘TIGER 일본반도체FACTSET’ ‘ACE 일본반도체’ 등 환노출형 반도체 ETF가 유망하다고 조언했다. 엔화 약세 국면이 일본 반도체 장비 기업의 실적에 도움을 주고 있고, 향후 엔화 가치 상승에 따라 환차익도 기대된다는 이유에서다."
    },
    {
        "title": "'밸류업' 엇갈린 평가 … 개미는 던지고 외국인은 샀다",
        "date": "2024.03.29. 오후 6:08",
        "content": "1분기 개인·외국인 매매 보니짧은 상승·긴 하락에 지친 개미코스피 오르자 대거 팔아치워추가 밸류업·반도체 실적 개선외국인 매수 당분간 이어질 듯\n\n\n\n올해 1분기에 개인들은 코스피 상승 국면에서 오히려 적극적인 차익 실현에 나섰다.올 들어 3월 29일까지 개인투자자가 가장 많이 순매도한 종목은 삼성전자(3조1056억원)였다. 최근 시장의 염원대로 '8만전자'에 도달하자 국민주 차익 실현 물량이 대거 출회했다.개인 순매도 2위 종목은 저PBR(주가순자산비율) 장세에서 고공행진을 펼치며 20만원대에 안착한 현대차(2조3988억원)였다. 3위부터 5위 종목 역시 삼성전자우, 삼성물산, 한국전력 등으로 근래에 주가가 눈에 띄게 오른 종목들로 꾸려졌다.'짧은 상승장과 긴 하락·횡보장'에 지친 개인들이 주가가 회복되기 시작하는 국면에 공격적인 순매도로 돌아서는 패턴이 다시 나온 것이다. 특히 코스피가 급락세에 접어든 1월 미국·일본 증시는 상승세였기 때문에 한국 증시에 대한 실망감과 불신이 차익 실현을 부추겼다는 분석도 나온다. 정명지 삼성증권 연구원은 \"국내 투자자들은 정책을 잘 믿지 않고 비관적이기 때문에 주가가 오르면서 차익 실현을 한 것으로 보인다\"고 말했다. 정 연구원은 \"일본에서도 작년 상승장에 개인들은 계속 팔아치우고, 외국인들은 '바이 재팬'을 했다\"면서 \"개인과 외국인들이 엇갈린 모습을 보이는 건 한국과 일본이 유사하다\"고 말했다.올 1분기 외국인은 삼성전자·현대차·SK하이닉스·KB금융 등 반도체주와 저PBR주를 중심으로 개인들의 매도 물량을 받아내는 모습이었다. 정부가 주도한 증시 부양 프로그램의 위력을 일본에서 목격한 외국인들은 올 1분기에 코스피에서 15조7696억원을 순매수했다. 분기 단위로 볼 때 2009년 3분기 이후 15년 만에 역대 최대 기록이 경신됐다.올 들어 사상 최고치 기록을 다시 쓴 일본과 대만도 외국인들이 랠리를 주도했다. 블룸버그 자료에 따르면 1분기 외국인은 일본 도쿄와 나고야 증권거래소에서 4279억4500만엔(약 3조8000억원) 규모의 주식을 순매수했다. 대만에서도 올 1월 해외 펀드 자금 순유입이 34억7100만달러(약 4조7000억원), 2월에는 50억8000만달러(약 6조8000억원)를 기록했다. 두 달간 해외 펀드 자금 순유입만 85억5100만달러(약 11조5000억원)에 달했다.2분기에도 외국인들의 자금 유입이 코스피 상승을 이끌 것이란 전망이 우세하다. 정 연구원은 \"2020년 외국인들이 국내 증시에서 70조원 규모의 주식을 높은 가격에 팔아치울 때 국내 투자자들은 적극적으로 사들였다\"면서 \"이때 외국인들이 매도한 70조원 중 절반 정도만 다시 매수로 들어왔기 때문에 이제 외국인들의 리바운드 매수가 구조적으로 계속될 것\"이라고 내다봤다. 박소연 신영증권 연구원도 \"그동안 중국 경기가 코스피의 발목을 잡은 불안 요인이었는데 최근 들어 각종 증시 부양책이 나와 후행적으로 개선 흐름을 보일 것\"이라며 \"밸류업 프로그램은 추가 정책이 나올 예정이고, 반도체 실적에 대한 기대도 커지고 있어 외국인 수급 전망은 긍정적\"이라고 말했다. 하지만 5월께 발표될 밸류업 정책 세부안이 투자자 기대에 미치지 못할 경우 외국인들의 투자도 방향을 돌릴 가능성을 배제할 수 없다는 전망이 나오고 있다. [김정석 기자 / 김제림 기자 / 문가영 기자]"
    },
    {
        "title": "밸류업·8만전자에도…코스피 성적표 '최하위'",
        "date": "2024.03.29. 오후 6:01",
        "content": "1분기 주요국 증시 상승률中·印 제외하면 韓이 꼴찌외국인 15조 순매수 사상최대개인은 11조 팔아치워 신기록\n\n\n\n'기업 밸류업 프로그램'과 코스피 대장주 삼성전자·SK하이닉스의 상승에도 올 들어 코스피 상승률이 중국·인도를 제외하고 주요국 중 하위권으로 나왔다. 외국인 투자자가 '바이 코리아'를 이어가며 사상 최대 규모의 순매수에 나섰지만, 차익 실현 물량을 쏟아낸 개인투자자의 순매도 규모 또한 사상 최대 수준에 올라서면서 코스피 상승동력을 누른 것이다.29일 매일경제 취재를 종합하면 올해 1분기에 외국인은 총 15조7696억원을 순매수하며 15년 만에 최대 순매수 기록을 세웠다. 종전 기록은 양적 완화 정책이 본격 시행된 2009년 3분기로, 당시 외국인은 15조2726억원을 순매수했다. 반대로 매도 행진을 벌인 개인은 11조6054억원을 순매도했다. 직전 분기에 세웠던 분기별 최대 순매도(11조4765억원) 기록을 다시 경신했다.올 1분기에 닛케이225지수가 20%, 대만 자취엔지수와 유로스탁스50이 12.4%가량 오를 동안 코스피는 3.4% 오른 것으로 나타났다. 올해 사상 최고치를 계속 경신해 미국 증시 상승에 이목이 쏠렸던 S&P500도 10.8% 상승했다. 나스닥은 9.11% 상승했다. 중화권은 상하이종합지수 1.2%, 항셍지수 -2.97%로 저조한 성적표를 받아 중국 증시와 상관관계가 높은 코스피가 상대적으로 부진했다는 분석이 나온다. 박소연 신영증권 연구원은 \"코스피가 1월 저점에 비해 13% 상승하기는 했지만 조정 없이 계속 상승장이 이어진 미국·일본 대비 연초 수급문제 때문에 하락폭이 커 분기로 보면 저조한 상승률을 보였다\"고 말했다.  [김제림 기자 / 김정석 기자]"
    }
]