[
    {
        "title": "[로터리] 5월과 ISA에 대한 단상",
        "date": "2024.05.01. 오후 8:33",
        "content": "서유석 금융투자협회 회장\n\n\n\n서유석 금융투자협회 회장[서울경제] 바람은 선선하고 녹음은 짙어지는 5월이다. 5월의 산들바람은 우리를 들뜨게 하고 자연으로 초대한다. 가정의 달이 5월인 것도 계절적 특성과 무관하지 않다. 이번 주말은 어린이날, 다음 주는 어버이날을 맞는데 선물 고민도 깊어지는 시기다.최근에는 선물보다 돈을 드리는 ‘금융 치료’가 유행이다. 하지만 금융 치료보다는 더 큰 의미를 담은 ‘금융 씨앗 선물’을 제안해본다. 일례로 아이들에게는 어린이펀드를, 부모님들께는 개인종합자산관리계좌(ISA)를 만들어 드린다면 아이들의 경제 교육과 미래, 부모님들의 절세와 풍족한 노후를 위한 바람이 더해져 더욱 값진 선물이 될 수 있다. 비대면 계좌 개설을 활용하면 손쉽게 상품 가입까지 가능하다. 현 제도상 어린이들은 ISA 가입이 불가능한 것은 아쉬운 점이다. 영국·일본처럼 ‘주니어 ISA’를 통해 우리 어린이들에게도 ISA를 선물할 수 있는 날이 오기를 기대한다.ISA는 주식·채권·펀드 등을 포괄하는 종합 자산관리 계좌로 200만 원(서민형 400만 원)까지 비과세(초과 금액 분리과세)된다. ‘자산기반복지(Asset-Based Welfare, 국민의 금융자산 형성을 지원하는 신개념 복지)’의 일환으로 영국에서 시작됐고 이후 일본이 NISA(Nippon ISA)라는 이름으로 벤치마킹해 도입했다. 우리 정부도 국민 자산 형성 지원의 중요성을 인지해 2016년 도입했고 2021에는 주식 투자가 가능한 ‘중개형 ISA’를 추가하는 등 발전을 거듭하고 있다. 올해 2월 말 기준 가입자 수 511만 명(25조 4000억 원)으로 명실상부한 ‘국민 대표 자산관리 상품’으로 성장했다. 도입 10년 전부터 ISA 연구 및 현지 조사, 건의를 계속해온 우리 금투 업계는 제도 안착에 대한 감회가 새롭다.또 올 초에는 세제 혜택 확대를 골자로 하는 정부의 ‘ISA 확대 개편 방안’ 발표도 있었다. 얼마 전 끝난 총선에서 여야 모두 국민의 자산관리 지원을 위해 ISA 확대 개편(납입 한도 및 비과세 한도 확대)을 공약으로 했던 점은 국민의 노후와 풍족한 삶을 위해 우리 모두가 크게 환영할 일이다. 다만 선진국에 비해 여전히 예적금 비중이 높다. 투자형 ISA가 필요한 이유다. 일본 증시 활황의 저변에 NISA 및 신NISA가 큰 역할을 했다는 점은 자본시장 밸류업을 도모하는 우리에게 시사하는 바가 크다. 협회는 유소년층을 위한 ‘주니어 ISA’ 및 ‘투자형 ISA’ 등 더 많은 국민이 활용할 수 있도록 ISA 실무 지원 및 생산적인 건의를 계속해나가겠다.자, 다시 5월 얘기로 돌아와서 다가오는 어린이날·어버이날에는 카네이션 한 송이, 편지 한 장과 따뜻한 사랑이 담긴 ‘금융 씨앗 선물’을 해보는 것은 어떨까. 씨앗이 묘목으로 자라기를, 그리고 모두 행복한 5월이 되기를 바라면서."
    },
    {
        "title": "한때 서학개미 ‘최애 종목’이었는데…이젠 ‘눈물의 굿바이’",
        "date": "2024.05.01. 오후 8:06",
        "content": "애플 떠나는 서학개미中시장서 아이폰 판매 부진미래 이끌 신사업도 안갯속배당·자사주 소각 집중 불구개인 보유량 올해만 15%↓\n\n\n\n 서울 시내 애플스토어 앞을 사람들이 지나가고 있다. [한주형기자]한때 투자자들 사이에서 대표적인 성장주로 받아들여지던 애플이 올해 들어 이례적으로 부진한 수익률을 보이고 있다. 이에 해외 주식에 투자하는 국내 투자자(서학개미) 사이에서도 애플 투자의 인기가 크게 하락한 것으로 나타났다.1일 한국예탁결제원 증권정보포털(SEIBro)에 따르면 지난달 26일 기준 서학개미의 애플 주식 보유량은 42억5955만달러(약 5조8888억원)로, 새해 첫날의 50억3220만달러(약 6조9570억원)에 비해 15.4%가량 감소했다.서학개미의 이와 같은 변심은 다른 유력 정보기술(IT) 기업과 비교해 봐도 이례적이다. 같은 기간 이들의 엔비디아 보유량은 43억4949달러에서 101억7571달러로 99.1% 상승했고, 이외에 마이크로소프트·알파벳도 각각 27.4%, 17.3%씩 보관금액이 늘었다.이는 결국 애플이 올해 들어서만 주가가 6.54% 하락하는 등 해당 종목의 성장성에 대한 의구심이 커지고 있기 때문으로 풀이된다.오는 2일(현지시간) 2분기 실적 발표를 앞둔 애플은 지난 분기에 이어 부진한 실적을 낼 것으로 전망되고 있다. 증권가에서 전망하는 애플의 2분기 매출은 906억1400만달러로 전년 동기 대비 4.5% 감소하고, 주당순이익도 1.51달러로 같은 기간 0.67% 감소할 전망이다.\n\n\n\n이와 같이 부진한 실적이 예상되는 이유는 중국 시장을 중심으로 아이폰 등 주요 제품 판매량이 약세를 보이고 있기 때문이다. 마이클 응 골드만삭스 연구원에 따르면 애플의 2분기 아이폰 매출은 459억달러(약 63조4797억원)로, 전년 동기 대비 11%가량 감소할 예정이다. 이에 애플의 목표 주가는 232달러에서 226달러로 하향 조정됐다.지난 1분기 실적 발표 때에도 아이폰 매출이 2%가량 감소했고, 특히 아이패드와 컴퓨터(맥) 매출이 각각 25%·27% 감소하는 등 큰 폭의 하락률을 보였다.또한 애플의 미래 실적을 이끌 신사업이 부진하다는 전망도 나오고 있다. 애플은 수년간 이끌어 온 ‘애플 카 프로젝트’를 지난해 포기했다. 또한 애플은 올해 초 가상현실 헤드셋인 비전프로를 출시했는데, 밍치 궈 연구원에 따르면 회사 측은 판매 부진으로 인해 해당 제품의 출하량을 절반 수준으로 줄였다.한편 애플은 팀 쿡 최고경영자(CEO)가 부임한 이후 매년 대규모 배당과 자사주 소각으로 주주환원에 집중했지만, 정작 제품을 만들 때는 원가절감에 집중하면서 소비자의 민심을 잃고 있다는 평가도 받고 있다.실제로 애플은 최근 매년 100조원 이상을 자사주 소각에 활용하고, 20조원가량을 배당급 지급에 쓰는 등 주주환원에 적극적인 모습을 보여 왔다.회사 측이 공개한 재무제표를 종합하면 애플이 2021~2023년 간 자사주 소각에 사용한 비용은 각 해마다 117조원·124조원·107조원에 이르고, 배당금 지급에 사용한 비용도 20조원·21조원·21조원이다. 같은 기간 애플의 순이익이 각각 131조원·138조원·134조원을 기록한 것을 감안하면 순이익의 대부분 혹은 그보다 많은 비용을 자사주 소각과 배당에 사용한 셈이다.이에 애플의 현금과 현금성 자산은 2021년 24조원에서 2023년에는 2조원으로 크게 감소했고, 주가순자산비율(PBR)이 42.36으로 주가수익비율(PER)의 27.60을 넘어서는 등 다른 종목에서는 찾아보기 어려운 모습이 관찰되기도 했다.하지만 정작 제품의 질 측면에서는 주요 신제품에 저렴한 부품을 탑재함으로써 원가 절감에 집중하고 있다는 평가가 나오고 있다. 최근에는 외신을 중심으로 맥북 프로의 기본 메모리 용량이 2012년 8GB로 늘어난 이후 12년째 답보 상태라는 분석 결과가 화제가 됐다. 이외에도 가격이 150만원에 달하는 애플워치 에르메스의 시곗줄을 가죽에서 직물 소재로 변경하고, 아이폰 구성품에서 충전기를 제외하며 환경 보호를 위함이라는 설명을 내놓아 비판을 받기도 했다."
    },
    {
        "title": "‘불법 공매도와 전쟁’…금감원, 3일 조사 중간결과 발표",
        "date": "2024.05.01. 오후 5:53",
        "content": "[이데일리 원다연 기자] 금융감독원이 오는 3일 글로벌 투자은행(IB)를 대상으로 한 불법 공매도 조사 중간결과를 공개한다.1일 금융투자업계에 따르면 금감원은 3일 글로벌 IB의 불법 공매도 조사 중간 결과를 발표할 예정이다. 앞서 금감원은 지난해 10월 글로벌 IB의 관행적인 대규모 불법 공매도 행위를 처음으로 적발했다. 이후 공매도특별조사단을 출범하고 글로벌 IB를 대상으로 전수 조사에 착수했다. 지난 1월에는 글로벌 IB 2개사의 대규모 불법 공매도를 추가로 적발했다. 이복현 금감원장은 지난달 ‘개인투자자와 함께하는 열린 토론’ 뒤 기자들과 만나 글로벌 IB에 대한 불법 공매도 조사에 대한 중간 결과를 이달 초중순에 발표한다고 예고한 바 있다. 이 원장은 “불법 공매도 조사와 관련된 것들을 지금 단계에서 정리해서 한 번 국민들게 알려야 될 부분이 좀 있다”며 “공매도 재개 등 판단에 필요한 하나의 요소가 될 것”이라고 밝혔다.\n\n\n\n이복현 금융감독원장이 25일 오전 서울 여의도 한국거래소 서울사무소에서 열린 개인투자자와 함께하는 열린 토론에 참석했다. (사진=뉴시스)"
    },
    {
        "title": "\"이젠 장기·안정적 수익이 중요 액티브TDF로 복리효과 노려야\"",
        "date": "2024.05.01. 오후 5:50",
        "content": "김영성 KB자산운용 대표\n\n\n\n\"과거 단기에 화끈한 성과를 원했던 펀드 시장이 이제는 장기 안정적 수익률을 올릴 수 있는 연금 주도 시장으로 바뀌고 있습니다.\"김영성 KB자산운용 대표가 최근 매일경제 인터뷰에서 '연금형 투자'를 위한 타깃데이트펀드(TDF), 상장지수펀드(ETF) 운용전략을 역설했다. 성공적인 노후 자금 확보를 위한 복리 효과를 극대화할 수 있는 자산배분 전략에 운용사들이 집중해야 한다는 지적이다.특히 김 대표는 TDF와 관련해 패시브 투자와 액티브 투자를 병행해 복리 효과를 노려야 한다고 강조했다. KB자산운용은 시장의 평균 성과를 추종하는 패시브 상품인 'KB 온국민 TDF' 시리즈와 초과수익을 노린 액티브 상품인 'KB 다이나믹 TDF' 두 가지 상품을 운용하고 있다.김 대표는 \"액티브 TDF로 인공지능(AI) 반도체 등 시장 주도 테마에 투자할 수 있다\"며 \"침체기가 도래해도 안전자산인 채권 비중을 늘리는 식으로 대응이 가능하다\"고 말했다. 이어 \"디폴트옵션(사전지정운용제도) 도입 후 '퇴직연금도 수익률이 중요하다'고 생각하는 투자자가 많아졌다\"며 \"KB온국민TDF2055(UH)의 3년 수익률은 32%로 업계 1위를 유지하고 있다\"고 덧붙였다.KB자산운용은 고객 데이터를 분석해 고객 성향에 알맞은 연금 투자 상품을 설계해 제공하고 있다. 맞춤형 운용 노력에 TDF 시장점유율은 올해 3월 말 기준 12.8%로 전년 말 대비 0.3%포인트 늘었다. 올 들어 퇴직연금 상위 5곳 운용사 중 점유율이 오른 곳은 KB자산운용뿐이다.김 대표는 취임 후 확정급여(DB)형 마케팅실을 신설해 맞춤형 상품으로 기관투자자 유치에도 나서고 있다. 그는 \"정기예금보다 더 높은 수익률을 거둬야 한다는 인식을 갖는 기관투자자가 늘어나는 추세\"라고 분위기를 전했다. 그는 ETF 시장에서도 연금 투자에 적합한 상품이 늘어날 것이라고 봤다. 김 대표는 유일한 내부 출신 최고경영자(CEO)로 직원들과 스킨십도 강화하고 있다. 400여 명에 달하는 직원과 릴레이 저녁식사를 하며 CEO에게 자유롭게 의견을 개진할 수 있는 친밀한 기업문화 형성에 앞장서고 있다. 양종희 KB금융지주 회장도 최근 KB자산운용의 저녁 자리에 참석해 \"이런 모임이 많았으면 좋겠다\"며 직원들과 담소를 나눴다고 한다.[차창희 기자]"
    },
    {
        "title": "\"성장없는 주주환원 그만\" 애플 떠나는 개미",
        "date": "2024.05.01. 오후 5:50",
        "content": "中 시장서 아이폰 판매 부진미래 이끌 신사업도 '안갯속'배당·자사주 소각 집중 불구개인 애플 보유량 올 15% 뚝\n\n\n\n한때 투자자 사이에서 대표 성장주로 받아들여지던 애플이 올해 들어 이례적으로 부진한 수익률을 보이고 있다. 이에 해외 주식에 투자하는 국내 투자자(서학개미) 사이에서도 애플 투자의 인기가 크게 하락한 것으로 나타났다.1일 한국예탁결제원 증권정보포털(SEIBro)에 따르면 지난달 26일 기준 서학개미의 애플 주식 보유량은 42억5955만달러(약 5조8888억원)로, 새해 첫날의 50억3220만달러(약 6조9570억원)에 비해 15.4%가량 감소했다.서학개미의 이 같은 변심은 다른 유력 정보기술(IT) 기업과 비교해 봐도 이례적이다. 같은 기간 이들의 엔비디아 보유량은 43억4949달러에서 101억7571달러로 99.1% 상승했고, 마이크로소프트·알파벳도 각각 27.4%, 17.3% 보관금액이 늘었다.이는 결국 애플이 올해 들어서만 주가가 6.54% 하락하는 등 해당 종목의 성장성에 대한 의구심이 커지고 있기 때문으로 풀이된다.2일(현지시간) 2분기 실적 발표를 앞둔 애플은 지난 분기에 이어 부진한 실적을 낼 것으로 전망되고 있다. 증권가에서 전망하는 애플의 2분기 매출은 906억1400만달러로 전년 동기 대비 4.5% 감소하고, 주당순이익도 1.51달러로 같은 기간 0.67% 감소할 전망이다.이같이 부진한 실적이 예상되는 것은 중국 시장을 중심으로 아이폰 등 주요 제품 판매량이 약세를 보이기 때문이다. 마이클 응 골드만삭스 연구원에 따르면 애플의 2분기 아이폰 매출은 459억달러(약 63조4797억원)로, 전년 동기 대비 11%가량 감소할 예정이다. 이에 애플의 목표주가는 232달러에서 226달러로 하향 조정됐다.지난 1분기 실적 발표 때에도 아이폰 매출이 2%가량 감소했고, 특히 아이패드와 컴퓨터(맥) 매출이 각각 25%, 27% 줄어드는 등 큰 폭의 하락률을 보였다.애플의 미래 실적을 이끌 신사업이 부진하다는 전망도 나온다. 애플은 수년간 끌어온 '애플 카 프로젝트'를 지난해 포기했다. 또 애플은 올해 초 가상현실 헤드셋 비전프로를 출시했는데, 밍치 궈 연구원에 따르면 회사 측은 판매 부진으로 해당 제품 출하량을 절반 수준으로 줄였다.애플은 팀 쿡 최고경영자(CEO)가 부임한 이후 매년 대규모 배당과 자사주 소각으로 주주환원에 집중했지만, 정작 제품을 만들 때는 원가 절감에 집중하면서 소비자의 민심을 잃고 있다는 평가도 받는다.실제로 애플은 최근 매년 100조원 이상을 자사주 소각에 활용하고, 20조원가량을 배당금 지급에 쓰는 등 주주환원에 적극적인 모습을 보여왔다.회사 측이 공개한 재무제표를 종합하면 애플이 2021~2023년 자사주 소각에 사용한 비용은 해마다 117조원·124조원·107조원에 이르고, 배당금 지급에도 20조원·21조원·21조원을 썼다. 같은 기간 애플의 순이익이 각각 131조원·138조원·134조원을 기록한 것을 감안하면 순이익의 대부분 혹은 그보다 많은 비용을 자사주 소각과 배당에 사용한 셈이다.이에 애플의 현금과 현금성 자산은 2021년 24조원에서 2023년에는 2조원으로 크게 감소했고, 주가순자산비율(PBR)이 42.36배로 주가수익비율(PER)의 27.60배를 넘어서는 등 다른 종목에서는 찾아보기 어려운 모습이 관찰되기도 했다.하지만 정작 제품의 질 측면에서는 주요 신제품에 저렴한 부품을 탑재함으로써 원가 절감에 집중하고 있다는 평가가 나온다. 최근에는 외신을 중심으로 맥북 프로의 기본 메모리 용량이 2012년 8GB로 늘어난 이후 12년째 답보 상태라는 분석 결과가 화제가 됐다. 이 밖에 가격이 150만원에 달하는 애플워치 에르메스의 시곗줄을 가죽에서 직물 소재로 변경하고, 아이폰 구성품에서 충전기를 제외하면서 환경 보호를 위한 것이라는 설명을 내놓아 비판을 받기도 했다. [김대은 기자]"
    },
    {
        "title": "'밸류업 큰손' 나선 연기금, 총선 후 7000억 폭풍 매수",
        "date": "2024.05.01. 오후 5:46",
        "content": "■기관 매도에도 나홀로 '사자'반도체·2차전지·車·저PBR주 등선거 끝나자 하루 빼곤 매일 사들여4년간 국내 주식 축소 기조와 딴판2일 '밸류업 프로그램' 초안 공개정부와 증시 부양 발맞춰 나갈 듯\n\n\n\n김태현 국민연금공단 이사장이 지난해 10월 20일 국회 보건복지위원회 국정감사에서 질의를 듣고 있다. 김 이사장은 차기 금융위원장 후보군 가운데 한 명으로 거론되고 있다. 연합뉴스[서울경제] 2020년부터 올 초까지 코스피 주식을 내다 팔던 연기금이 지난달 총선 직후부터는 쉬지 않고 국내 증시를 순매수하고 있어 그 배경에 관심이 쏠리고 있다. 금융투자 업계에서는 연기금의 대다수를 차지하는 국민연금이 기업 밸류업 프로그램 가이드라인(지침) 초안 공개를 앞두고 정부의 증시 부양 정책과 궤를 맞춘 효과로 분석했다.1일 한국거래소에 따르면 연기금은 총선 직후인 지난달 11일부터 30일까지 코스피와 코스닥을 각각 7038억 원, 576억 원 사들였다. 특히 유가증권시장에서는 지난달 17일 하루를 제외하고는 13거래일 내내 순매수 행진을 이어갔다. 지난달 22일에는 코스피시장에서 1473억 원어치를 사들여 올 들어 가장 큰 순매수 규모를 기록했다.연기금의 국내 증시 매수는 다른 기관투자가들과 상반된 행보다. 기관은 같은 기간 코스피를 1조 4196억 원 팔아치우며 차익 실현에 집중하는 모습을 보였다. 금융투자(1조 8752억 원), 보험(350억 원), 은행(49억 원), 기타금융(607억 원), 기타법인(761억 원) 등이 모두 매도 우위를 보인 가운데 투신의 순매수액도 423억 원에 그쳤다.연기금은 이 기간 삼성전자(005930)(1381억 원), LG에너지솔루션(373220)(666억 원), 포스코홀딩스(646억 원), SK하이닉스(000660)(441억 원) 등 반도체·2차전지주는 물론 기아(000270)(1223억 원), 신한지주(055550)(457억 원), 현대차(005380)(369억 원), KB금융(105560)(323억 원) 등 저주가순자산비율(PBR) 종목까지 전방위로 주식을 매집했다. 대신 하이브(352820)(296억 원)를 비롯해 HD현대일렉트릭(267260)(800억 원), 포스코퓨처엠(003670)(447억 원), 한화에어로스페이스(012450)(442억 원) 등은 팔아치웠다.\n\n\n\n업계에서는 최근 연기금이 대규모로 국내 증시 매수에 나선 점을 이례적으로 받아들였다. 국민연금이 국내외 자산 포트폴리오 다양화를 꾀하면서 국내 주식 비중을 최근 몇 년 사이 계속 줄이는 추세였기 때문이다. 국민연금의 중기 자산 배분 계획에 따르면 전체 자산에서 차지하는 국내 증시 투자 비중을 지난해 15.9%에서 올해 15.4%, 내년 15.0%로 줄일 방침이다. 투자 전문가들은 국민연금이 국내 주식 보유 비중을 올 1월 말 기준으로 이미 13.2% 정도까지 낮춘 것으로 추산했다.실제로 연기금은 2020년 2조 1835억 원 순매도를 시작으로 2021년 24조 1439억 원, 2022년 2조 7488억 원, 지난해 2조 9468억 원 등 4년 연속 코스피 주식을 대거 처분했다. 올 들어서도 1월까지는 유가증권시장에서 7151억 원 매도 우위를 보였다.전문가들은 국민연금의 매매 패턴 변화를 두고 여당의 총선 참패 이후에도 금융위원회와 기획재정부·금융감독원·한국거래소 등이 기업 밸류업 프로그램 추진에 속도를 내자 이에 발을 맞춘 행보로 해석했다. 연기금은 정부가 올 1월 하순 기업 밸류업 프로그램 추진 의지를 내비치자 2월과 3월 2581억 원, 2493억 원씩 코스피를 순매수한 바 있다. 지난달에는 총선 당일까지 뚜렷한 매매 방향성을 보이지 않다가 그 직후부터 순매수 규모를 7000억 원 이상 늘렸다. 코스피가 지난달 11~30일 2500포인트 후반~2700포인트 초반의 박스권 흐름을 보인 점을 감안하면 연기금이 전략적으로 저가 매수에 나섰다고 보기도 힘들다는 게 전문가들의 시각이다. 하인환 KB증권 연구원은 “1분기 때 밸류업 프로그램의 장세를 주도했던 투자 주체는 외국인이었으나 앞으로는 연기금의 움직임을 중요하게 봐야 한다”며 “국민연금의 국내 주식 보유 비중이 올해 목표치인 15.4%에 미치지 못하고 있기에 추가 매수 추이를 지켜봐야 한다”고 분석했다.전문가들은 기업 밸류업 프로그램의 성공적인 안착을 위해 국민연금이 정책 초기 주요 수급원이 될 가능성을 높게 보고 당분간 연기금이 외국인과 함께 국내 증시를 주도할 수 있다고 진단했다. 김태현 국민연금공단 이사장은 현 김주현 금융위원장의 후임 인사 후보군 중 한 명으로도 거론되고 있다. 금융위와 거래소는 2일 서울 여의도 거래소 사옥에서 ‘기업 밸류업 지원 방안 2차 세미나’를 개최하고 밸류업 프로그램 가이드라인 제정안을 발표할 예정이다. 박소연 신영증권 연구원은 “지난해 말 기준으로 국민연금의 국내 투자 비중은 49%로 추정된다”며 “최근 달러 자산 강세로 해외 자산 수익률이 이미 올라간 점을 감안하면 국내 투자 비중을 56%까지 늘리는 게 적정하다”고 밝혔다."
    },
    {
        "title": "천연가스 ETN 10%대 질주 \"AI 수혜도 기대\"",
        "date": "2024.05.01. 오후 5:44",
        "content": "빅테크·냉방용 전력수요 증가따라공급 안정성 뛰어난 가스발전 주목감산 맞물려 선물가격 상승 지속\n\n\n\n연합뉴스[서울경제] 천연가스 선물 레버리지 상장지수증권(ETN) 상품이 최근 한 달 새 10%를 웃도는 수익률을 기록했다. 천연가스 감산 소식과 함께 여름이 다가오며 천연가스 선물 가격이 오른 영향이다. 전문가들은 천연가스가 인공지능(AI) 열풍으로 혜택을 볼 가능성도 높다고 진단했다.1일 한국거래소에 따르면 뉴욕상품거래소에서 거래되는 천연가스 선물 가격을 2배로 추종하는 ‘신한 블룸버그 2X 천연가스 선물 ETN’은 4월 한 달간(3월 29일부터 4월 30일까지) 12.84%의 수익률을 기록했다. 한국투자증권의 ‘한투 레버리지 천연가스 선물 ETN B’ 역시 같은 기간 12.98%의 수익률을 보이며 상승기류를 탔다. 이날 인베스팅닷컴에 따르면 미국 뉴욕상품거래소 선물 시장에서 거래되는 천연가스 6월 인도분 선물 가격은 1만 MMBtu(열량 단위)당 1.95달러로 4월 1일(1.73달러)보다 12.72% 상승했다.\n\n\n\n천연가스는 그간 어긋나던 수요와 공급 문제가 해결되며 반등하는 추세다. 지난해 겨울 지구촌 이상고온현상으로 난방 수요가 감소하면서 천연가스 수요 역시 비정상적으로 급감했다. 이에 천연가스 재고가 쌓이며 가격은 폭락했다. 이 때문에 천연가스 선물 가격을 추종하는 ETN의 경우 올 1분기까지는 지난해 대비 하락해 수익률이 나빴다.그러나 미국 최대 천연가스 생산 업체 EQT가 감산을 발표하며 상황이 반전됐다. 최근 미국 날씨가 더워지며 냉방 수요가 늘어나고 있는 점 또한 가격 상승 요인이다. 김광래 삼성물산 연구원은 “예년보다 높은 냉방 수요가 예상되는 만큼 앞으로도 천연가스 가격 상승 가능성은 높다”고 말했다.AI 산업의 인기로 향후 천연가스 업계가 호조를 누릴 수 있다는 전망도 제기됐다. 빅테크 기업들이 급격하게 늘어나는 전력 수요를 충당하기 위해 공급 안정성이 뛰어난 천연가스 발전을 선호하기 때문이다. 게다가 천연가스 발전은 신규 장거리 송전망을 필요로 하지 않아 빠르게 시스템을 구축해야 할 때 더욱 유리하다. 윤재성 하나증권 연구원은 “시장의 관심은 점차 현실적 전력 생산 대안인 가스로 확대될 것”이라고 내다봤다.다만 빅테크들이 무탄소 전력 사용을 공언한 점을 유념해야 한다는 조언도 있다. 마이크로소프트(MS)는 지난해 한 데이터센터의 전력 수요를 충당하기 위해 콘스텔레이션에너지와 대규모 원자력 에너지 공급계약을 체결한 바 있다."
    },
    {
        "title": "[투자의 창] 초개인화 사회에서 펀드의 가치",
        "date": "2024.05.01. 오후 5:43",
        "content": "■정상진 한국투자신탁운용 주식운용본부장\n\n\n\n정상진 한국투자신탁운용 주식운용본부장[서울경제] 2010년대 이후의 급격한 변화 중에 초개인화 트렌드가 있다. 우선 인공지능(AI)를 기반으로 발달한 웹3.0이 개인화된 인터넷 세상을 만들면서 개인의 준거집단을 직장에서 소셜미디어로 바꾸었다. 거기다가 비즈니스에서는 다품종 소량생산이 중시되고, 과거에는 전혀 주목받지 못하던 롱테일 비즈니스로 크게 성공하는 기업들이 늘고 있다.이는 비즈니스가 더욱 더 인간을 중시하는 방향으로 진행된다는 뜻이다. 즉, 기술의 발전 방향이 인간에 대한 보다 깊은 이해를 추구하는 방향으로 진행된다는 것인데, 대표적인 예가 바로 최근 20년간 급성장한 애플이다.금융시장에서도 투자자의 다양한 욕구를 겨냥해 새롭고 다양한 상품이 출시되면서 선택 폭이 엄청나게 확대됐다. 더 나아가 정보통신(IT) 기술을 통한 일대일 맞춤형 상품까지 개발되고 있다. 하지만 금융상품에 대한 만족도 증가를 위해 무조건적인 개인화만이 능사는 아니라고 생각한다.일단 금융상품은 소비자가 돈을 소비해서 없애는 것이 아니라 확대·재창출을 목표로 한다는 점이 다르다. 문제는 기대와는 달리 손실이 발생할 수 있다는 것인데, 이로 인해 사람마다 선호가 달라진다. 이는 특정 상품이나 투자 방식이 아니라 결과에 대한 선호의 차이라는 점이 중요하다.재테크에 필사적이고 신기술 적응력이 빠른 젊은 세대나 일부 고액자산가를 제외하면 복잡하고 어려운 금융지식이 없는 다수의 투자자는 보수적인 성향을 갖고 있다. 비록 합리적이지 못해도 대다수는 고집스런 투자 패턴을 바꾸지 않는다.물론 예외적으로 특정 자산에 대한 붐이 부는 경우에 일시적으로 다수가 일탈을 하는 경우는 있다. 그러나 붐은 이미 널리 인식돼 상당히 자산 가격에 많이 반영된 국면이기 때문에 일탈한 대다수는 손실을 본다. 발달된 매체로 인해 정보 접근성이 좋아졌다 하더라도 예측, 분석 능력 등 성공을 위한 필수 요건이 없다면 안타깝게도 이런 공개된 정보만으로는 결과가 좋아지지 않는다. 특히 지속적인 성공은 더 어렵다.바로 여기에 비용도 비싸고 불편한 펀드라는 전통 상품의 존재 가치가 있다. 자산 가격의 불확실성과 투자자의 능력, 인내심 등 다양한 변수들로 인해 모든 사람에게 적용되는 투자의 정답은 존재하지 않는다. 단점투성이인 부동산 투자에서 성공하는 사람이 많다는 점을 생각해 보라. 사실 최근 펀드 시장의 부진은 신뢰성의 저하에서도 원인을 찾을 수 있다. 특히 국내 주식형펀드의 경우에는 국내 증시의 장기 부진에다가 펀드매니저들의 저조한 운용 성과가 겹친 결과이다.아직 체감하기 어렵겠지만, 밸류업(기업가치 제고)으로 시작된 체질 변화로 국내 증시에 새벽이 오고 있다. 게다가 경제 상황의 변화로 인해 점점 투자 여건이 복잡해질 가능성이 높기 때문에 범용 상품인 펀드에 대한 인식은 점점 개선될 것이다. 펀드는 쏟아지는 금융상품으로 인한 선택 장애를 극복할 수 있는 단순한 선택지이기도 하다."
    },
    {
        "title": "\"커버드콜 ETF, 횡보·완만한 상승장서 유효…투자자산 전망 고려해야\"",
        "date": "2024.05.01. 오후 5:43",
        "content": "[커버드콜 ETF의 함정]■김정현 신한자산운용 ETF사업본부장 인터뷰커버드콜, 모든 장서 통하진 않아자산 변동성 커질땐 비중 축소를\n\n\n\n김정현 신한자산운용 ETF사업본부장[서울경제] “커버드콜 배당 재원은 일정 수준으로 꾸준히 나온다는 것이 장점이지만 모든 장세에서 효과를 볼 수 있는 전략은 아닙니다. 투자자산의 중기적인 흐름을 고려하는 등 상대적으로 투자 기간을 짧게 설정한 투자자에게 적합합니다.”김정현(사진) 신한자산운용 ETF사업본부장은 1일 서울경제신문과의 인터뷰에서 콜옵션(매수청구권)을 매도해 배당금을 마련하는 커버드콜 상장지수펀드(ETF)에 대해 “횡보장이나 완만한 상승장에서 유효한 전략으로 자산의 변동성이 클 것으로 예상되는 흐름에서는 포지션을 축소하는 것이 좋다”고 강조했다.김 본부장은 또 일반적인 월배당형 ETF의 경우 단순히 매달 안정적이고 일정한 현금을 제공하는 것을 넘어 포트폴리오를 성향별로 다변화할 수 있는 수단으로 삼아야 한다고 조언했다. 그는 이러한 전략을 ‘코어&새틀라이트(Core&Satellite) 전략’이라고 칭했다. ‘코어(핵심)’인 월배당 ETF에서 발생한 배당을 ‘새틀라이트(위성)’인 테마성 상품에 투자하는 식이다.그는 “월배당의 핵심은 코어 자산에서 발생한 배당수익을 테마형 같은 공격적인 상품에 투자할 수 있는 시스템을 마련하는 것”이라며 “퇴직연금 계좌에서 안정적인 포트폴리오를 구축해나간다는 것이 이 전략의 가장 큰 장점”이라고 덧붙였다.김 본부장은 매달 급여를 받아 상대적으로 주기적인 배당에 대한 니즈가 크지 않은 청년층도 이 같은 관점으로 접근한다면 월배당 ETF가 효과적인 투자 수단이 될 것으로 봤다. 그는 “미래 수익을 빼 배당을 지급하기보다 장기적인 관점에서 자산 배분을 통한 포트폴리오 투자가 필요한 투자자들에게는 젊더라도 월배당은 충분한 매력이 있다”며 “이런 투자자들은 배당금이 지속적으로 커지는 ETF를 선택해야 한다”고 설명했다.아울러 김 본부장은 직접 배당수익을 재투자하지 않을 경우 배당수익을 자동으로 투자 재원으로 활용하는 TR(Total Return) 형태의 ETF를 선택하는 것이 좋다고 첨언했다. 그는 “장기적인 수익에 대한 확신이 있는 투자 대상에 대해서는 TR 형태로 배당을 자동 재투자하는 식의 투자도 효과적인 방법”이라며 “단순히 배당을 준다는 이유로 월배당 ETF를 선택하기보다 본인에게 맞는 투자 방법을 찾아야 한다”고 했다."
    },
    {
        "title": "커버드콜ETF, 옵션 운용방식 복잡…원금보장도 안돼",
        "date": "2024.05.01. 오후 5:41",
        "content": "[커버드콜 ETF의 함정]◆ ELS 닮은꼴 커버드콜구조 다르지만 상방 이익 제한 유사환매 쉬워 ELS사태 재발은 없을듯\n\n\n\n서울 여의도 증권가 전경. 연합뉴스\n\n\n\n[서울경제] 커버드콜 상장지수펀드(ETF)는 대규모 손실 사태가 발생한 주가연계증권(ELS)과 상품 구조가 다르다. 그러나 옵션 운용 방식이 복잡한 데다 상방 이익은 제한적이면서 원금 손실 가능성이 있다는 공통점을 지닌다. 커버드콜 ETF와 ELS 모두 상품 자체에는 문제가 없더라도 충분한 설명과 이해 없이는 불완전판매로 이어질 수 있다. 단 자유롭게 거래할 수 있는 ETF의 특성상 ELS와 같은 대규모 손실이 발생할 가능성은 크지 않다.ELS는 개별 주식의 가격이나 주가지수 등 기초자산과 연계해 수익률이 정해진다. 기초자산 가격이 정해둔 조건에 충족하면 약정 금리를 받을 수 있다. 일정 기간마다 조기 상환 기회가 있으나 손실 발생 구간(녹인·Knock-in)에 진입하면 원금 손실이 발생한다. 지난해 홍콩H지수가 급락하면서 이를 기초자산으로 한 ELS에서 확정된 손실 규모만 올해 들어 2조 원에 이른다. 금융감독원은 판매사가 손실 위험을 충분히 설명하지 않아 불완전판매가 이뤄졌다며 홍콩H지수 ELS 배상안을 마련한 상태다.커버드콜 ETF는 콜옵션(주식을 미리 정한 가격에 살 수 있는 권리)을 미리 팔아 안정적인 배당 이익을 얻을 수 있는 대신 기초자산 가격이 올랐을 때 수익률이 제한된다. 기초자산 가격이 하락하면 옵션 매도 프리미엄만큼 손실을 완충할 수 있으나 그보다 하락 폭이 더 커졌을 때는 ELS와 마찬가지로 손실이 발생한다. 원금 손실 가능성을 충분히 알리지 않고 매달 배당을 받을 수 있다는 점만 앞세워 판매할 경우 불완전판매가 될 소지가 크다는 것이 금융투자 업계의 우려다.최근 금감원이 커버드콜 전략을 채택한 ETF를 전수조사하는 것도 불완전판매 가능성 때문이다. 투자 설명서를 점검하는 동시에 시중은행들이 특정금전신탁을 통해 커버드콜 ETF를 판매하는 과정에서 상품 구조나 원금 손실 가능성 등을 충분히 설명했는지를 살펴볼 방침이다. ELS 판매 중단 이후 은행의 커버드콜 ETF 판매가 크게 늘어났지만 금융 당국의 조사를 계기로 관련 상품은 자취를 감췄다.다만 ELS는 조기 상환 기회가 없으면 만기까지 기다릴 수밖에 없으나 ETF는 시장에서 거래되기 때문에 환매가 쉽다. 기초자산 가격이 옵션 매도 프리미엄 이상 하락한다면 쉽게 매매할 수 있어 ELS와 같은 대규모 투자자 손실이 발생할 가능성은 낮다는 평가다. 금융투자 업계 관계자는 “커버드콜 ETF 상품 자체가 문제인 것은 아니지만 배당만 앞세워 판매되는 것은 우려스러운 일”이라고 말했다."
    },
    {
        "title": "\"채권 저가매수 기회…수출주 상승세 유효\"",
        "date": "2024.05.01. 오후 5:40",
        "content": "■FOMC 이후 투자 전략미국채 2년물 금리 5% 상향 돌파혼돈장서는 실적···반도체·車 주목\n\n\n\n제롬 파월 미국 연방준비제도(Fed·연준) 의장. AP연합뉴스[서울경제] 미국 연방공개시장위원회(FOMC) 이후의 투자 전략으로 전문가들은 채권 상품과 성장주 중심의 포트폴리오가 여전히 유효할 것으로 봤다. 특히 채권은 연방준비제도(Fed·연준)의 금리 시나리오가 궁극적으로는 인하에 초점이 맞춰져 있다는 점에서 저가 매수의 기회라고 판단했다.1일 임재균 KB증권 연구원은 “지연된 금리 인하 기대는 대부분 시장에 반영됐으며 연내 금리 인하 기대는 여전히 유효하다”며 “금리 인하 기대감이 상당히 후퇴한 가운데 채권 비중을 확대해야 한다고 판단된다”고 밝혔다. 채권은 금리가 올라가면 가격이 떨어지므로 금리가 높을 때 채권을 싼 가격에 사두면 금리가 내려갔을 때 상대적으로 높은 가격에 팔 수 있다. 금리 인하에 대한 시장의 기대는 연내 한 차례 수준으로 떨어졌고 이를 반영해 미국채 10년물 금리도 4.7% 수준으로 낮아졌다. 미국채 2년물 금리 역시 5%를 상향 돌파하는 등 채권의 고금리 매력이 높아진 상황이다.주식시장에서는 실적이 뒷받침되는 성장주들이 매력적인 투자처가 될 것이라는 의견이 나왔다. 최병욱 메리츠증권 연구원은 “장이 여러 변수로 혼란할 때 언제나 나침반 역할을 해주는 것은 이익(실적)이었다”고 설명했다. 하재석 NH투자증권 연구원은 “중동의 지정학적 리스크는 당분간 소강 상태를 이어갈 것으로 판단한다”며 “펀더멘털이 견조한 미국의 빅테크 기업과 실적 개선이 본격화하고 있는 한국 반도체 등 수출주 중심의 상승세가 유효하다고 판단된다”고 말했다.한편 미 FOMC 첫날 연례 회의 직후 가상자산 대장주 비트코인은 한때 6만 달러 선이 붕괴되기도 했다. 코인마켓캡에 따르면 이날 비트코인은 전날 대비 5.00% 하락한 6만 672달러에 거래를 마쳤다. 비트코인은 전날 장중 5만 9191달러까지 하락했다. 이는 지난달 5일 5만 9005달러를 기록한 후 최저 수준이다."
    },
    {
        "title": "'제2 월급' 열풍에 떴지만…\"배당금만 좇다 더 큰 수익 놓칠수도\"",
        "date": "2024.05.01. 오후 5:39",
        "content": "[커버드콜 ETF의 함정]◆ '묻지마 투자'에 경고음지난달 커버드콜 순자산 2.2조2022년 말 이후 18배 이상 폭증분배율은 높지만 강세장선 불리옵션매도로 특정가 이상 차익 포기다른 ETF 대비 수수료도 높은편\n\n\n\n이미지 투데이\n\n\n\n[서울경제] 월배당 상장지수펀드(ETF) 시장은 매달 또 다른 월급처럼 꼬박꼬박 들어오는 배당 효과로 지난해부터 급속도로 확대됐다. 최근 몇 년간 시장 변동성이 높아지면서 변동성을 줄이고 성과를 높일 수 있는 커버드콜 전략이 떠올랐다. 특히 국내에서는 일정한 현금 창출에 가치를 두는 투자자들을 중심으로 소셜네트워크서비스(SNS)에 입소문이 날 정도로 자금이 대거 몰렸다.하지만 꾸준히 우상향하는 기초자산 보유 시 커버드콜 전략을 쓰지 않는 ETF의 수익률이 커버드콜 ETF보다 3~4배 많다는 점을 투자자들은 간과하고 있다. 마치 “일정 가격 이하로 떨어지지 않으면 무조건 7%를 받는다”고 현혹한 주가연계증권(ELS) 판매처럼 “연 10%로 매달 배당받고 가격 변동도 별로 없다”는 식으로 투자자들을 끌어들인 셈이다.1일 에프앤가이드에 따르면 지난달 29일 기준 커버드콜 ETF 순자산은 2조 2265억 원으로 2022년 말(1222억 원)보다 18배 이상 폭증했다. 같은 기간 상품 수도 6개에서 18개로 늘었다. 국내 최대 규모의 커버드콜 ETF는 미래에셋자산운용의 ‘TIGER 미국배당+7%프리미엄다우존스’로 지난해 6월 상장해 아직 1년이 채 안 됐지만 순자산은 6118억 원으로 전체 856개 ETF 종목 중 50위 규모로 단숨에 올라섰다.자산운용사들은 대표 지수뿐 아니라 미국 빅테크, 반도체 등 다양한 기초자산을 이용한 커버드콜 ETF를 속속 내놓는 동시에 기존 상품의 배당 주기를 월 단위로 변경하는 등 투자자들의 월배당 선호 현상에 부응하고 있다. 일각에서는 커버드콜 ETF를 패시브와 레버리지·인버스를 잇는 3세대 ETF로 부르기도 한다.커버드콜 ETF는 주식·채권 등 기초자산을 보유하면서 그 기초자산을 특정 가격에 살 수 있는 권리(콜옵션)를 매도하는 방식으로 일정한 수익을 추구한다. 운용사들은 콜옵션 매도 비중과 행사 가격 등을 달리해 다양한 전략으로 운용한다. 일반 월배당 상품의 분배수익률이 연 4~6%인 반면 커버드콜은 옵션 매도를 통한 수익이 더해져 두 자릿수의 분배율이 가능해지면서 투자자들을 견인하고 있다. 삼성증권에 따르면 지난달 18일 기준 미국 상장 커버드콜 ETF의 1년 평균 분배수익률은 13.4%로 국채 2년물 금리(5.0%)의 2배를 넘어섰다. 국내에서는 최근 연간 분배수익률 15%를 목표로 하는 커버드콜 ETF 3종이 상장되기도 했다.문제는 강세장일 때다. 분배수익률이 높을수록 강세장에서는 더 불리하다. 높은 분배율을 만들기 위해 그만큼 주가 상승 가능성을 더 크게 제한하는 구조를 만들 수밖에 없기 때문이다. 예를 들어 A주식을 100만 원에 산 후 콜옵션을 팔 경우 110만 원에 콜옵션을 팔 때가 120만 원보다 분배수익률은 높아지지만 이미 해당 가격의 콜옵션을 팔아버렸기 때문에 이후 주가가 아무리 올라도 110만 원 이상의 상승분은 누릴 수 없다. 또 옵션 매매에 따른 거래 비용이 반복적으로 발생해 커버드콜 ETF는 수수료 또한 높은 편이다.실제 동일한 스탠더드앤드푸어스(S&P)500지수를 따르는 ‘TIGER 미국배당 다우존스’가 최근 6개월간 19.49% 상승할 때 동일 지수 추종의 커버드콜 전략을 사용하는 ‘TIGER 미국배당+7%프리미엄다우존스다우존스’는 14.73% 오르는 데 그쳤다. 게다가 상방이 제한되고 하방은 뚫려 있는 구조로 완만한 하락장이 아닌 폭락장에서는 회복 속도가 더뎌 더욱 불리하다. 주가 하락 시에는 기준가가 낮아져 분배율 또한 하락한다. 언제든 환매도 가능하다. 커버드콜 전략이 횡보장이나 옵션 프리미엄 이하로 주가가 완만하게 하락하는 시장에서 유리한 이유다.이 같은 상품 구조에 대한 정확한 이해 없이 높은 분배율에만 집중한 개인투자자들은 커버드콜 ETF를 대거 사들이고 일부 은행 등 판매사에서도 대표 신탁 상품으로 집중 판매하면서 우려의 목소리가 커지고 있다. 한 자산운용사 관계자는 “분배수익률이 높은 커버드콜 ETF 상품 출시에 대해 내부에서도 이견이 나올 때가 있다”며 “장기 상승이 예상되는 자산일수록 현재의 배당금 몇 푼에 수배에 달하는 미래 수익을 놓칠 수도 있어 자산의 변동성이 커 보이는 흐름에서는 커버드콜 비중을 축소하는 게 좋다”고 말했다.전문가들은 배당의 기회비용을 정확하게 알고 투자할 것을 당부했다. 황세운 자본연구원 연구위원은 “커버드콜 ETF는 현재의 배당을 위해 미래 가격 상승에 따른 시세차익을 포기해야 한다는 점을 정확히 알고 투자하는 게 좋다”며 “시장이 급성장할수록 포기해야 하는 이익이 더 커질 수 있다”고 강조했다. 안정적인 배당과 미래 성장성을 충분히 비교한 후 본인에게 더 유리한 방향성을 선택해야 한다는 조언이다."
    },
    {
        "title": "“혹시나 했는데 역시나”…힘빠진 테마주의 말로는",
        "date": "2024.05.01. 오후 5:11",
        "content": "신성델타테크 지난 4월에만 24.24%↓다른 초전도체 관련주들도 비슷한 상황“관련없다” 손사래에도 주가 롤러코스터\n\n\n\n 한국 연구진이 개발했다는 상온 초전도체. [사진 출처 = 김현탁 박사 유튜브 영상 갈무리]“테마주 인기는 시들지 않고, 오히려 강해진 느낌이다. 사회관계망서비스(SNS)에 넘쳐나는 ‘음식사진’을 보고 그 의미를 생각하니 맛집에 대한 기대가 현실과 다를 경우 소비자가 발길을 돌리듯이 기대와 현실이 동떨어진 것을 투자자가 체감하는 순간 테마주는 소멸된다.”지난 1월 김형렬 교보증권 센터장이 내놓은 보고서를 통해 테마주를 표현한 말이다. 주체가 누구인지는 궁금해하지 않고, 주가의 반응으로 신뢰할 수 있는 정보라는 믿음을 가진 뒤 투자자와 자본의 쏠림은 수익률 게임을 하게 만든다는 것이다.이 같은 말을 두고 최근까지 투자자들의 고심을 깊어지게 한 초전도체 테마주 이야기도 빠질 수가 없다.1일 증권가에 따르면 신성델타테크는 전날 8만2200원에서 거래를 마감하면서 지난 4월 한 달 사이에만 24.24% 빠졌다.이 종목은 대표적인 초전도체 테마주로 꼽힌다. 앞서 상온과 상압에서 초전도 현상을 보이는 물질 ‘LK-99’를 개발했다고 주장하는 퀀텀에너지연구소는 엘앤에스벤처캐피탈이 지분을 9.37% 보유하고 있다. 신성델타테크는 이 엘앤에스벤처캐피탈의 지분을 50%가 넘게 보유하고 있어 관련주로 분류됐다.지난해 8월 신성델타테크 측은 매경닷컴과의 통화에서 “지분 관계로 봤을 경우 직접적인 관계가 있는 건 사실이지만 초전도체 관련 기술에 관해서는 사실 퀀텀연구소가 어떤 회사인지도 잘 몰랐다”고 했지만 투자열기는 쉽사리 사그라들지 않았다. 연초 4만1000원 선이던 주가는 지난 2월 21일 장중 18만4800원까지 불과 두 달이 조금 넘는 기간 동안에 349.09%나 폭등했다.다만 전날 종가가 8만2200원인 점을 감안하면 고점 대비 55.51% 하락했다.\n\n\n\n 최근 1개월 사이 신성델타테크 주가 추이. [사진 출처 = 구글파이낸스 갈무리]다른 관련주들의 상황도 크게 다르지 않다. 덕성은 초전도체 테마주 열풍이 불던 지난해 8월 초 1만4800원으로 연고점을 기록한 뒤 전날 8870원에 거래를 마치면서 40.06% 빠졌다. 같은 기간 서남은 1만5430원에서 5250원으로 65.97%나 급락했다.당시 국내 연구진이 과학계 꿈의 물질이라고 불리는 상온 초전도체 LK-99를 발견했다고 주장하면서 신성델타테크 이외에도 덕성, 서남 등 관련주들은 일제히 치솟기 시작했다.덕성은 과거 초전도 현상을 이용해 반도체 웨이퍼 제조 장비를 만들었고, 서남은 모터·발전기용 고온 초전도 선재 제조·판매 사업을 영위하고 있다. 이들 기업은 각각 반도체 웨이퍼 제조 장비 관련 사업은 지난 2010년 초반 마무리 지었고, 퀸텀연구소와는 무관하다는 입장이다.이들 회사의 손사래에도 치솟던 주가는 단 며칠 만에 LK-99 진위 논란을 둘러싸고 곤두박질치기 시작했다. 그야말로 천당에서 지옥을 오간 것이다. 국내 초전도체 전문가들로 구성된 한국초전도저온학회가 최근 국내 한 연구소에서 상온 초전도체라고 주장한 물질 LK-99를 상온 초전도체라고 입증하기엔 부족하다는 결론을 내리면서다.막을 내리는 듯했던 초전도체 테마주는 올해 들어 다시금 주목받기 시작했다. LK-99를 만들었다고 주장한 기업인 퀀텀에너지연구소의 이석배 대표가 회사가 개발한 물질에 대해 “초전도체가 맞다”고 발표했기 때문이다.지난 2월 21일 신성델타테크는 우상향 곡선을 그리면서 원만한 출발을 알렸다. 이후 오후 들어서는 18만4800원까지 오르며 고점을 갈아치웠다. 전일 대비 26.95% 훌쩍 뛴 수준이다. 전일 상한가에 이어 높은 상승률로 마감하는 듯했던 주가는 장 마감 50여 분전 분위기가 반전됐다. 상승폭을 크게 줄이며 급락하기 시작한 주가는 오후 한때 11만6500원까지 내리기도 했다.끝내 신성델타테크는 전일대비 17.52% 하락 마감하면서 투자자들의 심장을 철렁이게 만들었다.최근까지도 초전도체를 두고 업계는 여전히 시끌한 모양새다. 해당 연구자들이 다른 상온·상압 초전도체를 새롭게 개발했다며 관련 연구 결과를 해외 학회에서 공개했지만 전문가들은 확대 해석을 경계했다. 학술적으로 발표 내용을 인정받는다는 의미가 아니라는 설명이다.테마주를 향한 ‘묻지마 투자’를 유의해야한다는 증권가의 당부가 나오는 이유다.김형렬 교보증권 센터장은 “가치투자는 테마주 투자를 철저하게 외면할 것이다”며 “테마주 투자가 지속 가능한 투자가 아니라는 점은 확실히 해두어야 한다”고 말했다."
    },
    {
        "title": "깜짝 실적 2거래일 뒤엔 깜짝 상승…코스피 다시 뛸까",
        "date": "2024.05.01. 오후 2:52",
        "content": "코스피 상장사들의 '어닝 서프라이즈(깜짝실적)' 사례가 속출하고 있다. 코스피가 기업 실적에 힘입어 대외 악재를 딛고 반등할지 주목된다. 미국 연방준비제도(Fed) 통화정책 불확실성과 지정학적 리스크가 잠재해 있지만 증권가 안팎에서 5월 증시에 대한 긍정적인 전망이 나오고 있다. ━대외 악재에 발목 잡힌 코스피…\"혼란 속엔 기업 이익 주목해야\" ━\n\n\n\n[서울=뉴시스] 권창회 기자 = 30일 오후 서울 여의도 KB국민은행 스마트딜링룸에서 직원이 업무를 보고 있다. 코스피가 전 거래일 대비 4.62포인트(0.17%) 상승한 2692.06에 마감했다. 원달러 환율은 5.0원 오른 1382.0원으로, 코스닥지수는 0.79포인트(0.09%) 하락한 868.93에 거래를 마감했다. 2024.04.30. kch0523@newsis.com /사진=권창회1일 메리츠증권과 금융정보서비스업체 에프앤가이드에 따르면 지난달 29일까지 코스피 상장사 63%(시가총액 기준으로)가 올해 1분기 실적을 발표했다. 1분기 실적을 발표한 상장사의 매출액 합계는 328조원으로 시장의 예상을 0.2% 하회했지만 영업이익이 32조원으로 예상치를 16.8% 웃돌았다. 예년에 비해 큰 폭의 어닝 서프라이즈다. 최근 5년간 코스피 상장사 1분기 영업이익은 시장 예상을 2.9% 웃돈 수준이었다. 특히 이번 1분기에 반도체 업종 영업이익이 예상을 33.1%나 상회했다. 은행(12.3% 상회), 자동차(7.5% 상회) 등 대부분의 코스피 업종이 예상을 웃돈 영업이익을 거뒀다.  반면 지난달 코스피지수는전월 대비 1.99% 내린  2692.06에 마쳤다.  대외 악재에 발목이 잡힌 것이다. 미국에서 고물가 현상이 이어진 결과 이르면 6월 연방준비제도이사회(FRB)가 기준금리를 낮출 것이란 기존 시장의 전망은 사라졌다. 이란과 이스라엘은 군사적 충돌을 벌이면서 지정학적 긴장도 부각됐다.  다만 기업의 호실적은 부진한 코스피지수에도 투자자에게 호재로 인식됐다. 영업이익이 예상치를 상회한 종목은 실적 발표시점부터 2거래일 이후 기간을 기준으로 코스피지수 상승률 대비 평균 1.0%p 높은 초과수익률을 달성했다. 예상과 부합한 종목과  하회한 종목은 각각 코스피 상승률을 0.4%p, 1.1%p 하회했다.   일례로 어닝 서프라이즈 종목인 한화엔진 상승률은 코스피 상승률 대비 13.6%p 높았다. 반면 실적 쇼크를 기록한 솔루스첨단소재는 코스피 대비 6.2%p 더 내렸다. 최병욱 메리츠증권 연구원은 \"시장이 여러 변수로 혼란할 때 언제나 나침반 역할을 해주는 것은 이익이었다\"며 \"향후로도 실적 및 이익 전망치를 지속적으로 모니터링하는 것이 중요하다\"고 했다. ━2800 돌파 시나리오도 나왔다━\n\n\n\n[서울=뉴시스] 이영환 기자 = 코스피가 전 거래일(2687.44)보다 4.62포인트(0.17%) 상승한 2692.06에 장을 마감한 30일 오후 서울 중구 하나은행 딜링룸 전광판에 지수가 표시되고 있다. 이날 코스닥 지수는 전 거래일(869.72)보다 0.79포인트(0.09%) 하락한 868.93, 서울 외환시장에서 원·달러 환율은 전 거래일(1377.0원)보다 5.0원 오른 1382.0원에 마감했다. 2024.04.30. 20hwan@newsis.com /사진=이영환 금융정보서비스업체 에프앤가이드에 따르면 올해 2분기(4~6월) 코스피지수에 대한 전문가들의 평균 전망치는 2435~2690이다. 전망이 맞다면 코스피지수(4월30일 종가 기준 2692.06)는 이미 최고점에 맞닿아 있다. 다만 올해 4분기 전망치는 2540~2840이다. 증권업계 일각에선 코스피가 이달 2800선을 넘어설 가능성까지 제기됐다.  기업 호실적과 투자자들의 저가 매수 욕구가 맞물릴 경우 주가가 빠르게 뛸 수 있다는 것이다. 이경민 대신증권 연구원은 \"코스피의 기술적 반등 1차 목표는 직전 고점이자 확정 실적 주가순자산비율(PBR) 1배 수준인 2770선\"이라며 \"2차적으론 12개월 선행 PBR 0.954배 수준인 2820선\"이라고 말했다.  신한금융투자도 코스피 예상 밴드를 2550~2800선으로 제시했다.오는 2일 금융당국은 '기업 가치 제고(밸류업)' 계획 가이드라인 제정안을 공개한다. 밸류업 가이드라인은 상장사가 중장기적인 기업 가치 제고 목표와 달성 시점, 달성 계획 등을 공시하도록 하는 내용이 담길 것으로 전망된다. 유명간 미래에셋증권 연구원은 \"밸류업 프로그램 관련주들은 이달 초 가이드라인 발표 이후 모멘텀 소멸에 대한 우려가 있지만 중장기적인 시각에서 접근할 필요가 있다\"며 \"주주환원율 상승 등 주주가치 제고로 국내 증시의 디스카운트(저평가)를 해소시킬 수 있을 것\"이라고 전망했다. 대외적으로 가장 중요한 경제일정은  한국 시간으로 오는 2일 새벽 발표되는 미국 기준금리 결정이 꼽힌다.  연준이 이틀 일정으로 개최한 FOMC(연방공개시장위원회)회의 결과가 나오는 것으로 시장은 금리 동결을 전망하고 있다."
    },
    {
        "title": "무너지는 비트코인···8500만원선까지 추락 [매일코인]",
        "date": "2024.05.01. 오후 1:36",
        "content": "챗GPT7개월 연속 상승세를 보였던 비트코인이 14.88% 하락으로 4월을 마쳤다.4월들어 지속적인 하락세를 기록하고 있는 비트코인은 이번주 들어서도 오는 2일 새벽 5월 연방공개시장위원회(FOMC) 결과를 앞두고 약세를 보이고 있다. 최근 높은 물가가 지속되면서 금리인하에 대한 기대가 약해졌기 때문이다.시장은 이제 오히려 금리인상을 대비해야하는 건 아닌지 우려하고 있다. 비트코인은 유동성에 민감한 자산인만큼 금리 인상에 취약하다.\n\n\n\n1일 코인마켓캡에 따르면 비트코인은 전날 거래를 5.00% 하락한 6만672달러에 마쳤다.비트코인은 전날 장중 5만9191달러까지 하락했다. 이는 지난 3월 5일 기록한 5만9005달러 이후 최저가다.이더리움은 지난 4월 19일 이후 다시 3000달러대가 무너졌다. 이더리움은 전날 6.30% 하락하며 3014달러에 마감했지만 이날 오전들어 2900달러대로 밀린 상태다.\n\n\n\n 김치프리미엄차트가격 하락세가 지속되면서 국내 투자자들의 투자심리도 급격하게 냉각되고 있다.이달 중순만해도 10%가 넘어갔던 김치프리미엄은 2%이내로 줄어들었다. 이는 지난 2월 15일 이후 최저치다.김치프리미엄은 해외가 국내의 비트코인 가격 차이를 뜻한다. 일반적으로 국내엔 해외시장 대비 비트코인 보유량이 적어서 매도세가 적게 나오고, 트래블룰로 인해 시세차익을 노리는 거래인 아비트라지도 어려워 상승장에서 김치프리미엄이 높은 수준으로 유지되는 현상이 나타난다.\n\n\n\n 제롬 파월 미 연준 의장<AP 연합뉴스>가상자산 시장은 최근 거시경제 여건에 따라 움직이고 있다. 시장의 가장 큰 관심은 미국 연방준비제도(연준)에 쏠려있다. 연준은 지난달 30일부터 5월1일(현지시간 기준)까지 이틀간 FOMC를 진행한다.당초 미 연방준비제도(Fed·연준)가 오는 6월부터 금리를 내릴 수 있다는 전망이 많았으나, 인플레이션 때문에 인하 시기가 연기될 수 있다는 관측에 힘이 실렸다.제롬 파월 연준 의장은 지난 3월 소비자물가가 예상치를 웃돌자 “올해 2% 목표치에 대한 추가 진전이 부족하다”면서 “목표치를 향한다는 확신에 이르기까지 기존 예상보다 더 오랜 기간이 걸릴 것 같다”고 밝힌 바 있다.거시경제가 주춤하면서 비트코인 현물 상장지수펀드(ETF) 또한 연일 순유출세다. 비트코인 현물 ETF는 개인 주식투자자와 기관투자자 등이 참여하는 시장인만큼 기존의 가상자산시장보다는 주식시장의 움직임과 궤를 같이할 수밖에 없다.\n\n\n\n FarsideInvestors파사이드인베스터스에 따르면 지난 30일(현지시간) 미국에 상장된 비트코인 현물 ETF에서는 총 1억6160만달러 규모의 순유출이 나타났다. 벌써 5거래일 연속으로 순유출세가 이어지고 있다.블랙록의 IBIT와 함께 시장의 순유입을 이끌었던 피델리티의 FBTC에서도 최근 4일 연속으로 순유출이 나타나고 있다.\n\n\n\n 재판 출석하는 자오창펑 바이낸스 창업자<시애틀 AFP=연합뉴스>전날 시장의 관심을 모았던 뉴스는 세계 최대 코인 거래소인 바이낸스 창업자 자오창펑의 징역 4개월형 선고 소식이다.앞서 지난해 11월 자오 창펑은 미국의 돈세탁 방지법을 위반했다며 유죄를 시인했다. 당시 미 재무부는 지난 2018년부터 자금세탁 등으로 바이낸스를 조사해온 끝에 바이낸스가 미국 사용자가 수백만명에 이른다는 사실을 알고 있었지만 자금세탁 방지를 위해 노력하지 않았다는 내용을 발표했다. 당시 미 재무부는 바이낸스와 5조5000억원 규모의 합의를 했다.하지만 미 검찰은 합의에도 기소를 유지해왔다. 다만 자오 창펑이 선고받은 징역 4개월의 형량은 앞서 지난 23일 미 검찰이 구형한 징역 3년보다 훨씬 줄어든 것이다. 미국 연방 권고 가이드라인에 따른 징역 1년 6개월에도 미치지 못하는 수준이다. 자오창펑이 받은 형량은 고객 자금 수십억달러를 빼돌린 혐의로 기소돼 1심에서 유죄 판결을 받은 가상화폐 거래소 FTX 창업자 샘 뱅크먼-프리드가 25년 형을 선고받은 것과 비교하면 매우 가벼운 것으로 평가된다."
    },
    {
        "title": "상장사 절반이 1분기 '어닝 서프라이즈'…영업익 10% 상회",
        "date": "2024.05.01. 오전 10:27",
        "content": "1분기 실적 발표 기업 71곳 분석코스피·코스닥 36곳 10% 상회한화시스템·SK이노· 50%↑ '훨훨'\n\n\n\n30일 서울 중구 하나은행 본점 딜링룸 전광판에 코스피 지수 등이 표시되고 있다. 이날 코스피 지수는 전 거래일 대비 4.62포인트(0.17%) 오른 2692.06에, 코스닥은 0.79포인트(0.09%) 내린 868.93에 장을 마감했다. 연합뉴스[서울경제] 올해 1분기 실적을 발표한 국내 상장사 중 절반이 ‘어닝 서프라이즈(깜짝 실적)’를 기록한 것으로 나타났다.1일 금융정보업체 에프앤가이드에 따르면 증권사 3곳 이상의 3개월 이내 실적 추정치가 있는 코스피·코스닥 기업 중 1분기 연결 재무제표 잠정 실적을 발표한 기업은 모두 72곳이다. 이중 매출액만 발표한 서울반도체(046890)를 제외한 71곳 가운데 51곳(71.8%)의 1분기 영업이익이 컨센서스(시장 전망치 평균)를 평균 17.6% 상회했다. 업종 별로 보면 반도체, 은행, 자동차 등이 서프라이즈에 기여했다.그중에서도 영업이익이 컨센서스를 10% 이상 웃돈 기업은 36곳으로, 전체의 50.7%에 달했다. 기업별로 보면 한화오션(042660)이 컨센서스(146억 원)의 3.6배에 달하는 529억원의 영업이익을 올렸다. 환율 효과에다 절대적인 이익 규모는 크지 않지만 직전 분기 대비 흑자 전환에 성공한 점은 의미를 부여할 만 하다.한화시스템(272210)(70.1%), LX하우시스(108670)(66.5%), SK이노베이션(096770)(57.4%), HD현대일렉트릭(267260)(54.7%), 효성티앤씨(298020)(51.2%)도 시장 예상치를 크게 웃도는 성과를 냈다.특히 시가총액 1, 2위인 삼성전자(005930)(25.5%), SK하이닉스(000660)(55.6%)는 높아진 시장 눈높이를 채우고도 남을 만큼 좋은 실적을 거뒀다. 여기에 아모레퍼시픽(090430)(42.8%), LG에너지솔루션(373220)(38.2%), 포스코퓨처엠(003670)(36.3%), LG생활건강(051900)(16.6%) 등 실적 우려가 있던 업종에서도 깜짝 실적이 나오면서 코스피의 실적 자신감을 키우는 모습이다.반면 HD현대중공업(329180)(-55.8%), 에스원(012750)(-18.5%), 대우건설(047040)(-17.3%), 현대로템(064350)(-17.2%), SNT모티브(064960)(-14.4%), HDC현대산업개발(294870)(-13.6%) 등 20개 기업은 컨센서스에 미치지 못하는 부진한 실적을 냈다."
    },
    {
        "title": "“지금이 골든타임”…‘밸류업 공시’ 가이드라인 나온다",
        "date": "2024.05.01. 오전 10:20",
        "content": "2일 ‘기업가치 제고 계획’ 가이드라인 공개이달 중 최종안 확정, 준비된 기업부터 자율공시\"국내외 투자자 관심 높아져, 본격 추진할 적기\"자율공시 유도할 세제지원 등 인센티브 관건\"주주환원 확대 기업, 법인세·배당소득세 부담 완화\"[이데일리 원다연 기자] 금융당국이 코리아 디스카운트(국내 증시 저평가) 해소를 위해 연초부터 추진해온 ‘기업 밸류업 프로그램’의 공시 가이드라인이 윤곽을 드러낸다. \n\n\n\n정은보 한국거래소 이사장이 지난 2월 26일 서울 영등포구 여의도 한국거래소 컨퍼런스홀에서 열린 ‘한국 증시 도약을 위한 기업 밸류업 지원방안 1차 세미나’에 참석해 인사말하고 있다.(사진=연합뉴스)한국거래소는 2일 ‘한국 증시 도약을 위한 기업 밸류업 지원방안’ 2차 세미나를 열고 기업가치 제고 계획 가이드라인을 공개한다. 앞서 거래소는 지난 2월 26일 1차 세미나를 열고 세제 지원 등의 인센티브를 통해 기업들이 자발적으로 기업가치 제고 계획을 수립하고 이행하도록 유도한다고 밝혔다.  2차 세미나에서는 이같은 기업가치 계획 수립을 위한 가이드라인 초안이 공개된다. 가이드라인에는 중장기 기업 가치 제고 목표와 계획, 달성 시점 등을 공시하도록 하는 내용이 담길 것으로 보인다. 최종 가이드라인은 이달 중 확정될 예정이다. 금융당국은 당초 상반기 중 가이드라인은 확정하고, 하반기부터 준비된 기업부터 자율적 공시을 시행하도록 한단 계획이었지만 시행 시기가 앞당겨졌다. 김소영 금융위원회 부위원장은 지난달 “국내외 많은 투자자들이 기업 밸류업 프로그램에 대한 관심이 높아지고 있는 만큼 기업 밸류업을 본격적으로 추진할 골든타임”이라고 밝혔다. 기업들이 본격적으로 밸류업 프로그램에 참여할 수 있도록 기업 밸류업 통합 홈페이지 개설 등 인프라 구축도 이달 중 완료된다.기업들의 참여를 유도할 세제 지원 방안은 오는 7월 세법 개정안에 담길 것으로 보인다. 최상목 부총리 겸 기획재정부 장관은 지난달 밸류업의 일환으로 배당소득을 분리과세하는 방안을 추진하겠다고 밝혔다. 최 부총리는 “배당확대 기업 주주의 배당소득에 대해서는 분리과세하겠다”며 “배당, 자사주 소각 등 주주 환원 노력을 늘린 기업에 대해서는 법인세 세액공제를 도입하겠다”고 말했다. 아울러 당국은 3분기 중 코리아 밸류업 지수 개발을 완료하고, 4분기에는 지수 연계 상장지수펀드(ETF)를 개발 및 상장할 예정이다.이경민 대신증권 연구원은 “밸류업 프로그램이 진행 중이라는 점에서 방향성 투자는 유효하다”며 “다만, 기대감 선반영으로 저PBR(주가순자산비율)주의 단기 급등 이후 기대와 현실 간의 간극 조정은 감안해야 한다”고 밝혔다. \n\n\n\n한국거래소가 지난 2월 제시한 기업가치 제고계획 수립 가이드라인 예시. (자료=한국거래소)"
    },
    {
        "title": "‘5월엔 팔아라’ 격언 이번에는 안 통하나…“오히려 상승 예상”",
        "date": "2024.05.01. 오전 10:04",
        "content": "‘셀인메이’ 미 월가 격언 올해도 안 통할 듯지난 20년간 10번은 코스피 수익률 ‘플러스’증권가 “5월 증시 변동성 줄이며 반등할 것”\n\n\n\n [사진 = 연합뉴스]‘5월엔 주식을 팔고 떠나라(셀인메이·Sell in May)’는 미국 월가의 격언이 올해 국내 증시에서 통할 지 관심이 쏠린다. 증권가에서는 미국 연방준비제도(연준·Fed)의 연방공개시장위원회(FOMC) 회의 결과에 따라 단기 변동성이 커질 것으로 보면서도 셀인메이가 아닌 반등 흐름이 나타날 것으로 전망했다.1일 증권가에 따르면 전날 코스피는 2692.06에 거래를 마치며 3거래일 연속 상승 마감했다.지난달 코스피는 2% 가까이 빠졌다. 전날 지수는 13거래일 만에 2700선을 재돌파했으나 오후 들어 하락하며 2690선에 머물렀다. 주가는 미국의 고금리 장기화 우려에 중동의 지정학적 리스크, 환율 급등 등이 겹치면서 지난달 19일 2500선까지 밀리기도 했으나 미국발 반도체·이차전지 훈풍에 힘입어 반등세를 보였다.미국 증권가에서 유래한 셀인메이는 5월에 증시를 떠나서 11월에 다시 투자를 시작하라는 의미다. 이는 1950년부터 2013년까지의 미국 증시가 11~4월에 좋았던 반면 5~10월에는 부진했다는 통계에서 기인한다. 다만 최근 10년간 뉴욕증시의 스탠더드앤드푸어스(S&P) 500 지수의 월별 수익률을 감안하면 셀인메이 전략이 맞아떨어지진 않은 것으로 분석된다.국내 증시에서도 지난 20년을 살펴보면 셀인메이는 절반 정도 통했다. 코스피만 놓고 보면 지난 2004년부터 지난해까지 5월 주가 수익률은 20번 중 10번이 마이너스를 기록했다. 5월 코스피는 지난 2018년과 2019년에 각각 3.67%, 7.34% 하락하며 격언이 들어맞았으나 2020년과 2021년에는 오히려 상승 전환했다.\n\n\n\n 30일 오후 서울 중구 하나은행 본점 딜링룸 전광판에 코스피 지수 등이 표시되고 있다. [사진 = 연합뉴스]통상 5월 증시에서는 1분기 기업 실적이 발표된 뒤 연간 실적 눈높이가 낮아지기 시작하면서 매도세가 거세지는 경향이 있다. 그러나 지난해에는 이런 경향과 달리 반도체 대형주의 강세에 힘입어 5월 코스피가 3.02% 상승했다.증권가에서는 올해도 셀인메이가 통하지 않을 가능성이 크다고 보고 있다. 5월에는 증시 변동성을 줄이며 반등할 것이라는 분석이 지배적이다. NH투자증권은 5월 코스피 예상범위를 2600~2830선으로 제시했다.김병연 NH투자증권 연구원은 “코스피는 4월 일시적인 하락세를 보였으나 5월은 저변동 상승 국면이 전망된다”며 “1분기 어닝시즌을 통과하면서 투자자 센티먼트(감정과 직관)가 주식시장의 주요인으로 작용할 것”이라고 말했다.시장은 한국시간으로 오는 2일 새벽 열릴 5월 FOMC 회의에서 제롬 파월 연준 의장 발언이 증시의 변수가 될 수 있다고 보고 있다. 이번 회의에서 금리는 연 5.25~5.50%로 동결할 것으로 유력시된다.안예하 키움증권 연구원은 “최근 1~3 월 물가 둔화 속도가 약화됐음을 고려하면 미 연준은 5 월 FOMC에서도 여전히 매파적(통화긴축 선호)인 발언을 내놓으며 통화정책 불확실성을 남겨둘 것”이라면서 “FOMC 이후에도 지표 발표 등을 대기하며 불확실성 높은 변동성 확대 구간이 이어질 전망”이라고 말했다."
    },
    {
        "title": "“노동절 연휴 유커가 몰려온다”...‘이 종목’ 모처럼 웃음꽃 활짝",
        "date": "2024.05.01. 오전 8:49",
        "content": "화장품 대장주 올들어 반등아모레 17% LG생건 18% 급등유커 늘어나자 여행업계 수혜파라다이스·롯데관광 상승노동절 연휴 특수까지 기대\n\n\n\n 인천항 국제여객터미널을 통해 입국하는 중국인 단체관광객들 [사진 = 연합뉴스]아모레퍼시픽이 29일 시장의 예상을 넘어선 올해 1분기 영업이익을 발표하면서 중국 소비 회복에 대한 기대감이 커지자 국내 화장품 관련주들이 30일 증시에서 일제히 강세를 나타냈다. 아모레퍼시픽은 미국 매출이 선전하면서 ‘어닝 서프라이즈’를 기록했지만 중국 법인 성적도 그다지 나쁘지 않다는 평가가 나왔다.작년 중국 부동산 경기 하강에 따라 중국 소비 관련주들은 실적과 주가가 동반하락 양상을 보였는데 올초부터 바닥을 쳤다는 분석이 나오고 있다. 화장품, 식품, 여행업종이 그동안 K컬쳐의 인기에 힘입어 선방한 가운데 ‘아픈 손가락’인 중국법인 까지 회복에 대한 기대감이 높아지는 모습이다.30일 한국거래소에 따르면 아모레퍼시픽의 주가는 올해 들어 15.9%,  LG생활건강은 17.5% 상승했다. 이외 두 화장품 대장주는 그동안 미국이나 일본 매출이 큰 중소형 화장품주 주가가 고공행진하는 와중에 상대적으로 부진했는데 최근 들어 중국 소비 회복에 대한 기대로 주가가 상승세다.\n\n\n\n중국 관광객 수가 실적과 연동되는 카지노업체 파라다이스와  롯데관광개발은 올들어 각각 12.5%, 6.4% 올랐다. 중국 매출 비중이 높은 빙그레와 삼양식품은 연초이후 각각 29.4%, 37.7% 상승했는데 이는 중국 뿐만 아니라 북미 등지서 매출이 급증한 덕이 크다.다른 글로벌 중국소비주들도 앞서 중국 시장의 회복을 알리는 실적을 발표했다.유럽 소비주 중 아디다스와 LVMH는 중국 소비 턴어라운드로 인해서 1분기 실적이 크게 향상됐다. 아이다스 매출은 전년 대비 4% 늘었고 LVMH 역시 중국에서의 매출이 전년 대비 10% 성장했다고 밝혔다. 화장품회사 로레알도 중국에서 6.2% 매출 증가를 이뤘다고 발표했다.정정영 한화투자증권 연구원은 “중국 제조기업들의 경영환경이 개선되면서 인력 채용에 적극적이고 임금도 반등하고 있다”면서 “‘이구환신’ 정책 등 중국 정부 주도의 소비 조성으로 가계가 소비 여력을 확보하면서 하반기부터는 중국 내수소비 회복이 가속화될 것”이라고 말했다.LG생활건강에 이어 컨센서스보다 높은 1분기 영업이익을 발표한 아모레퍼시픽은 2분기 중국법인 적자 축소에 대한 기대감도 높아지고 있다. 중국 화장품 소매 판매 데이터 반등으로 따이공들이 재고를 다시 쌓으려는 움직임이 생길때 기존 중국 시장에서 인지도가 높은 두 브랜드가 수혜 대상이기 때문이다.  특히 6월 18일 징둥데이를 앞두고 면세점과 화장품 부문이 동시에 2분기 매출 증가를 기대할 수 있을 것으로 예상된다.김명주 한국투자증권 연구원은 “아모레퍼시픽의 중국 매출이 시장 예상보다 부진했음에도, 적자 폭이 예상보다 적은 이유는 중국 소비자의 화장품 수요 회복으로 중국 내 프로모션비 지출이 감소했기 때문”이라며 “화장품 재고 감소에 따른 수요회복은 2분기에도 이어질 전망이라 중국법인의 적자는 기존 추정보다는 소폭 줄어든 140억원 수준을 기록할 것”으로 전망했다.일본의 골든위크와 중국의 노동절 연휴가 이어지는 5월 1일부터 5일까지 기간을 앞두고 중국 관광객들을 대상으로 하는 카지노주 역시 실적 기대가 커지고 있다. 롯데관광개발은 이 기간 하루 1500실이 넘는 예약을 기록하기도 했다.  롯데관광개발 관계자는 “노동절 기간 제주로 향하는 베이징, 상하이, 홍콩 출발 항공편이 모두 매진돼 연휴 특수를 누릴 수 있을 것으로 예상된다”고 말했다.중국의 3월 소매판매 데이터에서 의류는 3.8%, 스포츠는 19% 전년대비 증가하면서 중국 매출 비중이 높은 휠라홀딩스를 증권가는 수혜주로 꼽기도 했다."
    },
    {
        "title": "\"올해 출발 괜찮네\" 상장사 절반이 1분기 '어닝 서프라이즈'",
        "date": "2024.05.01. 오전 7:30",
        "content": "한화오션 영업익 컨센서스 260%↑…SK하이닉스 56%·삼성전자 25% 웃돌아코스피·코스닥 71개사 중 36곳 10% 이상 상회…\"EPS 상향 팩터 주목\"\n\n\n\n상장사 시가총액 (PG)[박은주 제작] 사진합성·일러스트(서울=연합뉴스) 조민정 기자 = 올해 1분기 실적 시즌이 중반에 접어든 가운데 지난달 말까지 실적을 발표한 국내 상장사 중 절반이 '어닝 서프라이즈'(깜짝 실적)를 기록한 것으로 나타났다.    1일 금융정보업체 에프앤가이드에 따르면 증권사 3곳 이상의 3개월 이내 실적 추정치가 있는 코스피·코스닥 기업 가운데 1분기 실적(연결 재무제표 잠정 기준)을 발표한 기업은 모두 72곳이다.    이중 매출액만 발표한 서울반도체를 제외한 71곳 가운데 51곳의 1분기 영업이익이 컨센서스(시장 전망치 평균)를 상회했다.    그중에서도 영업이익이 컨센서스(시장 평균 전망치)를 10% 이상 웃돈 기업은 36곳으로, 전체의 50.7%에 달했다.    기업별로 보면 한화오션이 컨센서스(146억원)의 3.6배에 달하는 529억원의 영업이익을 내 시장을 놀라게 했다.    한영수 삼성증권 연구원은 \"이번 호실적은 환율의 도움이 크고, 이익이 회복의 초입 단계로 절대 규모가 크지 않다는 점에서 비율의 관점에서 분석하는 것은 무리이지만 직전 분기 대비 흑자 전환에 성공했다는 점은 의미가 있다\"고 말했다.    한화시스템(70.1%), LX하우시스(66.5%), SK이노베이션(57.4%), HD현대일렉트릭(54.7%), 효성티앤씨(51.2%)도 시장 예상치를 크게 웃도는 성과를 냈다.    특히 시가총액 1, 2위인 삼성전자(25.5%), SK하이닉스(55.6%)는 높아진 시장 눈높이를 채우고도 남을 만큼 좋은 실적을 거뒀다.    여기에 아모레퍼시픽(42.8%), LG에너지솔루션(38.2%), 포스코퓨처엠(36.3%), LG생활건강(16.6%) 등 실적 우려가 있던 업종에서도 깜짝 실적이 나오면서 코스피의 실적 자신감을 키우는 모습이다.    반면 HD현대중공업(-55.8%), 에스원(-18.5%), 대우건설(-17.3%), 현대로템(-17.2%), SNT모티브(-14.4%), HDC현대산업개발(-13.6%) 등 20개 기업은 시장 예상치에 미치지 못하는 부진한 실적을 냈다.    조사 대상인 71개사 영업이익은 컨센서스를 평균 17.6% 웃돈 것으로 나타났다.    최병욱 메리츠증권 연구원은 \"최근 5년간 1분기 실적을 살펴보면 예상치를 상회하는 실적이 나오는 것이 일반적이긴 하지만, 올해는 과거 영업이익 서프라이즈 비율 평균인 2.9%보다 훨씬 높다\"고 말했다.    최 연구원은 \"과거 팩터(주식 수익률에 영향을 미치는 요인·Factor) 수익률을 분석해보면 이익의 큰 하락 이후 회복이 기대되는 해에는 주당순이익(EPS) 상향 팩터의 수익률이 좋았다\"며 \"올해가 실적이 중요한 한 해가 될 것으로 전망되는 만큼 향후에도 실적 및 이익 전망치를 지속적으로 모니터링하는 것이 중요하다\"고 조언했다. 1분기 컨센서스 10% 이상 상회 주요기업\n\n\n\n(자료=에프앤가이드)    chomj@yna.co.kr"
    },
    {
        "title": "\"쌀때 사자?'사무라이7'에 풀베팅\"…일학개미의 투자법[슈퍼엔저]②",
        "date": "2024.05.01. 오전 7:25",
        "content": "사무라이7 종목, 올해 성과 닛케이225 웃돌아…환차익도 기대엔화로 미 국채 투자한 ETF는 마이너스…\"손실 확대 우려\"\n\n\n\nⓒ News1 윤주희 디자이너(서울=뉴스1) 신건웅 기자 = 일본 엔화가 34년 만의 최저 수준으로 떨어지면서 '일학개미'의 투자 셈법도 복잡해졌다. 조금이라도 더 수익률을 높이기 위한 '엔테크(엔화+재테크)' 공부가 한창이다.증권가에서는 쌀 때 엔화자산을 사 모으자는 분위기다. 엔화예금과 엔화로 투자하는 상장지수펀드(ETF), 일본 주식 등으로 돈이 몰리고 있다. 특히 '사무라이7' 종목의 성과가 눈에 띈다.다만 엔화로 미국 국채에 투자하는 ETF를 매수한 투자자는 시련을 겪고 있다. 예상과 달리 미국 금리 인하 기대가 한풀 꺾인 데다 엔화 가치하락이 장기화되면서다.1일 한국예탁결제원에 따르면 국내 투자자가 보유 중인 일본 주식 규모는 4월 기준 5조 5530억 원 수준이다. 1년 전 4조 1189억 원보다 1조 4000억 원 넘게 늘었다.일학개미는 올해 들어 6477억 원을 순매수했다. 지난해 같은 기간 213억 원어치를 내다 판 것을 고려하면 분위기가 180도 바뀌었다.올해 가장 많이 매수한 종목은 '아이셰어즈 20년 이상 미국 국채 엔화 헤지 ETF(ISHARES 20+ YEAR US TREASURY BOND JPY HEDGED ETF)로, 4903억 원을 사들였다. '아이셰어즈 7~10년 미국 국채 엔화 헤지 ETF'도 399억 원어치를 담았다.이어 도쿄일렉트론 142억 원, 어드반테스트 98억 원, 아이셰어즈 S&P500 엔화 헤지 ETF 64억 원, 스크린홀딩스 57억 원 순이다.ETF를 제외하고는 모두 '사무라이7(Seven Samurai)' 종목들이다. 사무라이7은 글로벌 투자은행(IB)인 골드만삭스가 미국 증시 상승을 이끄는 '매그니피센트7(M7)'을 본떠 선정했다. 앞서 소개한 종목 외에도 도요타자동차를 비롯해 미쓰비시상사, 스바루, 디스코 등이 포함돼 있다.투자자들은 밸류업 프로그램을 통해 만년 저평가돼 있던 일본 기업들의 재평가가 시작됐고, 엔저로 인해 더 싸게 살 기회라고 판단한 것으로 보인다. 엔화 가치가 하락했을 때 원화로 산 후 엔화 가치가 오르고 팔면 환차익을 누릴 수 있다.성적도 나쁘지 않다. 일학개미가 가장 많이 산 도쿄일렉트론은 연초 이후 42.6%나 올랐다. 같은 기간 미쓰비시상사는 54.3% 상승했고 스크린홀딩스(38.5%), 디스코(36.8%), 도요타자동차(33.2%)도 수익률이 30%를 웃돌았다. 이외에 어드반테스트 16.8%, 스바루 10%다. 닛케이225가 15.4% 오른 것을 고려하면 선방한 수치다.우지연 IBK투자증권 연구원은 \"'7인의 사무라이' 종목들은 일본 증시의 주도주로서 지난해 미 국채 금리 상승기에도 시장 및 여타 종목보다 양호한 주가 퍼포먼스를 보였다\"고 평가했다.주가 변동성을 피하고, 환차익만 노리는 엔화 환전 수요도 꾸준하다. 한국은행에 따르면 3월 말 기준 국내 거주자의 엔화 예금 잔액은 98억 2000만 달러로 1년 전(56억 6000만 달러)보다 약 73% 증가했다.\n\n\n\nⓒ News1 김초희 디자이너반면 엔화로 미국 국채에 투자하는 ETF에 자금을 쏟아부은 투자자는 그야말로 울상이다. '아이셰어즈 20년 이상 미국 국채 엔화 헤지 ETF'나 '아이셰어즈 7~10년 미국 국채 엔화 헤지 ETF'가 대표적이다.'엔화 가치 상승, 미 금리인하'에 베팅하는 상품으로 미국 국채 금리 하락에 따른 채권 가격 상승과 엔화 반등에 따른 환차익을 노린 자금이 유입됐다.그러나 금리 인하 기대가 후퇴하면서 일학개미들의 수익성이 악화했다. 아이셰어즈 20년 이상 미 국채 엔화 헤지 ETF는 미 금리 인하 지연에 올해 들어 가격이 11.9% 떨어졌다. 환차손까지 포함하면 원화 기준 손실은 더 늘어났을 것으로 추정된다.한 업계 관계자는 \"일학개미는 투자처에 따라 손실 차이가 크게 났을 것\"이라며 \"일본 주도주 투자자가 수익률을 누렸다\"고 평가했다."
    },
    {
        "title": "K증시 체력 키운다…기업 밸류업 가이드라인 초안 내일 발표",
        "date": "2024.05.01. 오전 7:16",
        "content": "[앵커] 증권 시장의 관심사인 기업 밸류업 정책이 드디어 베일을 벗습니다. 내일(2일) 기업 밸류업 프로그램의 가이드라인 초안이 공개되는데요. 어떤 내용이 담길지 김수빈 기자가 짚어봤습니다.[기자]금융위원회가 2일 기업 밸류업 프로그램 세부 가이드라인 초안을 공개합니다. '기업 밸류업'은 기업 가치를 제고해 증시를 부양하는 게 주요 목적인데, 투자자들에게 기업의 중장기적인 목표, 달성 계획 및 여부 등을 공시하는 것을 골자로 합니다. 투자자들 입장에서는 기업의 비전을 확인하는 일종의 '비전보고서'인 셈입니다.<황용식 / 세종대 경영학과 교수> \"기업의 선도적인 공시, 재무적인 요소와 비재무적인 요소를 통해서 투자자들에게 좀 더 높은 평가를 해달라는 그런 취지거든요.\"대상은 코스피와 코스닥 시장에 상장된 모든 상장사입니다. 지금까지 사업보고서 등에 기재하지 못한 부분도 자율적으로 공시가 가능해질 전망입니다. 자율에 맡긴 만큼 공시와 계획을 이행한 상장사들에는 인센티브가 주어질 예정입니다.법인세 감면, 배당소득 분리과세 등 다양한 세제 방안이 꼽힙니다.기업으로선 공시에 따른 혜택이 추가적으로 생기는 만큼, 적극적인 참여 유인책이 될 거란 설명입니다.<김소영 / 금융위원회 부위원장> \"지금 프로그램의 제일 큰 특징의 하나가 인센티브는 많이 있는데 페널티가 없다는 겁니다.\"시장의 부흥을 위해 기업 가치 개선 우수기업으로 구성된 지수와 상장지수펀드도 함께 도입할 예정입니다.한편 '쪼개기 상장'에 대해서도 구속력 있는 대책이 담길지 관심이 쏠립니다.쪼개기 상장은 알짜 사업부를 독립시킨 뒤 신설법인으로 다시 주식시장에 상장하는 방식인데, 모회사 가치를 떨어트려 시장 평가 저하 요인 중 하나로 지적받고 있습니다. 금융당국은 업계의 의견을 수렴해 이달 중 최종 가이드라인을 확정하고, 준비되는 기업부터 지원할 방침입니다. 연합뉴스TV 김수빈입니다.김수빈 기자 (soup@yna.co.kr)#밸류업프로그램 #금융위원회 #인센티브 #자율공시연합뉴스TV 기사문의 및 제보 : 카톡/라인 jebo23"
    },
    {
        "title": "\"바닥 밑에 지하실\"…역대급 엔화 약세, 韓 경제 영향은[슈퍼엔저]①",
        "date": "2024.05.01. 오전 7:05",
        "content": "달러·엔 155엔 돌파 후 34년 만에 160.03엔까지 치솟아수출경합도 높은 韓日…수출기업 피해·증시 자금 이탈 등 우려\n\n\n\nⓒ News1 윤주희 디자이너(서울=뉴스1) 김정현 기자 = 달러·엔 환율이 34년 만에 160엔까지 치솟았다. 기록적인 '슈퍼엔저'가 국내 경제에 미칠 여파에 대한 우려가 커지고 있다.달러·엔 환율은 일본 증시가 '쇼와의 날'로 휴장한 지난 29일 오전 한때 달러당 160.03엔까지 올랐다. 달러·엔 환율이 장중 160엔을 넘은 건 버블경제 시기인 1990년 4월 이후 34년 만이다.이후 일본 당국의 시장 개입으로 추정되는 움직임에 엔화 급락세는 진정됐다. 달러·엔 환율은 154엔대까지 후퇴했다.김석환 미래에셋증권 연구원은 \"일본 정부가 엔화가치 급락 방어를 위해 지난 2022년 10월 이후 처음으로 외환 시장에 개입한 것으로 추정된다\"며 \"달러인덱스도 전일 대비 0.4%나 하락했으나 엔화를 제외한 다른 통화변동성은 크지 않았다\"고 설명했다. 그러나 이같은 일본 정부의 개입 움직임에도 30일 기준 달러·엔 환율은 다시 올라 156엔대에 머무르고 있다.\n\n\n\nⓒ News1 김초희 디자이너역대급 엔저 흐름에 달러·원 환율부터 불안한 움직임을 보이고 있다. 금융권에서는 최근 강달러 추세에 엔화 약세까지 겹치며 달러·원 환율도 1400원대까지 치솟을 수 있다는 전망도 나온다.실제로 달러·원 환율은 지난달 30일 전일 대비 5.0원 오른 1382.0원에 마감했다. 달러 ·원 환율은 오는 5월 미국 FOMC를 앞두고 하락 출발했으나, 오후 들어 상승세로 돌아서며 4거래일째 오름세를 이어가는 중이다.슈퍼엔저가 장기화되면 자동차·철강 등 일본과 경합 중인 국내 수출기업의 피해도 우려되는 상황이다. 국내 기업들의 가격 경쟁력이 떨어져 수출에 불리하기 때문이다. 한국경제연구원(한경연) 보고서에 따르면 지난 2020년 기준 한국과 일본의 수출경합도는 69.2로 주요 수출국 중 가장 높은 수준이었다. 이는 △한국·미국 68.5 △한국·독일 60.3 △한국·중국 56.0보다 높은 수준이다.한경연에 따르면 달러·엔 환율 상승률이 1%포인트(p) 오르면 우리나라 수출가격은 0.41%p, 수출물량은 0.20%p 하락한다.역대급 엔저에 향후 엔화가 반등할 것으로 예상한 '환차익' 기대감에 일본 증시로 자금 이탈도 가속화됐다.실제로 예탁결제원 세이브로에 따르면 일본 증시에 투자하는 '일학개미'의 일본 주식 거래대금은 엔저 현상이 이어진 지난해 1월 1억 3008만 달러(약 1796억 원)에서 지난달 7억 5664만 달러(약 1조 449억 원)까지 지속적으로 증가하는 모습을 보였다.문다운 한국투자증권 연구원은 \"일본 중앙은행이 현재 경기 여건에 대한 전망을 바탕으로 엔화 약세에 대해 어느 정도 용인한 이상 당분간 엔화의 추세적인 반등을 기대하기 어려울 전망\"이라고 분석했다."
    },
    {
        "title": "'초강경 매파'로 돌아서나…2일 새벽에 열리는 '파월의 입' 주목",
        "date": "2024.05.01. 오전 7:02",
        "content": "5월 FOMC 금리 동결 예상인플레 상황 인식 발언 중요시장 예상보다 긴축 선호 높으면자산시장 충격파, 환율 요동 가능성\n\n\n\n제롬 파월 미국 중앙은행(Fed) 의장. 사진=AP전 세계 금융시장이 1일(현지시간, 한국시간 2일 새벽) 열리는 5월 연방공개시장위원회(FOMC) 결과에 촉각을 곤두세우고 있다. 제롬 파월 미 중앙은행(Fed) 의장이 금리인상 가능성을 거론하며 기존보다 더 센 '초강경 매파'(통화 긴축 선호)로 돌아설 가능성이 있어서다.\"연내 금리인상 가능성 내놓는다면...\"1일 금융투자업계에 따르면 미국의 5월 FOMC에서 Fed는 정책금리를 5.25~5.50%로 동결할  전망이다. Fed의 기준금리를 전망하는 페드워치툴은 Fed가 97.3%의 확률로 5월 금리를 그대로 유지할 것으로 예측했다. Fed가 금리를 인하할 가능성을 6월 11.5%, 7월 31.6%, 9월 61.7%로 예상하고 있다.문제는 파월 의장의 발언이다. 좀처럼 잡히지 않는 인플레이션과 관련해 현재 상황을 어떻게 설명할지에 관심이 쏠린다. 미국에선 올 1분기 내내 물가와 고용의 상승 국면이 이어짐에 따라 금리인하의 시기를 늦출 것을 확신하는 분위기다.여기에 최근 미국의 성장세 둔화까지 겹치면서 물가를 잡기 위한 매파적 메시지가 나올 가능성이 크다는 관측이 나온다. 가뜩이나 물가 상승세가 잡히지 않는 상황에서 경기침체까지 동반되면 금리인하는 시점은 멀어지기 때문이다.주요 글로벌 투자은행(IB)들은 9월에 첫 금리 인하에 나설 것으로 예상하지만 물가 흐름에 따라 12월로 늦춰질 가능성도 배제하지 않고 있다. 로이터에 따르면 바클레이스, UBS, TD, 웰스파고가 첫 번째 금리인하 시기를 9월로 미뤘고 골드만삭스, BNP파리바, 제프리스는 6월에서 7월로 바꿨다. 이에 따라 Fed의 예상 금리 인하 횟수도 당초 3회에서 1~2회로 줄었다.\n\n\n\n지난 26일(현지시간) 미국 캘리포니아주에 있는 한 대형마트에서 소비자들이 식료품을 고르고 있는 모습. 사진=AFP파월 의장은 최근 미국 워싱턴DC에서 열린 캐나다 경제 관련 워싱턴 포럼 행사에서 \"(2% 인플레이션 목표 달성의) 확신에 이르기까지 기대보다 더 오랜 기간이 걸릴 것 같다\"며 \"최근 경제 지표는 확실히 더 큰 확신을 주지 못하고 있다\"고 말한 바 있다.경제지표는 여전히 Fed의 기대에 미치지 못하고 있다. 3월 소비자물가지수(CPI)는 전년 동기 대비 3.5% 상승하며 1월과 2월에 이어 3개월 연속 시장 전망치를 크게 웃돌았다. Fed가 선호하는 물가지표인 개인소비지출(PCE) 가격지수 역시 예상치를 넘어섰다. 1분기 PCE 상승률은 전년 동기 대비 3.4% 상승으로 집계됐는데, 이는 전 분기(1.8% 상승)를 크게 웃돈 것이다.변동성이 큰 에너지와 식품을 제외한 근원 PCE는 3.7% 상승해 이 역시 시장 전망치(3.4%)를 크게 웃돌았다. 주거비와 에너지를 제외한 근원 서비스물가 상승률은 전분기의 두 배에 달하는 5.1% 수준으로 집계됐다.김용구 상상인증권 연구원은 \"4월 이후 근원 PCE 물가상승률이 전월대비 평균 0.16%(지난해 하반기 이후 평균 0.22%)로의 급속한 물가 하향 안정화가 전제되는 것이 아닌 이상 연내 Fed의 물가 목표치의 조기 달성이 어렵게 됐다\"고 설명했다. 그러면서 \"Fed가 추가 금리인상 논의에 분명한 선을 긋고 이전과 다름없는 신중한 정책 기조를 재확인하는 경우 글로벌 자산시장은 현재와 같은 박스권 등락 흐름을 이어갈 전망\"이라고 관측했다.\"초강경 매파 발언 나오면 자산시장 요동\"\n\n\n\n지난 29일 서울 중구 하나은행 본점에서 직원이 일을 하고 있다. 사진=연합뉴스만약 파월 의장이 발언의 수위를 높여 연내 금리인상 가능성까지 내비친다면 자산시장이 다시 한번 요동칠 수 있다는 게 전문가들의 예상이다.이경민 대신증권 연구원은 \"향후 수개월간 인플레이션의 추가적인 둔화를 확인하기 전까지는 현 수준에서 금리를 유지하는 것이 적절하다는 취지의 발언이 예상된다\"면서도 \"만일 연말까지 추가 금리인상 가능성을 명시적으로 언급할 경우 금융시장의 추가적인 충격이 불가피할 것\"이라고 말했다.달러화 초강세에 놓여 있는 외환시장이 가장 먼저 출렁일 수 있다.박상현 하이투자증권 연구원은 \"5월 FOMC 회의 내용이 얼마나 매파적일지에 따라 미국 국채 금리와 달러화 흐름이 크게 좌우될 것\"이라며 \"만약 FOMC 회의 결과가 시장 예상보다 더 매파적이라면 달러 추가 강세로 엔·달러 환율의 추가 상승 압력도 커질 것\"이라고 설명했다.박 연구원은 이 경우 원·달러 환율의 변동성 확대도 불가피하다고 지적했다. 원화는 FOMC 회의 결과는 물론 엔·달러 환율과 높은 동조화 현상을 보여서다.박 연구원은 \"만약 일본 정부가 외환시장 직접 개입 등으로 엔·달러 환율이 다소 안정을 찾는다면 원화 역시 추가 하락할 여지가 있다\"며 \"역으로 매파적 FOMC 회의 결과 등에 따라 엔·달러 환율이 추가로 상승하면 원화도 재차 1400원에 근접하는 환율 상승세가 나타날 것\"이라고 관측했다."
    },
    {
        "title": "역대급 엔저…저가 中철강에 日철강 수입확대 가능성 '설상가상'",
        "date": "2024.05.01. 오전 6:01",
        "content": "철강 등 韓산업 영향권…\"철강·화학분야 기업에 부담될듯\"한일간 낮아진 해외시장 경합도…\"수출 전반 영향은 제한적\"\n\n\n\n엔/달러 환율 160엔 돌파…日금리 동결에 기록적 엔저    (서울=연합뉴스) 이지은 기자 = 기록적인 엔화 약세가 지속되면서 지난달 29일 외환시장에서 오전 한때 엔/달러 환율이 160엔을 돌파한 가운데 이날 서울 중구 하나은행 위변조대응센터에서 직원이 엔화와 달러화를 정리하고 있다. 엔/달러 환율이 160엔선을 넘어선 것은 1990년 4월 이후 34년 만이다. 2024.4.29    jieunlee@yna.co.kr(끝)(세종=연합뉴스) 차대운 기자 = 달러 강세 속에 엔화 가치가 원화보다 더 큰 폭으로 하락하고 있어 한국 산업·무역에 미칠 영향에 관심이 쏠린다.     특히 철강업계에서 우려의 목소리가 적지 않다. 중국산 저가 철강 제품의 국내 유입으로 가뜩이나 어려운 상황에서 '역대급 엔저'로 일본 철강 제품이 경쟁력을 키우는 형국이기 때문이다.     1일 한국무역협회에 따르면 지난달 29일을 기준으로 원/달러 환율은 올해 들어 5.9%, 엔/달러 환율은 12.4% 각각 올랐다. 달러 대비 엔화의 가치 하락 폭이 원화보다 더 컸다는 뜻이다.     지난달 29일 아시아 외환시장에서 엔/달러 환율은 1990년 4월 이후 34년 만에 처음으로 달러당 160엔선을 넘기도 했다. 같은 날 원/엔 재정환율은 한때 860원대까지 내려갔다.     전통적으로 엔저 심화는 통상 한국 기업의 수출 경쟁력을 약화시키는 요소로 여겨진다.     철강, 자동차, 석유화학 업종 등의 기업에 영향이 큰 편이다.     이런 가운데 국내 철강업계는 중국산 저가 철강 제품은 물론 엔저를 등에 업은 일본 철강 제품과 경쟁해야 하는 상황에 직면했다.     한국철강협회에 따르면 작년 중국산과 일본산 철강재 수입은 각각 873만t, 561만t으로 전년보다 29.2%, 3.1% 늘어났다.     작년 한국의 전체 수입 철강재 중 중국과 일본에서 수입된 철강이 차지하는 비율은 92%에 달했다. 엔저 심화는 일본 철강 수입이 확대되는 요인으로 작용할 수 있다.\n\n\n\n포항제철소에서 생산된 열연 코일[포스코 제공. 재판매 및 DB 금지]업계에 따르면 중국산 제품의 대거 유입으로 국내산 열연강판(SS275 기준) 가격은 최근 1t당 70만원대까지 내려갔다. 수입산 열연강판은 국내산과 비교해 5∼10% 낮은 가격으로 국내 시장에서 팔리고 있다.    가격 경쟁 격화는 포스코와 현대제철 등 국내 주요 철강사들의 수익성 악화로 이어지고 있다.    포스코홀딩스 철강 부문 영업이익은 작년 2분기 1조원을 넘겼지만, 이후 지속 하락해 올해 1분기에는 3천억원대까지 밀렸다.    철강 업계 관계자는 \"일본산 철강 수입재의 비중이 이미 상당히 늘어나 국내 철강 수요를 잠식하고 있다\"며 \"철강 시황이 안 그래도 좋지 않은데 엔저 심화로 위기감이 커지고 있다\"고 말했다.    다만 최근 한국과 일본의 주요 기업이 자국 통화 약세를 미국 등 해외 시장에서 '가격 인하'보다는 '이익 확대'의 기회로 활용하는 경향이 뚜렷해졌다는 점에서 최근의 엔저 심화가 한국의 자동차, 반도체 기업들의 전반적 수출 감소로 이어질 가능성은 작다는 관측이 나온다.    또 과거 한국과 일본은 주력 산업인 자동차와 전기·전자, 철강, 선박 등 여러 분야에서 수출 경합도가 높았지만, 최근 들어서는 자동차, 반도체 등을 제외한 여러 분야에서 수출 경합도가 낮아지는 추세이기도 하다.    작년부터 장기화한 엔저 현상에도 전기차 수출 호조가 보여주듯 한국의 주요 수출품이 해외 시장에서 가격 경쟁력에만 의존하지 않고 차별화된 품질과 기술 경쟁력을 앞세우고 있다는 것도 과거와는 크게 달라진 점으로 꼽힌다.    일례로 과거 조선 산업은 한일 기업의 수출 경합도가 높은 분야였지만, 최근 K-조선사들은 기술력을 바탕으로 세계 시장에서 액화천연가스(LNG) 운반선 등 고부가 선박 수주를 독식하고 있다.     장상식 무역협회 동향분석실장은 연합뉴스와 통화에서 \"최근 들어 엔화의 하락세가 원화보다 더욱 가팔라지는 추세\"라며 \"엔저 심화가 한국의 무역 전반에 영향을 주기보다는 이미 공급 과잉이 문제가 되는 철강, 화학 등 분야 기업에 부담 요인이 될 것으로 보인다\"고 말했다.    cha@yna.co.kr"
    }
]