[
    {
        "title": "“달러 자산 사모아라, 주식은 저평가된 종목만”…재테크 고수의 조언",
        "date": "2024.05.12. 오후 10:58",
        "content": "서울머니쇼서 전문가 조언부동산 공격투자 시기상조실수요자는 급매물에 관심저평가 자산으로 분산투자 달러표시 자산등도 보유\n\n\n\n 재테크 기본기및 샐러리맨의 재테크 2024.05.11 [이충우 기자]“단기수익율이나 레버리지 투자에 집중할 때가 아니다. 부동산에 자산을 과도하게 집중하기 보다 현금흐름이 꾸준한 주식·채권 등 금융자산 등도 늘려야 한다. 공격적 부동산 투자는 시기상조이고 실수요로 접근해야 한다”지난 9~10일 서울 코엑스에서 역대 최대 규모로 열려, 역대 최대 인원이 다녀간 서울머니쇼에서 재테크 고수들이 투자방향으로 조언한 내용들이다. 올해 서울머니쇼에서는 ‘세상의 모든 재테크’라는 주제로 주식·부동산·채권·노후대비··대체투자 등에서 47개 특강에 열렸고 여기서 74명의 전문가들이 재테크 노하우를 전했다.재테크 고수들은 5대 투자 조언·원칙으로 ▲일희일비 하지말고 저평가된 자산 등으로 중장기 분산 투자 ▲단기수익 쫓는 레버리지 투자 금물 ▲저평가된 배당주나 채권 등으로 현금흐름 유지 ▲공격적 부동산 투자 자제하고 실수요 접근 ▲달러 강세와 고금리 등 대응해 달러 표시 자산 보유 등이다.\n\n\n\n지난 9일 기조연설자로 나선 스티브 브라이스 SC(스탠다드차타드)그룹 최고투자전략가는 “올해 미국 경기는 연착륙 가능성이 높다”며 “달러 표시 신흥국 채권이나 미국 주식 비중을 늘려 인플레이션 상황을 버텨내야 한다”고 밝혔다. 특히 그는 주식 60%, 채권 33%, 금 등 대안투자 5%, 현금 2% 등 구체적인 자산 포트폴리오 비율까지 제시해 관람객들의 관심을 끌었다.황호봉 대신자산운용 글로벌솔루션 본부장도 “단기적 환차익의 유혹에 끌릴 수도 있지만 환율의 정확히 예측하기는 하늘의 별따기”라며 “중장기적으로 달러로 된 자산을 늘리는 것이 낫다”고 전했다.금과 같은 자산으로 포트폴리오를 다변화해야 한다는 조언도 있었다. 오건영 신한은행 WM추진부 팀장은 “지정학적 위기로 인해 금과 같은 안전자산으로 머니무브가 이뤄지고 있다”며 “채권 시장은 과거 보다 변동성이 커져 투자 난도가 높아지고 있다”고 말했다.단기 수익률를 노리거나 레버리지 투자에 나서기 보다는 중장기 투자, 분산투자가 적당한 때는라는 조언들도 이어졌다. 박성진 이언투자자문 대표는 “초전도체나 대선 등 유행하는 테마주에 따라갔다가 수익은 커녕 원금 손실이 나는 경우가 다반사”라며 “기업 이익이 결국 주가를 결정한다는 믿음으로 저평가 가치주에 투자해야 한다”고 강조했다. 김경필 한국머니트레이닝랩 대표는 “경기 부진과 높은 물가가 지속돼 자산시장도 양극화가 나올 것”이라며 “일단 불필요한 소비를 줄이고 저축을 한다는 각오로 리스크를 낮춰야 한다”고 말했다.부동산 관련해서는 공격적 투자는 시기상조라는 의견이 많았다. 다만 실수요자들은 옥석을 잘 가린다면 지금이 기회라는 조언도 이어졌다. 최환석 하나은행 부동산투자자문센터 센터장은 “투자 측면에선 기다려야 하는 타이밍이지만, 첫 주택을 사거나 갈아타기하는 분들처럼 실수요 목적이라면 급매물을 중심으로 관심을 가져도 좋을 것”이라고 설명했다.서울 노원구 중계동과 양천구 목동 같은 학군지 재건축을 주목해야 한다는 입장도 있다. 수도권광역급행철도(GTX) 개통 호재가 있는 경기도 성남과 용인 등 경부선 라인도 유망하다는 평가도 나왔다. 하지만 고금리 현상이 당분간 이어질 수밖에 없기 때문에 과도한 ‘빚투’는 경계해야 한다는 조언도 많다. 특히 상가나 지식산업센터, 오피스텔 등 수익형 부동산 투자에 대해서는 시기상조라는 견해가 대부분이었다."
    },
    {
        "title": "“중국서 안팔려도 괜찮아, 우린 전세계”…몰라보게 달라진 K뷰티 주식",
        "date": "2024.05.12. 오후 10:30",
        "content": "연초 부진했던 K뷰티 관련주중국 수출비중 반토막났지만미국·동남아 등 수출지역 다변화\n\n\n\n 서울 시내 화장품 매장을 찾은 외국인 관광객. 2024.4.3 [사진 = 연합뉴스]연초 부진한 주가 흐름을 나타내던 국내 화장품·미용기기 관련 종목들의 주가가 최근 호실적에 힘입어 상승세를 보이고 있다. 올해 들어 우리나라 화장품 수출액이 크게 증가한 가운데, 과거 화장품 소비를 이끌었던 중국의 비중이 줄어들고 북미·유럽·동남아 등 수출 지역이 다변화됨에 따라 향후 전망도 밝은 편이다.12일 한국거래소 정보데이터시스템에 따르면 국내 증권시장에 상장한 주요 화장품 관련 종목들은 최근 일주일간 급등세를 보였다.올해 초 기업공개(IPO) 대어로 투자자들의 큰 관심을 끌었던 뷰티·피부미용기기 업체 에이피알은 지난 3일 대비 10일 종가가 18.17% 올랐다. 에이피알의 상승세는 주로 외국인 투자자가 이끌었다. 이 기간에 외국인 투자자는 에이피알 주식을 458억원 순매수했다.외국인 투자자의 선호를 바탕으로 한 화장품 관련주의 호황은 비단 코스피 시장뿐만 아니라 코스닥 시장에서도 나타났다.가령 코스닥 상장사 브이티는 일주일간 18.14% 상승률을 보였는데, 이는 외국인이 64억원을 순매수한 덕택으로 분석됐다. 같은 기간 국내 기관 투자자는 3억원을 순매수하는 데 그쳤고, 개인 투자자는 되레 53억원을 순매도했다.\n\n\n\n이처럼 국내 화장품 관련 종목이 잇따른 상승세를 보이는 것은 최근 이들이 강력한 수출 증가를 바탕으로 호실적을 잇따라 내놓고 있기 때문이다.특히 이 분야 대장주로 불리는 아모레퍼시픽이 지난달 말 미국향 매출 증가에 힘입어 시장 예상치를 뛰어넘는 영업이익을 발표하며 투자자의 관심을 끌기 시작했다. 이에 이튿날 아모레퍼시픽 주가는 실적 발표 이튿날인 지난달 30일 하루 만에 8.72% 오르는가 하면, LG생활건강 역시 5.93% 오르는 등 전반적으로 화장품 관련주가 호조세를 보였다.아모레퍼시픽·LG생활건강처럼 시가총액이 수조원에 이르는 대형주는 아니지만, 높은 성장성을 바탕으로 주목받는 중소형 종목 역시 덩달아 호실적을 바탕으로 투자자들의 관심을 끌고 있다.에프앤가이드에 따르면 시가총액이 2000억원 안팎인 토니모리는 올해 매출액 1893억원, 영업이익 184억원을 내 전년 대비 각각 25.28%, 91.67% 증가할 것으로 증권가는 전망하고 있다.이 회사 역시 수출 호조세에 힘입어 매출 상승을 이뤄냈는데, 특히 중국뿐만 아니라 미국·일본 등 선진국 매출 비중이 높은 것으로 알려져 있다.이처럼 최근 국내 화장품·뷰티 관련 업체가 유망한 이유 중 하나는 기존에 한국산 화장품 소비를 이끌던 중국 뿐만 아니라 북미·동남아시아 등으로 수출 지역이 다변화되고 있기 때문이다. 실제로 키움증권에 따르면 지난 4월 국내 기업의 지역별 화장품 수출액은 중국보다는 미국과 유럽 등지에서 크게 증가했다. 미국향 수출액은 전년 동월 대비 92% 증가했으며, 유럽과 일본·동남아도 각각 70%, 30%대의 큰 상승률을 보였다.수출액으로 봤을 때는 아직 중국이 화장품 수출 시장에서 절대적인 비중을 차지하고 있다. 관세청에 따르면 올해 1~3월간 화장품류 수출액은 23억달러였고 26.6%를 중국이 차지했다. 하지만 이는 지난 2021년 중국향 수출 비중이 51.0%임을 고려하면 크게 낮아진 수치다.그간 국내 화장품 업체의 실적은 중국 소비자들을 둘러싼 다양한 정치·경제적 상황에 따라 크게 출렁였으나, 수출 지역이 다변화됨에 따라 향후 이러한 위험이 줄어들 전망이다."
    },
    {
        "title": "\"대기업이 대규모 투자\"…로봇株 훈풍",
        "date": "2024.05.12. 오후 6:15",
        "content": "삼성·현대차·LG'미래 먹거리'로 로봇 찜에브리봇 17% 상승\"실적 개선株 주목해야\"삼성전자가 로봇 연구에 집중할 것이라는 소식에 로봇 관련주가 주목받고 있다.\n\n\n\n지난 10일 유가증권시장에서 산업자동화 설비 제조사 삼익THK의 주가는 10.15% 급등한 1만4540원에 마감했다. 지난해 10월 국내 증시에 입성한 ‘로봇 대장주’ 두산로보틱스도 2.07% 오른 7만3800원에 거래를 마쳤다. 코스닥시장에서도 로봇주는 강세를 보였다. 청소로봇 전문기업 에브리봇의 주가는 16.75% 폭등했다. 로봇청소기용 감속모터를 공급하는 이랜시스(10.69%)를 비롯해 아진엑스텍(5.86%), 휴림로봇(3.99%), 에스비비테크(3.74%), 삼현(3.67%), 레인보우로보틱스(3.29%) 등 로봇 제조사 또는 로봇 부품 공급사가 줄줄이 오름세를 보였다.삼성전자 최상위 연구개발 조직 SAIT(옛 삼성종합기술원)가 기존 연구 인력을 휴머노이드 로봇 개발에 투입하는 등 로봇 사업에 집중할 것이란 소식에 매수세가 몰린 것으로 풀이된다. 로봇은 삼성이 점찍은 미래 핵심 사업 중 하나다. 삼성전자는 2021년 말 기존 로봇사업화 태스크포스(TF)팀을 로봇사업팀으로 격상하고 지난해 레인보우로보틱스 지분을 인수했다. 이재용 회장이 직접 반려로봇 ‘볼리’의 기능을 살펴볼 정도로 관심을 쏟는 분야다. LG전자도 연 매출 100조원 달성을 위한 ‘2030 미래 비전’을 발표하고 로봇 사업을 신사업으로 적극 육성하고 있다. 올 3월엔 미국 실리콘밸리 인공지능(AI) 기반 서비스로봇 개발기업 베어로보틱스에 6000만달러(약 800억원)를 투자했다.현대자동차그룹 역시 2021년 미국 휴머노이드 로봇 기업 보스턴다이내믹스를 약 9600억원에 인수하며 로봇 사업에 뛰어들었다. 양승윤 유진투자증권 연구원은 “올해는 M&A 성과와 실적 개선이 나타나는 로봇기업들이 강세를 보일 것”이라고 말했다."
    },
    {
        "title": "손지웅 하나증권 삼성동금융센터 차장 \"바이오 줄이고 반도체 담아라\"",
        "date": "2024.05.12. 오후 6:14",
        "content": "투자 고수를 찾아손지웅 하나증권 PB 인터뷰\n\n\n\n“우량 반도체주들은 하반기에도 충분한 상승 여력이 있습니다.”손지웅 하나증권 삼성동금융센터 차장(사진)은 12일 한국경제신문과의 인터뷰에서 “금리는 여전히 높고 금융투자소득세 도입 가능성도 수급의 잔존 리스크”라며 “포트폴리오에서 바이오, 밸류업 관련주를 줄이고 반도체주를 늘릴 때”라고 강조했다.그는 프라이빗뱅커(PB) 중에선 극소수에 불과한 ‘프롭 트레이더(증권사 자기자본을 투자하는 직무)’ 출신이다. 손 차장은 “삼성전자 SK하이닉스 두 종목이 지수를 견인하고 있어 코스피지수 상승 가능성은 충분히 남아 있다”고 했다. 그러나 “금투세 도입 여부가 변수”라며 “금투세로 투자 심리가 얼어붙으면 반도체를 중심으로 유가증권시장을 향한 ‘머니 무브’가 더욱 강화할 것”이라고 내다봤다.그는 시장 주도주가 빠르게 변화하고, 전망이 어두운 업종이 많을수록 과감한 손절매 전략이 필요하다고 강조했다. 손 차장은 “소수 종목을 집중 분석해 ‘투자 포인트’를 세운 뒤 투자 후 주가가 종가 기준 10％ 하락하면 재검토에 돌입한다”며 “만약 투자 포인트가 훼손됐다고 판단하면 손실을 1~2％ 줄이겠다고 ‘물타기’를 하지 않고 미련 없이 매도한다”고 말했다. ‘압축 전략’도 중요하다고 했다. 시장의 테마가 자주 바뀔수록, 주도 종목 한두 가지에만 집중해 투자하는 방식이다. 그는 “중요한 점은 내가 투자한 테마의 지속 가능 기간을 파악하는 데 전력을 기울이는 것”이라며 “물리적인 공부 시간을 들이는 수밖에 없다”고 했다.그 역시 주 6일, 오전 6시에 기상해 밤 12시를 훌쩍 넘기며 업종을 학습한다. “과거 근무처에서부터 몸에 밴 습관”이라고 했다. 손 차장은 “모든 주식을 최고점에서 팔 수는 없다”며 “적어도 자신이 투자한 종목에 대해선 텔레그램으로 남들이 분석해놓은 지표라도 수시로 파악하는 정도의 노력은 해야 한다”고 말했다."
    },
    {
        "title": "대형주 쉬는 동안 순환매… 반도체·밸류업 이을 주도주는",
        "date": "2024.05.12. 오후 5:53",
        "content": "깜짝 실적 중소형주 상승세변동성 커지며 거래도 급증시장은 다음 주도주 탐색 중 \n\n\n\n \"오를 건 오른 것 같은데 다음에 투자할 곳이 안 보인다.\" 국내 투자자들이 최근 털어놓는 볼멘소리다. 코스피지수가 2700선을 넘어섰지만 그 이상을 견인할 주도주가 보이지 않는다는 의미다.   ■오를 만큼 오른 증시   12일 한국거래소에 따르면 최근 2주간 거래대금이 가장 많은 종목은 삼성전자(11조1391억원)와 SK하이닉스(4조3119억원)다. 두 종목 모두 8만원선, 18만원선을 돌파하지 못한 채 횡보하고 있다. 이들을 제외하면 거래대금 3~5위에는 중소형주가 포진했다. 거래대금 3위 대원전선(2조5452억원)의 시가총액은 이달 10일 기준 3434억원이다. 구리 가격 급등과 인공지능(AI) 열풍에 따른 전선주 테마를 등에 업고 2주 만에 주가가 60.70% 급등했다. 거래대금 4위 와이씨(1조9084억원)의 시총은 1조2553억원이다. 삼성전자와 반도체 검사장비 공급계약을 체결하며 주목을 받았다. 뒤를 잇는 폴라리스AI(거래대금 1조8461억원)의 시총은 2702억원으로, 그룹사 폴로리스쉐어테크가 엔비디아 지원을 받는다는 소식에 변동성이 커졌다.   상위권에 있어야 할 밸류업 프로그램 수혜주들은 거래량이 줄거나 주가가 횡보하는 모습이다. 현대차와 기아는 2주동안 1조원대의 거래대금을 보였지만 주가는 지지부진하다. 금융주 중에서는 KB금융이 유일하게 52주 신고가를 갈아치우며 강세다.   전문가들은 \"순환매를 탐색하는 중\"이라고 분석한다. IBK투자증권 정용택 수석연구위원은 \"올해 코스피지수 상단을 2800으로 보고 있는데 지난 3월부터 2700 중반까지 올라왔다\"며 \"올해는 반도체주와 밸류업 수혜주가 코스피지수를 끌어올렸는데 그 다음으로 끌고 갈 종목을 시장에서 탐색하고 있는 것 같다\"고 설명했다. 삼성증권 신승진 수석연구위원은 \"대형주가 횡보하며 업종 순환매가 계속되고 있다\"며 \"시장에서 반도체 2사의 시총 비중이 절대적으로 높기 때문에 IT 반도체의 주가 흐름은 시장과 높은 연관성을 갖는다\"고 부연했다.   증시 상승 기대감에 대기자금도 올랐지만 현재는 주춤한 모양새다. 증시 대기자금으로 일컬어지는 투자자 예탁금은 지난해 11월 48조원대에서 이달 2일 58조7908억원대로 늘어났다. 그러나 기존 주도주들이 횡보하면서 8~9일에는 54조~55조원대로 내려 앉았다.   ■\"2800 돌파\" vs \"모멘텀 있어야\"   향후 전망에 대해서는 전문가 사이에서도 의견이 엇갈린다. 정용택 수석연구위원은 \"지금부터는 기업실적이나 금리인하 등 결정적인 모멘텀이 있어야 코스피지수가 2800을 돌파할 수 있다\"며 \"그렇지 않으면 2300~2800선을 횡보할 수밖에 없다\"고 짚었다.   신한투자증권 박석중 연구위원은 \"금융시장의 변동성 높이는 제어됐지만 경기, 물가, 통화정책 경로에 대한 혼선이 존재한다\"며 \"미국이 대선 정국 접어들면서 정책 불확실성이 고조되는 점을 주목해야 한다. 이스라엘과 하마스의 휴전 합의가 난항을 겪고 있고, 미국·중국 간의 분쟁도 재확산 우려가 노출되는 상황\"이라고 우려를 나타냈다.   반면, 대신증권 이경민 연구원은 \"코스피지수가 2750선을 넘어 2800선 돌파도 가능할 것으로 본다\"며 \"12개월 선행 주당순이익(EPS)의 가파른 상승세로 선행 주가수익비율(PER) 10.5배에 해당하는 2817까지 레벨업됐고, 선행 주가순자산비율(BPS)도 상승세를 보이며 2850선대로 올라섰다\"고 강조했다.   신승진 수석연구위원은 \"깜짝 실적을 발표한 중소형주들이 장기간의 다운 사이클을 끝내고 주가 급등을 보이고 있는데 이는 시장 상승 구간에서 자연스러운 현상\"이라며 \"최근 반도체주가 시장의 주목을 받으면서 장기 소외된 섹터가 많아져 업종 순환매 흐름은 지속될 것\"이라고 진단했다."
    },
    {
        "title": "\"부동산PF 충당금 쇼크 … 저축은행들 매물 나올 것\"",
        "date": "2024.05.12. 오후 5:50",
        "content": "조장균 삼정KPMG 전무증자여력 부족한 지방저축銀관망하던 투자자 적극 나설듯롯데·MG 마지막 손보사 매물\n\n\n\n\"저축은행은 올 1분기 실적이 모두 발표되고 나면 매물도 늘고 거래가 활성화될 것으로 보입니다.\"삼정KPMG에서 금융사 인수·합병(M&A)을 담당하는 조장균 전무는 \"올해 1분기에 부동산 프로젝트파이낸싱(PF)에 대한 추가 충당금 설정이 이뤄지고 나면 증자 여력이 부족한 저축은행을 중심으로 매물이 나올 가능성이 높다\"며 \"관망하던 투자자도 밸류 하락을 지켜본 뒤 본격적으로 뛰어들 수 있을 것\"이라고 말했다.특히 지방에서 저축은행 매물이 많이 나올 수 있을 것으로 예상했다.조 전무는 \"수도권에 있는 저축은행은 현재도 2000억원에 육박하는 매물이 좀 있는데, 쉽게 접근할 수 있는 가격은 아니다\"면서 \"지방 저축은행이 더 많이 매물로 나올 경우 거래가 활성화될 수 있을 것\"이라고 내다봤다. 이어 \"올해 가치평가가 낮아진 매물을 잡으면 염가 매수 차익도 노릴 수 있을 것\"이라고 덧붙였다.손해보험사 M&A에 대해 조 전무는 \"손보사 매물은 롯데손해보험과 MG손해보험이 마지막일 것\"이라고 말했다. 그는 \"더 이상 나올 수 있는 매물이 보이지 않기 때문에 손보사 인수 기회는 올해가 마지막일 것으로 보인다\"고 설명했다.특히 롯데손보는 향후 손보사 M&A에 중요한 이정표를 제시할 것으로 기대했다.조 전무는 \"롯데손보의 매각이 향후 손보사 밸류에이션의 시금석이 될 것\"이라며 \"작년에 처음 도입된 새로운 보험회계제도(IFRS17) 탓에 가치평가에 혼선이 있었는데, 당국에서 어느 정도 정리를 해준 만큼 첫 거래 사례인 롯데손보가 지표가 될 수밖에 없다\"고 내다봤다.증권사는 매물로 나올 곳이 제한적일 것으로 전망했다. 조 전무는 \"증권사는 부동산 PF에 물려 있는 절대액은 크지만, 자산 및 수익원 대비 큰 몫을 차지하지는 않는다\"면서 \"증권사 인수에 관심 있는 투자자는 꾸준히 존재하나, 현재까지는 구체적인 매물 출현이 가시화되지 않았다\"고 말했다.[최희석 기자]"
    },
    {
        "title": "에코프로머티 '보호예수 물량' 폭탄주의보",
        "date": "2024.05.12. 오후 5:50",
        "content": "17일 2조이상 매각 제한 풀려2대주주 대규모 처분 가능성배터리株 투자 심리도 악화겹악재에 주가 일주일째 뚝\n\n\n\n2조원이 넘는 규모의 에코프로머티리얼즈 보호 예수 물량 해제일이 다가오면서 '오버행'(대량 매각 대기 물량) 우려가 커지고 있다.증권가에서는 2차전지 업종 전반의 실적 악화에 오버행 리스크까지 대두되는 등 악재가 겹치며 연말께 반등이 가능할 것으로 내다보고 있다.12일 한국예탁결제원에 따르면 에코프로머티리얼즈 전체 상장주식 수에서 32.59%를 차지하는 2248만2253주의 보호 예수가 오는 17일 풀린다.지난해 11월 17일 에코프로머티리얼즈 기업공개(IPO) 당시 6개월 의무 보유 조건이 달려 있던 주식의 매각제한 해제가 임박한 상황이다. 특히 2대 주주인 벤처캐피털(VC) BRV캐피탈매니지먼트가 의무 보유 해제 이후 대규모 물량을 매각할 가능성이 제기되면서 오버행 우려가 주가에 하방 압력으로 작용하고 있다.BRV캐피탈은 2개 운용 펀드를 통해 에코프로머티리얼즈 지분 24.7%(1685만5263주)를 소유하고 있다. 펀드 결성 기간이 7년이 넘어가는 BRV캐피탈은 보호 예수 해제 시점에 맞춰 블록딜을 추진하는 것으로 알려졌다.2차전지 종목의 투심이 악화한 상황에서 BRV캐피탈이 높은 할인율로 블록딜에 나서면 에코프로머티리얼즈 주가는 크게 하락할 수 있다. 겹악재 영향으로 지난 10일 에코프로머티리얼즈 주가는 전날보다 2.13% 떨어지며 7거래일 연속 하락 마감했다.일각에서는 BRV캐피탈의 윤관 대표가 종합소득세 납부를 두고 국세청과 법정 다툼을 벌이고 있어 회수 시점이 멀어질 가능성도 제기한다.고 구본무 LG그룹 회장의 사위인 윤 대표는 '종합소득세 부과 처분 취소 청구' 소송을 진행 중인데, 패소하면 에코프로머티리얼즈에 대한 투자금 운용 성과 보수에 부과될 세금이 대폭 늘어날 수 있다.10일 종가 기준으로 BRV캐피탈이 보유 물량을 전부 처분한다면 약 1조7024억원의 회수 성과를 거둘 수 있어 성과 보수가 수천억 원에 이르게 된다.VC 업계 관계자는 \"통상적인 상황을 가정하고 내부수익률(IRR) 6~8%를 기준수익률로, 기준수익 초과 금액의 20%를 성과 보수로 계산하면 성과 보수만 3000억원이 넘어갈 것\"이라며 \"상징 이후 록업(의무 보유)이 풀리면 당연히 회수할 수 있지만 시점을 늦출 수도 있다\"고 말했다.한편 실적이 악화되며 2차전지 업종 주가는 내리막길을 걷고 있다. 한국거래소에 따르면 국내 주요 2차전지주로 구성된 'KRX 2차전지 TOP10 지수' 수익률은 이달 들어 -3.55%를 기록했다. 이 기간 코스피가 1.35% 상승한 데 비해 저조한 수익률이다.LG에너지솔루션은 1분기 영업이익 1573억원을 기록했지만 미국 인플레이션 감축법(IRA)에 따른 전기차 보조금을 제외하면 사실상 316억원 적자를 냈다. 에코프로비엠 1분기 영업이익은 전년 동기 대비 94% 줄어든 67억원으로 집계됐다.실적 악화의 주요 원인으로는 전기차 수요 둔화, 배터리 가격 하락 등이 꼽힌다. 게다가 오는 11월 미국 대선을 앞두고 IRA의 불확실성이 커지고 있다. 유력 대선 후보인 도널드 트럼프 전 대통령은 지난 2일 \"임기 첫날 IRA 법안 및 전기차 보조금 제도를 폐지할 것\"이라고 공언한 바 있다.시장 눈높이도 낮아지고 있다. 금융정보 업체 에프앤가이드에 따르면 LG에너지솔루션 2분기 영업이익 컨센서스는 한 달 사이 4812억원에서 2975억원으로 38% 떨어졌다. 같은 기간 에코프로비엠 2분기 영업이익 전망치는 426억원에서 4억원으로 대폭 낮아졌다.이안나 유안타증권 연구원은 \"1분기 실적을 바닥으로 2분기부터 외형 중심 실적 개선이 예상되지만 미국 대선 변수가 해소되는 4분기에 본격 섹터 반등이 기대된다\"고 말했다.[김정석 기자 / 명지예 기자]"
    },
    {
        "title": "의료대란에 골골대는 제약株…\"수출 우수 기업에 집중을\"",
        "date": "2024.05.12. 오후 5:49",
        "content": "상급병원 처방 줄면서 피해 누적보령 40일새 15%↓ 등 부진 지속2분기 매출 전망치도 하향 조정금리 불확실성과 맞물려 침체도 장기전문가 \"국내보단 해외실적 봐야\"\n\n\n\n8일 서울 시내 한 대학병원 복도에 빈 병상이 놓여 있다. 연합뉴스[서울경제] 올 2월 전공의 이탈로 시작된 의료대란이 장기화하면서 국내 제약사들의 주가가 연일 바닥을 찍고 있다. 매출 하락 우려 속에 증권 업계는 일찌감치 국내 제약사들의 올 2분기 매출액 추정치를 하향 조정했다. 엎친 데 덮친 격으로 금리 인하 시점도 예상보다 늦춰지며 주가 반등 가능성도 점점 희미해지고 있다. 전문가들은 당분간 국내보다는 수출 실적이 좋은 제약사들에 투자할 것을 권고했다.12일 한국거래소에 따르면 국내 제약사 보령(003850)의 주가는 4월 1일부터 5월 10일까지 약 40일 간 14.99% 하락했다. 유한양행(000100)과 대웅제약(069620) 역시 같은 기간 각각 6.65%, 8.74% 하락하며 올 초와는 다른 양상을 보이고 있다.정부와 의료계 간 대치가 예상보다 길어지며 제약사의 피해 규모도 커지고 있다. 업계 관계자들은 제약사 중에서도 특히 대학병원, 종합병원 등 상급 병원을 위주로 영업을 하는 제약사들의 피해 규모가 클 것으로 전망하고 있다. 의사 부족으로 중증 및 응급 환자를 제외한 환자들의 수술이 미뤄지고 퇴원 환자 수가 늘어나면서 항암제, 주사제, 수액 등 처방이 급감하고 있는 탓이다.\n\n\n\n이에 증권사들은 제약사들의 올 2분기 실적을 낮춰 잡고 있다.금융정보 업체 에프앤가이드에서 집계한 증권사들의 올 2분기 보령의 매출 평균 전망치는 2618억 원으로 한 달 전보다 60억 원가량 감소했다. 보령은 현재 국내 1위 항암제 판매 기업으로 평가받고 있다. 수액제 부문에서 국내 1,2위를 다투고 있는 JW중외제약(001060)과 HK이노엔(195940) 역시 같은 기간 매출 평균 전망치가 각각 10억 원과 45억 원 감소했다. 유한양행은 한 달 새 매출 평균 전망치가 70억 원가량 감소했다. 위해주 한국투자증권 연구원은 “올 2분기부터 의사 파업 여파가 실적에 반영될 예정”이라고 설명했다.올 초 대비 옅어진 금리 인하 가능성도 문제다. 올 3월만 하더라도 금리 인하 기대감에 주가가 들썩였지만 최근 들어 분위기가 달라졌다. 제약·바이오주는 대표적인 금리 수혜주다. 금리가 높을수록 신약 개발에 필요한 자금 조달에 장애가 되기 때문이다. 투자자들 역시 고금리 상황에서 매출 변동성이 큰 제약·바이오주보다는 다른 종목을 투자할 유인이 더 높다. 허혜민 키움증권 연구원은 “신약 가치는 미래 가치를 할인하여 책정되는 것이기에 금리가 높을수록 가치가 하락한다”고 설명했다.전문가들은 당분간 국내 실적보다는 수출 실적을 눈 여겨보라는 조언이다. 수출은 의료 파업과 같은 국내 변수에 거의 영향을 받지 않아 수익률 방어에 도움이 될 수 있다는 것이다. 하태기 상상인증권 연구원은 “제약사들의 주가가 올 3분기 후반부터 다시 살아날 것으로 전망한다”면서도 “다가올 2~3분기 조정기에는 탄탄한 해외 실적이 동반된 안정적인 제약·바이오주에 투자하는 것이 좋다”고 말했다."
    },
    {
        "title": "외국인도 ‘초단타’ 성행…“우량주 장기보유 옛말”",
        "date": "2024.05.12. 오후 5:46",
        "content": "상위 계좌, 거래종목 늘고 시총 줄어알고리즘 매매 주도세력으로 변화\n\n\n\n10일 오후 서울 중구 하나은행 본점 딜링룸 현황판에 코스피가 표시돼 있다. 연합뉴스[서울경제] 한국 주식에 투자하는 외국인 투자자들이 우량주를 장기 보유하는 가치투자 대신 알고리즘을 이용한 초단타 매매로 투자 전략을 바꿨다는 조사 결과가 나왔다.12일 한국증권학회지에 실린 논문 ‘외국인 주도세력의 투자전략 변화: 가치투자에서 고빈도 알고리즘’에 따르면, 우민철 한국거래소 시장감시부 팀장과 엄윤성 한성대 교수는 2005년부터 2022년까지 17년 동안 유가증권·코스닥시장에 상장된 전 종목을 대상으로 외국인의 매매내역을 분석해 이 같은 결과를 제시했다.논문에서 2005년~2008년 상위 10개 계좌는 120개 미만의 종목 만을 거래했지만 2012~2016년이 되자 1000종목 이상을 거래하는 계좌가 상위 10위권 안에 들기 시작했다. 이들은 2016∼2019년, 2020∼2022년 구간에서도 거래대금 상위권을 유지했다. 연구진은 “상위 10개 계좌가 거래한 종목 수가 소수 우량주에서 다수 종목으로 확장됐고 거래 종목들의 시가총액도 급격하게 감소했다는 것은 ‘가치투자자’ 외국인에서 ‘고빈도 알고리즘 투자자(High Frequency Trading·HFT)’ 외국인으로 주도 세력이 변경됐다면 나타날 수 있는 결과”라고 설명했다.\n\n\n\n가치투자가 저평가된 종목을 매수하고 보유하는 중장기 투자전략을 사용한다면, 고빈도 알고리즘 매매는 기업의 적정 가치를 분석하기보다 종목의 단기 움직임에 집중하고 인공지능(AI) 기반의 알고리즘을 이용한 주문 방식으로 다수의 종목에 투자하는 것이 특징이다.저자들은 “미국의 고빈도 알고리즘 매매에 대한 규제 강화와 시장 포화로 인한 수익성 약화 때문에 관련 회사들이 한국을 포함한 싱가포르, 일본 등 아시아로 이동하고 있다”고 전했다.실제로 지난해 이차전지와 초전도체 등 테마주들의 장중 주가 변동성이 커지면서 시장에서는 외국 헤지펀드의 알고리즘 매매가 원인이라는 의혹이 제기됐다. 작년 8월 8일 초전도체 테마주들이 같은 시각에 주가가 일제히 폭락했는데, 일각에선 ‘제2의 시타델 교란 사태’를 의심하기도 했다. 논문 저자들 역시 “금융 당국도 외국인에 대한 다양한 인식과 시장 영향력에 대한 추가적인 견해가 필요하다”고 제언했다."
    },
    {
        "title": "15일 발표 美CPI가 증시 방향 좌우",
        "date": "2024.05.12. 오후 5:41",
        "content": "이번주 증시 향방은 15일(현지시간)로 예정된 4월 미국 소비자물가지수(CPI) 발표에 영향을 받을 전망이다. 투자자들은 4월 CPI 발표를 주목하며 관망세를 보이고 있다. 4월 CPI가 시장 전망치를 뛰어넘으면 금리 인하에 대한 기대감이 위축될 수 있다.반대로 CPI 둔화가 확인되면 물가 상승 둔화에 따른 금리 인하 가능성이 높아지면서 국내 증시에도 긍정적인 영향을 미칠 것으로 분석된다. 전문가들은 근원 CPI 상승률이 3월 3.8%(전년 동월 대비)보다 낮은 3.6%가 될 것으로 전망하고 있다.이번주에는 미국 국내총생산(GDP)에서 60% 이상을 차지하는 소비 흐름을 엿볼 수 있는 지표 발표도 예정돼 있어 시장이 주목하고 있다.한편 매일경제와 크래프트테크놀로지스가 공동 개발한 인공지능(AI) 기반 주식 위험관리지수 '붐&쇼크지수'의 국내판 위험 수치는 이번주에도 0을 나타냈다. 미국판도 전주에 이어 0을 이어나갔다.[오대석 기자]"
    },
    {
        "title": "화장품株 부활 랠리…中 넘어 전세계로",
        "date": "2024.05.12. 오후 5:41",
        "content": "연초 부진했던 K뷰티 관련주中 수출비중 반토막 났지만美·동남아 등 수출지역 다변화뷰티·미용기기도 동반 인기에이피알 일주일새 18% 상승\n\n\n\n연초 부진한 흐름을 나타내던 국내 화장품·미용기기 관련 종목들 주가가 최근 호실적에 힘입어 상승세를 보이고 있다. 올해 들어 우리나라 화장품 수출액이 크게 증가한 가운데, 과거 화장품 소비를 이끌었던 중국 비중이 줄어들고 북미·유럽·동남아시아 등 수출 지역이 다변화됨에 따라 전망도 밝은 편이다.12일 한국거래소 정보데이터시스템에 따르면 국내 증권시장에 상장한 주요 화장품 관련 종목들은 최근 일주일간 급등세를 보였다.올해 초 기업공개(IPO) 대어로 투자자들의 큰 관심을 끌었던 뷰티·피부미용기기 업체 에이피알은 지난 3일 대비 10일 종가가 18.17% 올랐다. 에이피알 상승세는 주로 외국인 투자자가 이끌었다. 이 기간에 외국인 투자자는 에이피알 주식을 458억원 순매수했다.외국인 투자자 선호를 바탕으로 한 화장품 관련주의 호황은 비단 코스피뿐만 아니라 코스닥 시장에서도 나타났다. 가령 코스닥 상장사 브이티는 일주일간 18.14% 상승률을 보였는데, 이는 외국인이 64억원을 순매수한 덕택으로 분석됐다. 같은 기간 국내 기관 투자자는 3억원을 순매수하는 데 그쳤고, 개인 투자자는 되레 53억원을 순매도했다.이처럼 국내 화장품 관련 종목이 상승세를 보이는 것은 최근 이들이 강력한 수출 증가를 바탕으로 잇달아 호실적을 내놓고 있기 때문이다.특히 이 분야 대장주로 불리는 아모레퍼시픽이 지난달 말 미국 매출 증가에 힘입어 시장 예상치를 뛰어넘는 영업이익을 발표하면서 투자자들 관심을 끌기 시작했다. 이에 아모레퍼시픽 주가는 실적 발표 이튿날인 지난달 30일 하루 만에 8.72% 오르는가 하면, LG생활건강 역시 5.93% 오르는 등 전반적으로 화장품 관련주가 호조세를 보였다.아모레퍼시픽·LG생활건강처럼 시가총액이 수조 원에 이르는 대형주는 아니지만, 높은 성장성을 바탕으로 주목받는 중소형 종목 역시 덩달아 호실적을 바탕으로 투자자들의 관심을 끌고 있다. 에프앤가이드에 따르면 시가총액이 2000억원 안팎인 토니모리는 올해 매출액 1893억원, 영업이익 184억원을 내 전년 대비 각각 25.28%, 91.67% 증가할 것으로 증권가는 전망하고 있다.이 회사 역시 수출 호조세에 힘입어 매출 상승을 이뤄냈는데, 특히 중국뿐만 아니라 미국·일본 등 선진국 매출 비중이 높은 것으로 알려져 있다.이처럼 최근 국내 화장품·뷰티 관련 업체가 유망한 이유 중 하나는 기존에 한국산 화장품 소비를 이끌던 중국뿐만 아니라 북미·동남아 등으로 수출 지역이 다변화되고 있기 때문이다. 실제로 키움증권에 따르면 지난 4월 국내 기업의 지역별 화장품 수출액은 중국보다 미국과 유럽 등지에서 크게 늘었다.  [김대은 기자]"
    },
    {
        "title": "“외국인도 한국증시에 질렸다”... 가치투자 아닌 하루 수백번 초단타",
        "date": "2024.05.12. 오후 3:57",
        "content": "17년간 외국인의 매매내역 분석 보고서우량주 가치투자서 알고리즘 기반 단타로\n\n\n\n 여의도 증권가.  [매경DB]외국인 투자자들의 한국 증시 투자전략이 우량주를 장기 보유하는 가치투자에서 ‘고빈도 알고리즘’(초단타) 매매로 바뀌었다는 조사 결과가 나왔다.12일 한국증권학회지에 실린 논문 ‘외국인 주도세력의 투자전략 변화: 가치투자에서 고빈도 알고리즘’에 따르면 우민철 한국거래소 시장감시부 팀장과 엄윤성 한성대 교수는 2005년부터 2022년까지 17년 동안 유가증권·코스닥시장에 상장된 전 종목을 대상으로 외국인의 매매내역을 분석해 이같은 결과를 제시했다.논문 저자들은 지난 2005년부터 2022년까지를 5개 구간으로 나누고, 시기별 거래대금 상위 10개 외국인 계좌의 매매양태를 분석한 뒤 나머지 시기와 비교했다.2005년부터 2008년까지 상위 10개 계좌는 120개 미만의 종목을 거래했지만 2012년부터 2016년까지는 1000종목 이상을 거래하는 계좌가 상위 10위권 안에 들기 시작했다. 이들은 2016년부터 2019년, 2020년부터 2022년 구간에서도 거래대금 상위권을 유지했다.연구진은 “상위 10개 계좌가 거래한 종목 수가 소수 우량주에서 다수 종목으로 확장됐고 거래 종목들의 시가총액도 급격하게 감소했다는 것은 ‘가치투자자’ 외국인에서 ‘고빈도 알고리즘 투자자(High Frequency Trading·HFT)’ 외국인으로 주도세력이 변경됐다면 나타날 수 있는 결과”라고 설명했다.가치투자는 저평가된 종목을 매수하고 보유하는 중장기 투자전략을 사용한다. 반면 고빈도 알고리즘 매매는 기업의 적정 가치를 분석하기보다 종목의 단기 움직임에 집중하고 인공지능(AI) 기반의 알고리즘을 이용한 주문방식으로 다수의 종목에 투자하는 것이 특징이다.저자들은 해외 연구 데이터를 인용하며 “미국의 고빈도 알고리즘 매매에 대한 규제 강화와 시장 포화로 인한 수익성 약화 때문에 관련 회사들이 싱가포르, 일본 등 아시아로 이동하고 있다”며 “국내에 진출한 외국인 투자자의 아시아태평양 임원들과 면담한 결과 전 세계 많은 고빈도 알고리즘 매매 회사들이 한국 등 신흥 시장으로 이동하는 것은 사실”이라고 했다.실제로 지난해 이차전지와 초전도체 등 테마주들의 주가 변동성이 커지면서 시장에서는 외국 헤지펀드의 알고리즘 매매가 원인이라는 의혹이 제기됐다. 지난해 8월 8일 초전도체 테마주들의 조정이 20분 만에 끝나자 일각에서는 ‘제2의 시타델 교란 사태’를 의심하기도 했다.앞서 미국의 대형 헤지펀드 시타델의 계열사 시타델증권은 지난 2017년 10월부터 2018년 5월까지 메릴린치증권 서울지점을 통해 국내 주식 총 264개 종목, 6796개 매매구간에서 시장 질서를 교란한 혐의가 인정돼 지난해 1월 100억원대 과징금을 부과받았다."
    },
    {
        "title": "외국인이 새로 담은 종목들…공통점은 '이것'",
        "date": "2024.05.12. 오후 3:02",
        "content": "[주간증시전망]\n\n\n\n5월3일~5월10일 외국인·기관 순매수 상위 종목/그래픽=김현정코스피가 지난주 장중 2749포인트까지 상승하며 1차 반등 목표였던 2750원 선을 코앞에 뒀다. 깜짝 실적을 발표한 종목들에 외국인과 기관의 수급이 쏠리며 증시를 견인했다. 증권가에서는 오는 15일 예정된 미국 4월 소비자물가지수(CPI) 발표에 주목한다.12일 한국거래소에 따르면 지난 10일 코스피 지수는 전일 대비 15.49포인트(0.57%) 오른 2727.63포인트에 거래를 마쳤다. 지난 한 주 동안(5월3일~10일) 1.91% 상승했다. 코스닥은 지난 10일 864.16원에 거래를 마치며 같은 기간 0.17% 하락했다. 외국인과 기관의 수급이 주가 상승을 견인했다. 외국인은 지난 한 주 동안 1조4469억원 순매수를 기록하며 2주 연속 매수세를 보였다. 기관은 같은 기간 1조296억원 순매수했다.외국인 상위 순매수 종목에는 그간 등장하지 않았던 섹터의 종목들이 등장했다. △인터넷(NAVER) △신재생 에너지(두산에너빌리티) △조선(삼성중공업) △화장품(에이피알·아모레퍼시픽·LG생활건강) △테크(LG이노텍) 등이 이름을 올렸다.이들 종목은 낮아진 시장 기대치를 깨고 깜짝 실적을 발표했다는 공통점을 갖는다. 이익 추정치가 상향되는 업종에 수급이 유입되는 흐름을 보인 것이다. 대표적으로 아모레퍼시픽은 올해 1분기 매출액이 전년 동기 대비 0.2% 감소한 9115억원, 영업이익은 같은 기간 12.9% 증가한 726억원을 기록했다. 영업이익은 시장 기대치 대비 40%(약 560억원)를 웃돌아 어닝 서프라이즈를 기록했다. LG이노텍 역시 1분기 매출이 부진했으나 비용 통제와 달러 강세 영향으로 영업이익이 기대치를 21% 상회하는 1760억원을 기록하며 주목받았다.━14일 발표 앞둔 美 CPI 지수...\"확실한 신호 전까지는 증시 변동성 보일 수 있다\"━\n\n\n\n이번 주 증시의 주요 이벤트는 오는 15일에 예정된 미국 CPI(소비자 물가지수) 발표다. 증권가에서는 4월 헤드라인 CPI가 3개월 만에 반등을 멈추고 코어 CPI(식료품·에너지 제외 지수) 둔화가 재개되면서 글로벌 금융시장 안정에 힘이 실릴 것으로 전망한다.금리 추가 하락은 제한될 가능성이 크다는 전망이다. 중국 무역 지표가 기대 이상 실적을 보이면서 중국 소비 관련 모멘텀(상승 동력)이 연장된다는 분석도 나온다.조병현 다올투자증권 연구원은 \"고용지표의 추가 악화 등을 통해 금리 인하에 대한 명확한 시그널을 확인할 때까지 증시는 변동성이 커질 수 있다\"고 내다봤다. 그러면서 \"중국 무역 지표 서프라이즈는 최근 주목 받는 구리 가격 호조를 뒷받침해주는 소재로 볼 수 있어 기계 업종도 유효한 아이디어로 본다\"고 설명했다.전문가들은 기존 주도주 등이 쉬는 구간에 종목을 중심으로 한 장세가 연출될 것으로 전망한다. 신승진 삼성증권 연구원은 \"AI·반도체 섹터는 오는 22일 예정된 엔비디아 실적 발표 전후 다시 방향성을 보일 것\"이라며 \"실적이 꾸준히 좋거나 수급이 들어올 수 있는 개별 종목을 중심으로 대응하는 게 좋다\"고 조언했다.특히 이번주 밸류업 수혜주로 기대를 모았던 금융·보험 종목들의 실적 발표가 이어진다. 삼성화재·한화생명·삼성증권·메리츠금융지주(이상 14일 예정)와 삼성생명(16일 예정)이 실적 발표를 앞두고 있다. 이재원 신한투자증권 연구원은 \"실적과 컨퍼런스콜 내 주주환원 정책 발표에 주목할 필요가 있다\"며 \"정책 모멘텀 기대 역시 유지될 수 있다고 본다\"고 밝혔다."
    },
    {
        "title": "K주식 외면, 이 정도라니…개미 순매수 10위권, 미국주식ETF 싹쓸이",
        "date": "2024.05.12. 오후 2:14",
        "content": "톱10 순매수 모두 미국 종목개미들 국내증시 순매도 지속\n\n\n\n [사진 = 챗GPT]국내 상장지수펀드(ETF) 시장이 140조원 규모로 급성장했지만, 투자 자금은 국내 주식에 투자하는 ETF는 개인투자자들의 외면을 받고 있는 것으로 나타났다. 국내 증시의 거듭된 부진으로 개인투자자들의 해외 투자 선호 경향이 커졌기 때문이다.12일 코스콤 ETF체크에 따르면 국내 개인투자자들이 올해 초부터 지난 10일까지 순매수한 주식형 ETF 1위는 5075억원 어치를 사들인 ‘TIGER 미국S&P500’으로 나타났다.주식형 ETF 개인 순매수 순위 10위권 이내에 국내 주식에 투자하는 ETF는 없었다.2위는 ‘TIGER 미국배당다우존스(3919억원)’, 3위도 ‘TIGER 미국나스닥100(2097억원)’으로 모두 미국에 투자하는 상품이었다.미국 외에 다른 나라 상품도 없었다. ‘TIGER 미국필라델피아반도체나스닥’(1241억원)와 ‘KODEX 미국반도체MV’ETF(1104억원) 등 미국 반도체 종목을 담은 상품도 10위안에 이름을 올리며 인기를 끌었다.\n\n\n\n반대로 주식형 ETF 개인 순매도 1위는 1795억원을 순매도한 ‘KODEX 레버리지’로 나타났다. 2위도 766억원은 순매도한 ‘KODEX 코스닥150레버리지’였다.올해 주식형 ETF 개인 순매도 1~10위까지 6종목이 국내 주식의 상승에 배팅하는 ETF였다. ‘KODEX 코스닥150선물인버스’와 ‘KBSTAR 2차전지TOP10인버스(합성)’ 등 두개 종목이 인버스였고, 나머지 2개는 중국 주식에 투자하는 ETF로 나타났다.투자자들이 미국 주식에 집중하는 건 국내 주식 투자로는 수익을 내기 어렵다고 보기 때문이다. 미국, 일본 등 꾸준히 오르는 글로벌 증시와 비교해 국내 증시는 수년째 박스권에 갇혀 있다. 올해들어 S&P500이 10.12%오르고, 나스닥이 10.67% 올랐지만, 코스피는 2.17% 오르는데 그쳤다.당분간 국내 증시를 주도했던 대형주들이 반도체를 제외하곤 업황이 기대되지 않는 점도 문제다. 화학주는 중국발 물량공세로 판가가 무너지며 업황을 오랫동안 회복하지 못하고 있다. 2차전지주는 전기차 ‘캐즘’(일시적 수요 둔화)현상으로 수익성이 악화됐다.여기에 자산운용사들의 미국 주식형 ETF위주로 상품을 내놓으면서 투자자들의 선택지가 쏠린 것도 원인이다.최근 한달간 상장된 9개의 주식형 ETF 중 국내 주식에 투자하는건 3종목밖에 없다.그나마도 ‘TIMEFOLIO 글로벌우주테크&방산액티브’ 같은 경우 구성종목 중 미국주식 비중이 50%를 넘어간다.업계 관계자는 “새로운 ETF에 돈이 몰리는 시장 특성상, 당분간 계속 미국 주식형 ETF가 인기를 끌 것”이라고 말했다."
    },
    {
        "title": "주도주가 사라진 국내 증시...\"지수 올라도 돈 못 벌어\"",
        "date": "2024.05.12. 오전 10:49",
        "content": "지난 10일 오후 서울 중구 하나은행 딜링룸 전광판에 지수가 표시되고 있다. 뉴시스 제공 [파이낸셜뉴스] \"오를 건 오른 것 같은데 다음에 투자할 곳이 안 보인다.\"  국내 투자자들이 최근 털어놓는 볼멘소리다. 코스피지수가 2700선을 넘어섰지만 그 이상을 견인할 주도주가 보이지 않는다는 의미다.    ■많이 오른 코스피...\"다음 타자 물색중\" 12일 한국거래소에 따르면 최근 2주간 거래대금이 가장 많은 종목은 삼성전자(11조1391억원)와 SK하이닉스(4조3119억원)다. 두 종목 모두 8만원선, 18만원선을 돌파하지 못한 채 횡보하고 있다.   이들을 제외하면 거래대금 3~5위에는 중소형주가 포진했다. 거래대금 3위 대원전선(2조5452억원)의 시가총액은 이달 10일 기준 3434억원이다. 구리 가격 급등과 인공지능(AI) 열풍에 따른 전선주 테마를 등에 업고 2주 만에 주가가 60.70% 급등했다.   거래대금 4위 와이씨(1조9084억원)의 시총은 1조2553억원이다. 삼성전자와 반도체 검사장비 공급계약을 체결하며 주목을 받았다. 뒤를 잇는 폴라리스AI(거래대금 1조8461억원)의 시총은 2702억원으로, 그룹사 폴로리스쉐어테크가 엔비디아 지원을 받는다는 소식에 변동성이 커졌다.   상위권에 있어야 할 밸류업 프로그램 수혜주들은 거래량이 축소되거나 주가가 횡보하는 모습이다. 현대차와 기아는 2주동안 1조원대의 거래대금을 보였지만 주가는 지지부진하다. 금융주 중에서는 KB금융이 유일하게 52주 신고가를 갈아치우며 강세다.   전문가들은 \"오를 만큼 오른 국내 증시가 순환매를 탐색하는 중\"이라고 분석한다. IBK투자증권 정용택 수석연구위원은 \"올해 코스피지수 상단을 2800으로 보고 있는데 지난 3월부터 2700 중반까지 올라왔다\"며 \"올해는 반도체주와 밸류업 수혜주가 코스피지수를 끌어올렸는데 그 다음으로 끌고 갈 종목을 시장에서 탐색하고 있는 것 같다\"고 설명했다.   삼성증권 신승진 수석연구위원은 \"대형주가 횡보하며 업종 순환매가 계속되고 있다\"며 \"시장에서 반도체 2사의 시총 비중이 절대적으로 높기 때문에 IT 반도체의 주가 흐름은 시장과 높은 연관성을 갖는다\"고 부연했다.   증시 상승 기대감에 대기자금도 올랐지만 현재는 주춤한 모양새다. 증시 대기자금으로 일컬어지는 투자자 예탁금은 지난해 11월 48조원대에서 이달 2일 58조7908억원대로 늘어났다. 그러나 기존 주도주들이 횡보하면서 8~9일에는 54조~55조원대로 내려 앉았다.    ■\"2800 돌파 가능\" vs \"모멘텀 있어야\" 향후 전망에 대해서는 전문가 사이에서도 의견이 엇갈린다. 정용택 수석연구위원은 \"지금부터는 기업실적이나 금리인하 등 결정적인 모멘텀이 있어야 코스피지수가 2800을 돌파할 수 있다\"며 \"그렇지 않으면 2300~2800선을 횡보할 수밖에 없다\"고 짚었다.   신한투자증권 박석중 연구위원은 \"금융시장의 변동성 높이는 제어됐지만 경기, 물가, 통화정책 경로에 대한 혼선이 존재한다\"며 \"미국이 대선 정국 접어들면서 정책 불확실성이 고조되는 점을 주목해야 한다. 이스라엘과 하마스의 휴전 합의가 난항을 겪고 있고, 미국·중국 간의 분쟁도 재확산 우려가 노출되는 상황\"이라고 우려를 나타냈다.   반면, 대신증권 이경민 연구원은 \"코스피지수가 2750선을 넘어 2800선 돌파도 가능할 것으로 본다\"며 \"12개월 선행 주당순이익(EPS)의 가파른 상승세로 선행 주가수익비율(PER) 10.5배에 해당하는 2817까지 레벨업됐고, 선행 주가순자산비율(BPS)도 상승세를 보이며 2850선대로 올라섰다\"고 강조했다.   심승진 수석연구위원은 \"깜짝 실적을 발표한 중소형주들이 장기간의 다운 사이클을 끝내고 주가 급등을 보이고 있는데 이는 시장 상승 구간에서 자연스러운 현상\"이라며 \"최근 반도체주가 시장의 주목을 받으면서 장기 소외된 섹터가 많아져 업종 순환매 흐름은 지속될 것\"이라고 진단했다."
    },
    {
        "title": "대주주 양도차익 '상위 0.1%'는 2212억",
        "date": "2024.05.12. 오전 10:44",
        "content": "상위 0.1% 양도차익 24%→42%로 늘어2022년 양도세 신고 대주주 5504명 집계\n\n\n\n[서울경제] 대주주들 사이에서도 주식을 팔아 얻는 차익이 크게 벌어지고 있는 것으로 나타났다. 1인당 평균 13억 원을 얻지만 그들 사이에서도 ‘0.1%’에 해당하는 대주주들은 2212억 원을 챙기는 것으로 나타났다.11일 국회 기획재정위원회 소속 더불어민주당 양경숙 의원이 국세청에서 받은 자료에 따르면 2022년 주식 양도세를 신고한 대주주는 5504명이었다.이들은 총 2조5745억 원에 주식을 취득해 2022년 9조9434억 원에 매도함으로써, 7조2585억 원의 양도차익을 남겼다. 1인당 평균 13억1900만 원의 양도차익을 거둔 셈이다. 이들이 납부한 양도세는 1조7261억 원으로 평균 3억1400만 원의 세금을 냈다.반면 양도차익 기준으로 상위 0.1%에 해당하는 자산의 양도차익은 3조 971억 원(15건)으로, 1건당 평균 양도차익은 2212억 원이었다. 이는 전체 양도차익의 42.7%를 차지한 것으로 2020년 24.7%에서 비중이 두 배 가까이 늘었다.대주주는 직전 사업연도 종료일에 종목당 10억원 이상을 보유하거나 일정 지분율 이상을 가진 사람으로 상장주식을 팔면 양도차익에 대해 20∼25%의 양도세를 낸다.정부는 작년 말 시행령 개정을 통해 대주주 기준을 종목당 10억원에서 50억원으로 완화했다.양경숙 의원은 “올해 1분기 기준 나라살림(관리재정수지) 적자가 75조원에 이르는 상황에서 윤석열 정부는 재정을 고갈시키는 부자 감세에만 골몰하고 있다”며 “정부가 대주주의 범위를 축소하면서 앞으로 감세 혜택이 소수의 고액주주에게 더욱 집중될 것”이라고 말했다."
    },
    {
        "title": "외국인 투자자도 ‘초단타’ 유행…“우량주 장기보유 옛말”",
        "date": "2024.05.12. 오전 10:16",
        "content": "“1000종목 거래 계좌가 상위 10위권 안”주가 널뛰기 우려···“금융당국 조치 필요”\n\n\n\n10일 오후 서울 중구 하나은행 본점 딜링룸 현황판에 코스피가 표시돼 있다. 연합뉴스[서울경제] 한국 주식에 투자하는 외국인 투자자들이 우량주를 장기 보유하는 가치투자 대신 초단타 매매로 투자 전략을 바꿨다는 조사 결과가 나왔다.12일 한국증권학회지에 실린 논문 '외국인 주도세력의 투자전략 변화: 가치투자에서 고빈도 알고리즘'에 따르면, 우민철 한국거래소 시장감시부 팀장과 엄윤성 한성대 교수는 2005년부터 2022년까지 17년 동안 유가증권·코스닥시장에 상장된 전 종목을 대상으로 외국인의 매매내역을 분석해 이 같은 결과를 제시했다.논문 저자들은 2005년부터 2022년까지를 5개 구간으로 나누고, 시기별 거래대금 상위 10개 외국인 계좌의 매매양태를 분석한 뒤 나머지 시기와 비교했다. 2005년~2008년 상위 10개 계좌는 120개 미만의 종목을 거래했지만 2012~2016년이 되자 1000종목 이상을 거래하는 계좌가 상위 10위권 안에 들기 시작했다. 이들은 2016∼2019년, 2020∼2022년 구간에서도 거래대금 상위권을 유지했다.연구진은 \"상위 10개 계좌가 거래한 종목 수가 소수 우량주에서 다수 종목으로 확장됐고 거래 종목들의 시가총액도 급격하게 감소했다는 것은 '가치투자자' 외국인에서 '고빈도 알고리즘 투자자(High Frequency Trading·HFT)' 외국인으로 주도세력이 변경됐다면 나타날 수 있는 결과\"라고 설명했다.가치투자가 저평가된 종목을 매수하고 보유하는 중장기 투자전략을 사용한다면, 고빈도 알고리즘 매매는 기업의 적정 가치를 분석하기보다 종목의 단기 움직임에 집중하고 인공지능(AI) 기반의 알고리즘을 이용한 주문방식으로 다수의 종목에 투자하는 것이 특징이다.저자들은 해외 연구 데이터를 인용하며 \"미국의 고빈도 알고리즘 매매에 대한 규제 강화와 시장 포화로 인한 수익성 약화 때문에 관련 회사들이 싱가포르, 일본 등 아시아로 이동하고 있다\"며 \"국내에 진출한 외국인 투자자의 아시아태평양 임원들과 면담한 결과 전 세계 많은 고빈도 알고리즘 매매 회사들이 한국 등 신흥 시장으로 이동하는 것은 사실\"이라고 전했다.실제로 지난해 이차전지와 초전도체 등 테마주들의 장중 주가 '널뛰기'에 변동성이 커지면서 시장에서는 외국 헤지펀드의 알고리즘 매매가 원인이라는 의혹이 제기된 바 있다. 작년 8월 8일 초전도체 테마주들이 같은 시각에 주가가 일제히 폭락했는데, 일각에선 '제2의 시타델 교란 사태'를 의심하며 당국의 과감한 조치를 주문하는 목소리가 나오기도 했다.이번 논문 저자들 역시 \"금융 당국도 외국인에 대한 다양한 인식과 시장 영향력에 대한 추가적인 견해가 필요하다\"고 제언했다."
    },
    {
        "title": "코스피 2800 돌파할까…美 4월 CPI에 쏠린 눈 [주간전망]",
        "date": "2024.05.12. 오전 8:02",
        "content": "금리 인하 기대감 커지며 코스피 2700 회복\"4월 CPI 발표 전까지 관망세 유입될 것\"\"중국 실물 경제 지표는 변수로 작용할 전망\"\n\n\n\n사진=연합뉴스코스피가 모처럼 2700선을 되찾았다. 전문가들은 이번 주 공개되는 미국 4월 소비자물가지수(CPI)가 증시의 향방을 가늠하는 분수령이 될 것으로 보고 있다. CPI 상승률이 예상을 밑돌면 증시는 탄력을 받을 전망이다. 반대로 물가상승률이 예상보다 높은 경우 고(高)밸류 종목 주가는 조정받을 수 있다.12일 한국거래소에 따르면 지난주(7~10일) 코스피 지수는 51포인트(1.91%) 오른 2727.63에 마감했다. 미국 고용지표가 둔화하며 금리 인하에 대한 기대감이 부풀었고, 위험 자산에 대한 투자심리가 회복된 것으로 풀이된다.에너지, 조선, 기계, 운송, 화장품, 정보기술(IT), 게임, 금융 등 업종 전반적으로 주가 흐름이 양호했다. 외국인과 기관 투자자가 상승세를 주도했다. 지난주 유가증권시장에서 외국인과 기관은 각각 1조3118억원, 8853억원을 순매수했다. 개인은 2조1030억원을 순매도했다.오는 15일(현지시간) 발표되는 미국 4월 CPI가 투자심리 가늠자 역할을 할 전망이다. 대신증권은 물가 상승률이 꺾일 것으로 봤다. 4월 CPI 상승률 전망치로 3.5%(전년 대비)를 제시했다. 3월(3.5% 상승) 대비 둔화한 수치다. 가격 변동성이 큰 에너지와 식료품을 제외한 근원물가 상승률도 3.6%로 낮아질 것으로 추정했다.이 증권사 이경민 연구원은 \"임금상승률에 이어 CPI 둔화가 확인될 경우 글로벌 금융시장 내 디스인플레이션(물가 상승세 둔화) 기대가 되살아날 전망\"이라며 \"통화정책에 대한 불안심리가 완화되며 코스피 기술적 반등은 이어질 것\"이라고 내다봤다.\n\n\n\n사진=EPA다양한 시나리오를 염두해 대비책을 마련해야 한다는 조언도 제기됐다. 강재현 SK증권 연구원은 \"미국 CPI 발표될 때까지 시장은 관망세를 보일 수 있다\"며 \"단기 상승으로 가격 부담이 커졌고, 주가순자산비율(PBR) 1배 선에서 저항이 강한 것으로 보인다\"고 설명했다.강 연구원은 \"3월에 이어 4월 CPI가 전망치를 웃돌면 금리 인하 기대감이 축소되며 증시가 조정받을 수 있다\"며 \"특히 밸류에이션(실적 대비 주가 수준)이 높은 업종이 조정받을 수 있다\"고 지적했다. 이어 \"예상보다 물가 상승세가 약하면 고밸류, 경기민감, 구조적 성장 업종 간 순환매가 이뤄지며 증시는 재차 상승할 전망\"이라고 했다.중국의 경제 상황은 변수로 작용할 전망이다. 오는 17일 중국 4월 산업생산·소매판매 지표가 발표된다. 대신증권에 따르면 지난달 중국 소매판매는 전년 대비 3.8% 증가해 3월(3.1% 상승)에 비해 회복될 것으로 보인다. 광공업 생산, 고정자산투자도 개선될 전망이다.이에 대해 이경민 연구원은 \"3월 실물지표는 시장 예상치를 크게 밑돌았고, 4월 실물지표도 기대치를 밑돌 가능성이 크다\"며 \"미국 물가는 둔화할 것으로 보이지만 중국 실물지표가 증시의 발목을 잡을 수 있다\"고 분석했다.오는 15일 국내 증시는 부처님오신날을 맞아 휴장한다. 발표될 주요 경제지표는 미국 4월 생산자물가지수(PPI)·MSCI 분기 리뷰(14일), 미국 4월 CPI 및 소매판매 지수(15일), 한국 4월 실업률 및 중국 4월 산업생산·소매판매(17일) 등이다.팬오션·한국가스공사(13일), 삼성증권·CJ제일제당·메리츠금융지주(14일), 어플라이드머티리얼즈(AMAT)·월마트(16일)의 실적 발표도 이어진다."
    },
    {
        "title": "외국인 투자전략 변했다 \"우량주 장기투자 옛말, 초단타매매 성행\"",
        "date": "2024.05.12. 오전 8:00",
        "content": "증권학회 논문…\"종목수↑·거래종목 시총↓·당일매매 비중↑\"\"고빈도 알고리즘 투자사들, 미국·유럽서 아시아로 이동 중\"\n\n\n\n여의도 전경, 여의도 증권가 모습27일 오후 서울 여의도 일대, 증권가 모습. 2021.9.27[촬영 류효림](서울=연합뉴스) 송은경 기자 = 외국인 투자자들의 한국 증시 투자 전략이 소수의 우량주를 매수하고 장기 보유하는 가치투자에서 '고빈도 알고리즘 매매'(High Frequency Trading·HFT)로 불리는 초단타 매매로 변화했다는 연구 결과가 나왔다.    12일 한국증권학회지 최근호에 실린 논문 '외국인 주도세력의 투자전략 변화: 가치투자에서 고빈도 알고리즘'에 따르면, 우민철 한국거래소 시장감시부 팀장과 엄윤성 한성대 교수는 2005년부터 2022년까지 17년 동안 유가증권·코스닥시장에 상장된 전 종목을 대상으로 외국인의 매매내역을 분석해 이 같은 결과를 제시했다.    가치투자가 저평가된 종목을 매수하고 보유하는 중장기 투자전략을 사용한다면, 고빈도 알고리즘 매매는 기업의 적정 가치를 분석하기보다 종목의 단기 움직임에 집중하고 인공지능(AI) 기반의 알고리즘을 이용한 주문방식으로 다수의 종목에 투자하는 것이 특징이다.    논문 저자들은 2005년부터 2022년까지를 5개 구간으로 나누고, 시기별 거래대금 상위 10개 외국인 계좌의 매매양태를 분석한 뒤 나머지 시기와 비교했다.    2005∼2008년 상위 10개 계좌는 각자 일평균 최대 120개 미만의 종목을 거래했으며 거래금액은 29조∼47조원 수준이었다.    시간이 흘러 2012∼2016년 구간에서는 1천종목 이상을 거래하는 계좌가 상위 10위권 안에 들기 시작했고, 이들은 2016∼2019년, 2020∼2022년 구간에서도 거래대금 상위권을 유지한 것으로 나타났다.    각 구간 상위 10개 계좌가 전체 외국인 거래대금에서 차지하는 비중도 점차 커졌다. 2005∼2008년에는 20.13%였으나 2020∼2022년에는 41.35%에 달했다.    각 시기의 상위 10개 외국인 계좌가 매매한 종목들의 시가총액이 감소하는 추세도 관찰됐다.    구간별 상위 10개 계좌에서 거래한 종목들의 시가총액을 단순 평균한 결과, 2005∼2008년에는 8조7천125억원에 달했으나 2020∼2022년에는 평균 2조2천231억원짜리 종목을 매매하는 것으로 나타났다.    또 첫 번째 시기(2005∼2008년)에 상위 10개 계좌의 데이트레이딩(당일 매수·매도) 비중은 5.02%에 불과했으나, 가장 최근 시기(2020∼2022년)에는 9.97%로 상승했다. 한 특정 계좌의 데이트레이딩 비중은 23.21%에 달하기도 했다.    연구진은 \"외국인 주도세력이 거래한 종목들의 시가총액이 급격히 감소했다는 것을 근거로 외국인 주도세력이 교체됐다고 단정할 순 없다\"면서도 \"그러나 상위 10개 계좌가 거래한 종목 수가 소수 우량주에서 다수 종목으로 확장됐고 거래 종목들의 시가총액도 급격하게 감소했다는 것은 '가치투자자' 외국인에서 '고빈도 알고리즘 투자자' 외국인으로 주도세력이 변경됐다면 나타날 수 있는 결과\"라고 설명했다.\n\n\n\n외국인 주식 투자(CG)[연합뉴스TV 제공] \"해외 규제 피해 아시아로 이동하는 HFT…당국 나서야\"    이번 실증연구는 '국내 증시에 참여하는 외국인은 시가총액이 크고 변동성이 작은 우량주 위주로 장기투자한다'는 기존 통념을 뒤집는 것이기도 하다.    논문 저자들은 \"외국인은 대규모 자금을 소수의 우량주에 투자해 중·장기로 운용하는 정보거래자라고 인식되고 있다\"며 \"본 연구는 외국인의 매매양태가 초단기 알고리즘을 이용한 단기성 매매전략으로 전환되고 있는 시점에 거래대금 기준으로 주도세력이 변하고 있음을 증명한 첫 연구\"라고 강조했다.    국내에서 잘 알려진 고빈도 알고리즘 매매 사례로는 2017년 시타델증권의 시장질서 교란행위가 있다.    미국의 대형 헤지펀드 시타델의 계열사 시타델증권은 2017년 10월부터 2018년 5월까지 메릴린치증권 서울지점을 통해 국내 주식 총 264개 종목(총 6천796개 매매구간)에서 대규모 허수성 주문을 쏟아내 호가 상승을 유발한 뒤 단시간에 주문을 취소하는 행위를 반복했다.    이에 금융위원회는 지난해 1월 시타델증권이 초단타 매매로 시장질서 교란행위를 했다고 보고 119억원의 과징금을 부과했으며, 시타델증권은 이에 불복하는 행정소송을 제기했다. 국내에서 고빈도 알고리즘 매매를 수행하다가 시장질서 교란행위로 과징금을 부과받은 것은 시타델증권이 처음이었다.    논문에 따르면 해외 고빈도 알고리즘 투자자는 미국·유럽에서 아시아 시장으로 이동하는 추세다.    저자들은 해외 연구 데이터를 인용하며 \"미국의 고빈도 알고리즘 매매에 대한 규제 강화와 시장 포화로 인한 수익성 약화 때문에 관련 회사들이 싱가포르, 일본 등 아시아로 이동하고 있다\"며 \"국내에 진출한 외국인 투자자의 아시아태평양 임원들과 면담한 결과 전 세계 많은 고빈도 알고리즘 매매 회사들이 한국 등 신흥 시장으로 이동하는 것은 사실\"이라고 전했다.    실제로 지난해 이차전지와 초전도체 등 테마주들의 장중 주가 '널뛰기'에 변동성이 커지면서 시장에서는 외국 헤지펀드의 알고리즘 매매가 원인이라는 의혹이 제기된 바 있다.    작년 8월 8일 초전도체 테마주들이 같은 시각에 주가가 일제히 폭락했는데, 일각에선 '제2의 시타델 교란 사태'를 의심하며 당국의 과감한 조치를 주문하는 목소리가 나오기도 했다.    이번 논문 저자들 역시 \"금융 당국도 외국인에 대한 다양한 인식과 시장 영향력에 대한 추가적인 견해가 필요하다\"고 제언했다.    norae@yna.co.kr"
    },
    {
        "title": "'밸류업' 올라 탄 상장사…본격 시행 앞두고 줄줄이 '자사주 쇼핑'",
        "date": "2024.05.12. 오전 7:35",
        "content": "메리츠 5천억·신한금융 3천억…상장사, 자사주 취득 확대정부, 밸류업 의지 강해…\"주주가치 제고 기대\"\n\n\n\nⓒ News1 김지영 디자이너(서울=뉴스1) 신건웅 기자 = '기업 밸류업 프로그램'의 본격 시행을 앞두고 상장사들이 자사주 매입을 확대하고 있다. 정부 정책에 발맞춰 주주가치를 높이고, 주가를 재평가받겠다는 계획이다.12일 금융감독원 전자공시시스템에 따르면 지난 2월 26일 '1차 기업 밸류업 지원방안' 발표 후 '자기주식취득결정'(44곳) 또는 '자기주식취득신탁계약체결결정'(66곳)을 공시한 상장사는 110곳에 달한다. 지난해 같은 기간(35곳+49곳)보다 23.6% 늘어난 수치다.현금보유여력이 충분하면서도 시장에서 저평가를 받아왔던 금융주들이 자사주 매입에 적극적으로 나섰다.대표적으로 메리츠금융지주(138040)는 3월 21일부터 1년간 5000억 원을 투자해 자사주를 사들이기로 했다. 신한금융지주(055550)도 3000억 원을 투자해 자사주 매입을 시작했다. 우리금융지주(316140)(1366억 원)와 NH투자증권(005940)(500억 원) 역시 자사주 매입에 동참했다.크래프톤(259960)(1992억 원)과 엔씨소프트(036570)(981억 원) 등 그동안 주가 하락이 컸던 게임주도 자사주를 사들였다. 주주들을 달래기 위한 목적으로 풀이된다.이외에 셀트리온(068270)은 2월 26일 이후 750억 원씩 두 차례, 총 1500억 원이 넘는 돈을 투자해 자사주를 매입 중이다. 고려아연(010130) 역시 1500억 원을 투자해 자사주 매입에 시동을 걸었다. 신세계(004170)(1050억 원), SK스퀘어(402340)(1000억 원), SNT모티브(064960)(500억 원), 한미반도체(042700)(500억 원), 금호석유화학(011780)(500억 원) 등도 자사주를 사들이고 있다.상장사들의 잇따른 자사주 매입은 밸류업 프로그램의 시행을 앞두고 정부 정책에 발맞춰 주주가치를 높이기 위한 것으로 보인다.현재 금융당국은 코리아 디스카운트를 해소하고, 주주가치 제고를 위한 밸류업 프로그램을 추진 중이다. 기업 경쟁력 강화는 물론 주주환원을 늘릴 방안을 자율적으로 마련해 공시하도록 유도하고 있다.윤석열 대통령은 지난 9일 취임 2주년 기자간담회에서 밸류업 프로그램과 관련해 \"시장에서 기대하는 강도 높은 정책들을 계속 펼쳐나갈 것이기 때문에 조금 기다려 달라\"며 \"기업 밸류업은 착실하게 단계적으로 잘 진행해 나갈 것\"이라고 강조한 바 있다.증권가에서는 당분간 자사주 취득, 소각 공시가 이어질 것으로 봤다. 이달 밸류업 공시가 본격 시행되면 기업들의 참여가 늘어날 것이라는 분석이다. 한 업계 관계자는 \"그동안 상장사의 인색했던 주주환원 정책은 한국 증시의 디스카운트 요인으로 작용했다\"며 \"정부가 밸류업에 나서고, 상장사들이 동참하면서 한국 증시도 재평가될 것\"이라고 말했다."
    },
    {
        "title": "[마켓인사이트] 연고점 회복 언제쯤…美 물가지표 분기점 될듯",
        "date": "2024.05.12. 오전 7:00",
        "content": "금리·환율 안정에 투심 회복…코스피 3주 연속 상승4월 CPI 두고 \"증시 반등 지속 전망\" vs \"4월 하락장 재연될 수도\"기업 실적 모멘텀 지속 전망…중국 실물지표 발표 주목    (서울=연합뉴스) 조성흠 기자 = 지난주 국내 증시는 미국 통화정책에 대한 불안심리가 지속되는 가운데도 금리, 환율 안정과 기업 실적 개선에 힘입어 3주 연속 상승세를 탔다.    삼성전자가 주중 8만원대를 회복하는 등 반도체 대형주가 반등한 결과 거의 한 달 만에 코스피가 2,700선을 회복했으나, 2,750선 돌파는 힘에 부쳤다.    금주는 미국 4월 소비자물가지수(CPI) 발표가 예정돼 있어 이목이 쏠린다.    금리인하 불확실성이 여전한 상황에서 미국 물가지표의 둔화 여부에 따라 증시가 반등 흐름을 이어갈지 조정을 받을지 결정될 것으로 보인다.\n\n\n\n코스피 2,720대로 반등하며 마감(서울=연합뉴스) 서대연 기자 = 10일 오후 서울 중구 하나은행 본점 딜링룸 현황판에 코스피가 표시돼 있다.    이날 코스피는 전장보다 15.49포인트(0.57%) 상승한 2,727.63으로 마감했다. 2024.5.10 dwise@yna.co.kr12일 연합인포맥스와 한국거래소에 따르면 지난 10일 코스피는 2,727.63으로 전주보다 51포인트(1.90%) 올라 주간 기준 3주 연속 상승했다.    지난 달 11일 이후 근 한 달 만에 2,700선 위로 올라서 안착한 모습이지만 연고점(2,779.40)에는 미치지 못했다.    비둘기파(통화 완화 선호)적이었던 미국 5월 연방공개시장위원회(FOMC)와 이후 공개된 미국 고용지표 둔화 영향으로, 고공행진을 하던 시장 금리와 환율이 진정되면서 위험선호 심리가 되살아난 분위기다.    지난주(6~10일) 유가증권시장에서 외국인과 기관은 각각 1조3천억원, 1조1천억원을 순매수했고, 개인은 2조3천억원을 순매도했다.    주간 기준 외국인은 2주 연속, 기관은 3주 연속 매수 우위를 보이면서 상승장을 견인했다.    외국인은 코스피200 선물을 지난 6일 하루에만 2조3천억원어치 순매수해 역대 최대 기록을 갈아치우는 등 한주간 2조7천억원 순매수했다.    업종별로는 글로벌 운임지수 상승세에 따른 호실적 기대로 해운업이 강세를 보인 운수창고(7.60%)가 주간 최고 수익률을 기록했다.    지난 2일 정부 당국의 2차 기업 밸류업 지원방안 발표 이후 실망감으로 하락했던 보험(7.26%), 금융업(4.14%), 증권(3.87%) 등도 실적 개선 기대 속에 저가 매수세가 유입되면서 수익률이 높았다.    반면 의료정밀(-4.61%), 섬유의복(-1.65%), 전기가스업(-1.57%)은 하락세를 보였다.    코스닥 지수는 864.16으로 전주 대비 1.43포인트(0.16%) 내리면서 3주 만에 하락세로 돌아섰다.\n\n\n\n긴축 고통 연내 안 끝난다…시장금리 오르고 '대출 조이기'까지(서울=연합뉴스) 윤동진 기자 = 미국·한국에서 모두 인플레이션(물가상승) 불씨가 쉽게 잡히지 않으면서, 조기 금리 인하에 대한 기대가 사그라드는 만큼 시장금리는 다시 올라 대출자를 계속 한계 상황으로 몰아붙이고 있다. 이런 고금리의 고통이 올해 연말까지는 이어질 것으로 우려된다. 사진은 6일 서울의 한 시중은행에 부착된 대출 관련 정보. 2024.5.6 mon@yna.co.kr금주는 오는 15일 예정된 미국 4월 소비자물가지수(CPI) 발표가 최대 이벤트가 될 전망이다.    헤드라인 CPI는 전년 대비 3.4% 상승해 3월 3.5%에 비해 둔화할 것으로 시장에선 예상하고 있다. 근원 CPI는 3월 3.8%보다 낮은 3.6%가 될 것으로 전망된다.    증권가에선 4월 CPI 발표를 계기로 통화정책 불안심리가 차츰 완화하면서 코스피의 반등 시도가 이어질 것이라는 기대가 나오고 있다.    이경민 대신증권 연구원은 \"미국 CPI 둔화가 확인될 경우 글로벌 금융시장 전반에 디스인플레이션(물가 상승 둔화) 기대가 되살아날 수 있다\"며 \"4월 CPI를 확인하며 채권 금리 및 달러 안정세가 지속될 것\"이라고 예상했다.    그러면서 \"이는 위험선호 심리를 자극하고 외국인 현·선물 매수로 이어지면서 코스피의 기술적 반등이 지속될 전망\"이라고 기대했다.    김영환 NH투자증권 연구원도 \"소득세 납부가 마감되는 4월 이후 7월까지는 계절적 영향으로 인해 물가와 소비가 둔화한다. 미국 장기채 금리도 추가 상승보다는 하향 안정화할 것으로 예상된다\"며 \"증시가 미국 4월 물가 지표를 큰 무리 없이 소화하며 반등을 모색할 것\"이라고 관측했다.    그러나 미국 3월 CPI 쇼크가 부른 4월의 하락장이 재연될 수 있다는 경고도 나온다.    강재현 SK증권 연구원은 \"미국 서비스업 전 산업에서 전반적 가격 상승이 보고되고 있다\"며 \"물가 압력 확대 재료가 다수 남아있는 4월 CPI는 보수적으로 접근할 필요가 있다\"고 지적했다.    이어 \"시장 분위기를 뒤집어놓은 3월 CPI에 이어 4월에도 CPI가 서프라이즈를 기록할 가능성에 유의해야 한다\"며 \"4월 CPI가 또다시 시장 변동성을 키울 전망\"이라고 말했다.    조병현 다올투자증권 연구원도 \"경기 사이클 측면의 둔화 우려가 가시권에 들어오는 상황에서 인플레이션의 고공 행진이 이어지는 것으로 해석될 경우 최근 나타났던 금리 하락 움직임이 제한되며 시장 변동성을 자극할 개연성이 있다\"고 예상했다.    또한 \"CPI가 예상대로 3.4%에 정체되는 모습이 나온다면 금리 인하 회의론이 재차 자극될 수 있다\"며 \"이 경우 고용지표 추가 악화 등을 통해 금리 인하에 대한 명확한 시그널을 확인할 때까지 증시 변동성이 커질 가능성이 있다\"고 덧붙였다.\n\n\n\n기업 밀집한 서울 도심[연합뉴스 자료사진]한편 1분기 실적 시즌이 마무리로 향해가는 가운데 실적 개선 흐름이 이어지고 있어 개별 종목이나 업종별 주가 상승 모멘텀으로 작용할 것으로 예상된다.    NH투자증권에 따르면 지난 9일 시가총액 기준 82% 기업이 실적을 발표한 결과, 이들의 합산 실적은 매출액 기준으로 컨센서스(시장 평균 전망치)에 0.2% 못 미쳤으나, 지배주주 순이익 기준으로는 18.3% 컨센서스를 웃돌았다.    코스피 기업들의 향후 실적 전망도 상향되는 추세다. 2분기 순이익 전망 상향을 주도하는 업종은 반도체, 자동차, 조선, IT하드웨어, 건강관리 등이다.    조창민 유안타증권 연구원은 \"이익에 대한 기대 회복이 올해 2~4분기 전망치에도 반영되고 있다\"며 \"실적 시즌 서프라이즈를 통해 이익에 대한 기대가 회복되는 국면에서 증시가 견조했던 경험은 긍정적 신호로 해석할 수 있다\"고 말했다.    아울러 \"실적 시즌이 진행될수록 반도체 업종의 이익 상향 기여도가 다른 업종으로 분산되는 점도 특징\"이라며 \"전망치 상향 기여도의 쏠림 현상이 완화되고 있다는 의미로 해석할 수 있다\"고 분석했다.\n\n\n\n부산항에 적재된 컨테이너[연합뉴스 자료사진]금주 말에는 중국 실물지표 발표도 예정돼 있다.    지난주 증시에선 화장품과 미용기기 등 중국 시장 노출도가 큰 업종이 중국 경기 회복에 대한 기대감으로 높은 상승률을 보인 바 있다.    조병현 연구원은 \"최근 발표된 중국 무역지표가 서프라이즈를 연출하며 중국 경기 저점 통과에 대한 기대가 커졌다\"며 \"아직 추세적 회복에 대한 확신은 쉽지 않지만 실물지표 회복을 통해 이 같은 기대가 연장될 경우 환율이나 증시에 우호적 소재로 작용할 수 있다\"고 내다봤다.    NH투자증권은 금주 코스피 전망치를 2,650~2,770으로 제시했다.    금주 국내외 주요 경제지표 발표와 일정(한국 기준)은 다음과 같다.    ▲ 14일 미국 4월 생산자물가지수(PPI)    ▲ 15일 미국 4월 소비자물가지수(CPI)·4월 소매판매, 유로존 1분기 GDP    ▲ 16일 미국 4월 산업생산    ▲ 17일 미국 4월 컨퍼런스보드 경기선행지수, 유로존 4월 소비자물가지수, 중국 4월 산업생산·소매판매    josh@yna.co.kr"
    },
    {
        "title": "\"이번엔 48억\" 또 터졌다…압구정 신고가 속출하는 이유",
        "date": "2024.05.12. 오전 6:49",
        "content": "조합원 빗장 열리자 신고가 속출압구정 '신현대12차' 전용 121㎡, 48억원 거래2월부터 조합원 지위 양도 금지 '예외' 적용투기 우려에 토허제 연장됐지만…\"매수세 꾸준\"\n\n\n\n서울 강남구 압구정동 신현대아파트 전경. 사진=한경DB서울 강남권 대표 재건축 지역인 압구정동에서 연이어 신고가 거래가 나오고 있다. 재건축 조합원 지위 양도가 가능해지면서 매수세가 유입되고 있다는 평가다.12일 국토교통부 실거래가 공개시스템에 따르면 서울 강남구 압구정동 '신현대12차' 전용 121㎡는 지난 1일 48억원(6층)에 팔리며 신고가를 썼다. 지난달 47억6500만원(11층)에 거래되며 기록한 신고가를 2주 만에 갈아치웠다.신현대12차는 '신현대9차', '신현대11차' 등과 압구정2구역으로 묶어 재건축을 진행하고 있다. 압구정동 아파트 단지들은 6개 특별계획구역으로 재건축을 추진하고 있는데, 서울시의 신속통합기획으로 재건축이 추진되는 2구역은 압구정에서 재건축 속도가 가장 빠르다는 평가를 받는다. 압구정 재건축, 조합원 지위 양도 풀리자 신고가 행진지난달부터는 압구정2구역에서 재건축 조합원 지위 양도가 가능해졌다. 현행법에서 투기과열지구 내 재건축 단지는 조합설립인가 이후 매수하면 조합원이 될 수 없다. 신축 아파트 입주권을 받지 못하고 현금청산의 대상이 되니 극히 예외적인 매물을 제외하면 거래가 없었다.하지만 올해 들어서는 조합 설립 이후 3년 안에 사업시행계획인가 신청이 없다면 조합원 지위를 양도할 수 있다는 예외 규정을 적용받게 됐다. 압구정2구역은 2021년 4월 조합설립인가를 완료해 올해 3년이 됐다. 지난달 거래된 매물부터는 조합원 지위가 양도되는 것이다.\n\n\n\n서울 강남구 압구정동 전경. 사진=한경DB2구역은 물론 압구정 다른 아파트 단지들도 그간 사업시행계획인가 신청이 없었다. 압구정4구역과 5구역은 지난 2월, 3구역은 2구역과 마찬가지로 지난달 조합설립인가 승인 3년이 도래했다. 올해 압구정에서 신고가 거래가 연이어 나오는 이유다.지난달에는 신현대12차 전용 182㎡가 74억4000만원(12층)에 신고가로 거래됐고 '현대13차' 전용 105㎡도 43억4000만원(11층)에 신고가를 썼다. '현대1차' 전용 196㎡는 89억원(13층) 신고가를 기록했다. 지난달 압구정동에서 나온 신고가 거래만 6건에 달한다. 2월에는 7건, 3월에도 4건의 신고가 거래가 체결됐다.이러한 움직임에 서울시는 투기 수요를 차단하고자 압구정동 아파트지구 24개 단지를 토지거래허가구역으로 재지정했다. 토지거래허가구역으로 지정되면 주택이나 토지 등을 거래할 때 구청장의 허가를 받아야 한다. 주택에는 최소 2년의 실거주 의무가 적용돼 전세를 끼고 집을 매수하는 이른바 '갭투자'가 불가능하다. 지정효력 기한은 2025년 4월 26일이다. 토허제 재지정에도…\"자금력 있는 수요자 관심\"토지거래허가구역 지정으로 갭투자 수요가 차단됐지만, 일선 부동산 업계에서는 압구정 재건축 단지 매매가 늘어날 것으로 보고 있다. 갭투자가 아니더라도 압구정 재건축 수요는 많다는 평가다. 다만 신고가 행진이 계속 이어지진 않을 것이라는 시각이 많다.\n\n\n\n서울 강남구 압구정동 신현대 아파트 전경. 사진=한경DB압구정동 한 개업중개사는 \"올해 초까지는 10년 보유, 5년 거주, 1주택자 조건을 모두 갖춰 조합원 지위 양도가 가능한 매물만 거래할 수 있었다\"며 \"그간 매물이 씨가 마른 탓에 가격이 높아진 측면이 있었다\"고 설명했다.부동산 빅데이터 플랫폼 아실에 따르면 올해 1월 547건에 그쳤던 압구정동 아파트 매물은 2월 말 653건으로 늘었고 4월 말에는 773건으로 재차 증가했다. 4개 구역의 조합원 지위 양도 금지가 풀리자 매물이 약 40% 늘어난 셈이다. 이달 들어서는 다소 줄어 700건 초반대를 유지하고 있다.부동산 업계 관계자는 \"토지거래허가구역은 개발 호재가 많고 집값 상승 잠재력도 높은 곳\"이라며 \"그중에서도 압구정은 자금력 있는 수요자들이 관심을 두는 곳\"이라고 진단했다. 이어 \"시장 분위기와 상관없이 매수세가 이어질 것\"이라고 내다봤다."
    },
    {
        "title": "'AI 랠리' 벌써 막 내렸나…\"믿을 건 엔비디아의 한방\"",
        "date": "2024.05.12. 오전 6:01",
        "content": "급등하던 주가 최근 한달간 약세 흐름…흔들리는 AI 특수 기대감실적 발표 계기로 밸류에이션 부담 인식…엔비디아 실적 발표가 관건\n\n\n\nAI 반도체 (PG)[구일모 제작] 일러스트(서울=연합뉴스) 조민정 기자 = 올해 들어 증시 상승을 이끌었던 인공지능(AI) 반도체 종목의 주가 흐름이 최근 들어 지지부진하다.    증권가에서는 AI 강세장이 마무리 국면에 접어들었다는 분석까지 나온다.    장기적으로 AI 산업의 성장성은 의심할 여지가 없지만 단기간에 극도로 높아진 기대치와 현실의 간극이 실적과 가이던스(실적전망)를 통해 드러나고 있기 때문이다.    12일 한국거래소와 연합인포맥스 등에 따르면 지난달 11일부터 이달 10일까지 한 달 동안 'KODEX AI반도체핵심장비' ETF는 5.25% 하락했다.    이 ETF는 한미반도체, 리노공업, 이수페타시스, ISC, 하나마이크론 등 주요 AI 반도체 관련 종목을 담고 있다.     SK하이닉스, 삼성전자 등 대형주를 포함한 AI 반도체 종목에 투자하는 'ACE AI반도체 포커스' ETF도 같은 기간 3.66% 하락했다.    낙폭 자체가 크지는 않지만, 직전 한 달인 3월 11일부터 4월 9일까지 이들 ETF가 각각 15.21%, 11.35% 올랐던 것과는 확실한 온도 차이가 있다.     개별 종목들의 주가로도 AI 반도체에 대한 투자 심리가 식은 것이 확인된다.    3월 중순부터 한 달간 13.09% 상승하며 코스피 AI 반도체 랠리를 주도했던 SK하이닉스의 주가는 지난 한 달간 4.51% 하락했다.    '8만 전자' 복귀로 환호를 자아냈던 삼성전자는 4월 중순 이후 7만원 아래로 내려간 뒤 어린이날 연휴 직후 이틀을 빼고는 7만원대 후반대에서 횡보 중이다. 한 달 전과 비교하면 주가는 5.83% 하락했다.    하나마이크론(15.40%), ISC(19.42%), HPSP(15.28%)도 최근의 AI 열풍이 무색하게 주가가 내렸다.\n\n\n\nAI 반도체 생태계 (PG)[강민지 제작] 일러스트앞서 지난달 세계적인 반도체 장비 기업인 ASML과 세계 최대 파운드리 업체인 TSMC가 예상에 못 미치는 부진한 실적을 내자 국내 반도체 주가가 출렁인 바 있는데, 최근엔 영국계 반도체 설계업체 ARM이 시장 전망을 하회하는 연간 매출 전망을 내놓으면서 AI 특수에 대한 기대감이 다시금 흔들리는 모습이다.    월가의 억만장자 투자자 스탠리 드러켄밀러가 AI가 단기적으로 고평가됐다는 언급과 함께 엔비디아 주식을 대거 매각했다는 소식도 투자심리를 냉각시켰다.     김지현 키움증권 연구원은 \"미국 빅테크 기업의 실적 발표를 전후해 AI의 추세적인 강세장은 어느 정도 마무리됐다\"고 평가하면서 \"반도체주의 밸류에이션 부담이 있는 만큼 엔비디아의 실적 발표(22일) 이전까지 상승 탄력은 제한될 것\"이라고 전망했다.    김 연구원은 \"지난 3월 코스피의 2,750선 돌파를 견인한 것은 마이크론의 고대역폭 메모리(HBM) 생산 확대 보도와 그에 따른 관련 종목의 신고가 경신, 미국의 반도체지원법(칩스법) 보조금 수혜 기대감이었다\"며 \"전고점 돌파를 위해서는 AI 수요와 관련된 강한 모멘텀이 필요한 상황\"이라고 봤다.    강재현 SK증권 연구원도 \"AI 관련 IT 주가의 저력이 다소 약해지고 있다. 4월 중순까지의 금리하락으로 인한 조정분은 대부분 되돌려졌지만, 그 이상으로 올라가는 힘이 강하지 않다\"고 했다.    미국 금리 인하 시기가 다가오며 경기 개선에 대한 기대감이 확대되는 흐름에서 AI주로 쏠렸던 투자자의 관심이 경기민감주, 고밸류 주식으로 옮겨가고 있다는 분석이 나온다.    이웅찬 하이투자증권 연구원은 \"주요 반도체 기업의 실적 발표는 증시의 높아진 눈높이를 맞추기 어려웠다\"며 \"금리 인하 기대로 지수가 반등하더라도 반도체가 주도주로 재등극하기보다는 업종 내 실적에 따라 차별화된 흐름이 나타날 것\"이라고 전망했다.    chomj@yna.co.kr"
    },
    {
        "title": "[선데이 머니카페] 美·日 제친 코끼리…테마형 ETF로 인도 투자해볼까",
        "date": "2024.05.12. 오전 5:01",
        "content": "인도 펀드 1년 평균 수익률 36%1년 동안 설정액도 5200억 증가'14억 인구'에 경제 고공성장하자공모펀드·ETF 선택지 점차 다양화타타그룹·빌리언컨슈머 ETF도 출격\n\n\n\n사진=이미지투데이[서울경제] 미국과 일본의 증시가 나란히 강세를 보였던 올해, 주목 받은 나라가 한 군데 더 있습니다. 바로 인도입니다. 인도는 14억 명의 인구를 가진 국가입니다. 내수 중심의 경제 구조로 지난해부터 폭발적인 경제 성장을 이어오고 있습니다.경제 성장이 지속되면서 국내 투자자들 역시 인도 증시 투자에 큰 관심을 드러냈습니다. 인도에 투자하는 펀드의 설정액 증가 규모는 미국에 이어 2위를 기록할 정도였죠. 이에 국내 자산운용사들 역시 인도의 경제, 기업에 투자하는 상장지수펀드(ETF) 출시에 열을 올리고 있습니다.이번 선데이 머니카페에서는 인도의 증시가 고공행진을 이어온 배경과 추후 전망, 그리고 어떤 ETF들이 국내 시장에 출시되는지를 다뤄보겠습니다.━글로벌 펀드 수익률 1위…제2의 중국 자리매김한 인도12일 에프앤가이드에 따르면 인도에 투자하는 펀드의 1년 평균 수익률은 36%로 집계됐습니다. 이는 미국(30.85%), 일본(28.43%) 등의 국가 관련 펀드 수익률을 웃도는 수준입니다. 펀드의 설정액도 크게 증가했습니다. 인도 투자 펀드는 1년간 설정액이 5255억 원가량 증가하면서 4조 532억 원 늘어난 미국에 이어 2위를 차지했습니다.인도 투자 펀드가 투자자들의 큰 관심을 받은 이유는 무엇일까요? 바로 탄탄한 인구를 바탕으로 안정적이지만 높은 수준의 경제 성장을 보이고 있기 때문입니다. 내수 경제만으로도 높은 성장을 이룩할 만큼 많은 인구가 나라 자체의 강점인 셈입니다. 내수 비중이 높기 때문에 글로벌 경기 변동성의 영향이 적습니다.최근 인도는 중국의 대체 국가로 평가받으면서 증시도 크게 상승했습니다. 인도는 정부의 제조업과 인프라 투자 확대, 소비 시장의 잠재력 등으로 인한 고성장 기대감이 올라가면서 장기적인 투자처로 자리매김했죠. 이에 2015년부터 지난해까지 8년 동안 연속 상승세를 나타냈습니다. 올해 1월에는 인도 증시의 시가총액이 4조 3300억 달러까지 커져 4조 2900억 달러에 그친 홍콩을 제치고 4위에 오르기도 했습니다. 그간 중국이 제조업 기반의 고성장을 보였던 국가였지만, 이제는 인도가 신흥 투자처로 급부상하고 있습니다.━다양해지는 印 펀드…타타그룹·소비재 ETF도 출격인도가 투자처로 급부상하면서 국내 자산운용사들 역시 이에 맞춰 다양한 투자 상품을 내놨습니다. 지난해 4월에는 미래에셋자산운용과 삼성자산운용이 각각 ‘TIGER 인도 니프티50 ETF’와 ‘KODEX 인도 니프티50 ETF’, ‘KODEX 인도 니프티50 레버리지(합성) ETF’를 출시했습니다. 2022년까지만 해도 국내 증시에 상장된 인도 ETF는 키움투자자산운용의 ‘KOSEF 인도 니프티 50(합성) ETF’와 미래에셋자산운용의 ‘TIGER 인도 니프티50 ETF’뿐이었는데 순식간에 5개로 늘어난 것이죠.올해에도 이 같은 움직임이 이어지고 있습니다. 삼성자산운용은 이달 8일 ‘KODEX 인도타타그룹 ETF’를 국내 증시에 내놨습니다. 이는 국내에 출시된 첫 테마형 ETF입니다. 지금까지는 인도 관련 지수에 투자하는 ETF만 있었지만, 테마를 정해 개별 기업들에 투자하는 ETF가 나온 거죠. 타타그룹은 인도 최대 기업집단으로 100여 개의 계열사를 보유하고 있는 ‘인도의 삼성’입니다. 인도의 3대 성장 동력인 소비재·정보기술(IT)·인프라 산업을 선도 중이죠.미래에셋자산운용 역시 뒤질세라 인도 테마형 ETF를 14일에 상장하기로 했습니다. ‘TIGER 인도빌리언컨슈머 ETF’가 그 주인공입니다. 이름에서 알 수 있듯 이 ETF는 인도의 소배지 기업 중 기업과 소비자간 거래 영업에 특화된 기업에 투자하는 상품입니다. 14억 명의 인구를 가진 인도의 인구학적 특성을 고려한 상품이죠. 거래가 편리한 ETF는 아니지만 한국투자신탁운용 역시 지난해 말 인도 핵심 산업을 주도하는 타타그룹·인포시스·HDFC·릴라이언스·바자즈 등 5대 대표 그룹에 60% 이상을 투자하는 ‘한국투자인도5대대표그룹펀드’를 내놓기도 했습니다.\n\n\n\n연합뉴스━“밸류에이션 부담 커졌지만 펀더멘털이 상쇄할 것”이달 8일 기준 니프티50 지수는 최근 1개월 동안 1.5% 하락하면서 약세를 보였습니다. 반대 방향으로 움직이는 중국 증시가 최근 강세를 보였고 미국의 기준금리 인하 시점이 뒤로 밀리면서 신흥국에 대한 투자 심리가 위축된 것이 주된 원인으로 꼽힙니다.투자 전문가들은 높아진 밸류에이션(실적 대비 주가) 부담이 높아졌다고 볼 수 있으나 추후 증시 자체의 펀더멘털이 성장하면서 추가 상승 여력이 충분하다고 진단합니다. 김근아 하나증권 연구원은 “6월 초 총선 종료 이후 변동성이 점차 축소될 것으로 예상하며 당분간 대외 불확실성이 상존하지만 인도의 견고한 펀더멘털과 높은 상장 기업의 수익성이 뒷받침하는 자체적인 투자 매력도가 불확실성을 상쇄할 수 있다”고 설명했습니다.실제 올해와 내년 인도의 국내총생산(GDP) 성장률 전망치는 7.6%, 6.7%로 상향 조정됐습니다. 제조업 지수는 35개월 연속 확장 국면이 지속되고 있고 이번 총선에서 당선될 가능성이 상대적으로 크다고 분석되는 모디 총리의 소속 정당이 제조업 강화 의지를 내비치면서 정책 지원 기대감도 커지고 있습니다.김 연구원은 “상장 기업들의 수익성 지표가 개선되고 있는 점도 긍정적”이라며 “내년 추정 자기자본이익률(ROE)을 고려하면 주가 역시 추가 상승 여력이 있다”고 봤습니다."
    }
]