[
    {
        "title": "[표] 주간 주요 증시 지표",
        "date": "2021.05.09. 오후 6:30",
        "content": "▶ '경제 1위' 매일경제, 네이버에서 구독하세요▶ 이 제품은 '이렇게 만들죠' 영상으로 만나요▶ 부동산의 모든것 '매부리TV'가 펼칩니다[ⓒ 매일경제 & mk.co.kr, 무단전재 및 재배포 금지]"
    },
    {
        "title": "16개월 만에...서학개미, 테슬라 팔고 보잉·디즈니 산다",
        "date": "2021.05.09. 오후 6:07",
        "content": "[이달 해외주식 매매 급속변화]'부동의 순매수 1위' 테슬라 매도 전환보잉 1,816만弗 순매수 2위에 올라경기회복 겨냥 콘택트株 대거 '사자'증권가 \"美내수주 중심 투자 늘려야\"\n\n\n\n[서울경제] 이달 해외주식에 투자하는 ‘서학개미’는 지난해부터 가장 많이 사들였던 테슬라를 팔고 보잉과 디즈니 등을 순매수한 것으로 나타났다. 올해 금리 상승으로 기술주의 매력이 상대적으로 떨어진 가운데 코로나19 백신 접종 본격화로 콘택트(대면) 종목에 대한 관심이 증가했다는 분석이다. 증권가는 미국 외 국가들이 백신 확보에 어려움을 겪고 있고, 미국의 조기 테이퍼링(자산매입 축소)이 우려되는 점을 고려해 미국 내수주를 중심으로 해외주식 비중을 늘리라고 조언한다.9일 한국예탁결제원에 따르면 이달 1~7일 국내투자자는 테슬라를 1,840만 달러 순매도한 것으로 집계됐다. 국내 투자자들이 테슬라를 순매도한 것은 지난 2019년 12월(-941만 달러) 이후 무려 16개월여 만이다. 지난 4월까지 순매수 목록에서 ‘부동의 1위’ 를 지켜왔던 테슬라는 연초 800달러를 넘어섰던 주가가 올해 매출액 감소와 생산·개발 지연 등의 이슈로 최근 600달러 선에서 벗어나지 못하고 있다. 반등에 대한 기대감이 꺾이면서 차익 실현에 나선 투자자들이 늘어난 것으로 해석된다.이달 서학개미는 콘택트주를 중심으로 포트폴리오 재편에 나서고 있다. 같은 기간 국내투자자는 상장지수펀드(ETF)를 제외한 해외주식 중 마이크로소프트(2,477만 달러)에 이어 미국 항공기 제조사인 보잉(1,816만 달러)을 두 번째로 많이 사들인 것으로 집계됐다. 아마존 등 성장주가 여전히 인기를 끈 가운데 그동안 소외됐던 콘택트주 여럿이 상위에 올랐다. 디즈니는 지난달 말 미국 디즈니랜드 재개장 소식에 846만 달러가 순유입되며 순매수 결제액 6위에 올랐다. 이밖에 스타벅스(538만 달러), 마스터카드(310만 달러), 카니발(310만 달러), 유나이티드 콘티넨탈(239만 달러) 등에도 자금이 대거 유입됐다.ETF 투자에서도 비슷한 흐름이 이어졌다. 금리 상승과 경기 회복 전망에 매달 순매수 상위권을 유지해 온 나스닥 지수 추종 ETF 대신 스탠더드앤드푸어스(S&P) 500지수와 단기 회사채를 중심으로 투자가 늘었고, 미국 국채 가격 하락에 베팅하는 인버스 ETF에도 자금이 유입됐다.전문가들은 이달 신흥국보다는 미국, 성장주보다는 내수주를 공략할 것을 추천하고 나섰다. 코로나19 백신 접종이 효과를 보이면서 미국에서는 경제 정상화 기대감이 높아지는 상황이다. 예로 뉴욕 등 미국 3개 주는 오는 19일부터 상업시설 인원제한을 대부분 해제할 예정이며, 여행 수요도 늘고 있다. 이에 그동안 부진했던 항공·리테일 등 업종의 실적 회복이 예상된다. 김누리 하나금융투자 연구원은 “백신 접종 가속화와 함께 여름 항공 예약률이 높아지고 백신을 접종한 미국인들의 유럽연합(EU) 국가 방문 가능 소식이 나오면서 주요 항공사들은 연내 손익분기점에 도달할 수 있을 것”이라고 전망했다.다만 미국 외 국가는 단기적으로 증시 변동성이 커질 수 있다는 분석이 나온다. 박소연 한국투자증권 연구원은 “코로나19 백신을 2차 접종까지 완료한 비율은 이스라엘(56%)을 제외하면 미국(31%)이 압도적으로 높고, 아시아 등 신흥국 백신 접종은 걸음마 단계라 비용 인플레까지 겹치면 단기 타격이 클 수 있다”며 “테이퍼링 논란도 실제 수요 회복세가 가시화되는 미국보다 신흥국에 부정적이라 단기 변동성을 경계해야 한다”고 말했다. 또 지수 자체에 대한 투자보다는 개별 종목이나 테마를 선별하는 것이 유리할 것으로 보인다. 박 연구원은 이어 “5월 S&P 500의 목표 주가순자산비율(PBR)은 4.15배로 지수 자체의 상승 여력은 크지 않아 보인다”며 “인프라·헬스케어·리테일 등 미국 중소형 내수주에 집중해야 한다”고 덧붙였다./신한나 기자 hanna@sedaily.com▶ [지구용 레터] 스팸 뚜껑 사라진거 아니었어?▶ 서울경제 더 폴리틱스 뉴스를 만나보세요!▶ 네이버 채널에서 '서울경제' 구독해주세요!저작권자 ⓒ 서울경제, 무단 전재 및 재배포 금지"
    },
    {
        "title": "올 들어 6조 몰렸다…ETF, 주식형 공모펀드 첫 추월",
        "date": "2021.05.09. 오후 5:51",
        "content": "올해들어 6조원 이상 늘어나'연금계좌 투자' 50대男 큰손◆ ETF 전성시대 (上) ◆증시에 상장돼 자유롭게 거래할 수 있는 상장지수펀드(ETF) 투자금액이 급격히 늘면서 최고의 재테크 상품으로 부상했다. 올해 들어 ETF는 그간 대표적 투자자산으로 꼽혔던 주식형 공모펀드를 순자산총액(AUM) 기준으로 처음으로 추월했다. ETF가 시중 여윳돈을 빠르게 흡수하고 있는 것이다. 9일 한국거래소와 금융투자협회에 따르면 지난 4월 말 기준 ETF의 순자산총액은 58조1293억원으로 올해 들어 6조원 이상 급증했다. 반면 국내 주식형 공모펀드의 순자산총액은 54조1024억원으로 올해 2조원 증가하는 데 그쳤다. ETF는 이달 들어 7일까지 9700억원이 불어날 정도로 가파른 증가세를 이어가고 있다.2019년에 50조원대로 진입한 ETF는 올해 1월 국내 주식형 공모펀드 규모를 처음 앞질렀다. 올해 1월 말을 기준으로 ETF 순자산은 54조2421억원, 국내 주식형 공모펀드는 53조5591억원이었다. 금융투자 업계에선 이 추세대로라면 ETF가 공모와 사모를 합친 전체 주식형 펀드마저 연내에 추월할 수 있다는 전망도 나온다.김정범 미래에셋증권 고객자산운용본부장은 \"ETF 시장이 성장세를 보이면서 국내 주식형 펀드 규모를 넘어설 것이라는 점은 이미 예견됐던 일\"이라며 \"ETF는 실시간 매매가 가능하면서도 분산 투자 효과를 거둘 수 있다는 장점이 있고, 최근에는 투자자들이 연금계좌를 통해 ETF를 적극 담고 있다는 점도 작용하고 있다\"고 평가했다. ETF 투자 열풍의 중심에는 '50대 남성'이라는 핵심 투자층이 자리 잡고 있다. 이들은 지난해까지 고위험 상품에 집중 투자했지만 올해 들어서는 각종 테마형 ETF에 분산 투자하며 투자 방식에 변화를 주고 있는 것으로 분석됐다.지난해 개인투자자 중 상당수가 코스피 하락에 베팅하는 인버스 ETF를 쓸어담았다면, 올해 들어서는 테마형 ETF로 발길을 돌리는 흐름을 보이고 있다. 고위험·고수익을 추구하는 단기 투자 패턴에서 미래 성장성과 분산 투자에 주목하면서 ETF가 건전한 투자 대안으로 자리 잡고 있다는 방증이다. 일례로 지난해 50대가 가장 많이 사들인 ETF는 '코덱스200선물인버스2X'였다. 코스피200이 하락할 때 2배 수익을 내는 이른바 '곱버스' 상품이다. 반면 올해 들어 50대는 중국 전기차에 투자하는 ETF를 가장 많이 사들였다. [김정범 기자 / 신화 기자]하락장 베팅해 쓴맛 본 개미…올핸 전기차·반도체 ETF 담았다국내ETF 투자자 살펴보니작년 60% 손실낸 곱버스 대신인공지능·게임·바이오·핀테크테마별 나눠 투자해 위험 관리경제력 갖춘 50대男 투자 주도30~40대, 지수 3배 노린 ETF올해도 공격적 성향 여전해펀드와 달리 실시간 매매 장점수수료 싸고 분산투자 효과도 \n\n\n\n 50대 남성 직장인 김영호 씨(가명)는 보유하고 있는 현금 5억원을 분산해 지난해 4월부터 상장지수펀드(ETF)에 투자하고 있다. 그는 미국과 홍콩 증시에 상장된 테마형 ETF 10개 종목에 5000만원씩을 넣었고 수익률 연 73.07%라는 성적표를 받아들었다. 김씨는 \"개별 종목을 발굴하는 어려움이 있었는데 혁신 성장 가능성이 있는 섹터에 투자해야겠다고 마음먹으면서 ETF에 관심을 두게 됐다\"며 \"최근 각광받는 클라우드와 전기차를 비롯해 클린에너지, 게임, 인공지능, 핀테크, 바이오, 소비재 등으로 테마를 나눠 투자하고 있다\"고 말했다.ETF 투자가 꾸준히 인기를 얻고 있는 것은 원하는 때 매매가 가능해 투자가 편리할 뿐 아니라 분산투자 효과를 함께 거둘 수 있기 때문이다. ETF는 증시에 상장돼 주식처럼 언제든지 사고팔 수 있는 금융상품이다. 액티브 펀드 등 다른 주식형 펀드에 비해 수수료 부담도 적다. ETF 전체 평균 보수는 연 0.3% 안팎으로 1~2%대인 액티브 펀드보다 저렴하다. 또한 담고 있는 구성 종목 변화도 실시간으로 알 수 있다는 것이 장점이다.9일 한국거래소에 따르면 국내에 상장된 전체 ETF 순자산 규모는 2010년 말 기준 6조578억원에서 지난해 말 52조365억원으로 10년 만에 8.6배나 불어났다. 지난해 3월 폭락장 이후 증시 급등세에 따라 '동학개미' 열풍이 일면서 주식형 펀드가 후퇴를 거듭하는 동안에도 ETF는 인기를 이어갔다. 지난 한 해 동안 국내 주식형 공모펀드 순자산은 57조5758억원에서 52조474억원으로 대폭 줄었다.올 들어서도 글로벌 지수 상승 등에 힘입어 ETF 순자산은 4월 말 기준 58조1293억원으로 연초 대비 11.7% 불어났다. 다만 작년에 비해 ETF 투자 양상은 사뭇 달라졌다. 지난해에는 인버스나 레버리지 등 지수 급등락에 베팅하는 단기 상품에 자금이 쏠렸다면 올해 들어서는 중장기 성장성이 두드러지는 섹터에 투자하는 테마형 ETF에 대한 선호도가 부쩍 높아졌다.이에 따라 올해 ETF 규모는 불어나고 있지만 일평균 거래대금은 작년에 비해 대폭 줄었다. 한국거래소에 따르면 지난해 ETF 일평균 거래대금은 3조8433억원을 기록했다. 코스피 일평균 거래대금의 31.5%나 됐다. 하지만 이 비중은 올해 4월 들어 15.6%로 뚝 떨어졌다. ETF가 대표 재테크 상품으로 자리를 잡으면서 단타 거래가 줄고 유망 섹터에 대한 중장기 보유를 염두에 둔 투자가 늘고 있다는 방증이다.정정국 삼성증권 압구정WM지점 프라이빗뱅커(PB)는 \"예전에는 곱버스나 레버리지 등 지수 추종 상품이 ETF 투자의 핵심이었다면 올해는 유망 섹터에 투자하겠다는 요구가 많은 편\"이라며 \"미래에셋과 KB자산운용 등 여러 운용사들이 섹터별로 세분화된 상품을 많이 출시하고 있다\"고 설명했다.50대 남성의 ETF 순매수 규모는 전 연령대에서 가장 높은 수준이었다. 미래에셋증권에 따르면 지난달 23일까지 50대 남성 고객이 순매수한 ETF 규모는 3625억원으로 60대 남성(2874억원) 50대 여성(2579억원) 40대 남성(2351억원) 60대 여성(1710억원)보다 많았다. 50대 남성이 투자한 ETF 가운데 58%가 국내 ETF였고 42%는 해외 시장에 상장된 ETF였다.이들의 투자 내역을 살펴봐도 작년과 올해 양상이 사뭇 달라진 것을 알 수 있다. 50대는 지난해 코덱스200선물인버스2X ETF를 가장 많이 사들여 한 해 동안 1766억원어치를 순매수했다. 50대뿐만이 아니다. 지난해 20~90대에 이르기까지 전 연령층에서 코스피200 하락에 베팅하는 ETF가 순매수액 1위를 기록했다. 이른바 '곱버스' 상품으로 코스피200이 하락할 때 2배의 수익을 내는 구조다. 지난해 국내외 증시 활황으로 지난해 코스피는 30.75% 올랐다. 코덱스200선물인버스2X ETF는 지난해 하락률이 59%에 이르렀다.올해 들어서는 분산 효과를 극대화하는 테마형 ETF에 눈을 돌리는 투자자들이 많아졌다. 지난달까지 50대 투자자가 가장 많이 담은 ETF는 'TIGER 차이나전기차SOLACTIVE'였다. 중국에 본사를 둔 상하이 선전 홍콩 미국 상장기업 중에서 전기차 관련 시가총액 상위 20개 종목 등을 담는다. 50대의 해외 ETF 최선호 종목 역시 홍콩에 상장된 중국 전기차 ETF(Global X China Electric Vehicle)로 나타났다.30·40대는 올해에도 다소 공격적인 투자를 선호했다. 이들이 가장 많이 사들인 해외 ETF는 뉴욕 필라델피아 반도체지수(SOX) 하루 등락폭을 3배로 추종하는 ETF였다. 뉴욕 증시에 상장된 레버리지 ETF로 만약 주가가 하락하면 3배의 손실이 발생하는 구조다.이번 조사에서 10대와 10대 이하 연령대의 ETF 매수가 상당액에 달하는 것도 눈길을 끈다. 올 들어 10대는 166억원 규모 ETF를 순매수했고 10대 이하도 121억원어치를 순매수했다. 자녀 명의로 계좌를 개설해 부모가 함께 투자한 것으로 보인다.일례로 올해 들어 10대 이하 투자자는 나스닥지수를 추종하는 ETF(TIGER 미국나스닥100) 3억원어치를 순매수했다. 10대는 BBIG(배터리·바이오·인터넷·게임) 테마에 투자하는 ETF(TIGER KRX BBIG K-뉴딜)를 8억원어치 이상 사들였다.[김정범 기자 / 문가영 기자]▶ '경제 1위' 매일경제, 네이버에서 구독하세요▶ 이 제품은 '이렇게 만들죠' 영상으로 만나요▶ 부동산의 모든것 '매부리TV'가 펼칩니다[ⓒ 매일경제 & mk.co.kr, 무단전재 및 재배포 금지]"
    },
    {
        "title": "올해도 ETF 열풍…4월까지 순매수 작년 전체보다 65% 많아",
        "date": "2021.05.09. 오후 5:43",
        "content": "미래에셋· 한투 통한 ETF매매투자자 순매수 2.3조서 4조로순자산 1조 넘는 ETF도 16개자산 50억 미만은 상폐 주의를◆ ETF 전성시대 (上) ◆ \n\n\n\n 올 들어 주요 증권사 고객이 사들인 상장지수펀드(ETF) 순매수 금액은 이미 지난해 전체 규모를 훌쩍 넘어선 것으로 나타났다. 지난해 증시 호황으로 주식 직접투자 열풍이 불어온 가운데서도 ETF 시장은 꾸준히 성장해 일부 증권사는 작년 ETF 순매수 규모가 1년 전과 비교해 15배 넘게 증가하기도 했다.미래에셋·한국투자증권에 의뢰해 2018년부터 올해 4월까지 ETF 매수액과 매도액을 분석한 결과 이 증권사를 통해 ETF에 투자한 이들은 지난해 2조2990억원 규모를 순매수했다. 올해 들어 지난달까지 ETF 순매수액은 3조7879억원으로 이미 지난해 순매수 금액보다 65% 이상 많았다.윤석모 삼성증권 리서치센터장은 \"지난해 아크인베스트먼트사의 액티브 ETF 투자 열풍이 불었고 테마형 ETF에 대한 관심이 높아졌다\"며 \"투자가 익숙하지 않은 사람들 입장에서는 ETF에 투자하는 게 좋은 대안이 된 것으로 보인다\"고 말했다.미래에셋증권의 국내 ETF 순매수 규모는 2019년 1011억원에서 지난해 1조6788억원으로 1년 새 무려 1560% 증가했다. 해외 ETF 순매수액은 2018년 2174억원 수준에 그쳤지만 2019년에는 1조614억원으로 1조원을 돌파했다. 올해 4월 말까지 해외 ETF 순매수액은 1조1244억원을 기록해 이미 지난해 순매수액(1조550억원)을 넘어섰다.한국거래소에 따르면 국내 ETF의 순자산총액(AUM)은 올해 4월 기준 58조1293억원이며 국내에 상장된 ETF는 476개다. 이 가운데 국내 ETF가 338개, 주식형 ETF가 231개로 70%가량을 차지하고 있다. 나스닥 등 해외 지수와 글로벌 원자재 등을 기초로 한 해외 ETF는 138개로 그중 해외 주식형 ETF가 80개를 차지하고 있다. 순자산총액이 1조원을 넘는 매머드급 ETF가 16개에 이를 정도로 성장세는 가파르다. 지난 6일 기준 코덱스(KODEX)200 순자산총액은 4조1396억원으로 국내 상장 ETF 가운데 규모가 가장 컸다. 코덱스 단기 채권(2조3168억원), 코덱스 200선물인버스2X(2조1989억원), 타이거200(2조1958억원) ETF 등도 규모가 2조원이 넘는다.일례로 1조5721억원 규모인 코덱스 2차전지산업은 LG화학 포스코케미칼 등을 담고 있는데 올해 들어 지난 6일까지 상승률은 23%에 이르렀다. 이 기간 코스피 상승률(11%)보다 2배 이상을 기록한 것이다. 고경범 유안타증권 연구원은 \"지난해 해외 주식투자에 대한 관심이 커지면서 자산운용사들이 미국 필라델피아 반도체지수나 나스닥100지수 등을 추종하는 ETF를 대거 내놨다\"면서 \"미국 주식도 ETF를 통해 쉽게 거래할 수 있는 만큼 한국에 상장된 해외 ETF에 투자금이 몰리고 있다\"고 설명했다.이처럼 ETF 시장이 성장하고 있지만 주의해야 할 측면도 있다. 일례로 지난달 3월 ETF 7개 종목이 상장폐지됐다. 투자자 주의가 필요한 부분이다. 6개월간 순자산총액이 50억원 미만이거나 일평균 거래대금이 500만원 미만에 머물면 상장폐지될 수 있다. 지난 3월 KOSEF 200 선물, KOSEF 저PBR가중, TIGER 일본엔선물인버스2X 등이 상장폐지됐다. 김도형 삼성자산운용 ETF컨설팅팀장은 \"ETF가 상장폐지되면 주식과 달리 기준일 가격으로 종목을 매도해 투자자에게 지급하지만 상장폐지될 만한 ETF 투자는 주의할 필요가 있다\"면서 \"ETF 규모가 작으면 자금 유출입과 변동성이 커지기 때문에 운용 규모도 중요하고 운용보수와 ETF 가격 등이 적정한지 고려해야 한다\"고 말했다. [김정범 기자 / 신화 기자]▶ '경제 1위' 매일경제, 네이버에서 구독하세요▶ 이 제품은 '이렇게 만들죠' 영상으로 만나요▶ 부동산의 모든것 '매부리TV'가 펼칩니다[ⓒ 매일경제 & mk.co.kr, 무단전재 및 재배포 금지]"
    },
    {
        "title": "작년 곱버스 손댔다 쓴맛본 개미…올핸 전기차 반도체 ETF 베팅했다",
        "date": "2021.05.09. 오후 5:41",
        "content": "국내ETF 투자자 살펴보니작년 60% 손실낸 곱버스 대신인공지능·게임·바이오·핀테크테마별 나눠 투자해 위험 관리경제력 갖춘 50대男 투자 주도30~40대, 지수 3배 노린 ETF올해도 공격적 성향 여전해펀드와 달리 실시간 매매 장점수수료 싸고 분산투자 효과도◆ ETF 전성시대 (上) ◆ \n\n\n\n 50대 남성 직장인 김영호 씨(가명)는 보유하고 있는 현금 5억원을 분산해 지난해 4월부터 상장지수펀드(ETF)에 투자하고 있다. 그는 미국과 홍콩 증시에 상장된 테마형 ETF 10개 종목에 5000만원씩을 넣었고 수익률 연 73.07%라는 성적표를 받아들었다. 김씨는 \"개별 종목을 발굴하는 어려움이 있었는데 혁신 성장 가능성이 있는 섹터에 투자해야겠다고 마음먹으면서 ETF에 관심을 두게 됐다\"며 \"최근 각광받는 클라우드와 전기차를 비롯해 클린에너지, 게임, 인공지능, 핀테크, 바이오, 소비재 등으로 테마를 나눠 투자하고 있다\"고 말했다.ETF 투자가 꾸준히 인기를 얻고 있는 것은 원하는 때 매매가 가능해 투자가 편리할 뿐 아니라 분산투자 효과를 함께 거둘 수 있기 때문이다. ETF는 증시에 상장돼 주식처럼 언제든지 사고팔 수 있는 금융상품이다. 액티브 펀드 등 다른 주식형 펀드에 비해 수수료 부담도 적다. ETF 전체 평균 보수는 연 0.3% 안팎으로 1~2%대인 액티브 펀드보다 저렴하다. 또한 담고 있는 구성 종목 변화도 실시간으로 알 수 있다는 것이 장점이다.9일 한국거래소에 따르면 국내에 상장된 전체 ETF 순자산 규모는 2010년 말 기준 6조578억원에서 지난해 말 52조365억원으로 10년 만에 8.6배나 불어났다. 지난해 3월 폭락장 이후 증시 급등세에 따라 '동학개미' 열풍이 일면서 주식형 펀드가 후퇴를 거듭하는 동안에도 ETF는 인기를 이어갔다. 지난 한 해 동안 국내 주식형 공모펀드 순자산은 57조5758억원에서 52조474억원으로 대폭 줄었다.올 들어서도 글로벌 지수 상승 등에 힘입어 ETF 순자산은 4월 말 기준 58조1293억원으로 연초 대비 11.7% 불어났다. 다만 작년에 비해 ETF 투자 양상은 사뭇 달라졌다. 지난해에는 인버스나 레버리지 등 지수 급등락에 베팅하는 단기 상품에 자금이 쏠렸다면 올해 들어서는 중장기 성장성이 두드러지는 섹터에 투자하는 테마형 ETF에 대한 선호도가 부쩍 높아졌다.이에 따라 올해 ETF 규모는 불어나고 있지만 일평균 거래대금은 작년에 비해 대폭 줄었다. 한국거래소에 따르면 지난해 ETF 일평균 거래대금은 3조8433억원을 기록했다. 코스피 일평균 거래대금의 31.5%나 됐다. 하지만 이 비중은 올해 4월 들어 15.6%로 뚝 떨어졌다. ETF가 대표 재테크 상품으로 자리를 잡으면서 단타 거래가 줄고 유망 섹터에 대한 중장기 보유를 염두에 둔 투자가 늘고 있다는 방증이다.정정국 삼성증권 압구정WM지점 프라이빗뱅커(PB)는 \"예전에는 곱버스나 레버리지 등 지수 추종 상품이 ETF 투자의 핵심이었다면 올해는 유망 섹터에 투자하겠다는 요구가 많은 편\"이라며 \"미래에셋과 KB자산운용 등 여러 운용사들이 섹터별로 세분화된 상품을 많이 출시하고 있다\"고 설명했다.50대 남성의 ETF 순매수 규모는 전 연령대에서 가장 높은 수준이었다. 미래에셋증권에 따르면 지난달 23일까지 50대 남성 고객이 순매수한 ETF 규모는 3625억원으로 60대 남성(2874억원) 50대 여성(2579억원) 40대 남성(2351억원) 60대 여성(1710억원)보다 많았다. 50대 남성이 투자한 ETF 가운데 58%가 국내 ETF였고 42%는 해외 시장에 상장된 ETF였다.이들의 투자 내역을 살펴봐도 작년과 올해 양상이 사뭇 달라진 것을 알 수 있다. 50대는 지난해 코덱스200선물인버스2X ETF를 가장 많이 사들여 한 해 동안 1766억원어치를 순매수했다. 50대뿐만이 아니다. 지난해 20~90대에 이르기까지 전 연령층에서 코스피200 하락에 베팅하는 ETF가 순매수액 1위를 기록했다. 이른바 '곱버스' 상품으로 코스피200이 하락할 때 2배의 수익을 내는 구조다. 지난해 국내외 증시 활황으로 지난해 코스피는 30.75% 올랐다. 코덱스200선물인버스2X ETF는 지난해 하락률이 59%에 이르렀다.올해 들어서는 분산 효과를 극대화하는 테마형 ETF에 눈을 돌리는 투자자들이 많아졌다. 지난달까지 50대 투자자가 가장 많이 담은 ETF는 'TIGER 차이나전기차SOLACTIVE'였다. 중국에 본사를 둔 상하이 선전 홍콩 미국 상장기업 중에서 전기차 관련 시가총액 상위 20개 종목 등을 담는다. 50대의 해외 ETF 최선호 종목 역시 홍콩에 상장된 중국 전기차 ETF(Global X China Electric Vehicle)로 나타났다.30·40대는 올해에도 다소 공격적인 투자를 선호했다. 이들이 가장 많이 사들인 해외 ETF는 뉴욕 필라델피아 반도체지수(SOX) 하루 등락폭을 3배로 추종하는 ETF였다. 뉴욕 증시에 상장된 레버리지 ETF로 만약 주가가 하락하면 3배의 손실이 발생하는 구조다.이번 조사에서 10대와 10대 이하 연령대의 ETF 매수가 상당액에 달하는 것도 눈길을 끈다. 올 들어 10대는 166억원 규모 ETF를 순매수했고 10대 이하도 121억원어치를 순매수했다. 자녀 명의로 계좌를 개설해 부모가 함께 투자한 것으로 보인다.일례로 올해 들어 10대 이하 투자자는 나스닥지수를 추종하는 ETF(TIGER 미국나스닥100) 3억원어치를 순매수했다. 10대는 BBIG(배터리·바이오·인터넷·게임) 테마에 투자하는 ETF(TIGER KRX BBIG K-뉴딜)를 8억원어치 이상 사들였다.[김정범 기자 / 문가영 기자]▶ '경제 1위' 매일경제, 네이버에서 구독하세요▶ 이 제품은 '이렇게 만들죠' 영상으로 만나요▶ 부동산의 모든것 '매부리TV'가 펼칩니다[ⓒ 매일경제 & mk.co.kr, 무단전재 및 재배포 금지]"
    },
    {
        "title": "스튜디오드래곤, 빈센조 효과…목표주가 상향",
        "date": "2021.05.09. 오후 5:40",
        "content": "[헤럴드경제=이세진 기자] 코스닥 상장사이자 드라마 제작사인 스튜디오드래곤이 1분기 호실적을 기록하면서 올해 전체 실적과 주가 전망이 올라가고 있다. 스튜디오드래곤은 최근 실적발표에서 1분기 연결기준 매출액 1171억원, 영업이익 179억원을 기록했다고 밝혔다. 매출액은 전년 동기 대비 2.7% 감소했지만, 영업이익은 54.3% 증가했다. 이는 기존 시장 전망치(컨센서스)를 크게 상회한 실적이다. 신은정 DB투자증권 연구원은 \"철인왕후, 여신강림, 낮과 밤 일부와 루카, 빈센조, 좋알람2 등 드라마가 1분기 실적에 반영됐따\"며 \"전년 대비 편성 회차가 적어 매출은 2.7% 감소했지만, 콘텐츠 경쟁력 강화로 신작 판매 단가 상승이 반영됐다\"고 분석했다. 실제로 최근 넷플릭스에서도 해외 지역별 신작판매 단가가 크게 상승하고 있는 것으로 추정된다며, 원가율 개선으로 인한 안정적인 마진이 지속된다면, OTT향 편성으로 편수가 증가하는 하반기로 갈수록 이익 성장이 두드러질 것이라고 전망했다. 스튜디오드래곤 2분기 출시작으로는 마인, 어느날멸망, 간떨어지는동거(IQIYI), 보이스4 등이 예정돼 있다. DB투자증권은 올해 영업이익 전망치를 12.4% 상향한 700억원으로 전망했다. 투자의견 '매수' 유지, 목표주가는 13만4000원으로 상향조정했다. 신 연구원은 \"최근 실적 호조에 대한 기대감으로 주가 변동폭이 컸지만, 올해 2분기에도 안정적인 원가율과 대작 없이도 양호한 이익을 증명한다면 하반기로 갈수록 주가도 박스권을 탈피해 우상향이 가능할 것이라고 말했다. jinlee@heraldcorp.com▶환경적 대화기구 '헤럴드에코'▶밀리터리 전문 콘텐츠 ‘헤밀’▶헤럴드경제 네이버 채널 구독- Copyrights ⓒ 헤럴드경제 & heraldbiz.com, 무단 전재 및 재배포 금지 -"
    },
    {
        "title": "공매도=주가 하락?…체력 강한 종목엔 안 통했다",
        "date": "2021.05.09. 오후 5:10",
        "content": "공매도 재개 1주일…실적 따라 희비 갈려코스닥 '공매도 포화'씨젠·카카오게임즈 등바이오·기술株 하락세코스피는 오히려 상승셀트리온 노린 공매도평균 손실률 4.7%\n\n\n\nGetty Images Bank개인투자자들이 우려해온 ‘공매도 재개=주가 하락’이라는 공식은 늘 성립하는 게 아닌 것으로 나타났다. 공매도 재개 후 1주일간 거래에서 코스피와 코스닥지수가 엇갈린 성적표를 받아들었기 때문이다. 코스닥150지수는 하락했지만 공매도 공세를 견뎌낸 코스피200지수는 되레 상승했다. 공매도를 버틸 수 있는 ‘체력’이 있는 종목을 선별해 접근해야 한다는 분석이 나온다. 공매도 영향 코스닥에 집중9일 한국거래소에 따르면 공매도가 재개된 지난 3일부터 7일까지 1주일간 유가증권시장 공매도 거래대금은 2조6051억원에 달했다. 셀트리온(2000억원), LG디스플레이(1348억원), HMM(797억원), 금호석유(757억원), 카카오(643억원) 순이었다. 하지만 이들 기업 주가는 오히려 올랐다. HMM과 금호석유는 이 기간 주가가 8% 이상 상승했다. 코스피200지수도 1.5% 올랐다. 그동안 공매도 피해 종목의 대명사처럼 여겨졌던 셀트리온 주가는 0.2% 상승했다. 셀트리온 공매도 투자자는 손실을 보고 있다. 3~7일 셀트리온을 공매도 포지션을 잡았다가 청산하지 않았다고 가정했을 때 평균 손실률은 4.7%에 이른다.\n\n\n\n김광현 유안타증권 연구원은 “공매도는 하락을 예상한 움직임이라기보다는 하락에 대응하는 과정에서 매도세가 강해지는 것으로 이해해야 한다”며 “공매도는 주가 하락을 가속하는 요인이지, 상승하는 증시의 방향성을 돌리지는 않는다”고 설명했다.같은 기간 코스닥의 공매도 거래 대금은 7605억원이었다. 공매도 금액은 상대적으로 적었지만 코스닥시장에 미치는 영향은 큰 편이었다. 공매도 거래대금 1위를 기록한 씨젠(-12.3%), 2위 카카오게임즈(-2.6%), 3위 케이엠더블유(-9.9%), 5위 파라다이스(-2.2%) 등의 주가가 줄줄이 하락했다. 코스닥150지수도 이 기간 1.3% 떨어졌다. 거래소 관계자는 “코스닥의 경우 하루 중 변동성이 커졌지만, 이는 글로벌 기술주와 바이오주가 전반적으로 부진했기 때문”이라고 설명했다. 외국인 비중이 87% 달해투자 주체별로는 외국인의 하루 평균 공매도 거래대금이 7386억원으로 전체 공매도 거래대금의 87.7%를 차지했다. 작년 3월 공매도 금지 직전 1주일 동안의 외국인 평균 공매도 거래 비중(60.0%)보다 늘어났다. 거래소는 외국인의 공매도 비중 확대는 기존 기관 중 시장조성자의 공매도가 규제 강화로 상당 부분 감소한 영향도 있다고 설명했다.기관의 하루 평균 공매도 거래대금은 875억원, 비중은 10%로 공매도 금지 직전 1주일간 거래 비중(39%)보다 크게 줄어들었다. 개인의 하루 평균 공매도 거래대금은 152억원, 비중은 1.8%로 작년 1~3월 거래 비중(1.2%)보다 늘었다. 거래소는 금융당국의 대주 시스템 개선 및 대주 재원 확충 조치에 힘입어 개인 공매도가 코로나19 이전보다 늘어날 수 있었다고 평가했다. “경기민감주 상승세 이어질 것”유가증권시장 기업들이 코스닥 기업들과 비교해 상대적으로 ‘공매도 안전지대’에 있었던 이유는 매도 공격을 버틸 만한 체력(실적)이 뒷받침됐기 때문이다. 경기민감주의 상승세가 당분간 이어질 것이라는 전망이 나오는 배경이다. 신승진 삼성증권 연구원은 “공매도 영향에서 자유롭고, 실적 개선 속도가 빠른 화학 철강 정유 등 경기민감주가 투자 대응 1순위”라며 “시장의 컨센서스를 대폭 뛰어넘는 서프라이즈 행진을 보이고 있기 때문”이라고 설명했다. 경기 회복으로 수요는 빠르게 증가하는 반면 코로나19로 인한 투자 지연과 친환경 정책으로 공급 증가폭은 제한적인 상황인 만큼 실적 개선이 이어질 것이라는 전망이다.공매도 금지로 왜곡됐던 파생시장도 빠르게 정상화될 것이라는 기대도 나온다. 지난해 공매도 금지 이후 현물시장의 공매도 수요가 선물시장으로 이동하면서 선물 저평가 상태가 이어져왔다. 베이시스(선·현물 가격 차)가 마이너스(-) 흐름을 보이는 상황에서는 현물이 선물보다 상대적으로 고평가됐기 때문에 선물을 사고 현물을 파는 매도차익거래가 확대된다. 공매도가 재개되면서 선물 공매도 수요가 현물로 다시 분산되고, 이는 선물가격 괴리율 반등으로 이어질 것이라는 전망이다.전균 삼성증권 이사는 “코스피200 선물의 시장 베이시스가 강세로 역전되면 그동안 매도차익 위주로 대응했던 금융투자 또는 연기금이 매수차익거래를 수행할 여력이 생긴다”며 “수급 여건에 호재로 작용할 수 있다”고 설명했다.고재연 기자▶ 경제지 네이버 구독 첫 400만, 한국경제 받아보세요▶ 한경 고품격 뉴스레터, 원클릭으로 구독하세요▶ 한국경제신문과 WSJ, 모바일한경으로 보세요 ⓒ 한국경제 & hankyung.com, 무단전재 및 재배포 금지"
    },
    {
        "title": "[표]주간 유가증권·코스닥 투자주체별 매매동향(5월 3일~7일)",
        "date": "2021.05.09. 오후 2:54",
        "content": "[서울경제] /김현옥 기자 ok@sedaily.com▶ [지구용 레터] 스팸 뚜껑 사라진거 아니었어?▶ 서울경제 더 폴리틱스 뉴스를 만나보세요!▶ 네이버 채널에서 '서울경제' 구독해주세요!저작권자 ⓒ 서울경제, 무단 전재 및 재배포 금지"
    },
    {
        "title": "[그래픽] 연기금 코스피 순매수·매도 추이",
        "date": "2021.05.09. 오후 1:59",
        "content": "(서울=연합뉴스) 김영은 기자 = 5월 들어 유가증권시장에서 국내 주식시장의 '큰 손' 연기금의 순매수 움직임이 나타나면서 관심이 쏠리고 있다.    9일 금융투자업계에 따르면 연기금은 지난 3일부터 7일까지 유가증권시장에서 553억원어치를 순매수했다.    0eun@yna.co.kr    트위터 @yonhap_graphics  페이스북 tuney.kr/LeYN1▶네이버에서도 뉴스는 연합뉴스[구독 클릭]▶[팩트체크] 전기료 규제하면 해외투자자들이 소송?▶제보하기<저작권자(c) 연합뉴스(https://www.yna.co.kr/), 무단 전재-재배포 금지>"
    },
    {
        "title": "K-뉴딜지수 2배 레버리지 나온다",
        "date": "2021.05.09. 오후 1:52",
        "content": "거래소, K-뉴딜 전략형 지수 4종 10일부터 발표\n\n\n\n\n\n\n\n[서울경제] K-뉴딜지수의 2배 수익률을 추구하는 ‘K-뉴딜 레버리지 지수’가 나온다.한국거래소는 KRX K-뉴딜지수를 활용한 전략형 지수 4종을 10일부터 발표한다고 9일 밝혔다. 새로 산출되는 지수는 ‘KRX K-뉴딜 주식국채혼합지수’ 2종과 ‘KRX K-뉴딜 레버리지 지수’ 2종이다. 이 중 레버리지 지수의 경우 기존 ‘KRX BBIG K-뉴딜지수’와 ‘KRX 2차전지 K-뉴딜지수’의 일간 수익률에 각각 두 배를 추종하는 방식이다. 레버리지를 적용하는 만큼 수익률은 크게 높아질 수 있지만 변동성도 커져 투자 시 유의할 필요가 있다. 가령 BBIG K-뉴딜지수의 변동성은 21.1%에서 42.1%로 높아지는 것으로 집계됐다.K-뉴딜 채권혼합형 지수도 만들어진다. ‘KRX BBIG K-뉴딜 주식국채혼합 지수’와 ‘KRX 2차전지 K-뉴딜 주식국채혼합 지수’다. 이들 지수는 원 지수인 BBIG K-뉴딜지수와 2차전지 K-뉴딜지수를 각각 30%의 비중으로 두고 KTB지수(3년국채)를 70%로 혼합하게 된다. 채권형 지수가 더해지는 만큼 주가 하락 시 원지수 보다 상대적으로 방어력은 높을 것으로 보인다. 기존 코스피 지수와 주식국채혼합지수보다 높은 수익률이 기대된다는 것도 장점으로 꼽힌다.거래소는 신규 지수 토대로 보다 다양한 상품이 만들어질 것으로 기대한다. 거래소는 “다양하게 K-뉴딜 투자 기회를 제공함으로써 퇴직연금, 파생상품 등 관련 시장이 활성화 될 것으로 기대한다”고 밝혔다./이완기 기자 kingear@sedaily.com▶ [지구용 레터] 스팸 뚜껑 사라진거 아니었어?▶ 서울경제 더 폴리틱스 뉴스를 만나보세요!▶ 네이버 채널에서 '서울경제' 구독해주세요!저작권자 ⓒ 서울경제, 무단 전재 및 재배포 금지"
    },
    {
        "title": "[주간 증시 전망] 실적 호조에 기대감 유입...'테이퍼링' 이슈는 경계",
        "date": "2021.05.09. 오후 1:44",
        "content": "[파이낸셜뉴스] 이번주 코스피는 실적 전망 상향에 따른 밸류에이션 부담 완화가 예상되지만 인플레이션 압력 상승에 따른 '테이퍼링(자산매입 축소)' 우려가 영향을 미칠 것으로 예상된다. 전문가들은 이번주 코스피 예상밴드를 3110~3230선으로 예상했다.     ■높아지는 이익 전망치...상반기 '청신호' 9일(이하 현지시간) 증권업계에 따르면 최근 실적 전망 상향으로 코스피 밸류에이션 부담이 크게 경감됐다. 1·4분기 실적 컨센서스가 존재하는 코스피 259개 기업 중 106개 기업이 실적을 발표했다. 금액 합산 기준으로 실제 실적이 예상치를 9.4% 상회했다. 종목수 기준으로는 전체 68%의 기업들이 예상치를 상회했다.   김영환 NH투자증권 연구원은 \"5월 둘째주는 실적 발표가 마무리되는 주라는 점에서 1·4분기 어닝 서프라이즈 효과를 기대할 수 있다\"라며 \"시장의 관심은 2·4분기로 옮겨갈 것인데 최근 2·4분기 실적 전망도 양호하다\"고 판단했다.   2·4분기 영업이익 컨센서스는 3월 말 대비 7.8% 상향 조정됐다. 상향폭이 큰 업종은 조선(48%), 디스플레이(42%), 에너지(36%), 철강(33%), 화학(28%), 증권(22%), IT가전(22%), 화장품·의류(21%) 순이다.   반면 테이퍼링 이슈는 주식시장 불안 요인이다. 최근 신흥국의 코로나19 확산으로 국제유가, 철광석, 옥수수 등 각종 원자재 가격이 상승하고 있다. 이에 미국 정부와 연방준비제도(Fed·이하 연준) 인사들 중 일부는 테이퍼링 논의의 필요성을 제기한 상태다.   서상영 미래에셋증권 연구원은 \"미국 증시에서도 인도 코로나19 신규 확진자 급증, 미·중 마찰 지속과 함께 테이퍼링 논의가 우려 요인으로 지목되고 있다\"라며 \"국내 증시는 상승 출발 후 제한적인 매물 소화 과정이 진행될 것으로 예상된다\"라고 전망했다.     ■HMM·하이브 등 MSCI 편입 윤곽 11일 모건스탠리캐피털인터내셔널(MSCI) 반기 리뷰가 예정돼 있다. 편입 가능성이 높은 종목은 HMM, 하이브, SKC 등이다. 오뚜기, 롯데지주, 한국가스공사, 삼성카드 등은 편출 가능성이 높다. 변경은 오는 27일 종가를 기준으로 이뤄질 예정이다.   염동찬 이베스트투자증권 연구원은 \"MSCI 교체 사례를 살펴보면 변경일 이전에는 액티브 펀드의 매수세가 나타나지만 실제 변경 후에는 차익실현 매물이 나오는 경우가 많았다\"고 평가했다.   자동차용 반도체 공급 부족 이슈와 관련해 미국 상무부와 미국 자동차 제조업체의 고위급 회담도 이번 주 예정돼 있다. 지나 레이몬드 미국 상무부 장관은 지난 5일 간담회에서 \"TSMC를 비롯한 대만 반도체 기업들이 공급 부족 완화를 위해 미국 자동차 회사들의 요구를 우선적으로 고려해야 한다\"고 언급했다.   미국채 발행도 주목할 요인이다. 미국 재무부는 11일 580억달러(약 65조원) 규모의 3년물 입찰을 실시할 예정이다. 또 12일 410억달러(약 46조원) 규모의 10년물, 13일 270억달러(약 30조원) 규모의 30년물을 입찰한다. 1260억달러(약 141조원) 규모의 미국채 입찰이 계획된 가운데 477억달러(약 53조원)는 민간 보유 미국채에 대한 차환 발행이며 783억달러(약 88조원) 규모는 신규 차입이다.  dschoi@fnnews.com 최두선 기자   ▶ 날로먹고 구워먹는 금융이슈 [파인애플]▶ 모(毛)아 모아 [모아시스]▶ 헉! 소리나는 스!토리 뉴스 [헉스]  ※ 저작권자 ⓒ 파이낸셜뉴스. 무단 전재-재배포 금지"
    },
    {
        "title": "공매도 거래비중, 작년3월 5.5%서 3.4%로 줄었다",
        "date": "2021.05.09. 오후 12:04",
        "content": "한국거래소, 재개 이후 1주일 분석공매도 상위 코스피 종목 되레 상승\n\n\n\n[서울경제] 공매도가 재개된 이후 증시의 공매도 거래대금 비중이 예전보다 축소된 것으로 나타났다. 유가증권시장의 경우 공매도가 집중된 종목의 경우 대부분 주가가 올라 공매도가 시장에 큰 영향을 주지 못한 것으로 파악됐다.\n\n\n\n9일 한국거래소에 따르면 공매도 재개일인 지난 3일부터 7일까지 4영업일 동안 증시 거래대금 대비 공매도 거래대금 비중은 3.4%로 집계됐다. 같은 수치가 2019년 연간에는 4.5%, 작년 공매도 금지 직전 거래일(3월 13일)에는 5.5%에 이르렀던 것과 비교하면 눈에 띄게 축소됐다. 1주일간 일평균 공매도 거래대금은 8,413억원으로 2019년(4천207억원)과 비교하면 절대 금액은 늘었다. 하지만 작년 이후 불어난 거래대금 증가율을 따라잡지 못하면서 증시에서 비중은 작아졌다. .유가증권시장의 경우 공매도가 집중된 종목의 경우 대부분 주가가 상승했다. 지난 1주일 간 유가증권시장에서 공매도 거래대금이 가장 많은 종목은 셀트리온(068270)으로 2,000억 원에 달했다. 하지만 주가는 0.2% 올라 강보합세를 나타냈다. 이어 1,348억 원 공매도가 이뤄진 LG디스플레이(034220)가 뒤를 이었다. 하지만 LG디스플레이의 주가도 지난 주 1.7% 올랐다. 공매도 거래대금 3~4위를 차지한 HMM(011200)과 금호석유(011780)는 주가가 각각 8.7%, 8.1% 상승했다. 642억 원의 공매도로 5위에 오른 카카오(035720)도 주가가 0.9% 상승했다.반면 코스닥의 경우 공매도가 집중됐던 종목들은 주가 하락을 피하지 못했다. 가령 727억 원의 코스닥 공매도 1위인 씨젠(096530)의 경우 12.3% 주가가 떨어졌다. 이어 공매도 2~3위인 카카오게임즈(293490)와 케이엠더블유(032500)도 2.6%, 9.9%씩 주가가 빠졌다. 한국거래소 관계자는 “공매도 상위 종목 중 LG디스플레이 등 코스피 200 종목 주가는 상승하는 등 공매도가 대체로 다수종목의 주가하락을 유인하지는 않는 것으로 판단된다”고 밝혔다./이완기 기자 kingear@sedaily.com▶ [지구용 레터] 스팸 뚜껑 사라진거 아니었어?▶ 서울경제 더 폴리틱스 뉴스를 만나보세요!▶ 네이버 채널에서 '서울경제' 구독해주세요!저작권자 ⓒ 서울경제, 무단 전재 및 재배포 금지"
    },
    {
        "title": "공매도 재개 후 외국인 비중 더 커졌다...개인은 2%도 안돼",
        "date": "2021.05.09. 오후 12:01",
        "content": "한국거래소, 공매도 1주일 분석 발표\n\n\n\n7일 코스피는 전날보다 0.58% 오른 3,197.20에 장을 마쳤다. 서울 명동 하나은행 본점 딜링룸 모습. /연합뉴스[서울경제] 1년 2개월 만에 국내 증시에서 공매도가 다시 시작된 결과 외국인이 공매도에서 차지하는 비중이 여전히 압도적인 수준을 차지하는 것으로 나타났다. 특히 ‘기울어진 운동장’이라는 비판에 개인의 공매도 참여 기회를 늘릴 것이라고 했지만 그 비중은 아직 일부에 그친 것으로 조사됐다.9일 한국거래소가 내놓은 공매도 1주일 분석 자료에 따르면 외국인의 지난 한 주 간 일 평균 공매도 대금은 7,386억 원으로 집계됐다. 이는 공매도 금지 전 1주일인 지난해 3월 9~13일의 평균치(5,816억 원)보다 늘어난 것이면서 전체에서 차지하는 비중도 60.0%에서 87.7%로 높아졌다.반면 기관의 경우 일 평균 공매도 거래대금은 875억 원으로 공매도 금지 직전(3,799억 원) 보다 크게 줄었다. 비중도 39%에서 10%로 급감했다.\n\n\n\n한국거래소는 “외국인 비중의 증가는 기존 기관 투자가 중 시장조성자의 공매도 제도개선으로 상당 부분 감소한 영향이 있다”며 “외국인의 아시아 증시 포트폴리오 조정에 따른 공매도 물량 출회도 일부 영향이 있을 것으로 보인다”고 설명했다.개인의 공매도 거래는 77억 원에서 152억 원으로 늘었다. 다만 비중으로 따지면 1.2%에서 1.8%로 큰 차이는 나타나지 않았다는 평가다./이완기 기자 kingear@sedaily.com▶ [지구용 레터] 스팸 뚜껑 사라진거 아니었어?▶ 서울경제 더 폴리틱스 뉴스를 만나보세요!▶ 네이버 채널에서 '서울경제' 구독해주세요!저작권자 ⓒ 서울경제, 무단 전재 및 재배포 금지"
    },
    {
        "title": "공매도 부활했지만...실적 호조에 '찻잔속 태풍'",
        "date": "2021.05.09. 오전 10:53",
        "content": "공매도 1주간 전체 거래 3.4조에 달해첫날 1조서 나흘만에 규모 절반 감소코스피 공매도전보다 1.5% 올라기업 이익 전망치 상향속 영향 반감\n\n\n\n지난 7일 코스피는 전날보다 18.46포인트(0.58%) 오른 3,197.20에 장을 마쳤다. 코스닥은 8.31p(0.86%) 오른 978.30을 기록했다. 명동 하나은행 본점 딜링룸 모습. /연합뉴스[서울경제] 14개월 동안 금지됐던 공매도가 재개됐지만 시장 전체 보다는 일부 고평가 종목에만 영향을 미친 ‘찻잔 속 태풍’에 그쳤다는 평가가 나온다. 공매도 재개 첫날에는 1조 원 이상의 공매도가 이뤄지기도 했지만 나흘만에 규모가 절반 이상 급감했다. 전문가들은 최근 코스피 기업들의 이익 전망치가 계속 올라가는 상황에서 공매도만으로 좋은 기업의 주가를 하락시키기는 어려울 것으로 단언하며 공매도에 대한 막연한 불안감을 떨칠 필요가 있다고 조언했다.9일 한국거래소에 따르면 코스피는 지난 7일 0.58% 오른 3,197.20으로 마감됐다. 장 중에는 3,205까지 오르기도 했다. 코스피는 공매도가 재개된 3일 0.66% 하락했지만 다음 날부터 반등을 시작해 3거래일 연속 상승, 전주보다 1.57% 올랐다. 코스닥 역시 공매도 첫날에는 2% 이상 하락하며 960선까지 떨어졌으나 이후 사흘 연속 오르며 이날 장 중 980선을 돌파하기도 했다.기관투자가는 4일부터 이날까지 3거래일 연속 코스피를 사들이며 이번 주 5,771억 원의 순매수로 거래를 마쳤다. 기관이 코스피에서 3거래일 연속 순매수한 것은 2월 초 이후 약 3개월 만이다. 기관투자가 중에서는 공매도를 통해 롱숏 전략을 사용해왔던 금융 투자 기관과 투신 등의 순매수 전환 기조가 뚜렷했다. 특히 국민연금 등 연기금은 공매도 재개와 함께 19주 연속 코스피 순매도 랠리의 종지부를 찍어 눈길을 끌었다. 연기금은 유가증권시장에서 지난해 12월 넷째 주부터 매주 수천억 원 이상의 주식을 순매도해왔지만 이번 주 공매도 재개와 함께 566억 원의 순매수로 거래를 마쳤다. 업계의 한 관계자는 “공매도 재개로 외국인·기관의 수급이 원활해질 것이라는 기대감이 연기금까지 움직인 것으로 보인다”고 말했다. 다만 공매도 재개와 함께 국내 증시로 돌아오리라 기대했던 외국인은 이번 주 유가증권시장에서 8,131억 원, 코스닥 시장에서 3,853억 원을 순매도했다.공매도 첫 주 투자가들의 공매 물량은 총 3조 3,655억 원에 달했다. 하지만 하루 공매도 규모는 증시의 상승 반전과 함께 급감하는 모습이다. 공매도 재개 첫날 코스피·코스닥 합산 1조 1,094억 원 규모에 달했던 공매도는 4일째인 이날 5,207억 원으로 절반 이상 줄었다. 특히 지난 14개월 동안 공매도가 전면 금지됐던 외국인의 경우 3일 1조 원 가까운 9,717억 원을 공매하기도 했지만 이날은 47.5% 줄어든 4,615억 원 치를 공매하는 등 규모를 대폭 줄였다. 외국인은 이번 주에 2조 9,548억 원어치를 공매도했다. 양대 증시에서 외국인과 기관의 하루 평균 공매도는 7,387억 원, 875억 원으로 전체의 87.79%, 10.4%를 각각 차지했다. 이번에 대주 확대 등을 하며 공매도 기회가 늘어난 개인의 경우 하루 평균 152억 원 규모의 공매도를 진행해 코로나19 이전 하루 평균 77억 원 대비 두 배 가까이 늘어났다. 비중 역시 과거 1.2%에서 1.8%로 소폭 늘어난 모습이다.\n\n\n\n증권가는 공매도 규모가 줄어든 후로 현재 코스피 기업들의 이익 전망치의 상향 추세가 이어지고 있다는 점을 들고 있다. 공매도는 주가 하락을 염두에 둔 투자라는 점을 고려할 때 기업의 펀더멘털이 개선돼 주가 상승이 기대된다면 공매도는 오히려 큰 손실을 미칠 수 있기 때문이다. 설태현 DB금융투자 연구원은 “국내 기업들의 본격적인 실적 발표가 시작되며 이익 전망치도 큰 폭으로 상승 중”이라며 “공매도의 순기능이 적정 가격 발견이라는 점을 고려할 때 이익 개선이 기대되는 기업은 공매도의 부정적 영향이 단기에 그칠 가능성이 크다”고 분석했다. 다만 전문가들은 옵션 만기일인 오는 13일까지는 주가 변동성이 이어질 수 있어 긴장을 늦추지 말 것을 권했다.그럼에도 공매도가 집중됐던 일부 종목들은 단기적으로 주가 하락을 겪기도 했다. 공매도 비중이 전체 거래량의 대부분을 차지한다면 주가가 눌릴 수밖에 없기 때문이다. 예컨대 삼성카드의 경우 이번 주 총 154억 원의 공매도가 이뤄지며 전체 매매의 42.74%를 차지했다. 삼성카드는 모건스탠리캐피털인터내셔널(MSCI)지수에서 제외될 수 있다는 악재가 제기되며 연일 공매도의 공격을 받았다. 한진칼 역시 일주일간 107억 원의 공매도가 이뤄졌는데 특히 공매가 집중됐던 3일 주가가 전 거래일 대비 8.83%가 빠지기도 했다. 하지만 이들 기업들의 주가는 이번 주 내내 하락하지 않고 반전했는데 차입 공매도에 따른 ‘숏커버링(빌려온 주식을 갚기 위해 주식을 다시 사들이는 행위)’이 있었다는 분석이다.대규모 공매에도 오히려 주가가 상승한 실적주도 있었다. LG디스플레이의 경우 일주일간 1,054억 원의 공매가 이뤄졌지만 최근 2거래일 연속 상승하며 지난주 종가를 뛰어넘은 2만 4,700원으로 마감했다. 올해 회사의 실적 턴어라운드가 기대되며 기관의 저가 매수세가 유입됐기 때문으로 분석된다./김경미 기자 kmkim@sedaily.com▶ [지구용 레터] 스팸 뚜껑 사라진거 아니었어?▶ 서울경제 더 폴리틱스 뉴스를 만나보세요!▶ 네이버 채널에서 '서울경제' 구독해주세요!저작권자 ⓒ 서울경제, 무단 전재 및 재배포 금지"
    },
    {
        "title": "공매도 1주일해보니...‘공매도 표적’ 셀트리온 수익은 ‘마이너스’",
        "date": "2021.05.09. 오전 10:13",
        "content": "셀트리온 1주일 공매도 수익률 약 -5%적자·감자·증자 3연타 나온 삼성중공업 9.7%\n\n\n\n셀트리온의 코로나19 항체치료제 ‘렉키로나주’ /연합뉴스[서울경제] 국내 증시에서 공매도가 재개된 지 1주일 지난 가운데 공매도 수익률은 삼성중공업(010140)이 가장 높은 것으로 나타났다. 반면 공매도 비중이 높아 투자자들 사이에서 불안감이 컸던 셀트리온(068270)의 경우 약 -5%로 집계됐다. 탄탄한 실적 성장이 예상되는 종목에 대한 공매도의 부정적 영향은 제한적이라는 평가가 나오고 있다.9일 한국거래소에 따르면 지난 3∼7일 정규 시장 기준 셀트리온의 공매도 수익률은 -4.7%로 조사됐다. 공매도의 평균 단가(공매도 거래대금을 공매도 거래량으로 나눈 값)와 지난 7일 종가를 비교한 결과다. 즉 지난 3∼7일 셀트리온을 공매도한 투자자가 아직 공매도를 청산하지 않았다고 했을 때 평균적으로 현재 기대할 수 있는 수익률이다. 셀트리온은 공매도의 표적이 될 가능성이 크다고 거론되는 대표적 종목이다.지난 주 셀트리온의 주가는 큰 폭의 등락을 보였다. 다만 최근 26만6,500원으로 마감해 공매도 재개 직전 종가(26만6,000원)보다는 높다.공매도 거래대금의 비중이 가장 높았던 삼성카드(029780)의 경우 공매도 수익률은 -1.1%였다. 삼성카드 주가는 지난 주 2.97% 떨어졌다. 공매도 거래대금 비중이 높은 상위 10개 종목 중에서는 5개(오뚜기(007310)·현대해상(001450)·한진칼(180640)·롯데지주(004990)·LG디스플레이(034220))는 마이너스 수익률을 나타냈고, 카페24(042000)·씨젠(096530)·한국기업평가(034950)·케어젠(214370) 등 4개 종목의 공매도는 플러스 수익률을 기록했다.공매도 수익률이 가장 높았던 종목은 삼성중공업으로 조사됐다. 삼성중공업의 공매도 수익률은 9.7%로 나타났다. 삼성중공업은 1분기 대규모 적자, 재무구조를 개선하기 위한 감자·증자 추진에 주가가 급락했다.설태현 DB금융투자 연구원은 “공매도의 순기능이 적정 가격 발견임을 고려할 때 이익 개선이 기대되는 기업은 공매도가 미치는 부정적 영향이 단기에 그칠 가능성이 크다”며 “펀더멘털 개선이 기대되는 기업의 주가가 수급 영향으로 지속해서 하락하기는 어렵기 때문”이라고 진단했다. 김광현 유안타증권 연구원은 “공매도는 하락을 예상한 움직임이라기보다는 하락에 대응하는 과정에서 매도세가 강해지는 것으로 이해해야 한다”며 “공매도는 주가 하락을 가속하는 요인이지, 상승하는 증시의 방향성을 돌리지는 않는다”고 했다./이완기 기자 kingear@sedaily.com▶ [지구용 레터] 스팸 뚜껑 사라진거 아니었어?▶ 서울경제 더 폴리틱스 뉴스를 만나보세요!▶ 네이버 채널에서 '서울경제' 구독해주세요!저작권자 ⓒ 서울경제, 무단 전재 및 재배포 금지"
    },
    {
        "title": "연기금, 공매도 기다렸나...7개월만에 \"사자\"",
        "date": "2021.05.09. 오전 10:07",
        "content": "지난주 유가증권서 553억원 순매수월간단위로는 7개월만에 매수 우위대형주 보다느 중,소형주 사들여[서울경제] \n\n\n\n공매도 재개 이후 순매도로 일관해 온 연기금의 수급에 큰 변화가 일어나고 있다. 작년 6월부터 지속해서 국내 주식을 팔아온 국민연금을 필두로 한 연기금의 매도세가 멈춘 것이 아니냐는 관측이 나온다.9일 금융투자업계에 따르면 연기금은 지난 3일부터 7일까지 유가증권시장에서 553억원어치를 순매수했다. 주간 단위로는 지난해 10월 첫째 주(402억원) 이후 7개월 만이다. 이같은 분위기가 지속한다면 월별 순매수로는 작년 5월 이후 1년 만이 된다.연기금은 올해 1월에는 일평균 4,000억원을 순매도했다. 2월에는 2,400억원으로 줄어들었고, 3월과 4월에는 각각 1,000억원대로 감소했다. 특히, 지난달 28일부터는 하루 순매도액이 600억∼800억원대로 떨어진 뒤 이달 들어서는 순매수로 돌아섰다.연기금은 작년 6월부터 지난 4월까지 11개월간 적게는 7,000억원부터 많게는 8조원까지 월별 순매도를 기록했다. 특히, 작년 12월 24일부터 올해 3월 12일까지 51거래일 동안 무려 14조5천억원어치를 순매도했다. 연기금의 순매수는 대형주보다 중형주에 쏠려 있다. 이달 들어 대형주와 소형주는 각각 458억원과 46억원을 순매도했지만, 중형주는 705억원어치 순매수를 기록했다. 정명지 삼성증권 투자정보팀장은 \"그동안 국내 주식시장 수급은 개인에 대한 의존도가 높았는데, 외국인이 IT업종을 제외하면 국내 시장을 사고 있고 여기에 연기금도 순매도를 멈추면서 지수는 다시 랠리를 이어갈 가능성도 있다\"고 전망했다./이완기 기자 kingear@sedaily.com▶ [지구용 레터] 스팸 뚜껑 사라진거 아니었어?▶ 서울경제 더 폴리틱스 뉴스를 만나보세요!▶ 네이버 채널에서 '서울경제' 구독해주세요!저작권자 ⓒ 서울경제, 무단 전재 및 재배포 금지"
    },
    {
        "title": "공매도 금액 감소세…HMM 2위로 껑충, 셀트리온 21위로 뚝",
        "date": "2021.05.09. 오전 9:35",
        "content": "공매도 거래금액 유가증권 2.7%, 코스닥 1.5%로 감소공매도 과열종목 건수 전일 2개서 10개로 증가[이데일리 이은정 기자] 공매도 거래대금이 3거래일 연속 감소한 가운데 유가증권시장에서 셀트리온(068270)의 공매도 대금이 크게 줄고, HMM(011200)이 2위로 진입했다. 공매도 과열종목으로는 10개가 지정됐다.\n\n\n\n(자료=한국거래소)9일 한국거래소에 따르면 이날 공매도 거래대금은 5207억원으로 전일 대비 3073억원 줄었다. 3거래일 연속 감소세다. 전체 거래대금 비중은 2.26%로 공매도 재개 이후 처음으로 2%대에 진입했다. 유가증권시장 공매도 거래금액은 3972억원으로 비중은 전체의 2.7%를 기록했다. 코스닥시장은 1235억원으로 비중은 1.5%였다. 유가증권시장 투자주체별 공매도 비중을 보면 외국인이 88.3%로 가장 컸고, 기관이 9.6%, 개인 2.1%를 기록했다. 3일 공매도 부분재개 첫날 대비 외국인 비중은 소폭 줄고 기관·개인 비중이 늘었다. 코스닥 시장에선 외국인 비중이 89.5%로 나흘 연속 늘었고, 기관 7.9%, 개인 2.6%를 차지했다. 공매도 거래대금 상위 종목은 유가증권시장에서 △LG디스플레이(034220) 294억원(공매도 비중 25.2%), △HMM(011200) 258억원(3.04%) △금호석유(011780) 212억원(6.7%) △SK이노베이션(096770) 168억원(6.2%) △삼성SDI 109억원(7.1%) 순이었다. 1위였던 씨젠이 21위권으로 내려갔다. 금호석유 주가는 5%대 하락했다. 코스닥 시장은 △씨젠(096530) 82억원(17.9%) △삼천당제약(000250) 76억원(5.2%) △스튜디오드래곤(253450)(13.9%) △케이엠더블유(032500)(40%) △카카오게임즈(293490)(21.4%) 순이었다. 스튜디온드래곤의 주가는 3%대 내렸다. 공매도 거래비중 상위 종목을 살펴보면 유가증권시장은 △오뚜기(007310) 62.6%(공매도 비중) △삼성카드(029780) 61.6% △한진칼(180640) 28.6% △현대해상(001450) 27.7% △현대위아(011210) 25.9% 순이었다. 주가는 삼성카드(-0.15%) 외 모두 1~2% 안팎 올랐다. 코스닥 시장에선 △케이엠더블유(032500) 39.6% △케어젠(214370) 36.2% △카페24(042000) 32.9% △톱텍(108230) 30.4% △텔콘RF제약(200230) 30.3% 순을 기록했다. 카페24 주가는 4%대 내렸고 케어젠과 텔콘RF제약은 1%대 하락했다. 공매도 과열종목으로는 지난 6일 적출 기준 유가증권시장 삼성중공업(010140)과 코스닥 포스코 ICT(022100), 티씨케이(064760), 안트로젠(065660), 웹젠(069080), 제넥신(095700) 등 9개가 지정되며 7일 공매도 거래가 금지됐다. 지정 건수는 지난 4일 22개에서 6일 2개로 줄었다가 다시 늘어난 것이다. 노동길 NH투자증권 연구원은 “코스닥 등 중소형주의 경우 공매도 금지 기간 중 현물 가격 고평가폭이 컸고, 헬스케어 등 고멀티플 종목들의 비중 높다는 점에서 대형주 대비 상대수익률이 약해질 가능성은 염두에 둘 필요가 있다”며 “코스피 내에서는 멀티플 상승폭 컸던 헬스케어 등 일부 업종에 대한 경계가 필요하다”고 말했다.이은정 (lejj@edaily.co.kr)▶ #24시간 빠른 #미리보는 뉴스 #eNews+▶ 네이버에서 '이데일리 뉴스'를 만나보세요▶ 빡침해소, 청춘뉘우스 '스냅타임'＜ⓒ종합 경제정보 미디어 이데일리 - 무단전재 & 재배포 금지＞"
    },
    {
        "title": "'호실적'에도 증시 박스권 전망…금리인상 우려 '변수' [주간전망]",
        "date": "2021.05.09. 오전 7:02",
        "content": "'깜짝 실적' 기대…조기 금리인상 '부담'\"경기 호조 직접적 수혜 '경기민감주' 주목\"\n\n\n\n이번 주 국내 증시는 3100~3200대 초반 박스권에서 등락을 거듭할 전망이다. 기업들의 깜짝 실적(어닝 서프라이즈)은 증시를 밀어올리겠지만 미국 중앙은행(Fed)이 조기에 금리를 인상할 가능성은 부담으로 작용할 전망이다. 전문가들은 경기 개선 흐름과 원자재 가격 상승의 직접적인 수혜를 볼 수 있는 경기민감주에 주목하라고 조언했다. 상승세 지속하는 국내외 증시9일 한국거래소에 따르면 지난주 코스피지수(5월3일~7일) 전주보다 49.34포인트(1.57%) 상승한 3197.20에 장을 마쳤다. 다만 같은 기간 코스닥지수는 0.52% 소폭 하락하면서 1000선을 밑돌았다. 공매도 재개로 인한 부담이 커져서다.지난 주 미국 증시도 상승 마감했다. 7일(현지시간) 뉴욕증권거래소(NYSE)에서 다우존스30산업평균지수는 전장보다 229.23포인트(0.66%) 상승한 34,777.76에 거래를 마감했다. 스탠더드앤드푸어스(S&P)500지수는 같은 기간 30.98포인트(0.74%) 오른 4,232.60을, 기술주 중심의 나스닥 지수는 119.39포인트(0.88%) 상승한 13,752.24로 장을 마쳤다.다우지수는 3거래일 연속 사상 최고치를 경신했다. S&P500지수도 3거래일 연속 상승세를 이어 오다 이날 역대 최고치를 찍었다.  '어닝 서프라이즈' 효과 vs 미국發 변동성 확대 가능성이번 주 코스피지수는 3110~3240선 범위 내에서 등락할 전망이다.주가 상승요인은 국내 기업 올해 1분기 깜짝 실적(어닝 서프라이즈) 효과다. 5월 둘째 주는 1분기 실적 발표가 마무리되는 시점이다. 기업 호실적에 따른 주가 상승을 기대할 수 있다.최근 국내 기업들은 1분기 사상 최고 실적을 내놓았다. 시장 기초체력(펀더멘털)이 강화하고 있다. 현재까지 시가총액 기준 43%의 종목의 실적 발표 결과, 이들의 매출액과 영업이익은 각각 예상치 대비 5.5%, 11.8% 웃도는 실적을 내놓았다. 최근 5년간 1분기 실적이 예상치보다 높았던 시기의 시장 예상치 상회율이 평균 1.2%였다는 점을 고려하면 매우 높은 수준이다.박석현 KTB투자증권 연구원은 \"올해 1분기 국내 기업 어닝 시즌 호조가 뚜렷한 가운데, 2분기와 3분기의 영업이익 전망까지 추가로 상향 조정되고 있다\"면서 \"펀더멘털이 단단해지는 점은 주가 상승 동력이 될 것\"이라고 내다봤다.\n\n\n\n사진=게티이미지뱅크반면 Fed의 자산매입축소(테이퍼링) 논의는 단기적으로 변동성을 키우는 요인이다. 경기 과열을 막기 위해 금리 인상이 필요할 수 있다는 옐런 미 재무장관의 발언으로 시장의 우려가 커진 상황에서 이번 주 미국의 4월 소비자 물가 동향이 발표된다. 미국 경기와 물가 회복이 빨라질 수록 Fed는 기대물가 안정을 위한 논의에 적극 나설 가능성이 높다. 테이퍼링 시점이 앞당겨질 수 있다는 의미다. 김유미 키움증권 연구원은 \"4월 물가 지표는 본격적인 기저효과, 에너지 가격 상승 등의 영향으로 큰 폭으로 뛰어오를 가능성이 높다\"며 \"최근 Fed의 테어퍼링 시기를 둘러싸고 이견이 있는 만큼 물가 지표가 예상치를 웃돌 경우, 통화정책 관련 불확실성을 키울 수 있다\"고 분석했다. \"경기 호조 직접적 수혜 '경기민감주' 주목\"경기민감주에 주목하라는 조언이다. 경기 회복 가능성과 인플레이션 우려가 동시에 나타나서다. △철강 △조선 △정유 △화학 등 경기민감주는 경기 개선 흐름과 원자재 가격 상승의 직접적인 수혜가 예상된다.서정훈 삼성증권 연구원은 \"신종 코로나바이러스 감염증(코로나19) 대유행 후 주요국 재정지출이 인프라 투자와 같은 제조업에 집중되면서, 원자재 및 중간재 역할을 하는 경기민감주에 대한 이익 전망이 가파르게 상향되고 있다\"고 분석했다.중장기적인 관점에서는 △반도체 △자동차 업종이 유망하다는 설명이다. 공급망 차질 해소 이후 이연 수요 효과가 기대돼서다.김수현 한경닷컴 기자 ksoohyun@hankyung.com▶ 경제지 네이버 구독 첫 400만, 한국경제 받아보세요▶ 한경 고품격 뉴스레터, 원클릭으로 구독하세요▶ 한국경제신문과 WSJ, 모바일한경으로 보세요 ⓒ 한국경제 & hankyung.com, 무단전재 및 재배포 금지"
    },
    {
        "title": "연기금 주식 매도세 멈췄나…5월 첫주 순매수, 7개월만에 처음",
        "date": "2021.05.09. 오전 6:07",
        "content": "(서울=연합뉴스) 김태종 기자 = 5월 들어 유가증권시장에서 국내 주식시장의 '큰 손' 연기금의 순매수 움직임이 나타나면서 관심이 쏠리고 있다.    5월이 아직 많이 남아 있긴 하지만 작년 6월부터 지속해서 국내 주식을 팔아온 연기금의 매도세가 멈춘 것이 아니냐는 관측이 나온다.     9일 금융투자업계에 따르면 연기금은 지난 3일부터 7일까지 유가증권시장에서 553억원어치를 순매수했다.    그동안 순매도한 금액에 비하면 금액이 크진 않지만 4거래일 중 3거래일을 순매수했고, 순매도일은 단 하루에 그쳤다.    주간 단위 순매수는 10월 첫째 주(402억원) 이후 7개월 만이다. 이같은 분위기가 지속한다면 월별 순매수로는 작년 5월 이후 1년 만이 된다.    본격적인 순매수까지는 아니라고 순매도세는 일단 멈췄다는 분석이 나온다.    연기금은 올해 1월에는 일평균 4천억원을 순매도했다. 2월에는 2천400억원으로 줄어들었고, 3월과 4월에는 각각 1천원대로 감소했다.    특히, 지난달 28일부터는 하루 순매도액이 600억∼800억원대로 떨어진 뒤 이달 들어서는 순매수로 돌아섰다.    연기금에는 국민연금과 함께 군인공제회, 교원공제회, 우정사업본부도 포함한다. 이 중 국민연금이 절대적인 비중을 차지하고 있다.    연기금은 작년 6월부터 지난 4월까지 11개월간 적게는 7천억원부터 많게는 8조원까지 월별 순매도를 기록했다. 특히, 작년 12월 24일부터 올해 3월 12일까지 51거래일 동안 무려 14조5천억원어치를 순매도했다.    연기금의 계속되는 순매도에 '동학개미' 등 개인투자자들이 거세게 반발하면서 국민연금 최고의사결정기구인 기금운용위원회(기금위)는 지난달 국내 주식 전략적 투자 비중 상한을 18.8%에서 19.8%로 상향 조정한 바 있다.    정명지 삼성증권 투자정보팀장은 \"국내뿐만 아니라 미국과 유럽 주식도 강하기 때문에 국민연금의 국내 주식 평가 비중이 상대적으로 떨어졌을 수 있다\"며 \"여기에 불입되는 연금 보험료로 운용 규모도 커져 매수의 필요성이 생기지 않았나 생각한다\"고 분석했다.     연기금의 순매수는 대형주보다 중형주에 쏠려 있다. 이달 들어 대형주와 소형주는 각각 458억원과 46억원을 순매도했지만, 중형주는 705억원어치 순매수를 기록했다.    정 팀장은 \"그동안 국내 주식시장 수급은 개인에 대한 의존도가 높았는데, 외국인이 IT업종을 제외하면 국내 시장을 사고 있고 여기에 연기금도 순매도를 멈추면서 지수는 다시 랠리를 이어갈 가능성도 있다\"고 전망했다. \n\n\n\n[그래픽] 연기금 코스피 순매수·매도 추이(서울=연합뉴스) 김영은 기자 = 0eun@yna.co.kr    트위터 @yonhap_graphics  페이스북 tuney.kr/LeYN1  [표] 연기금 최근 1년간 국내 증시 순매수·매도 추이                                       (단위 : 억원)\n\n\n\n    taejong75@yna.co.kr▶네이버에서도 뉴스는 연합뉴스[구독 클릭]▶[팩트체크] 전기료 규제하면 해외투자자들이 소송?▶제보하기<저작권자(c) 연합뉴스(https://www.yna.co.kr/), 무단 전재-재배포 금지>"
    },
    {
        "title": "매일 보는 음봉, 양봉 차트 제대로 알자 [5화]",
        "date": "2021.05.09. 오전 6:01",
        "content": "금융투자협회에 따르면 3월 주식거래 활동 계좌 수가 4000만개를 넘어섰습니다. 주식을 시작한 사람이 그만큼 많아졌다는 의미입니다. 하지만 준비되지 않은 상태에서 소위 말하는 핫한 섹터나 종목에 투자하는, 공부하지 않는 쉬운 투자는 매우 위험합니다. 투자는 운이 크게 좌우하는 분야지만 늘 행운이 따르지는 않고, 계속 행운에 베팅하는 것은 도박이나 다름없기 때문이죠.이에 매일경제 유튜브 '매일경제 에브리데이'가 기초부터 탄탄히 주식의 기본기를 다져줄 '샌타샤와 놈놈놈' 콘텐츠를 선보입니다. 주식 고수 박민수(필명 샌드타이거샤크, 최고민수)와 단타 치는 놈, 해외주식만 하는 놈, 모르는 놈 등 초보 투자자 3인방의 좌충우돌 주식투자 배우는 과정을 통해 재미와 정보를 동시에 전달합니다. 유튜브와 함께 기사로 매주 일요일 오전 주식 초보들이 알아야 할 주식 상식 다섯 가지를 살펴봅니다. 영상은 #매일경제 유튜브 에서 볼 수 있습니다. 거래량, 추세 등 주식 차트를 보고 분석하는 방법을 '기술적 분석'이라고 합니다. 즉, 기술적 분석은 시장 가격 자체에만 관심을 가지고 가격 움직임의 원인에 대해서는 분석하지 않습니다. 이와 반대를 '기본적 분석'이라고 합니다. 재무제표와 이슈를 통해 기업의 본질적 가치를 분석해 투자여부를 결정하는 방법이죠. 오늘은 다음 편 기본적 분석에 앞서 '캔들' '이동평균선' '거래량' 세 가지를 중심으로 기술적 분석에 대해 알아보겠습니다. \n\n\n\n사진출저=게티이미지뱅크 Q1. 음봉과 양봉의 의미는 무엇인가요? \n\n\n\n 파란색 막대를 음봉, 빨간색 막대를 양봉이라고 합니다. 주식시장이 오전 9시에 개장할 때 가격을 '시초가(시가)'라고 합니다. 시가를 기준으로 주가가 위로 상승하면 양봉, 하락하면 음봉이 됩니다. 예를 들어 삼성전자 주식이 8만원에 시초가를 형성했는데 현재 가격이 8만2000원이면 양봉이고, 현재 가격이 7만9000원이면 음봉입니다. 재미있는 사실은 빨간색이 모든 나라에서 상승을 뜻하는 것은 아니라고 합니다. 사실 일반적으로 빨간색은 '경고'의 의미로 많이 쓰이잖아요. 미국에서는 오히려 빨간색이 하락을 의미하며 주가가 상승할 때는 초록색으로 표시됩니다.Q2. 봉의 길이는 무슨 의미일까요.봉의 길이가 긴 걸 장대봉이라고 합니다. 그래서 봉의 길이가 긴 양봉을 장대양봉, 봉의 길이가 긴 음봉을 장대음봉이라고 말합니다. 양봉은 박스 윗부분이 종가, 아랫부분이 시가입니다. 반대로 음대양봉은 내려가는 모습이니 윗부분이 시가고 아랫부분이 종가겠죠. 박스가 길다는 건 시작가와 종가가 크게 벌어졌다는 의미입니다. 즉, 양봉의 경우 가격이 많이 올라갔다는 의미이므로 매수세가 강했다는 뜻입니다. 음봉은 가격이 많이 내려갔다 즉, 반대로 매도세가 강했다고 해석할 수 있겠습니다.그런데 이 박스 위아래로 꼬리(그림자)처럼 삐죽 올라온 모습을 볼 수 있을 겁니다. 위쪽은 그날 이 주식이 가장 많이 올랐던 가격, '고가', 아래는 가장 많이 떨어졌던 '저가'를 의미하죠.Q3. 망치형, 팽이형…. 무슨 말인가요? \n\n\n\n 앞서 말한 꼬리와 봉의 형태를 일상 속 사물에 빗대어 '망치형' '역망치형' '팽이형' '십자형' 등 다양한 주식시장 은어로 부릅니다. 위 원리를 대입해 몇 가지를 간단하게 해석해보겠습니다.양봉 '망치형'은 최고가가 장중에 시가보다 낮은 가격으로 떨어진 적이 있지만 떨어진 가격으로 매수하는 사람이 많아 그날 시가보다 더 많이 오른 상태로 장이 마감된 경우입니다. 상승 여력이 크다고 해석할 수 있겠죠. 반대로 '역망치형'은 장중에 시가보다 주식 가격이 떨어진 적은 없지만 고가에서 매도하는 사람이 늘면서 주가가 그날 최고가보다 하락한 지점에서 장이 마감된 경우입니다. 상승 이후 시세 차익을 노린 매물들이 나온 경우에도 이런 모양이 되기도 합니다.  \n\n\n\n 음봉의 경우 '망치형'의 모습은 반대가 되겠죠. 음봉에서는 '교수형'이라고 부르기도 합니다. 시가에 가격이 쭉 떨어져 최저가를 찍었다가 매수하는 사람이 늘면서 주가가 올랐지만 시가보다는 여전히 낮은 가격에서 종가가 형성된 것입니다. 저가에서 매수세가 유입돼 아래로 꼬리가 생긴 거죠. '역망치형' (유성형이라고 부르기도 합니다)은 장 초반에는 주가가 상승했는데 매도가 많아지면서 떨어지고 결국 시가보다 낮은 지점에서 장이 끝난 겁니다. '오른 김에 빨리 팔아버리자'라는 매물 등 강한 하락 추세로 해석하는 경우가 많죠.이 밖에도 몸통을 중심으로 위아래 꼬리가 형성되는 '팽이형'. 팽이형의 몸통이 아주 가늘어 십자가 모형처럼 보인다 해서 '십자가형' 등이 있습니다. 사실 차트 모양에 따른 해석은 각각 상황에 따라 달라지니 각 부분이 의미하는 바를 떠올리며 나름대로 해석해보면 좋을 것 같습니다.Q4. 거래량은 어떤 의미일까요. \n\n\n\n봉이 길수록 거래량이 많은 것을 뜻합니다. 거래량의 색깔은 설정하기 나름이지만 대체로 빨간색은 전날보다 거래량이 많음을, 파란색은 전날보다 거래량이 적음을 의미합니다. mts 따라서 전일 종가 대비로 설정되어 있는 경우도 있습니다. 주식시장에서 거래량은 말 그대로 주식이 거래된 양을 뜻합니다. 당일 매도와 매수 주문이 만나 체결된 거래 수죠.대체로 차트 아래에 막대그래프 형태로 표시되는데요. 봉이 길수록 거래량이 많은 것을 뜻합니다. 거래량 색깔이 빨간색이면 전날보다 거래량이 많음을, 파란색이면 전날보다 거래량이 적음을 의미합니다. 녹색은 보합이고요. (다만 설정에서 바꿀 수 있습니다. 전일 종가 대비 상승/하락 전일 대비 기본 설정돼 있는 경우도 있습니다. 설정 아이콘을 누르면 사실 차트 막대 기준과 색깔을 마음대로 바꿀 수 있습니다.) 색깔은 크게 중요하지 않으니, 헷갈리신다면 높낮이만 주요하게 보면 될 것 같습니다.투자자들이 거래량을 중요하게 여기는 건 선행지표 역할을 하기 때문인데요. 거래량이 증가한다는 건 사는 사람도, 파는 사람도 많다는 것을 의미합니다. 주가가 상승할 때 거래량이 늘면 비싼 가격에도 사는 사람이 많다는 의미이니 상승 모멘텀으로 해석되죠. 주가가 하락하는데 거래량이 는다면 부정적인 시그널로 읽힙니다. 계속 떨어지는 힘에 의해 사람들이 계속 사고팔기 때문입니다.쉽게 말하면 거래량은 '힘'으로 해석해도 좋을 것 같습니다. 상승하던 주식의 거래량이 준다는 건 상승동력이 서서히 떨어진다는 의미입니다. 그만큼 사기에 매력적이지 않아 거래가 준다는 의미죠. 반대로 가격이 하락하는데 거래량이 준다면 하락세가 약해진다는 뜻이니 반등의 모멘텀이 올 수도 있겠지요.Q5. 이동평균선은 무엇인가요? \n\n\n\n 차트에서 봉 위아래로 여러 선이 보입니다. 이를 '이동평균선'이라고 하는데요. 이동평균선은 쉽게 말하면 각 캔들의 종가를 평균으로 이은 선입니다.5일선이란 종가의 5일간 평균을, 20일선은 20일간 평균을 이은 선입니다.예를 들어 어떤 날의 '5일간 이동평균'을 계산하려면 해당 날짜를 포함한 최근 5일간의 주가(종가 기준)를 합산한 뒤 5로 나누면 됩니다. 이렇게 나온 매일의 값을 하나의 선으로 연결해 나타낸 것이 바로 '5일 주가 이동평균선'이 되는 거죠. 주식 애플리케이션(앱)을 보면 5, 10, 20, 60, 120일선이 각각 표시되는데요. 단기 이평선이 중장기 이평선 위로 돌파해서 올라왔을 때를 '골든크로스', 단기 이평선이 중장기 이평선 아래로 떨어졌을 때를 '데드크로스'라고 합니다. 흔히 골든크로스는 상승추세의 전환을 알리는 신호로, 데드크로스는 하락추세의 전환을 알리는 신호로 해석되고는 합니다. 예를 들어, 5일 이동평균선이 20일 이동평균선을 상향 돌파하는 것은 5일간 투자심리가 지난 20일간 투자심리보다 좋아졌다는 의미입니다. 그래서 5일선과 20일선이 60일선을 뚫고, 120일선을 뚫으면 주가가 추세적 상승에 있다고 해석합니다.이 같은 차트를 통한 주식매매는 매우 직관적이어서 투자자들에게 매력적으로 보입니다. 하지만 주식 차트에는 맹점이 있는데요. 차트는 후행하는 성질이 있다는 겁니다. 차트만으로 매매한다면 코로나19 같은 예상 외 상황, 해당 기업의 과거에는 없었던 악재, 예측할 수 없었던 호재 기회 등을 전혀 고려하지 못한 투자가 되죠. 그래서 주식 고수 박민수 씨는 \"기술적 분석은 단타에 적용될 수 있는 기법\"이라며 \"초보 투자자라면 기술적 분석은 기초만 알아두고, 기업가치를 철저히 분석하는 기본적 분석을 통한 장기 투자를 추천한다\"고 조언합니다. 차트는 참고지표 중 하나라는 거죠.6화에서는 기술적 분석에 이어 기업 재무제표를 통해 성장성 등 투자가치를 살펴보는 '기본적 분석'에 대해 배워보겠습니다. 주식 투자자라면 반드시 알아야 할 개념이죠. #네이버 기자페이지를 구독하시면 다음 기사를 쉽게 받아 볼 수 있습니다. [김연주 기자]"
    }
]