[
    {
        "title": "금투세 폐지 급제동 … 증시 안갯속으로",
        "date": "2024.04.10. 오후 8:41",
        "content": "野압승에 세법 개정 어려워져금투세 내년부터 시행될수도주주환원시 법인세 부담 완화 등밸류업 정책 추진 동력도 약화상속세 완화는 논의조차 힘들듯\n\n\n\n연초부터 금융투자소득세 폐지, 상법 개정, 개인종합자산관리계좌(ISA) 혜택 강화 등 증시 관련 대책을 쏟아낸 정부 정책이 총선 이후에 추진력을 상실할 것으로 보인다.더불어민주당이 압도적 다수당 위치를 차지하면서 일단 세법 개정 추진에 브레이크가 걸리게 됐다.금융투자소득세는 선거를 앞두고 투자자들 관심을 모은 이슈였다. 내년 시행될 예정인 금융투자소득세에 대해 여당은 폐지를 주장하고, 야당은 예정대로 시행해야 한다는 입장이다. 여당에선 투자심리 악화를 우려하지만 2020년부터 이미 예고된 내용이라 시장에 당장 급작스러운 충격을 줄 가능성은 작다. 하지만 개인투자자들은 심리적 부담을 느낄 가능성이 높다.정부가 추진하고 있는 '기업 밸류업 프로그램' 수혜주라고 할 수 있는 자동차·은행 등 저PBR(주가순자산비율)주들 역시 당분간 강한 모멘텀을 찾기 힘든 상황이다.시장에서 기다린 밸류업 프로그램의 핵심은 세법 개정인데 법 개정을 위한 의석수 확보가 어렵기 때문이다. 그동안 밸류업 수혜주인 은행·자동차 업종들은 여당 지지율과 비슷한 흐름을 보였다.KRX은행지수, KRX자동차지수는 2월 내내 강한 상승세를 보이다 윤석열 대통령의 국정수행 부정 평가가 높아진 지난달에는 상승폭을 모두 반납해 '윤 대통령 테마주'와 비슷한 흐름을 나타냈다. 최근 윤 대통령 지지율이 반등하면서 외국인들도 순매수로 돌아서고 해당 업종 주가는 소폭 오르는 추세다.밸류업 프로그램의 핵심 동력이 결국 배당세제 개선, 상속세 부담 완화에 있는 이상 감세에 부정적인 야당 의석이 많아지고 강경파 목소리가 커질수록 밸류업 프로그램 효과는 약화될 것으로 보인다.이경민 대신증권 연구원은 \"민주당이 200석 이상을 차지하면 밸류업 프로그램 추진력에 대한 의구심이 커질 수 있고, 국민의힘이 150석 이상 차지하면 저PBR주의 분위기 반전에 힘이 실릴 수 있다고 예상한다\"면서 \"총선 결과에 상관없이 밸류업 프로그램이 진행될 것으로 예상하지만 심리적 변동성은 감안해야 할 부분\"이라고 설명했다.최상목 경제부총리 겸 기획재정부 장관은 지난달 29일 자본시장 간담회에서 \"상속세 부담 완화는 사회적 공감대를 바탕으로 충분한 논의가 필요한 과제\"라고 말한 바 있다. 최대세율 50%(대주주 할증 시 65%)에 대한 징벌적 상속세가 있는 이상 대주주가 주가 부양에 소극적일 수밖에 없기 때문이다.또 정부는 기업의 자발적인 기업 가치 제고를 이끌고, 프로그램을 뒷받침하기 위해 주주환원 증가액 일부에 대해 법인세 부담을 완화하며, 배당 확대 기업 주주의 배당소득세 부담을 경감하는 등 세제 인센티브를 부여하는 방안도 검토 중이다.반면 야당은 정부가 추진하고 있는 감세 정책에 대해 세수 부족과 '부자 감세'를 이유로 반대하고 있다.주주환원 기업에 대한 법인세 감면은 법인세법 개정이 필요하고, 배당소득세 분리과세 도입을 위해선 조세특례제한법 개정이 필요한데 야당이 과반 의석을 차지하면 관련 법 개정 움직임이 난관에 부딪힐 수밖에 없다.다만 이미 여론조사 결과에 따라 시장에선 정부가 추진해온 세법 개정 가능성이 낮을 것이라는 전망을 주가에 반영한 만큼 추가적인 영향이 작을 수도 있다.이와 함께 10일(현지시간) 발표된 미국 소비자물가지수(CPI)가 국내 증시에 영향을 줄 것이라는 전망이 우세하다. [김제림 기자]"
    },
    {
        "title": "하이브, 대형콘서트·글로벌 오디션으로 중남미 공략",
        "date": "2024.04.10. 오후 8:34",
        "content": "방시혁 의장, 멕시코 직접 찾아'더 데뷔' 유사한 프로젝트 논의BTS·세븐틴 등 콘서트도 구상\n\n\n\n[서울경제] 지난해 11월 하이브(352820) 라틴아메리카 법인을 설립한 하이브가 연내 오디션과 대형 콘서트를 준비하며 본격적으로 중남미 공략에 나선다.10일 업계에 따르면 하이브는 올해 말 멕시코 현지에서 오디션을 기획 중이다. 지난해 북미에서 진행된 ‘더 데뷔: 드림아카데미’와 비슷한 성격의 글로벌 오디션이 될 전망으로, 정식 데뷔를 앞두고 있는 글로벌 걸그룹 캣츠아이와 유사한 형태의 아티스트가 탄생할 것으로 보인다.지난 3월 새로 합류한 페르난도 그레디아가 하이브 라틴아메리카 사업대표는 “K팝의 성공 공식을 현지에서 재현하려 한다”며 “올해 말까지 프로젝트를 시작하는 것이 목표”라고 말했다.방시혁 하이브 의장도 중남미 시장에 큰 관심을 갖고 올해 초 멕시코에 방문했던 것으로 알려졌다. 그레디아가 대표는 “방 의장은 현지 오디션 프로젝트에 함께 참여해 의견을 주게 될 것”이라고 말했다. K팝이 중남미에 진출하기도 하지만, 중남미 아티스트들도 아시아에 진출하게 된다.중남미 지역에서의 K팝 인기 확대를 위한 콘서트도 기획 중이다. 그는 “올해 말 세븐틴 등이 참여하는 콘서트를 구상 중”이라며 “BTS가 완전체가 되는 내년에는 BTS의 모습도 볼 수 있을 것”이라고 밝혔다.\n\n\n\n방시혁 하이브 의장. 사진 제공=하이브하이브는 지난해 라틴 음악 레이블인 엑자일 뮤직을 286억 원에 인수하고 하이브 라틴아메리카를 설립했다. 엑자일 뮤직의 영업권은 엑타일 팟캐스트 포함, 277억 원 수준이다. 하이브가 이전에 인수한 QC미디어홀딩스 등에 비해 크기는 작지만 성장성은 더 크다. 하이브에 따르면 2022년 중남미 음악시장 규모는 13억 달러로 2021년 대비 26.4% 성장했는 데, 같은 기간 전 세계 시장은 9% 성장한 데 비해 그 폭이 더욱 가파르다.방 의장은 지난해 K팝 위기론을 설파하며 “라틴 시장에서 톱티어 레이블들을 보고있다”며 “우리와 철학이 맞고 미래 혁신에 관심이 있는 분들을 인수하려 한다”고 밝힌 바 있다.아직까지 하이브의 현지 사업은 인력 고용 등 초창기 단계에 머물고 있는 것으로 알려졌다. 일본 등 아시아 아티스트들도 중남미 시장에 도전하는 상황에서 본격적으로 중남미 사업을 시작하는 하이브가 북미 시장과 마찬가지로 성공적 가도를 걷게 될 지 주목된다."
    },
    {
        "title": "코스닥 개미의 눈물…매수 톱10 중 9개 손실",
        "date": "2024.04.10. 오후 8:28",
        "content": "엔켐만 유일한 플러스 수익1년새 8%뛴 코스피와 대조적개미(개인 투자자)들이 지난 1년간 코스닥시장에서 집중적으로 사들인 종목 대다수가 하락한 것으로 집계됐다. 순매수 상위 10개 종목 중 9개 종목의 평균 매수가가 현재 주가보다 높았다.\n\n\n\n10일 한국거래소에 따르면 지난 1년간(2023년 4월 10일~2024년 4월 9일 기준) 코스닥지수는 2.38% 하락했다. 같은 기간 코스피지수가 8.80% 오른 것과 대비되는 모습이다. 이 기간 상승한 종목 수는 487개, 하락한 종목 수는 1070개다. 보합 종목 수는 43개다. 개인 투자자들이 3개 종목을 보유했다면 이 중 두 종목은 손실을 봤다는 의미다.지난 1년간 개인이 가장 많이 순매수한 종목은 JYP엔터테인먼트(6977억원)였다. 그 뒤를 이어 엔켐(6889억원), 파두(4591억원), 루닛(4189억원), LS머트리얼즈(4076억원), 에코프로비엠(2458억원), 알멕(1798억원), 더블유씨피(1679억원), 천보(1640억원), 필에너지(1632억원) 등이었다.순매수 상위 10개 종목 중에는 엔켐이 유일하게 상승했다. 이 기간 주가가 8만6000원에서 36만3000원으로 322% 올랐다. 개인 평균 매수가(15만2738원)보다 현재가(36만3000원)가 137.66% 높았다.그러나 나머지 상위 9개 종목은 모두 하락했다. JYP는 이 기간 12.82% 떨어졌다. 개인의 평균 매수가(9만9756원) 대비 현재가(6만6600원)는 33.24% 낮았다. 파두(-45.77%), 루닛(-24.23%), LS머트리얼즈(-32.16%), 에코프로비엠(-20.54%), 알멕(-62.69%), 더블유씨피(-34.15%), 필에너지(-15.26%), 천보(-51.75%) 등도 이 기간 매수한 개인들이 큰 손실을 봤다.개인이 최근 1년간 가장 많이 판 코스닥 종목은 에코프로였다. 1조4772억원어치를 순매도했다. 이어 주성엔지니어링(2317억원), HLB(1712억원), 알테오젠(1628억원), 동진쎄미켐(1521억원) 순이었다."
    },
    {
        "title": "코스피 팔던 연기금, 삼성전자는 3800억 쓸어담았다",
        "date": "2024.04.10. 오후 8:28",
        "content": "실적 개선에 AI칩 수주 확대 기대증권가 \"추가 상승 가능성 높아\"\n\n\n\n한국거래소 관계자들이 지난달 28일 서울 영등포구 여의도 서울사옥에서 삼성전자 주가와 차트를 살펴보고 있다. 권욱 기자[서울경제] 삼성전자(005930)가 최근 인공지능(AI) 반도체 시장 진입을 시도한다는 소식에 그간 코스피를 내리 팔던 국민연금도 지난달부터 이 주식을 3800억 원 가까이 쓸어담고 있다. 1분기 호실적을 계기로 외국인투자가들의 매수가 이어지는 가운데 연기금까지 수급에 힘을 보태자 증권가에서는 삼성전자의 주가가 추가 상승을 꾀할 수 있다는 전망이 잇따르고 있다.10일 한국거래소에 따르면 연기금은 지난달부터 이달 9일까지 삼성전자를 3770억 원어치 순매수했다. 연기금이 삼성전자 다음으로 많이 산 삼성SDI(006400)의 순매수 규모(1176억 원)를 3배나 웃도는 금액이다. 연기금이 코스피시장에서 3월 3516억 원 매수 우위, 4월 8억 원의 매도 우위를 보인 점을 감안하면 사실상 삼성전자 주식만 사들이고 나머지 주식은 팔기 바빴던 셈이다. 연기금은 1월과 2월까지만 해도 각각 2841억 원, 5364억 원어치의 주식을 팔았다.투자 전문가들은 연기금이 최근 삼성전자를 집중 매수하는 것을 매우 이례적인 일이라고 평가했다. 연기금 가운데 투자 비중이 가장 높은 국민연금이 국내 주식 투자 비중을 올해 15.4%, 내년에는 15.0%로 줄일 계획이기 때문이다. 증권가에서는 연기금이 현재 보유한 주식 비중은 이미 15% 미만일 것으로 추정하고 있다. 실제 연기금은 2017년부터 지난해까지 2019년 한 해를 제외하면 매년 삼성전자를 비롯한 국내 주식을 내다팔았다.\n\n\n\n올 들어 연기금이 삼성전자에 대해 매수 우위로 돌아선 것은 AI 반도체 이슈가 부각하면서부터다. 특히 지난달 삼성전자가 고대역폭메모리(HBM)를 엔비디아에 공급할 수 있다는 예측이 나오면서 연기금의 매수세도 강화되기 시작했다. 여기에 이달 5일 삼성전자가 시장 예상치를 뛰어넘는 1분기 실적을 내놓으면서 연기금의 매수 우위를 계속 이어졌다. 국내에서 가장 보수적인 투자 주체인 연기금조차 삼성전자만큼은 주가가 추가 상승할 가능성을 높게 봤다는 방증이다. 거래소에 따르면 삼성전자의 현 주가는 지난달 첫 거래일보다 13.89% 오른 상태다.상당수 전문가들은 삼성전자가 반도체 업황 개선을 발판으로 2분기 이후에도 실적 개선을 이어갈 것으로 내다보면서 연기금이 주식을 쉽게 팔지 않을 것으로 예상했다. 이에 따라 한화투자증권은 최근 삼성전자 목표주가를 11만 5000원으로 IBK투자증권과 KB증권은 11만 원으로 각각 높여 잡았다.김정윤 대신증권 연구원은 “실적 개선 속도가 빨라짐에 따라 주가 상승세도 더욱 견고해질 것”이라고 내다봤다."
    },
    {
        "title": "몸푸는 타이어株…1분기 깜짝실적 예감",
        "date": "2024.04.10. 오후 8:28",
        "content": "넥센타이어, 한국타이어앤테크놀로지, 금호타이어 등 국내 타이어 3사의 주가가 반등에 나섰다.10일 한국거래소에 따르면 넥센타이어는 지난 1주일(4월 2~9일)간 6.56% 상승했다. 이 기간 한국타이어(3.13%), 금호타이어(1.54%)도 코스피지수 상승폭을 웃돌았다.\n\n\n\n타이어 3사는 주가순자산비율(PBR)이 1배 안팎에 불과하지만 현대자동차·기아 등 완성차 종목들에 비해 기업 밸류업 프로그램 혜택을 제대로 받지 못했다. 주주환원책이 시장 기대에 못 미친다는 평가 때문이다. 하지만 올 1분기 실적 발표 시즌이 되면서 그동안 눌려 있던 주가가 오름세로 돌아서는 모습이다.1분기 매출과 영업이익이 시장 추정치를 뛰어넘을 것이라는 관측이 주가에 힘을 보탰다. 공장 증설에 따른 생산 물량 증가, 판매가격 인상 등이 실적 개선을 이끌 것으로 분석됐다.금융정보업체 에프앤가이드에 따르면 타이어 3사의 1분기 영업이익률은 한국타이어 15.5%, 금호타이어 13.2%, 넥센타이어 9.8%로 추정됐다. 각 사 모두 전년 동기(한국타이어·9.1%, 금호타이어·5.5%, 넥센타이어·2.5%) 대비 큰 폭으로 개선되는 것이다. 한 애널리스트는 “시장의 기대처럼 1분기부터 실적 개선이 본격화되면 향후 주가에도 긍정적인 영향을 미칠 것”이라고 전했다."
    },
    {
        "title": "커지는 금리인하 불확실성…4월 MMF에 17.5조 뭉칫돈",
        "date": "2024.04.10. 오후 8:28",
        "content": "日평균 3조 유입···올들어 36조 쑥만기 매칭 채권 ETF 순자산도 급증연준 피벗 늦춰지고 국채금리 상승안정적인 이자수익 노린 자금 몰려전문가 \"당분간 단기상품 인기 지속\"\n\n\n\n서울 여의도 증권가. 연합뉴스[서울경제] 미국을 비롯해 글로벌 금리 인하 불확실성이 확대되면서 상대적으로 안정적인 이익을 얻을 수 있는 단기 금융 상품 머니마켓펀드(MMF)에 이달 들어 약 17조 원의 뭉칫돈이 몰렸다. 금리가 한동안 약세로 돌아서지 않을 가능성이 높아지면서 만기 매칭형 상장지수펀드(ETF) 등 다른 채권 투자 상품의 순자산도 빠르게 불어나고 있다.10일 금융투자협회에 따르면 국내 MMF 순자산은 지난달 말 191조 9567억 원에서 이달 8일 209조 4564억 원으로 17조 4997억 원 늘었다. 이달 거래 가능 영업일이 6일에 불과했던 점을 고려하면 하루 평균 3조 원가량씩 자금이 유입된 셈이다. 세부적으로는 개인 MMF 순자산이 16조 4253억 원에서 16조 8318억 원으로 4065억 원, 법인 순자산이 175조 5314억 원에서 192조 6246억 원으로 17조 932억 원 각각 증가했다. MMF 총순자산은 지난해 말(172조 7185억 원)과 비교할 경우 3개월 남짓한 기간 동안 36조 원 넘게 급증했다. MMF는 양도성예금증서(CD)와 기업어음(CP), 만기 1년 미만의 국채나 회사채 등 단기 금융 상품에 투자하는 펀드다. 수시 입출금이 가능하고 하루만 예치해도 이자를 받을 수 있다.금투협 관계자는 “MMF는 다른 금융투자 상품보다 손실 위험성이 낮고 유동성은 많아 여유 자금을 예치하려는 개인·법인의 수요가 꾸준히 확대되고 있다”고 설명했다.최근 안정적인 단기 이자 수익을 노린 투자 자금이 몰린 상품은 비단 MMF뿐만이 아니다. 펀드 평가사 KG제로인에 따르면 만기 매칭 채권형 상품인 ‘TIGER 24-12금융채 ETF’의 순자산도 이달 3일부터 8일까지 1815억 원이 늘어났다. 이 기간 다른 만기 매칭형 채권 ETF인 ‘TIGER 24-10회사채 ETF’와 ‘KODEX 25-11은행채플러스 ETF’에도 각각 728억 원, 610억 원의 자금이 순유입됐다. 만기 매칭형 채권 ETF 24개의 총순자산은 지난해 말 6조 2080억 원에서 8일 7조 6414억 원으로 1조 4000억 원 이상 증가했다. 만기 매칭형 채권 ETF는 다른 채권형 상품과 달리 만기가 도래하면 연장(롤오버) 없이 자동 청산되는 상품이다. 만기까지 상품을 보유할 경우 설정 당시 산정한 3~4% 수준의 연 수익을 그대로 보장받을 수 있다는 게 강점이다.\n\n\n\n대다수 만기 매칭형 채권 ETF는 올 들어 5% 중반대의 수익률을 거두고 있다. ‘히어로즈 25-09미국채권 액티브 ETF’는 올 들어 5.63%의 수익률을 보이고 있으며 ‘KBSTAR 23-11회사채(AA-)액티브 ETF’는 지난해 11월 말 연 5.6% 수준의 수익률을 기록하고 청산됐다.김승현 한국투자신탁운용 ETF컨설팅담당은 “4% 전후의 높은 만기 기대 수익률과 언제든지 주식시장에서 매매가 가능하다는 점이 만기 매칭형 채권 ETF의 장점”이라고 설명했다.최근 MMF와 만기 매칭형 채권 ETF 등에 투자자들의 관심이 크게 높아진 것은 본격적인 글로벌 금리 인하 시점이 불투명해지면서 시장 변동성이 커졌기 때문으로 풀이된다. 이들 상품은 금리 변동의 영향을 상대적으로 덜 받는 데다 일정 수준의 이자 수익을 안정적으로 얻을 수 있어 증시 피난처라고 불리기도 한다.실제로 최근 로리 로건 댈러스 미국 연방준비은행 총재를 비롯한 연방준비제도(Fed·연준) 위원들은 잇따라 매파적(통화 긴축 선호) 발언을 내놓으면서 당장 기준금리를 인하할 생각이 없음을 내비쳤다. 또 고용지표 등 미국의 각종 거시경제 수치도 여전히 시장의 기대보다 높은 수준을 유지하고 있다. 이 같은 여파로 8일(현지 시간) 미국 국채 10년물 금리는 장중 4.46%까지 올라 지난해 11월 이후 최고치를 기록했고 9일 국내 국고채 10년물 금리도 올 들어 처음으로 3.5%를 넘어섰다. 채권금리가 올라가면 가격은 그만큼 하락해 저가 매수 유인과 높은 이자 수익 가능성이 모두 늘게 된다. 한국의 총선 불확실성도 단기 금융 상품에 자금이 옮겨간 또 다른 이유가 됐다는 분석도 나왔다.상당수 투자 전문가들은 당분간 금리 불확실성과 총선 이후 정책적 혼란이 이어지면서 MMF나 만기 매칭형 채권 ETF와 같은 단기 금융 상품의 인기가 지속될 수 있다고 내다봤다. 조용구 신영증권 연구원은 “만약 7월에도 미국이 금리를 내릴 것이라는 기대가 줄어들면 연간 인하 횟수가 기존 3회에서 2회로 축소될 위험도 있다”고 밝혔다."
    },
    {
        "title": "10조 시대 눈앞인데…TDF 수익률 뒷걸음",
        "date": "2024.04.10. 오후 8:27",
        "content": "'빈티지 2030' 상품 올 평균 4.4%최근 6개월 수익률의 3분의1 그쳐설정액 늘지만 채권값 약세에 부진\n\n\n\n이미지투데이[서울경제] 최근 미국 등 글로벌 금리가 좀체 떨어질 기미를 보이지 않자 은퇴 시점을 가깝게 잡은 타깃데이트펀드(TDF)들의 수익률이 채권 가격 약세에 예상보다 부진한 흐름을 보이고 있다.10일 금융 정보 업체 에프앤가이드에 따르면 올 들어 이달 8일까지 전체 TDF의 평균 수익률은 5.3%로 최근 6개월 수익률(13.7%)의 절반에도 미치지 못했다. 특히 투자자의 은퇴 목표 시점을 2030년으로 잡은 빈티지 2030 TDF 상품의 평균 수익률은 4.4%에 그쳐 6개월 상승률(12.5%)의 3분의 1 수준에 불과했다. 빈티치 2030은 총설정액이 2조 2000억 원 수준으로 전체 TDF 상품 가운데 비중이 가장 큰 상품이다. 설정액 규모가 1조 9000억 원으로 빈티지 2030 다음으로 많은 빈티지 2025의 경우 이 기간 3.3%의 수익을 얻는 데 그쳤다. TDF는 투자자의 생애 주기에 따라 주식과 채권 등 자산의 비중를 알아서 조정하는 펀드다.\n\n\n\n이들 TDF 상품이 올 들어 상대적으로 낮은 수익률을 기록한 것은 글로벌 금리 인하 시점이 예상보다 미뤄지면서 자산으로 편입한 채권 가격이 계속 약세를 보이고 있기 때문으로 풀이된다. TDF의 경우 통상 은퇴 시점을 가깝게 잡은 상품일수록 안전자산인 채권 편입 비중을 늘리는 특성을 지닌다. 이 영향으로 투자 자금이 가장 많이 몰린 빈티지 2025·2030 TDF의 올해 수익률은 은퇴 시점을 그 이후로 잡은 빈티지 2040(5.95%), 빈티지 2050(7.2%), 빈티지 2060(9.2%) 상품보다 대부분 크게 낮은 것으로 조사됐다.서재영 한국투자신탁운용 솔루션운용부 부장은 “지난해 TDF 운용 성과가 좋아 올해 유입 자금이 늘었지만 채권 수익률이 예상 밖으로 부진한 탓에 성과는 저조했다”며 “은퇴를 대비하는 장기 투자 상품인 만큼 단기보다는 장기적으로 수익을 내는 상품을 고르는 게 바람직하다”고 설명했다.한편 에프앤가이드에 따르면 TDF를 포함한 생애 주기 펀드의 총설정액은 이달 8일 9조 3423억 원을 기록해 지난해 말보다 약 7700억 원 증가했다. 지난해 4분기 증가액이 1600억 원가량이었던 점을 고려하면 올 들어 자금 유입 속도가 빨라진 셈이다."
    },
    {
        "title": "전혁수 마이크로원 대표 \"친환경 통합 솔루션 수출 총력…내년 매출 1000억 목표\"[줌업CEO]",
        "date": "2024.04.10. 오후 8:04",
        "content": "미세분진 제거 필터 등 대표제품소재·장비·설비 통합구축 경쟁력베트남 법인 앞둬···본격 해외진출\n\n\n\n전혁수 마이크로원 대표가 인터뷰하고 있다. 사진제공=마이크로원[서울경제] “전 세계적으로 환경·사회·지배구조(ESG) 규제가 강화되면서 개발도상국까지도 환경 개선에 적극 투자하고 있습니다. 친환경 통합 솔루션을 해외에 적극 수출해 내년 매출 1000억 원을 달성하겠습니다.”전혁수(사진) 마이크로원 대표는 최근 충남 천안 본사에서 서울경제신문과 만나 “마이크로원이 가진 기술이 ESG 필수 솔루션으로 주목 받고 있다”며 이 같이 밝혔다.2006년 설립된 마이크로원은 대기환경 설비 전문 강소기업이다. 천안과 당진에 공장을 두고 친환경 개선에 쓰이는 소재·부품·설비를 설계, 제작한다. 꾸준한 연구개발(R&D)을 통해 기술혁신형 중소기업 인증을 획득했고 산업통상자원부가 선정하는 소부장(소재·부품·장비) 으뜸기업으로 꼽히기도 했다. 대표 제품으로는 미세분진·유해가스 동시 제거 필터 시스템과 고기능 분진 필터가 있다. 대기오염 방지에 도움이 되는 고기능 분진 필터는 반도체나 디스플레이 공정에도 적용 가능하다.마이크로원의 경쟁력은 사업을 다각화하지 않고 친환경 설비 분야에 특화한 데 있다. 전 대표는 “20년 전부터 환경 설비가 필수적으로 쓰일 시대를 내다보며 한 우물만 팠다”며 “발전소, 제철소, 소각로 등 고객이 원하는 친환경 분야 소재·장비·설비 등을 통합 구축하는 솔루션을 갖춘 게 우리 만의 경쟁력”이라고 설명했다.\n\n\n\n마이크로원 천안 본사 전경. 사진제공=마이크로원마이크로원은 올해 해외 진출을 본격 추진한다. 기후변화 등 환경 문제가 전 세계적인 화두로 떠오르면서 친환경 솔루션의 수요가 커지고 있다는 판단에서다. 선진국은 물론 개발도상국으로의 수출도 기대 중이다. 실제로 베트남에선 현지 파트너 회사와 합작해 현지 법인 설립을 준비하고 있다. 전 대표는 “올해 9개국에 수출을 진행해 최대 700만 달러(약 95억 원)의 실적을 내는 것을 목표로 하고 있다”면서 “베트남 외에도 북미·대만·싱가포르 등에 수출하려고 한다”고 말했다.국내외 수주에 힘입어 실적도 가파르게 성장할 것으로 예상된다. 마이크로원의 지난해 매출은 346억 원이다. 올해는 작년의 2배에 달하는 700억 원의 매출을 거두겠다는 것이 전 대표의 구상이다. 2025년 목표 매출로는 1000억 원을 잡았다. 전 대표는 “이미 들어온 수주 규모만 따져도 올해 목표 매출을 달성하는 데 무리가 없다”면서 “환경 분야에 공 들여온 노력이 빛을 발하고 있다”고 강조했다.앞으로 글로벌 종합 환경 기업으로 도약하겠다는 포부도 밝혔다. 이를 위해 2026년 초 코스닥 기술특례상장을 추진하기로 했다. 기업공개(IPO)로 조달한 자금은 다른 기업 인수합병(M&A)과 해외 사업 확대에 주로 활용할 방침이다. 전 대표는 “2030년 환경에너지 설비 분야에서 국내 1위 기업으로 자리매김해 해외에서도 인지도가 있는 회사로 성장하고 싶다”고 말을 맺었다."
    },
    {
        "title": "철강株에 꽂힌 기관, 4거래일 연속 매수 행진",
        "date": "2024.04.10. 오후 7:38",
        "content": "원재료 철광석 가격 약세 영향풍산·고려아연 등 순매수 나서증권가 \"2분기엔 업황 개선\"\n\n\n\n현대제철 충남 당진제철소 열연공장. 사진 제공=현대제철[서울경제] 정부의 기업 밸류업 프로그램 수혜주로 주목받다가 주가가 내리막길을 걷던 철강주가 원재료인 철광석 가격의 약세에 힘입어 다시 들썩이고 있다.10일 한국거래소에 따르면 지난 9일 풍산(103140)은 전 거래일 대비 7.27%(3800원) 오른 5만 6100원에 거래를 마쳤다. 같은 날 TCC스틸(002710)은 5.02%, 세아베스틸지주(001430)는 4.21%, 고려아연(010130)은 1.74%, 현대제철(004020)은 0.78% 상승했다. 풍산은 지난 4일 6.84% 오른 데 이어 8일에도 1.16% 상승한 바 있다. TCC스틸은 지난달 22일부터 8 거래일 연속 하락하다가 4일부터 상승세로 돌아섰다.철강주의 주가를 끌어올린 건 기관투자가들이었다. 기관은 이달 4~9일 4거래일 간 풍산과 고려아연에 대해 연속 매수우위를 보였다. 기관들은 이 기간 고려아연을 137억 원, 풍산을 89억 원, 포스코홀딩스(POSCO홀딩스(005490))를 214억 원, 현대제철을 22억 원씩 순매수했다.철강주의 주가가 최근 반등의 조짐을 보인 건 원재료인 철광석 가격이 크게 떨어진 영향으로 풀이된다. 블룸버그 통신에 따르면 철광석 선물 가격은 최근 톤(t)당 100달러 이하까지 떨어졌다. 지난해 5월 이후 최저치까지 내려간 것이다.철강주는 앞서 지난 2월 정부의 밸류업 프로그램 수혜주인 저(低) 주가순자산비율(PBR) 주로 부각되면서 주가가 반짝 뛰었다가 곧장 주저앉은 바 있다. TCC스틸이 지난 2월 21일 8만 2200원까지 상승했다가 이달 초 5만 8600원까지 떨어진 것을 비롯해 세아베스틸지주도 2월 말 2만 6300원에서 이달 8일 2만 1000원대로 추락했다. 현대제철도 2월 3만 6000원대에서 이달 3만 1000원대로 떨어졌다.증권가에서는 올 2분기께부터는 본격적으로 철강 업황이 회복될 것으로 내다보면서도 중국의 부동산·제조업 경기가 최대 변수가 될 것이라고 진단했다. 박성봉 하나증권 연구원은 “현대제철은 지난해 하반기 내수 부진과 중국산 수입 가격 하락으로 4분기 대규모 영업손실을 기록했지만 올 1분기를 저점으로 실적이 개선될 것”이라고 예상했다. 김윤상 하이투자증권 연구원은 “2분기께 철강업이 성수기에 접어들고 특수강 수익이 확대되면서 세아베스틸지주의 영업이익도 나아질 것”이라고 전망했다."
    },
    {
        "title": "증시 하루 거래대금 21조… 증권사 실적 꽃핀다",
        "date": "2024.04.10. 오후 7:20",
        "content": "밸류업·금리인하 기대 거래 증가주요 증권사 1분기 흑자 전망외국인·기관 증권주 매수 확대 \n\n\n\n 증시 거래대금이 밸류업 프로그램, 금리인하 기대감 등으로 증가세를 보이고 있다. 덕분에 증권사들의 수익 개선이 예상된다. 10일 금융정보업체 에프앤가이드에 따르면 올해 1·4분기 하루 평균 거래대금은 21조4000억원으로 집계됐다. 지난해 4·4분기(16조5000억원)보다 4조9000억원이 늘었다. 거래대금은 통상 4·4분기보다 1·4분기에 높게 나타난다. 지난 2022년 4·4분기 13조원이던 하루 평균 거래대금이 2023년 1·4분기 17조6000억원으로 증가한 바 있다.   주요 증권사들의 올해 1·4분기 이익 전망치도 긍정적이다. 미래에셋증권은 1·4분기 영업이익 1629억원으로 직전분기 대비 흑자전환이 예상된다. 삼성증권, 키움증권, 한국금융지주 역시 흑자전환이 점쳐진다. NH투자증권은 영업이익이 107.2% 늘어난 1824억원으로, 전년동기 수준을 회복할 전망이다.   대신증권은 커버리지 이들 5개 증권사의 1·4분기 합산 순이익을 9650억원으로 추정했다. 기존 컨센서스를 10.4% 웃도는 수치다.   외화 거래대금도 늘어나면서 브로커리지 실적 증가를 견인하고 있다. 5개 증권사의 합산 브로커리지 수익은 8686억원으로 지난해 같은 기간보다 22.3% 증가, 최근 9개 분기 가운데 가장 높은 수준으로 기대된다.   대신증권 박혜진 연구원은 \"지난해 발목을 잡았던 해외부동산 감액손실, 부동산 프로젝트파이낸싱(PF) 충당금 등 건전성 관련 수반된 비용이 크게 완화됐고, 하루 평균 거래대금이 다시 20조원을 상회하는 등 전반적인 영업환경이 개선된 덕분\"이라고 설명했다. 이어 \"금리가 본격적으로 인하되기 전까지 국내 부동산 PF 및 해외 부동산 관련 이슈는 지속될 것\"이라면서도 \"대부분의 증권사가 지난해 충당금 및 감액손실을 보수적으로 반영, 추가 발생 규모는 현저히 감소할 것으로 예상된다\"고 전했다.   외국인과 기관 투자자들의 증권주 수급도 긍정적인 방향으로 바뀌고 있다. 기업 밸류업 프로그램으로 몰렸던 순매수세가 재개되고 있다는 분석이다.   최근 한 달 간 기관은 NH투자증권 주식 581억원어치를 사들였다. 이 가운데 연기금의 순매수 대금이 100억원을 넘는다. 미래에셋증권도 이달 들어 외국인이 매수 우위로 돌아섰다.   한국투자증권 백두산 연구원은 \"(NH투자증권은) 부동산 PF와 운용부문의 추가적인 수익 확장을 통해 자본 효율성을 제고할 필요가 있다\"며 \"올해 3월 발표한 2023년도 주주환원율 상향은 긍정적인 흐름\"이라고 진단했다."
    },
    {
        "title": "얼라인, SBS 지분 매각…VIP·한투운용도 지분 줄여 [시그널]",
        "date": "2024.04.10. 오후 6:01",
        "content": "증권가 목표주가 하향\n\n\n\n연합뉴스.[서울경제] 지난해 초 SBS(034120) 지분을 일부 매집해 경영진 견제에 나설 것으로 기대를 모았던 국내 대표 행동주의 펀드 얼라인파트너스자산운용이 최근 보유 주식을 모두 판 것으로 알려졌다.10일 투자은행(IB) 업계에 따르면 얼라인운용은 지난해 하반기부터 SBS 주식 매각에 나서 최근 지분을 모두 정리했다. SBS 사정에 정통한 한 관계자는 “얼라인운용이 SBS 주식을 모두 팔고 떠났다”며 “당분간 지분 재매입 방침은 없는 것으로 보이고 SBS를 향한 비공개 행동주의 활동도 없을 것”이라고 말했다. 얼라인 측은 이에 대해 “확인해줄 수 없다”며 말을 아꼈다.앞서 SBS 주가는 얼라인운용이 지난해 2월 SBS 주식을 매입했다는 소식이 전해지자마자 한달 동안 약 37% 급등했다. 얼라인운용이 2022년 SM엔터테인먼트(에스엠(041510))의 지분을 소수만 보유하고도 외부 감사를 선임하는데 성공한 사례가 되풀이되는 게 아니냐는 기대를 받은 결과였다. 얼라인운용은 당시 이수만 전 SM엔터 총괄 프로듀서를 강하게 흔들면서 회사의 경영권이 카카오(035720)로 넘어가는 데 결정적인 단초를 제공한 것으로 평가받았다. 상당수 투자자들은 2021년 설립한 얼라인운용이 SM엔터 다음 두 번째 행동주의 캠페인 목표 대상을 SBS로 선정했다고 믿었다. 실제 얼라인운용은 지난해 비공개로 SBS 경영진을 만나 주가 부양을 위한 해결책을 제시한 적도 있는 것으로 전해졌다.다만 얼라인운용은 지난해 시장이 과열되자 “펀드를 통해 SBS에 일부 지분을 투자 중이지만 SM엔터와 달리 공개 주주 캠페인을 진행할 계획은 없다”며 진화에 나섰다. 이후 SBS 주가도 서서히 내리막길을 탔다. 지난해 3월 4만 원대 중반에 이르렀던 SBS는 최근 2만 5000원 대까지 내려와 약 40% 하락했다.한편 국내 가치투자 전문 운용사로 잘 알려진 VIP자산운용과 대형 운용사인 한국투자신탁운용도 지난해 말부터 올 초까지 SBS 지분을 일부 매각한 것으로 나타났다. VIP운용은 지난해 말 공시를 통해 지분율을 기존 5.17%에서 4.06%로 축소했다고 밝혔다. 한투운용도 올 초 7.89%에서 6.66%로 지분을 줄였다고 공시했다.아울러 SBS의 최대주주 티와이홀딩스(363280)는 지난 2월 산업은행에 보유 지분 30%를 담보로 제공했다. 이는 티와이홀딩스가 자회사 태영건설(009410)의 워크아웃(기업구조 개선작업) 절차에 따라 채권단에 제시한 자구책 가운데 하나다.증권가에서는 올해 SBS 주가가 태영건설 관련 이슈에 따라 움직일 가능성을 크게 보고 있다. 유안타증권은 최근 SBS 목표 주가를 기존 3만 5000원에서 3만 2000원으로 하향 조정하기도 했다. 이환욱 유안타증권 연구원은 “방송 광고 시장이 침체를 이어갈 것으로 예상돼 올해도 실적이 뚜렷하게 개선되기 쉽지 않을 전망”이라고 분석했다."
    },
    {
        "title": "“내가 뭐랬어, 간다고 했잖아”…다시 뱃고동 울리는 조선3사 주가",
        "date": "2024.04.10. 오후 5:27",
        "content": "실적 기대감에 주가 ‘쑥’“선박 교체 주기 돌아온다”\n\n\n\n HD한국조선해양의 초대형 암모니아 운반선(VLAC) 조감도. [사진 출처 = HD한국조선해양]연초 상승했다가 주춤했던 HD한국조선해양, 한화오션, 삼성중공업 주가가 최근 연이은 수주 공시로 다시 상승 흐름을 보이고 있다. 고가 선박 수주로 수익성이 개선되고 있고 올해 1분기 실적이 동반 흑자를 기록할 것으로 예상되면서다.10일 금융감독원 전자공시시스템에 따르면 HD한국조선해양의 전날 유럽 소재 선사와 초대형 암모니아 운반선(VLAC) 4척에 대한 건조 계약을 체결했다고 밝혔다.수주 금액은 6319억원으로 HD한국조선해양은 이번 계약을 포함해 현재까지 총 86척(해양설비 1기 포함) 98억6000만달러를 수주, 연간 목표인 135억달러의 73%를 잠정 달성했다. 특히 대형 컨테이너선 등 선별수주가 계속되고 있는 상황이 긍정적이다.삼성중공업도 1분기에만 LNG운반선 15척과 암모니아운반선 2척 등 총 17척을 수주하면서 연간 목표량의 38%를 채웠다. 한화오션 역시 1분기에만 LNG운반선 8척, 원유운반선 2척, 암모니아운반선 2척 등 총 12척 등 총 23억5000만달러 어치를 수주했다.대표적인 경기민감주인 조선주의 수주 낭보로 업황 상승 사이클 신호가 나오면서 주가는 올 들어 우상향 곡선을 보이고 있다.실제로 지난 1월17일 10만4000원이었던 HD한국조선해양의 주가는 지난달 21일 장중 52주 신고가(12만9000원)를 달성했다. 삼성중공업도 같은 날 종가 기준 7050원에서 지난달 15일 9390원으로 상승했다. 비슷한 시기인 1월25일 신저가(2만1050원)를 찍었던 한화오션은 지난달 26일 장중 3만900원에 거래되면서 두달여 만에 신저가와 신고가를 모두 갈아치웠다.증권가에서는 선박 교체 수요까지 감안하면 조선업의 오랜 인고의 시간이 지나고 있다고 진단했다. 국내 조선 업체들의 주가가 펀더멘탈을 온전히 반영하고 있지 못하다는 지적도 나온다.서재호 DB금융투자 연구원은 “그동안은 수주 불확실성과 시장의 신뢰 저하로 투자심리가 위축됐다”면서 “2026년을 변곡점으로 선박 교체 발주는 가속화할 것이고, 어떤 식으로든 시간은 빌더(Builder·조선사)들의 편”이라고 소개했다.서 연구원은 국내 조선 업체들에 대해선 “선별수주 전략은 지속될 것이고, 오랜 기간 발목을 잡아온 해양 사업도 고유가 상황과 LNG 수요 증가로 인한 발주가 이어지고 있다”며 “특수선 부문 역시 지정학적 리스크 확대에 따른 글로벌 함정 수가 증가하고 있어 수출 기대감이 높다”고 덧붙였다."
    },
    {
        "title": "꺼진 2차전지도 다시 보자…외국인도 '줍줍'",
        "date": "2024.04.10. 오후 4:45",
        "content": "테슬라 '로보택시' 소식에 2차전지주 방긋2차전지주 덜어내던 외국인, '사자' 전환\"실적 턴어라운드 기대 없는 저가매수 유입\"[이데일리 김보겸 기자] 2차전지 관련주가 부진을 딛고 반등을 시도하고 있다. 지난해 하반기부터 전기차 수요 둔화 전망이 이어지며 주가 하락을 거듭해온 2차전지주의 새로운 ‘구세주’로 떠오른 것은 외국인 투자자다. 지난 2월부터 국내 주식 순매수를 크게 늘린 외국인은 2차전지주도 장바구니에 담고 있다. \n\n\n\n(사진=이데일리DB)10일 한국거래소에 따르면 지난 9일 기준 2차전지 핵심소재인 전구체 관련주들은 강세를 나타냈다. 지난 1월부터 본격적인 전구체 양산에 나선 에코앤드림(101360)은 전 거래일 대비 20.56% 급등한 6만400원에 거래를 마쳤다. 2차전지 및 반도체용 동박을 만드는 솔루스첨단소재(336370)는 상한가를 기록했다.에코프로머티(450080)는 전 거래일 대비 4.42% 오른 12만2800원을 기록했고, 엘앤에프(066970)도 1.19% 올랐으며 더블유씨피(393890)(0.14%) LG에너지솔루션(373220)(0.40%) 포스코홀딩스(0.12%)도 강보합 마감했다. 지난해 하반기부터 상승세가 꺾인 2차전지 관련주는 올 들어서도 부진을 이어왔다. 안 그래도 글로벌 전기차 수요가 약화하고 있다는 우려가 나오는 상황에서 전기차 대장주인 테슬라의 1분기 차량 인도량이 실제로 크게 감소한 것으로 나타나며 투심이 악화하기도 했다. 그러나 테슬라가 ‘로보택시’를 공개하며 2차전지주에 대한 시각도 바뀌고 있다는 평가다. 일론 머스크 테슬라 최고경영자(CEO)는 8월 초 자율주행 무인 로보택시를 공개할 것이라고 발표했다. 지난 수년간 머스크는 테슬라 차량이 자체 자율주행 기술으로 운전자 없이 주행하며 택시처럼 요금을 받고 승객을 태우는 로보택시 프로젝트를 강조해 왔다. 이 소식에 테슬라 주가는 4.9% 급등했다. 이경민 대신증권 연구원은 “아직 순환매 사이클에 편승하지 못한 업종 중 2차전지 업종은 높은 가격 메리트와 함께 실적 전망 회복세가 가시화하고 있다”며 “외국인 수급에 있어서도 급격한 매도가 진정되며 일부 저가매수 움직임이 감지되고 있다”고 진단했다."
    },
    {
        "title": "거래대금 20조 회복에 증권주 반색... 발목 잡았던 악재 개선될까",
        "date": "2024.04.10. 오후 2:45",
        "content": "[파이낸셜뉴스] 증시 거래대금이 밸류업 프로그램, 금리인하 기대감 등으로 증가세를 보이고 있다. 덕분에 증권사들의 수익 개선이 예상된다.   10일 금융정보업체 에프앤가이드에 따르면 올해 1·4분기 하루 평균 거래대금은 21조4000억원으로 집계됐다. 지난해 4·4분기(16조5000억원)보다 4조9000억원이 늘었다.   거래대금은 통상 4·4분기보다 1·4분기에 높게 나타난다. 지난 2022년 4·4분기 13조원이던 하루 평균 거래대금이 2023년 1·4분기 17조6000억원으로 증가한 바 있다.   주요 증권사들의 올해 1·4분기 이익 전망치도 긍정적이다. 미래에셋증권은 1·4분기 영업이익 1629억원으로 직전분기 대비 흑자전환이 예상된다. 삼성증권, 키움증권, 한국금융지주 역시 흑자전환이 점쳐진다. NH투자증권은 영업이익이 107.2% 늘어난 1824억원으로, 전년동기 수준을 회복할 전망이다.   대신증권은 커버리지 이들 5개 증권사의 1·4분기 합산 순이익을 9650억원으로 추정했다. 기존 컨센서스를 10.4% 웃도는 수치다.   외화 거래대금도 늘어나면서 브로커리지 실적 증가를 견인하고 있다. 5개 증권사의 합산 브로커리지 수익은 8686억원으로 지난해 같은 기간보다 22.3% 증가, 최근 9개 분기 가운데 가장 높은 수준으로 기대된다.   대신증권 박혜진 연구원은 \"지난해 발목을 잡았던 해외부동산 감액손실, 부동산 프로젝트파이낸싱(PF) 충당금 등 건전성 관련 수반된 비용이 크게 완화됐고, 하루 평균 거래대금이 다시 20조원을 상회하는 등 전반적인 영업환경이 개선된 덕분\"이라고 설명했다.   이어 \"금리가 본격적으로 인하되기 전까지 국내 부동산 PF 및 해외 부동산 관련 이슈는 지속될 것\"이라면서도 \"대부분의 증권사가 지난해 충당금 및 감액손실을 보수적으로 반영, 추가 발생 규모는 현저히 감소할 것으로 예상된다\"고 전했다.   외국인과 기관 투자자들의 증권주 수급도 긍정적인 방향으로 바뀌고 있다. 기업 밸류업 프로그램으로 몰렸던 순매수세가 재개되고 있다는 분석이다.   최근 한 달 간 기관은 NH투자증권 주식 581억원어치를 사들였다. 이 가운데 연기금의 순매수 대금이 100억원을 넘는다. 미래에셋증권도 이달 들어 외국인이 매수 우위로 돌아섰다.   한국투자증권 백두산 연구원은 \"(NH투자증권은) 부동산 PF와 운용부문의 추가적인 수익 확장을 통해 자본 효율성을 제고할 필요가 있다\"며 \"올해 3월 발표한 2023년도 주주환원율 상향은 긍정적인 흐름\"이라고 진단했다."
    },
    {
        "title": "밸류업 수혜주 어떻게…총선 뒤 개미의 운명은?",
        "date": "2024.04.10. 오전 10:04",
        "content": "[내일의 전략]\n\n\n\n지난 9일 오후 서울 중구 하나은행 딜링룸에서 딜러들이 업무를 보고 있다. 코스피는 전 거래일(2717.65)보다 12.49포인트(0.46%) 내린 2705.16에, 코스닥지수는 전 거래일(860.57)보다 1.24포인트(0.14%) 하락한 859.33에, 원·달러 환율은 전 거래일(1353.2원)보다 1.7원 오른 1354.9원에 마감했다. /사진=뉴시스.지난 9일 코스피와 코스닥 지수는 나란히 약보합 마감했다. 오늘(10일) 22대 국회의원 선거를 앞두고 위험회피 심리가 반영된 것으로 풀이된다. 증권가는 총선 결과에 따른 종목별 정책 수혜 변동성이 커질 수 있다면서도 시장 전체에 미치는 영향은 제한적으로 봤다.전날 코스피는 전 거래일보다 12.49포인트(0.46%) 내린 2705.16을 기록했다. 장 중 코스피는 0.87% 상승한 2741.23까지 오르기도 했지만 이내 꺾였다. 외국인은 3035억원 순매수했지만 기관과 개인이 3131억원, 182억원씩 순매도했다. 등락 종목 수에서 하락이 우세했다. 코스피 하락 종목은 492개로 상승 종목(374개)을 크게 웃돌았다. 코스닥에서는 852개 종목이 하락했는데, 상승 종목은 672개를 기록했다. 나머지 111개 종목은 보합으로 마감했다.시가총액 상위 종목의 약세가 돋보였다. 코스피 시총 30위 내 강세를 보인 종목은 LG전자(1.8%)가 유일했다. 국내 증시 대장주 삼성전자는 1.07% 하락했다. 셀트리온과 삼성SDI는 각각 3%, 2%대 떨어졌다. 현대차, 삼성물산은 1%대 하락률을 기록했다.기업 밸류업 프로그램의 수혜주로 부각 받았던 저PBR(주가순자산비율) 종목의 동반 하락도 이어졌다. 코스피 업종에서는 보험과 금융업이 나란히 1%대 떨어졌다. 종목에서는 삼성화재, 메리츠금융지주, 우리금융지주, SK텔레콤, KB금융 등이 약보합으로 마감했다.국내 최대 이슈인 총선과 미국 금리 인하 지연 우려 등이 맞물린 결과로 풀이된다. 이경민 대신증권 투자전략부장은 \"미국 금리 인하 지연 부담과 3월 소비자물가지수(CPI) 발표에 위험자산 선호 심리가 감소했다\"며 \"총선을 앞두고 밸류업 업종은 혼조세를 보였다\"고 했다. ━총선 결과에 촉각… \"증시 전반 영향은 제한적\"━\n\n\n\n /삽화=임종철 기자.투자자들은 이번 총선 결과가 증시에 미칠 영향에 촉각을 곤두세운다. 정부가 코리아 디스카운트(한국 증시 저평가) 해소를 내세우며 추진한 '기업 밸류업 프로그램'의 화력이 유지될 수 있을지가 관전 포인트다. 총선 결과는 밸류업 업종에 단기 변동성을 키울 전망이다. 한지영 키움증권 연구원은 \"총선 결과는 저PBR주들의 주가 및 수급에 영향을 줄 수 있는 재료\"라며 \"이번 총선 결과 이후 현 정권의 코리아 디스카운트 해소정책을 둘러싼 연속성을 확보할 수 있을지에 주목해야 할 것\"이라고 평가했다. 다만 총선 결과가 증시 전체에 미칠 영향은 다소 제한적이라는 분석이 나온다. 과거 사례를 살펴보더라도 총선 이후 유의미한 증시 급등락이 관측되진 않았다는 점에서다. 아울러 시장이 이미 정부 정책에 대한 기대와 우려를 상당 부분 반영했다는 판단이다. 강대석 유안타증권 연구원은 \"총선이 다가오면서 시장의 관심이 집중됐는데 그간 총선 자체가 코스피 지수에 주는 영향은 제한적이었던 경험이 있다\"며 \"총선 결과에 따라 주가 조정이 이뤄지더라도 단기간 숨 고르기의 일환일 가능성이 높다\"고 평가했다."
    },
    {
        "title": "22대 총선 '운명의 날'…투표에 증시 밸류업 속도 결정된다",
        "date": "2024.04.10. 오전 7:20",
        "content": "총선이 증시에 미치는 영향은 미미…밸류업 추진 속도는 달라질 듯총선 직후 미 CPI 발표·옵션만기일·금통위 등 변동성↑\n\n\n\nⓒ News1 김지영 디자이너(서울=뉴스1) 문혜원 기자 = 10일 22대 국회를 이끌 국회의원 300명이 결정된다. 이날 국내 증시는 휴장한 가운데 증권가도 총선 결과에 촉각을 곤두세우고 있다. '밸류업 프로그램' 추진의 속도가 투표 결과에 따라 달라질 수 있기 때문이다. 한국거래소에 따르면 전날 코스피 시장에서 증권(0.07%) 운수장비(-0.32%), 금융(-0.89%), 보험(-1.73%) 등 저PBR 업종(주가순자산비율이 낮은 업종)이 보합세를 유지하거나 소폭 하락했다. 그동안 밸류업 프로그램 수혜주로 꼽히면서 주가 상승세를 탄 업종이 방향성을 찾지 못한 모습이다.한지영 키움증권(039490) 연구원은 \"자동차, 은행, 증권 등 저PBR 업종은 3월 이후 여론 조사상 예상 총선 결과를 반영하면서 고점 대비 10% 이상 급락하는 등 주가 부진세를 면치 못했다가 지난주 후반 이후 다시 반등세를 보였다\"고 설명했다.과거 사례를 살펴보면 총선 결과가 주가에 영향을 미치는 경우는 없었다. 하지만 현재 국내 증시 '빅이벤트'라고 할 수 있는 밸류업 프로그램을 추진하는 상황이라는 점에서 총선 결과가 중요하다는 분석이 나온다.밸류업 프로그램 중 하나로 거론되고 있는 자사주 소각 유인 등을 시행하기 위해선 상법, 자본시장법, 소득세법, 법인세법 개정안이 국회 문턱을 넘어야 한다.당국은 오는 5월 밸류업 프로그램 관련 2차 세미나를 열어 업계 안팎 의견을 수렴한 뒤 최종 가이드라인을 확정할 예정이다. 김성노 BNK투자증권 연구원은 \"과거 경험으로 보면 총선 결과가 주가에 미치는 영향은 거의 없다고 해도 무방한 수준이지만 이번 총선은 밸류업 프로그램의 진행 속도를 좌우할 수 있다는 점에서 주식시장에 단기적으로 큰 쟁점이 될 수 있다\"고 설명했다. 조준기 SK증권(001510) 연구원은 \"총선 결과가 증시에 미치는 영향은 크지 않다는 것이 베이스(기본) 시나리오지만 결괏값이 극단적으로 한쪽으로 쏠리는 경우에는 증시 변동성을 키우는 재료로 작용할 수 있다\"고 짚었다.\n\n\n\n(BNK투자증권 제공)한편 총선 직후에도 증시 변동성을 키울 수 있는 국내외 일정이 이어진다. 이날 오후 9시 30분(한국시간) 미국 3월 소비자물가지수(CPI)가 발표되고 11일 옵션만기일을 맞으며 12일 금융통화위원회 본회의가 열린다."
    },
    {
        "title": "“1억 다시 넘은 지금 팔아? 말아?”…열흘 앞두고 투자자들 갈팡질팡하는데",
        "date": "2024.04.10. 오전 6:13",
        "content": "암호화폐 비트코인 [로이터 = 연합뉴스]“모두가 오를 것이라고 예상하고 있으니 가격은 반대로 갈 것이다”반감기를 앞두고 가격 상승 기대감이 높아지고 있는 비트코인에 대한 경계 목소리가 나오고 있어 투자자 주의가 필요하다. 이같은 언급은 최근 가상자산업계에서 남다른 투자안목을 제시하는 것으로 유명한 아서 헤이즈가 자신의 블로그에 남긴 글이다. 아서 헤이즈는 지난 2020년 전세계 비트코인 거래량 1위를 차지했던 코인거래소 비트멕스의 공동창립자라는 점에서 주목할만하다.그는 “투자자들이 공통적으로 비트코인에 대한 낙관적인 시각을 갖고 있는데 반감기 직전 또는 직후에는 오히려 가격 하락 움직임이 나타날 수 있다”고 했다.비트코인 공급량이 절반으로 줄어드는 반감기가 열흘 앞으로 다가오면서 비트코인의 가격 향방을 두고 다양한 의견이 나온다. 반감기 이전에 이미 가격이 크게 오른만큼 반감기 전후로 가격이 약세를 보일 수 있다는 분석이 일단 우세하다. 하지만 일각에서는 비트코인 현물 ETF(상장지수펀드) 상장 효과와 공급 축소 여파가 맞물려 과거와 동일하게 가격이 가파르게 오를 수 있다는 해석도 나오고 있다.9일 코인마켓캡에 따르면 비트코인은 이날 오전 9시 기준으로 지난 2일 이후 일주일만에 개당 1억원을 다시 넘었다. 이더리움과 리플 등 주요 알트코인도 각각 6.96%, 3.42% 오르며 좋은 흐름을 보였다.\n\n\n\n이날 비트코인의 가격 상승은 오는 19일로 예상되는 반감기가 임박했기 때문이다. 현재 하루 약 1058.4개가 채굴되는 비트코인은 반감기 이후에는 하루 450개 정도가 채굴될 예정이다. 반감기는 대략 4년에 한 번씩 발생한다.통상 반감기엔 수요대비 공급이 줄어들면서 비트코인 가격이 상승하는 것으로 알려져있다. 하지만 코인업계에서는 그간 반감기마다 비트코인 가격이 올라왔기 때문에 반감기를 앞두고 투자심리가 크게 개선 되는 걸 가격 상승의 가장 큰 이유로 꼽는다. “과거에 올랐기 때문에 또 오를 것이다”라는 낙관론일 뿐이라는 것이다.실제 올해도 반감기를 두고 가상자산시장 거래량은 크게 늘었다. 가상자산분석업체 더블록에 따르면 전세계 코인 거래소의 지난달 거래량은 2조4800억달러로 지난 2월(1조1700억달러)보다 2배 가까이 증가했다. 업비트만해도 3월 거래량이 2214억달러로 전달 813억달러대비 3배 가까이 늘었다.\n\n\n\n그러나 이번 반감기 직후에는 가격이 하락할 수 있다는 목소리가 커지고 있다. 반감기를 앞두고 비트코인 가격이 선반영됐다는 인식이 강해서다. 과거 비트코인이 반감기 이후 장기적으로 가격이 크게 상승했던 것과는 다른 견해다.이는 단기적으로는 반감기 이후 가격이 꼭 상승했던 건 아니기 때문이다. 반감기 100일 전후 가격변화를 비교해보면 반감기 전 비트코인 가격이 크게 상승했던 지난 2016년 7월은 반감기 이후 100일간 오히려 3.7% 하락했다.반대로 반감기전 100일간 가격이 5.2% 하락했던 지난 2020년 5월의 경우 반감기 이후 31.5% 상승했다. 오는 19일로 예상되는 이번 반감기는 9일 오전 9시 가격인 7만1280달러를 기준으로봐도 이미 100일전과 비교해 가격이 52.8% 올랐다.물론 표본이 작아서 이를 통해 경향성을 예측하긴 어렵지만 이번에는 반감기 이전부터 가격 상승에 대한 투자자들의 기대감이 과도하게 형성됐다는 사실을 부정하긴 어렵다.비트코인 현물 ETF라는 큰 호재가 이미 비트코인의 가격을 상당 수준까지 올려놓은 것도 사실이다. 미국 코인 거래소인 코인베이스는 “비트코인 가격이 반감기 전 사상 최고가를 달성한 경우는 올해가 처음이라며 이벤트에 대한 기대감이 선반영된 결과일 수 있다”고 분석했다.그럼에도 비트코인 현물 ETF효과에 반감기가 겹쳐지며 공급쇼크에 따른 급등이 나타날 것이라는 분석도 있다. 지난 1달간 채굴된 비트코인은 약 2만7000개이고, 현물 비트코인 ETF에 유입된 비트코인은 4만9400개에 달한다. 반감기 이후에는 공급된 비트코인이 절반으로 줄어든다. 최근 비트코인의 가격 급등을 ETF발 수요가 견인한만큼 향후 공급이 절반으로 줄어들면 가격 상승은 더 가파르게 나타날 수 있다.브래드 갈링하우스 리플 최고경영자는 “반감기로 공급이 줄어드는 반면, 현물 ETF로 기관 수요가 늘어나고 있다”면서 “올해 가상자산 시가총액이 86% 증가해 5조 달러를 넘어설 것”이라고 말했다."
    }
]