[
    {
        "title": "바닥 찍은 홍콩 증시 살아날까…중국, 금융시장 지원책 내놔",
        "date": "2024.04.20. 오후 8:20",
        "content": "“중국 기업 홍콩 상장 독려”\n\n\n\n[로이터][헤럴드경제=문혜현 기자] 중국 당국이 홍콩 금융 시장의 세계적 위상을 강화하기 위해 지원책을 내놓고 중국 기업의 홍콩 상장 독려를 추진하기로 결정했다.20일 관영 신화통신과 블룸버그통신에 따르면 중국증권감독관리위원회(증감회)는 전날 성명을 통해 “홍콩 내 주요 중국 기업의 기업공개(IPO)를 지원하고 홍콩과 본토 거래소 간의 주식 거래 연결에 대한 규정을 완화할 것”이라고 밝혔다.이번 조치에 따라 선강퉁(선전과 홍콩 증시 교차 거래), 후강퉁(상하이와 홍콩 증시 교차거래)을 통한 적격 상장지수펀드(ETF) 대상이 확대되고, 부동산투자신탁(REIT)도 증시 교차거래 대상에 처음으로 들어갔다.증감회는 또 홍콩 증시에 위안화 표시 주식을 포함하는 것을 지원하는 등 중국 본토 투자자들의 편의를 제고하기 위한 조치도 시행할 것이라고 말했다.아시아의 금융 중심지인 홍콩은 미중 갈등과 중국 경제의 둔화, 홍콩판 국가보안법 시행 등을 통한 통제 강화 등으로 인해 큰 타격을 받았다.거래량이 급감하고 IPO 시장도 크게 위축되면서 월가 투자은행을 비롯한 글로벌 금융회사들 사이에서는 감원 바람마저 불고 있다.이를 의식한듯 중국 당국은 이번 조치가 글로벌 금융 허브로서의 홍콩의 위상을 강화하고 거래를 활성화하기 위한 조치란 점을 강조했다.증감회는 “중앙 정부는 홍콩이 장기적으로 특별한 지위와 장점을 유지할 수 있도록 전적으로 지원할 것”이라며 “이번 조치는 홍콩이 국제금융 중심지로서의 지위를 강화하고 자본시장 발전을 공동으로 촉진하는 데 도움이 될 것”이라고 강조했다.증감회의 발표 직후 홍콩 증권·규제당국인 증권선물위원회는 별도 성명을 통해 환영 의사를 표명하면서 “이번 조치가 홍콩 금융시장에서의 투자상품을 늘리고 국내 투자자들의 기회를 확대함으로써 홍콩 금융시장의 발전에 큰 도움이 될 것”이라고 밝혔다.앞서 홍콩 증권선물위원회는 지난 15일 양대 가상화폐인 비트코인과 이더리움의 현물 상장지수펀드(ETF)를 아시아에서 처음으로 승인한 바 있다.홍콩 당국이 가상자산 기관들의 허브자리를 놓고 경쟁하고 있는 싱가포르, 두바이 등에 앞서 가상자산 현물 ETF 승인에 나선 것 역시 흔들리는 글로벌 금융 허브로서의 위상을 회복하기 위한 의도가 담겼다는 관측이 나오기도 했다."
    },
    {
        "title": "“쪼갰더니 주가 급등”…월마트는 대박났는데, 에코프로 통할까? [매일 돈이 보이는 습관 M+]",
        "date": "2024.04.20. 오후 5:56",
        "content": "2023년 11월 16일(미국 현지시간). 세계 최대 매출을 자랑하는 유통 공룡 월마트의 주가가 무려 8%나 하락했다. 실적은 그런대로 괜찮았고, 월스트리트 증권사들의 예상치를 뛰어넘었지만 이 회사 최고재무책임자(CFO)의 자신없는 목소리가 원인이 됐다. 월마트 CFO 존 데이비드 레이니는 “소비자들이 식료품이나 생필품을 과거처럼 소비하지 않는다”라고 하면서 소비 부진 예상을 내놨기 때문이다.\n\n\n\n 한국과 미국 유통주 비교. 자료=매경DB이후 월마트는 뛰어난 실적도 갑작스런 호재도 없이 보내고 있지만 주가는 상장 이후 사상 최고가를 달리고 있다. 12월 8일 50.29달러 까지 하락했던 월마트 주가는 2024년 4월16일 현재 59.84달러다. 4개월새 약 20%나 올랐다. 미국 시가총액 14위의 월마트라는 공룡, 즉 항공모함이 이처럼 움직였다는 것은 그야말로 주가가 전속력으로 달렸다는 뜻. 시총 순위에서 월마트 바로 위가 JP모건이다.월마트가 실적 발표 시즌도 아니고 소비도 침체되는 와중에 주가가 급등한 것은 액면분할(주식분할) 덕분이다. 월마트는 지난 1월말 분할 계획을 발표했고, 그렇지 않아도 주가가 바닥에서 반등하고 있던 와중에 추진력을 받으면서 사상 최고가로 진격했다. 주식분할이 뭐길래 이렇게 무거운 주식을 끌어 올렸을까. 그래서 주식분할에는 ‘마법’이니 ‘요술’이니 하는 칭호가 붙기도 한다.주식분할은 우량주나 대형주만이 누릴수 있는 권리다. 말 그대로 주가를 낮추는 것이다. 1주당 가격을 더 저렴하게 바꿔줘서 주머니가 가벼운 투자자들도 한 주씩 매수할 수 있도록 돕는 효과를 발휘한다. 단순히 기존 주식을 쪼개서 주식 수만 늘어나기 때문에 그 회사의 시총이나 실적에는 아무런 영향이 없다. 월마트의 경우 기존 주식 수가 27억주에서 81억주로 3배가 늘어났다.월마트는 주식분할을 발표하면서 재무건전성을 높일 것이라고 밝혔다. 회사 사정에 큰 변화가 없는데 주식분할로 어떻게 재무지표가 올라간다는 것일까. 월마트의 주식분할이 바로 직원들의 자사주 매입 프로그램과 연동돼 있기 때문에 가능한 소리다. 월마트는 직원들의 급여에서 일정 금액을 떼서(공제) 자신의 회사 주식을 사주는 프로그램을 진행해왔다. 주가가 계속 올랐으니 직원들 불만도 없었다.월마트의 자사주 매칭 프로그램은 매년 1800억 달러(약 242조원) 규모의 임직원들 자사주 매입 금액 중에서 15%를 회삿돈으로 사주는 것이다. 자사주를 보유한 직원들 뿐만 아니라 월마트 일반 주주들도 이번 분할 계획에 따라 보유 주식 수가 3배로 늘어나게 된다. 자사주 매입 프로그램이 편리해지고, 이를 눈여겨본 일반 투자자들이 월마트 주식을 계속 사면서 월마트의 재무 상황도 덩달아 좋아질 수 밖에 없다.\n\n\n\n (단위:%) 각사 주식분할 결정이후 2024년 3월말까지 주가 상승률이런 효과를 노리고 이미 빅테크 중 테슬라가 2020년에 5대 1로 분할을 결정한다. 이후 주가가 80%나 상승하며 인기 대형주로서 수혜를 톡톡히 누렸다. 이후 아마존이 2022년 6월 주식분할을 단행했고 구글(알파벳)이 2022년 7월에 주식을 쪼갰다. 알파벳 주가는 당시 2300달러가 넘어서 일반 개인 투자자들은 한 주도 사기 어려웠던 것도 사실. 당시 주가가 부진했던 알파벳도 3~4개월 주가가 횡보하다가 다시 반등했다.미국에서 서부식 멕시코 스타일의 건강식을 파는 치폴레 역시 올해 사상 처음 주식분할을 결정했다. 치폴레는 50대 1 비율로 주식을 분할할 예정이다. 이는 미국 증시 역사상 최대 비율이다. 지난달 19일 치폴레 이사회는 이같은 분할 안건을 승인했다. 주식 분할 소식이 들리자 주가는 곧바로 급등했다. 치폴레 주가는 3월말 현재 2906.77달러다. 이 가격 기준으로 주가가 향후 58.14달러가 된다.\n\n\n\n 삼성전자 최근 5년 주가치폴레 주가는 최근 1년새 70% 가까이 상승했다. 주가가 꾸준히 오르면서 우리 돈으로 한주당 주가가 391만원이 된 것. 주식분할은 이처럼 아무나 할 수 없는 주가 우상향 주식의 권리인 셈이다.삼성전자의 경우도 마찬가지다. 주식분할 이유로 삼성전자는 더 많은 사람들에게 주식 소유 기회를 주고자 한다고 밝혔다. 삼성 뜻대로 됐고, 삼성전자 주가는 다시 사상 최고가를 노리고 있다. 사상 최고가가 다시 한번 눈앞에 찾아왔다.삼성의 주식분할 결정은 2017년말 당시 주가가 287만원대에 달해 너무 비쌌기 때문. 3월말 현재 삼성전자 주가는 8만2400원으로, 50대 1 분할 이전 주가는 412만원이다. 삼성의 사상 최고가는 440만원으로 현 주가 기준으로는 8만8000원이다. IT 시장에서 반도체와 스마트폰에서 독보적 지위를 바탕으로 실적과 주가가 우상향하면서 주가가 비싸지고, 개인투자자들의 요구에 따라 분할을 결정한 것으로 볼 수 있다.그러나 이제는 이런 조건으로 분할을 할만한 국내 주식은 전무한 상태다. 일단 한 주당 가격이 100만원을 넘는 ‘황제주’가 아예 없다. 3년여 전만 해도 LG생활건강, 엔씨소프트, 삼성바이오로직스, LG화학, 태광산업 등의 주가가 100만원을 넘었지만 이들은 모두 고금리 고물가 여파와 실적 부침을 버티지 못했다. 제대로 된 주주환원 정책도 없자 실망감에 매도세가 이어지며 주가가 하락한 것이다.가장 바람직한 모습은 ‘황제주’에서 ‘국민주’로 내려오는 흐름이다. 삼성전자를 비롯해 오뚜기 롯데제과 롯데칠성 SK텔레콤 아모레퍼시픽 등이 주식분할을 통해 개인 주주들이 사기 쉬운 ‘국민주’를 선택했다.에코프로는 애매한 시점에서 주식분할을 결정했다. 이 상장사는 지난 3월28일 주주총회를 열고 주식을 5분의 1로 액면분할하는 내용의 안건을 승인하면서 ‘국민주’로서의 변화를 모색하고 있다.\n\n\n\n에코프로의 주식분할 시기가 아쉬운 것은 다소 늦었다는 점. 작년 7월 153만원을 넘던 주가가 반토막이 나면서 투자자들의 ‘민심’은 그리 좋지 못한 시점이다. 누가 봐도 이번 분할 결정은 부진한 주가를 끌어 올리려는 의도로 해석된다.에코프로는 주주들의 돈을 통해 배터리 분야에서 활발한 투자를 진행해야 한다. 이런 연장선상에서 자회사 에코프로비엠 역시 기존 코스닥에서 코스피 시장으로 ‘이사’가려는 것이다.월마트의 사례처럼 주주환원과 함께 성장하려는 의도가 읽혀야 주식분할의 명분을 얻게 된다. 노골적으로 주주들의 돈을 더 많이 끌어모으겠다고 하면 똑똑한 투자자들은 이런 주식을 사주지 않을 것이다. 다시 한번 강조하지만 주식분할은 그 회사의 가치를 상승시키지 않는다. 일반 주주를 챙기는 것 없이 단행하는 주식분할은 그저 주가를 싸보이게 하는 ‘착시효과’를 노리는 얄팍한 상술일 뿐이다.◆ 찐 재테크 정보 M+에서 만나세요더 많은 재테크 기사와 돈되는 정보는 매일경제신문이 ‘내손안의 머니쇼’를 표방하며 만든 유료 플랫폼 매경엠플러스(www.money-plus.co.kr)에서 만날 수 있습니다."
    },
    {
        "title": "위메이드, ‘나이트 크로우’ 글로벌 앞세워 흑전 ‘희망가’",
        "date": "2024.04.20. 오전 10:29",
        "content": "안정적 초반 성과에 ‘기대감’…미래에셋 “올해 일평균 매출 13억 전망”\n\n\n\n위메이드위메이드(대표 박관호)가 ‘나이트 크로우’ 글로벌 성과에 힘입어 올해 흑자전환 기대감을 높이고 있다. 일부 증권사는 2분기부터 영업이익 흑자전환도 가능할 수 있다고 점치는 상황이다.에프엔가이드에 따르면 위메이드의 1분기 예상 실적은 연결기준 매출 1493억원, 영업손실 475억원이다. 전년동기 대비 매출은 59% 증가하나 적자를 지속할 것이라는 관측이다.다만 2분기 전망은 다르다. 예상 매출 2279억원에 영업손실 99억원으로 큰폭의 실적 개선이 점쳐지고 있다. 3분기 전망치는 매출 3330억원, 영업이익 931억원이다.이 같은 실적 개선 전망은 지난 3월 출시한 ‘나이트 크로우’ 글로벌 버전의 성과에 기인한다. ‘나이트 크로우’는 출시 첫날 동시접속자 15만명을 달성하고 사흘만에 누적 매출 1000만 달러를 돌파하는 성과를 냈다. 이달 초 동시접속자 40만명을 돌파하고 최근에도 30만명 후반대 동시접속자 수치를 유지 중이다.특히 증권사들은 ‘나이트 크로우’ 글로벌의 일평균 매출을 10억원 가량으로 추정한다. 이에 ‘나이트 크로우’ 글로벌의 성과가 온기 반영되는 2분기에는 큰폭의 실적 개선 효과를 보일 것으로 예측하고 있다. 미래에셋증권의 경우 이르면 2분기부터 흑자전환도 가능할 것으로 분석하기도 했다.미래에셋증권 임희석 연구원은 “24년 ‘나이트 크로우’ 글로벌 일평균 매출 전망을 7억원에서 13억원으로 상향한다”라며 “유저 트래픽이 끊임없이 상승하고 기축 통화인 CROW 토큰의 가격도 0.75달러로 안정적으로 유지되고 있다”고 평가했다.NH증권도 ‘나이트 크로우’의 3월 매출 500억원, 2분기 일평균 매출 10억원 가정을 유지하고 3개월 매출이 온전히 반영되는 2분기에는 영업이익 적자를 더욱 줄일 수 있을 것으로 전망했다.NH투자증권 안재민 연구원은 “블록체인 게임이라는 색안경을 제거하면 ‘나이트 크로우’는 국내 게임 회사에서 오랜만에 등장한 글로벌 히트 제품”이라며 “2분기 미르M 중국, 3분기 레전드오브이미르, 4분기 미르4 중국 출시로 성공에 따른 추가적인 실적 개선을 기대해도 좋을 것”이라고 분석했다."
    },
    {
        "title": "중동발 불안으로 금 거래 급증…역대 최대 수준",
        "date": "2024.04.20. 오전 10:11",
        "content": "중동 사태로 경제 불확실성이 커지면서 국내 금 거래가 이달 들어 급증했습니다.한국거래소에 따르면 이달 들어 19일까지 국내 금 시장의 일평균 금 거래대금은 169억1,000만 원으로 집계됐습니다.이는 지난달 일평균 거래대금의 2.4배 수준으로, 한국거래소 금 시장이 개장한 2014년 이후 최대입니다. 일평균 금 거래량도 16만895g으로 지난달의 2배 수준으로 늘었습니다.박지운 기자 (zwoonie@yna.co.kr)#금값 #증시 #투자 #골드바연합뉴스TV 기사문의 및 제보 : 카톡/라인 jebo23"
    },
    {
        "title": "[ETF언박싱]세분화되는 반도체 ETF…‘SOL 미국 AI반도체 칩메이커’",
        "date": "2024.04.20. 오전 9:29",
        "content": "\"비메모리 밸류체인 핵심은 칩메이커\"엔비디아, AMD, 인텔 비중 60% 수준개인 4거래일간 110억 규모 순매수[이데일리 원다연 기자] 반도체 산업에 투자하는 상장지수펀드(ETF)가 세분화되고 있는 가운데 ‘칩메이커’에 집중 투자하는 상품이 이번주 유가증권시장에 새로 상장됐다. 미국의 기준금리 인하 기대 후퇴, 중동 리스크 등의 변수에 국내외 시장 변동성이 확대된 가운데서도 개인 투자자들은 해당 ETF를 110억원 가량 순매수하며 산업 성장성에 베팅했다. 신한자산운용은 지난 16일 ‘SOL 미국 AI반도체 칩메이커 ETF’를 상장했다. 지난해 국내에서 처음으로 반도체 소재·부품·장비 기업으로만 포트폴리오를 구성한 ETF를 출시한 이후 전공정, 후공정 ETF 등 반도체 세분화 전략 상품을 내놓고 있는 신한자산운용이 다섯번째로 출시한 반도체 ETF다. 해당 상품은 ‘Solactive US AI Semiconductor Chip Makers’를 기초지수로, 그 수익률을 추적한다. 해당 지수는 나스닥 상장 종목 가운데 △AI 칩 제조 및 설계 △AI 가속기 및 처리 장치 △AI 엣지 컴퓨팅 △AI 반도체 공정 최적화 및 자동화 등의 키워드를 스코어링해 상위 10개 종목을 뽑아 산출된다. 구성 종목은 엔비디아(27.37%), AMD(18.36%), 브로드컴(15.76%), 인텔(13.30%), 퀄컴(6.84%), 텍사스인스트루먼트(5.60%), 마이크론 테크놀로지(4.75%), 애널로그 디바이시스(3.57%), 마벨 테크놀로지그룹(2.13%), 마이크로칩 테크놀로지(1.70%) 순으로 비중이 높다. 특히 엔비디아와 AMD, 인텔 3개 기업의 비중이 60%에 달한다. 신한자산운용은 성장하고 있는 AI반도체 시장의 핵심이 칩메이커라는 데에 주목했다. 김정현 ETF사업본부장은 “데이터를 해석, 연산, 처리하는 비메모리 반도체가 AI반도체의 핵심이라면 비메모리 반도체 밸류체인의 헤게모니를 쥐고 있는 것은 칩 설계의 원천기술을 보유한 소수의 칩메이커 기업”이라며 “SOL 미국 AI반도체 칩메이커 ETF는 AI반도체의 코어인 칩메이커에 집중투자 할 수 있도록 국내 상장 해외주식형 ETF 중 엔비디아와 AMD를 가장 높은 비중으로 편입하고 있다”고 설명했다. 상장 초반 개인 투자자들의 매수세는 이어지고 있다. 개인 투자자들은 상장일인 16일부터 19일까지 4거래일 연속 순매수하며, 110억원 규모를 순매수한 것으로 집계됐다. 해당 ETF의 총보수는 연간 0.45%다. \n\n\n\n젠슨 황 엔비디아 최고경영자(CEO)가 미국 캘리포니아주 새너제이에서 열린 인공지능(AI) 콘퍼런스 ‘GTC 2024’에서 신상품을 선보이고 있다. (사진=연합뉴스)"
    },
    {
        "title": "[속보] 비트코인 반감기 완료…“가격 0.47% 하락”",
        "date": "2024.04.20. 오전 9:26",
        "content": "[사진출처=연합뉴스]비트코인의 공급량이 4년마다 절반으로 줄어드는 반감기가 미 동부시간으로 19일(현지시간) 완료됐다.이날 로이터 통신은 가상화폐 시장 플랫폼인 코인케코를 인용해 미 동부시간 기준 이날 오후 반감기가 완료됐다고 보도했다.반감기는 새로운 비트코인의 공급을 줄이기 때문에 가격 상승 요인 중 하나로 꼽힌다.실제 2012년과 2016년, 2020년 앞선 3차례의 반감기를 거치면서 비트코인은 이후 수개월에 걸쳐 상승해 왔다.비트코인의 전체 공급량은 2100만개로 정해져 있다. 이미 약 1950만개가 채굴됐고 약 150만개가 남아 있다.이번 반감기가 완료되면서 비트코인 공급량은 하루 약 900개에서 450개로 줄어들게 됐다.반감기 직후인 19일(현지시간) 오후 8시 30분 기준 비트코인 1개당 가격은 24시간 전보다 1.65% 오른 6만3906달러에 거래됐다.로이터 통신은 반감기 직후 비트코인 가격이 “꽤 안정적”(fairly stable)이라고 진단했고, AP 통신도 “안정적으로 유지됐다”고 전했다."
    },
    {
        "title": "[다음주 증시 전망] 美금리 인하 지연에 중동 긴장까지…\"옥석 가리기 나설 때\"",
        "date": "2024.04.20. 오전 8:01",
        "content": "코스피·코스닥 한주간 3·2%대 하락기관·외인 2.1조원 순매도 하락 주도'연준 매파발언, 중동 군사긴장' 영향\"다음주 빅테크 기업 실적 주목해야\"\"수출주·성장주 단기 트레이딩 전략\"\n\n\n\n19일 서울 중구 하나은행 본점 딜링룸에서 직원이 업무를 보고 있다. 이날 코스피지수는 이스라엘의 이란 보복 공격 소식에 장중 롤러코스터를 탄 끝에 1%대 하락 마감했다. 연합뉴스[서울경제] 미 연방준비제도(Fed·연준)의 매파적 발언과 중동지역 군사적 긴장 고조로 코스피지수가 뒷걸음질 쳤다. 대외 불안정성이 커지면서 글로벌 자금이 안전자산으로 평가받는 달러와 금 등으로 몰린 여파로 풀이된다. 투자 전문가들은 1분기 어닝시즌이 다가오면서 종목별로 수급이 달라질 수 있다고 전망했다.20일 한국거래소에 따르면 지난 19일 코스피지수는 2591.86으로 지난 15일 2681.82 대비 89.96포인트(3.35%) 하락했다. 같은 기간 코스닥지수는 860.47에서 841.91로 18.56포인트(2.16%) 하락했다.이번주 유가증권시장에서는 기관 투자가들이 1조 7062억 원을 순매도하며 하락을 주도했다. 외국인도 4115억 원을 팔아치운 것으로 나타났다. 개인은 1조 9852억 원 순매수하며 이들이 던진 물량을 소화했다. 코스닥시장에서는 외국인이 3573억 원 순매도한 반면, 기관과 개인이 각각 2262억 원, 1716억 원을 사들였다.외국인은 코스피 매도 포지션 속에서도 현대차를 1461억 원을 사들이며 순매수 1위 종목에 이름을 올렸다. 이어 삼성전자 우선주(924억 원), 삼성중공업(885억 원) 순으로 순매수가 많았다. 외국인은 반면 SK하이닉스(5351억 원), 한미반도체(1396억 원), 기아(1000억 원)을 가장 많이 순매도했다. 인공지능(AI) 반도체 열풍으로 외국인의 ‘최애’ 종목에 이름을 올렸던 반도체 주들은 뉴욕 증시에서 엔비디아가 급락을 거듭하자, 덩달아 상승세가 꺾였다. 지난 17일 반도체 생산용 노광장비 제조기업인 ASML이 ‘어닝 쇼크’를 발표한 것도 영향을 미쳤다.기관의 최대 순매수 종목은 기아(1748억 원), SK하이닉스(867억 원), 한화오션(582억 원) 순으로 집계됐다. 반면 삼성전자(6030억 원)을 가장 많이 순매도했고, 이어 HD현대일렉트릭과 현대차도 각각 1266억 원, 734억 원 팔아치웠다.이번주 국내 증시는 대외 불확실성이 더욱 증폭된 시기였다. 앞서 미국의 3월 소비자물가지수(CPI)가 시장 예상치를 웃도는 것으로 드러난 데 대해, 연준 위원들은 정책금리 인하를 서두를 필요가 없다는 발언을 쏟아냈다. 로레타 메스터 클리블랜드 연방준비은행(연은) 총재는 17일(현지시간) 금리 인하를 서두르지 않아야 한다고 말했다. 존 윌리엄스 뉴욕 연은 총재 역시 추가 금리 인상은 자신의 기본 전망이 아니라면서도 “만약 경제지표가 연준의 물가 목표 달성을 위해 추가 금리 인상이 필요하다고 말한다면 우리는 확실히 금리를 인상할 것”이라고 말했다. 이에 같은 날 10년 만기 미 국책 수익률은 4.64%로 전날 뉴욕증시 마감 무렵 대비 6bp 상승하기도 했다. 월가에서는 미 국채 금리가 10년물 기준 5%를 넘어설 가능성에 대비해야 한다는 목소리까지 나오고 있다.아울러 지난 14일 이란이 이스라엘을 공습하면서 중동지역의 지정학적 리스크도 고조됐다. 그동안 대리전을 벌여온 양국이 직접적인 물리적 충돌을 빚은 것은 이번이 처음이라는 점에서 시장의 우려가 확대됐다. 다만 이란과 미국이 확전을 바라지 않는 태도를 보인다는 점에서 전면전으로 확산할 가능성은 낮은 것으로 평가된다. 이스라엘은 19일(현지시간) 이란의 본토를 공격하며 보복을 감행했지만 주요 핵시설에 대한 공격은 이뤄지지 않았다.투자 전문가들은 다음주 어닝 시즌을 준비해야 된다고 평가했다. NH투자증권은 다음주 코스피지수를 2570에서 2690대 사이로 내다봤다. 미국 기업들의 1분기 어닝 시즌이 시작되면서 23일 알파벳·테슬라, 24일 메타·퀄컴, 25일 마이크로소프트·아마존·인텔 등 주요 빅테크 기업의 실적 발표가 예정돼있다. 이들 기업들의 실적은 향후 반도체 수요에 대한 추가적인 단서를 줄 수 있는 가늠자가 될 것으로 보인다.국내 주요 기업 중에서는 23일 삼성바이오로직스, 24일 삼성물산·S-Oil, 25일 SK하이닉스·LG전자·LG에너지솔루션·삼성SDI·POSCO홀딩스·HD현대중공업·KB금융·신한지주·하나금융지주·기아, 26일 현대모비스·두산에너빌리티, 30일 삼성전자가 실적 발표를 앞두고 있다.단기적으로는 원화 가치 하락이 증시 하락 요인으로 작용할 수 있다. 하지만 17일 열린 한·미·일 재무장관 회의에서 ‘환율 안정’이 주요 사안으로 논의된 만큼 당국이 원화 약세를 두고 보고만 있지 않을 것으로 보인다. 3국 장관이 채택한 공동 선언문에는 “최근 엔화와 원화의 급격한 평가 절하에 대한 한국과 일본의 심각한 우려를 인지한다”는 내용이 담긴 것으로 전해졌다.김영환 NH투자증권 연구원은 “금융시장을 둘러싼 외부 요인들의 불확실성이 점증된 상황에서 주식시장을 지탱하는 핵심 변수는 기업들의 실적”이라며 “기업 실적에 대해 엄격한 잣대를 적용할 가능성이 큰 만큼 옥석가리기가 중요해졌다”고 분석했다. 그러면서 “미국의 투자와 관련된 분야, 원화 약세에 따른 수익성 개선을 기대할 수 있는 수출 분야에 관심을 가질 것을 권고한다”고 했다.이경민 대신증권 연구원은 “채권금리 하향 안정시 성장주 주도의 기술적 반등을 기대한다”며 “순환매 측면에서 대표적인 소외 주, 성장주인 2차전지(소재), 인터넷 업종에 대해 단기 트레이딩 전략 유지하는 대응이 유효할 것”이라고 분석했다."
    },
    {
        "title": "[머니플로우] 중동·금리불안에 코스피 출렁이자 '반대매매' 급증",
        "date": "2024.04.20. 오전 8:00",
        "content": "개인 MMF 설정액 16조7천억원 연중 최고…채권형펀드 한주간 1조2천억 순유입서학개미 주간 순매수 1위 주식은 '반도체 3배 베팅 ETF' \n\n\n\n개인투자자 '빚투' (PG)[장현경 제작] 일러스트(서울=연합뉴스) 송은경 기자 = 중동 위기와 고금리 장기화 우려 속에 증시의 변동성이 커지면서 주식 반대매매 체결 금액이 평소보다 2∼3배 가까이 증가한 것으로 나타났다.    20일 금융투자협회에 따르면 지난 17∼18일 2거래일 동안 주식위탁매매 미수금 중 반대매매 금액은 275억원으로 집계됐다.    17일 하루 동안만 172억원으로 미수금 대비 반대매매 비중이 1.8%에 달했다.    지난해 10월 금융투자협회가 반대매매 통계를 반대매매 '대상' 금액이 아닌 실제 반대매매 주문에 따라 '체결'된 금액만 집계하기로 한 이후 하루평균 반대매매 금액은 67억원 수준에 머물렀다.    올해 들어 반대매매 체결액이 100억원을 넘긴 날은 앞서 1월 18일(102억원)과 2월 28일(115억원) 이틀뿐이었다.    미수거래는 개인 투자자가 증권사에서 돈을 빌려 주식을 매수하고 난 뒤 2영업일 뒤인 실제 결제일(T+2일) 안에 결제대금을 갚는 초단기 외상 거래다. 만기를 보통 3개월 안팎으로 설정하는 신용융자 거래와는 구분된다.    미수금은 투자자가 미수거래 대금을 갚지 못해 생긴 일종의 외상값으로, 투자자가 이 외상값(결제대금)을 납입하지 못하면 증권사가 주식을 강제로 처분해 회수한다. 이를 반대매매라고 한다.    반대매매 체결액 급증은 최근 1주 동안 코스피가 2,660대에서 2,550대까지 하락하자 미수거래로 '빚투'를 한 투자자들의 주식이 주가 급락에 강제 청산당한 사례가 늘어난 것으로 풀이된다.    이란의 이스라엘 보복 공격과 이스라엘의 재보복 등으로 중동 지역 지정학적 긴장이 고조된 데다, 예상보다 견조한 미국 경제지표에 연방준비제도(Fed) 인사들의 매파(통화긴축 선호)적 발언이 잇따르면서 주가 하락 압력을 높였다.    1,400원대에 근접한 원/달러 환율도 외국인 수급을 위축시켜 주가지수를 끌어내렸다.    한국판 '공포지수'인 코스피200 변동성지수(VKOSPI)는 2022년 레고랜드 사태 이후 1년 6개월 만에 최고치를 기록했다.    금리와 환율, 물가 등 매크로(거시경제) 변수 불확실성이 커지자 투자자 예탁금 규모는 55조∼57조원 선에서 오르내리지만, 머니마켓펀드(MMF)로는 개인 자금이 꾸준히 몰리고 있다.    MMF는 CD, 기업어음(CP), 만기 1년 미만 채권 등 단기금융상품에 투자하는 금융상품으로, 수익을 추구하면서도 언제든 환매가 가능하다는 점에서 대기성 자금으로 여겨진다.    금투협에 따르면 지난 18일 기준 개인 MMF 설정액은 16조6천630억원으로 연중 최고치를 기록했다.    연초 15조2천억원대 수준이었던 개인 MMF 설정액은 지난 2월 16조원대로 올라선 이후 지속해서 증가세를 보였다.\n\n\n\n연초 이후 개인 MMF 설정액 [금융투자협회 제공. 재판매 및 DB 금지]펀드평가사 에프엔가이드에 따르면 간접투자 상품인 국내 주식형 펀드에는 지난 1주 동안 설정액 1천642억원이 늘었다. 채권형 펀드에는 그보다 6배 많은 1조1천726억원이 순유입됐다.    해외주식형 펀드로는 총 163억원이 순유입된 가운데 북미 권역은 설정액이 305억원 증가했고, 중국 주식형 펀드는 527억원이 감소했다.    한국예탁결제원에 따르면 지난 12∼18일 국내 투자자는 미국 주식 1억4천829만달러(2천44억원)어치를, 일본 주식 1천87만달러(150억원)어치를 순매수 결제했다.    가장 많이 순매수한 해외 종목은 미국 필라델피아 반도체 지수를 3배 추종하는 '디렉시온 데일리 반도체 불(DIREXION DAILY SEMICONDUCTORS BULL 3X SHS)' 상장지수펀드(ETF)로 결제 규모는 1억228만달러(1천410억원)에 달한다.    norae@yna.co.kr"
    },
    {
        "title": "'8만전자' 무너져도 외국인은 'BUY 삼성'…이달 3조 순매수[종목현미경]",
        "date": "2024.04.20. 오전 7:50",
        "content": "전날 삼성전자 2.51% 하락한 7만7600원선 마감 증권가 긍정적 시각 유지…\"분기별 수익성 개선 계속\"\n\n\n\n삼성전자가 오는 16일(현지시간)부터 이탈리아 밀라노에서 열리는 '밀라노 디자인위크·유로쿠치나 2024'에 참가해 디자인 철학과 혁신 가전을 선보인다고 15일 밝혔다. 사진은 유로쿠치나 전시장에 전시된 비스포크 AI와 유럽 빌트인 신제품. (삼성전자 제공) 2024.4.15/뉴스1(서울=뉴스1) 김정은 기자 = 삼성전자가 '7만 전자'로 후퇴한 가운데 외국인 투자자들이 이달 들어서만 홀로 3조 원 가까이 순매수한 것으로 나타났다. 올해 들어 꾸준히 삼성전자 비중을 늘리는 모습이다. 증권가 전망 역시 낙관적이다. 메모리 업황 호조로 실적 상향이 진행 중이라고 봤다. 20일 한국거래소에 따르면 외국인들은 이달 1일부터 전날까지 삼성전자 주식 2조 9641억 원어치를 사들였다. 규모로만 보면 압도적 1위다. 외국인이 삼성전자 다음으로 가장 많이 산 현대차(4034억 원) 순매수 규모의 7배를 웃돈다.외국인들은 올해 들어 삼성전자를 지속해서 매수하고 있다. 외국인은 1월(2조 3000억원)과 2월(2317억 원), 3월(2조 9708억 원) 모두 삼성전자에 매수우위를 나타냈다. 반면 기관과 개인은 '팔자'에 나섰다. 기관과 개인은 이달 1일부터 전날까지 각각 2조 2271억원, 7331억원을 순매도했다.외국인의 순매수에도 삼성전자 주가는 크게 휘청이고 있다. 미국의 금리 인하 기대감이 후퇴한 데 더해 중동 전쟁 불안감으로 달러·원 환율이 1400원 선을 돌파하는 등 겹악재가 터지면서다.삼성전자는 이달 8일 장중 8만 6000원 선까지 올랐으나 지난 12일 0.48% 하락을 시작으로 15일과 16일 각각 1.79%, 2.68% 급락하면서 17일 '8만전자'를 반납했다. 지난 18일 소폭 반등에 성공했지만 전날 이스라엘이 이란에 보복공격을 감행하면서 장중 4% 밀리기도 했다. 전날 종가는 7만 7600원이다.다만 증권가에선 긍정적 전망을 유지하고 있다. 반도체 가격 반등으로 수익성이 개선되고 있는 만큼 분기별 수익성은 개선세가 지속될 것이란 예상이다. 삼성전자는 지난 5일 1분기 잠정 영업이익 6조 6000억 원을 발표했는데, 이는 컨센서스를 대폭 상회한 수치다. 실적 상회의 주요인은 메모리 반도체 부문의 재고평가 충당금의 환입 때문이다.또 미국 정부가 삼성전자에 보조금 64억 달러(약 8조 8000억 원)를 지원하기로 결정한 것 역시 긍정적이다. 보조금 규모는 미국 인텔(85억 달러), 대만 TSMC(66억 달러)에 이어 세번째로 크다.김록호 하나증권 연구원은 \"D램과 낸드 모두 가격이 본격적으로 상승하고 있어, 향후에도 재고평가 환입은 지속될 것으로 전망된다\"며 \"재고평가 환입을 제외해도 D램, 낸드 모두 예상보다 견조한 업황으로 인해 삼성전자의 연간 영업이익도 상향 조정이 가능할 것으로 판단된다\"고 분석했다.김동원 KB증권 연구원은 \"경쟁사와 과도하게 벌어진 삼성전자 주가순자산비율(PBR) 밸류에이션과 주가 격차는 단기에 해소될 전망\"이라며 \"삼성전자는 전 세계에서 가장 싸고 덜 오른 AI 주식으로 판단돼 AI 산업 최선호주로 제시한다\"고 강조했다."
    },
    {
        "title": "경제 불안에 국내 金 거래대금 '역대 최대'…한달새 2.4배",
        "date": "2024.04.20. 오전 7:10",
        "content": "KRX 금시장 현물가격 이달 들어 10.3% 급등…금 ETF도 9.2% 올라중동 위기로 금값 상승세 이어질듯…\"장기적으론 상승세 둔화\" 전망도\n\n\n\n사상 처음으로 온스당 2천400달러선 넘은 금값(서울=연합뉴스) 김성민 기자 = 중동지역 지정학적 긴장이 고조되며 국제 시장 금 가격이 사상 처음으로 온스당 2천400달러선을 넘어섰다. 12일(현지시간) 뉴욕상업거래소에서 6월 인도분 금 선물 가격은 전날보다 45.3달러(1.9%) 오른 온스당 2천418.0달러를 나타냈다.     사진은 14일 오후 서울 한 귀금속 판매점에 귀금속들이 진열돼 있다. 2024.4.14 ksm7976@yna.co.kr(서울=연합뉴스) 이민영 기자 = 중동 위기로 경제 불확실성이 커지면서 국내 금 거래가 이달 들어 급증한 것으로 파악됐다.    20일 한국거래소에 따르면 이달 들어 19일까지 국내 금 시장의 일평균 금 거래대금은 169억1천만원으로 집계됐다.     이는 KRX 금 시장이 개장한 지난 2014년 3월 24일 이후 최대다.     또한 이는 지난달 일평균 거래대금(68억6천만원)의 2.4배 수준이다.    종목별로 보면 이달 금 1㎏ 현물의 일평균 거래대금은 161억6천만원, 미니 금 100g은 7억5천만원이다.    이달 일평균 금 거래량도 16만895g으로 전달(7만4천137g)의 2배 수준으로 늘었다.     금 1㎏ 현물의 일평균 거래량은 15만3천780g, 미니 금 100g은 7천115g이다.    최근 이란과 이스라엘 간 충돌로 지정학적 긴장이 커진 데다 인플레이션 우려 확대, 중국 금 수요 증가 등으로 국제 금값이 치솟자 금에 대한 수요가 더욱 몰리는 모양새다.     금은 전통적인 안전자산으로 투자자들 사이에서 경제 불확실성이나 인플레이션, 통화 정책에 따른 위험 헤지 수단으로 활용되는 경향이 있다.     이스라엘이 지난 1일 시리아 내 이란 영사관을 폭격해 이란혁명수비대 간부 등을 살해하자, 이란은 지난 13일 이스라엘 측에 드론과 미사일로 보복 공습을 단행했다.     미국을 비롯한 국제사회의 확전 방지 노력 속에 중동의 긴장은 잦아드는 듯했으나 19일 이스라엘이 이란에 재보복 공습을 단행하면서 다시 긴장감이 커졌다.     뉴욕상업거래소에서 6월 인도분 금 선물 가격은 이달 들어 7.1% 올랐다.     한국거래소(KRX) 금 시장에서 금 1㎏ 현물 가격은 이달 들어 10.3% 올랐으며, 미니 금 100g도 13.4% 상승했다.     같은 기간 코스피가 5.6% 하락한 것과 대조적이다.    KRX 금 현물 지수를 기초 지수로 하는 'ACE KRX 금 현물 ETF'도 이달 들어 9.2% 오르는 등 금에 투자하는 상장지수펀드(ETF) 수익률도 고공행진 중이다.     중동 긴장으로 금 가격 상승세는 당분간 이어질 것으로 관측된다.    유승민 삼성증권 연구원은 \"이스라엘과 이란 양측이 서로 보복 공격을 감행하면서 확전을 촉발할 수 있는 레드라인 바로 아래까지 도발하고 있다\"며 \"당분간 중동 지역의 불안정성은 한 단계 상승한 수준에서 유지될 것이며, 이는 국제유가를 자극하고 금융시장의 위험 회피를 지속시킬 수 있다\"고 설명했다.    그러나 장기적으로는 중국의 금 수요가 이탈하면서 상승세가 둔화할 것이라는 분석이 나온다.    최진영 대신증권 연구원은 \"중동의 지정학적 리스크가 단기적으로 금값을 올릴 수는 있으나 장기적으로 금값 상승세는 둔화할 수밖에 없다\"며 \"현시점에서는 금보다 은이나 구리에 투자하는 것이 더 낫다\"고 설명했다.    앞서 \"중국 실질금리가 하락 사이클로 진입하면서 은행에 있던 중국 개인 투자자들의 예금이 금으로 이동해 국제 금값이 상승했으나, 중국 제조업 경기 회복이 예상됨에 따라 통상 경기 회복 시기에 산업형 수요가 많은 은이나 구리에 대한 선호도가 금보다 커질 수 있다\"는 점을 근거로 들었다.    mylux@yna.co.kr"
    },
    {
        "title": "트럼프 미디어, 주가 급락 원인 '무차입 공매도' 지목",
        "date": "2024.04.20. 오전 6:59",
        "content": "누네스 CEO, 나스닥에 \"잠재적 시세조종에 주의 기울여달라\" 촉구시타델 등 금융사 등 책임 거론도…시타델 \"누네스는 루저\" 반박\n\n\n\n트럼프 전 미국 대통령의 SNS '트루스소셜' 앱[EPA 연합뉴스 자료사진](뉴욕=연합뉴스) 이지헌 특파원 = 도널드 트럼프 전 미국 대통령이 대주주인 '트럼프 미디어'가 지난달 상장 이후 주가 하락의 배경을 '무차입 공매도'로 돌려 월가의 반발을 사고 있다.    트럼프 미디어는 트럼프 전 대통령이 설립한 사회관계망서비스(SNS)인 트루스 소셜의 모회사다.    트럼프 미디어는 19일(현지시간) 미 증권거래위원회(SEC) 공시에서 전날 나스닥에 \"잠재적인 시세조종 행위에 주의를 기울여달라\"라고 촉구하는 서한을 보냈다고 밝혔다.    트럼프 미디어의 데빈 누네스 최고경영자(CEO)는 아데나 프리드먼 나스닥 CEO에게 보내는 서한에서 \"무차입 공매도는 SEC의 공매도 규제(Regulation SHO)에 따라 일반적으로 불법에 해당한다\"면서 \"트럼프 미디어 주식은 공매도 '한계 종목'(threshold list)에 등재됐는데 이는 불법 거래 활동이 있음을 시사하는 것\"이라고 말했다.    누네스 CEO는 공화당 연방 하원을 지낸 대표적인 친(親)트럼프 인사다.    누네스 CEO는 서한에서 \"무차입 공매도는 수준 높은 시장 참여자가 개인 투자자를 희생시키면서 이익을 얻게 한다는 점에서 특별히 문제가 된다\"라고 지적했다.    무차입 공매도란 주식을 빌리지 않은 상태에서 매도 주문을 내는 것으로, 한국에서는 엄격히 금지되며 미국에서도 일부 예외를 제외하고는 원칙적으로 금지된다.    다만, SEC는 공식적으로 등록된 금융투자업자에 의한 공매도나 시장조성을 위한 공매도, 해당 증권을 소유하고 있음이 분명한 고객을 대신해 금융투자업자가 수행하는 공매도에 대해선 예외적으로 무차입 공매도가 허용하고 있다.    누네스 CEO는 \"트럼프 미디어가 공매도하기에 가장 (수수료) 비용이 많이 드는 종목\"이라며 \"이는 증권사가 실재하지 않는 주식을 빌려줄 상당한 재정적 유인이 있음을 의미한다\"라고 강조했다.    그러면서 시타델 증권, 버투 아메리카, G1 엑시큐션 서비스, 제인 스트리트 캐피털 등 4개사가 트럼프 미디어 이상 거래량의 60%에 책임이 있다고 지목했다.    누네스 CEO가 금융사 실명을 거론하며 이들 회사가 불법 거래에 연루됐다는 식의 의혹을 제기하자 시타델 증권이 즉각 반박하고 나섰다.    시타델 측 대변인은 \"누네스는 주가 하락을 무차입 공매도 탓으로 돌리는 인물로, 흔히 말해 '루저'(패배자)에 해당한다\"라고 비판했다.    시타델 증권은 컴퓨터 알고리즘 거래로 유명한 금융사다. 계열사인 시타델 헤지펀드의 켄 그리핀 최고경영자(CEO)는 미 공화당의 정치자금 '큰손'으로 꼽히는 인물이다.    그는 공화당 경선 과정에서 론 디샌티스 플로리다 주지사를 지지한다고 밝힌 바 있다.    한편 트럼프 미디어 주가는 이날 9.6% 오른 36.38달러에 마감, 최근 3거래일 연속 급등세를 이어갔다. 하지만 상장 직후 고점과 비교하면 주가가 여전히 반토막 난 수준이다.    트럼프 미디어는 트럼프 전 대통령의 이니셜을 딴 종목코드(DJT)로 지난달 26일 뉴욕증시에 우회상장해 이틀간 주가가 급등하며 장중 79.09달러까지 치솟았다가 상장 사흘째부터 하락 흐름을 이어왔다.    월가 안팎에선 트럼프 미디어 실적을 근거로 주가가 고평가됐다는 시각이 많다.    지난 1일 트럼프 미디어는 지난해 매출이 410만 달러(55억5천만원)를 기록하며, 5천800만 달러(785억원)의 손실을 기록했다고 밝혔다.    pan@yna.co.kr"
    },
    {
        "title": "AI칩 선두 엔비디아 주가 10%↓…필라델피아반도체지수 4.12%↓(종합)",
        "date": "2024.04.20. 오전 6:01",
        "content": "엔비디아, 시총 300조원 증발…3월25일 종가최고가 기준 24.6% 하락AMD 5.4% ↓·슈퍼마이크로 23%↓…퀄컴 2.3%↓·인텔 2.4%↓·TSMC 4.1%↓\n\n\n\n엔비디아 로고[로이터 연합뉴스 자료사진. 재판매 및 DB 금지](샌프란시스코=연합뉴스) 김태종 특파원 = 인공지능(AI) 칩 선두 주자인 미국 반도체 기업 엔비디아 주가가 19일(현지시간) 10% 급락했다.     이날 뉴욕 증시에서 엔비디아 주가는 전날보다 10% 급락한 762달러(105만원)에 마감했다. 지난 2월 21일(674.69달러) 이후 가장 낮은 수준이다.    종가 기준 최고가였던 지난달 25일(950.02달러) 대비 24.6% 하락했다.     시가총액도 전날 2조1천20억 달러에서 1조9천230억 달러로 2천150억 달러(296조원)가 날아가며 2조 달러 아래로 떨어졌다.     엔비디아 주가는 이날 이스라엘의 이란 공격 소식에도 약 1% 하락 출발하며 비교적 선방했다. 그러나 시간이 지날수록 매도세가 거세지며 하락폭을 키웠다.    인플레이션으로 미 연방준비제도(Fed·연준)의 올해 금리 인하 기조가 지연될 것이라는 전망 속에 중동의 긴장이 계속되고 있는 데 따른 것으로 보인다.    여기에 세계 최대 파운드리(반도체 수탁생산) 업체인 대만의 TSMC가 올해 글로벌 파운드리 시장 성장률 전망치를 전년 대비 20%에서 10%로 하향 조정한 점도 타격을 줬다.    전 세계 AI 칩 시장의 80%를 장악하고 있는 엔비디아는 자체 설계한 AI 칩 제조의 대부분을 TSMC에 의존하고 있다.    앞서 지난 17일에는 세계적인 반도체 장비 업체인 네덜란드 ASML의 1분기 매출과 수주액이 모두 예상보다 부진해 반도체 시장의 우려를 낳기도 했다.    엔비디아 주가가 급락하면서 필라델피아 반도체 지수도 4.12% 하락했다.    AMD와 브로드컵 주가는 각각 5.4%와 4.3%의 큰 폭으로 떨어졌고, 퀄컴과 인텔 주가도 각각 2.3%와 2.4% 내렸다. TSMC는 4.1% 하락 마감했다.    엔비디아 칩을 탑재하며 AI 열풍과 함께 주목받아온 미 서버업체 슈퍼 마이크로 컴퓨터 주가는 이날 23.1% 폭락했다.     슈퍼 마이크로 컴퓨터 주가는 지난달 13일 1천188.07달러까지 치솟았으나 이날 종가는 713.65달러로, 40% 하락했다.     이날 하락에도 이 기업 주가는 올해에만 150% 이상 상승했다.    taejong75@yna.co.kr"
    },
    {
        "title": "쭉쭉 오르던 개미 투자자 '빚투'…하락장에 소폭 줄었다",
        "date": "2024.04.20. 오전 5:34",
        "content": "신용공여 잔고 추이/그래픽=윤선정개인 투자자들의 '빚투'(빚을 내 투자)가 감소한 것으로 나타났다. 원·달러 환율이 상승하고 중동발 지정학적 리스크가 확산하면서 국내 증시가 변동성을 보여서다. 투자 열기를 가늠할 수 있는 지표들도 하락장의 영향을 받고 있다.19일 금융투자협회에 따르면 지난 17일 기준 신용공여 잔고는 코스피 시장과 코스닥 시장을 합쳐 19조4102억원으로 집계됐다. 시장별로는 코스피 시장이 10조 4643억원, 코스닥 시장이 8조 9458억원이다. 신용공여 잔고는 투자자가 주식 투자 자금을 증권사로부터 빌려 아직 갚지 않은 돈을 의미한다. 통상적으로 주가 상승이 예상될 때 신용공여 잔고도 증가하는 경향을 보인다. 때문에 '빚투' 수요를 가늠하는 지표로 분류되기도 한다.지난 2일 19조5327억원으로 연초 이후 최고치를 기록했던 신용공여 잔고가 이달 들어 주춤하고 있는 것. 신용공여 잔고는 지난 2월 초 17조7363억원을 기록했다. 정부가 추진한 기업 밸류업 프로그램이 증시에 기대감을 불어넣고 반도체 등 주요 산업의 업황 개선이 기대되며 증시가 강세를 보이자 점차 상승하는 모습을 보였다. 지난 2월19일 기준 18조원을 넘어섰고 지난달 14일 올해 최초로 19조를 넘어서며 한 달에 1조원꼴로 상승했다. 그러나 지난 4일부터 15일까지 7거래일 연속 감소세다.더불어 투자 열기를 가늠하는 지표로 꼽히는 투자자 예탁금 규모도 줄었다. 투자자 예탁금은 개인 투자자가 주식 매매를 위해 증권사에 맡긴 돈으로 증시 대기성 자금이다. 투자자 예탁금이 줄어든다는 것은 개인 투자자들이 증시에서 빠져나가고 있다는 의미로 해석된다.금투협에 따르면 월간 기준 투자자 예탁금은 지난 △1월 50조 7434억원 △2월 54조3356억원 △3월 56조 5229억원으로 올해 들어 꾸준히 증가했다. 그러나 지난 1일부터 17일까지의 평균은 56조 3204억원을 기록하며 상승세가 꺾였다.\n\n\n\n[서울=뉴시스] 김금보 기자 = 16일 오후 서울 여의도 KB국민은행 스마트딜링룸에서 딜러들이 업무를 보고 있다. 코스피는 전 거래일(2634.70)보다 42.84포인트(1.63%) 내린 2591.86에, 코스닥지수는 전 거래일(855.65)보다 13.74포인트(1.61%) 하락한 841.91에 거래를 종료했다. 서울 외환시장에서 원·달러 환율은 전 거래일(1372.9원)보다 9.3원 높아진 1382.2원에 마감했다. 2024.04.19. kbb@newsis.com /사진=김금보미수거래를 했다가 반대매매를 당하는 규모도 최근 증가한 것으로 나타났다. 지난달(3월4일~3월29일) 하루 평균 53억원 규모였던 미수거래에 의한 반대매매 규모는 이달(4월1일~4월17일) 들어 하루 평균 82억원 수준까지 늘었다.미수거래는 투자자가 증권사에서 돈을 빌려 주식을 매매하는 것을 의미한다. 대금을 갚아야 하는 일종의 '외상거래'인 셈인데 3거래일 내에 갚지 못하면 증권사는 고객의 의사와 관계없이 주식을 강제로 일괄 매도 처분한다. 이효섭 자본시장연구원 금융산업실장은 \"최근 급락장이 원인이 돼 미수거래에 따른 반대매매 규모가 늘어난 것으로 볼 수 있다\"며 \"개인 투자자들이 주가 급락으로 반대 매매를 당해 매물이 늘어나면 주가가 하락해 (상대적) 저가에서 매수한 투자자들이 또 반대매매를 당하는 악순환이 나올 수 있다\"고 설명했다. 이어 \"이러한 악순환이 증시 반등의 걸림돌로 작용할 수도 있다\"고 덧붙였다."
    },
    {
        "title": "\"우리도 물렸어, 지금 팔아봤자…\" 실익 없는 외인, 안 떠난다?",
        "date": "2024.04.20. 오전 5:23",
        "content": "코스피 잠재적 지지선은 어디…2400까지 하향설도\n\n\n\n19일 코스피가 장중 2553.55까지 떨어져 120일 이동평균선(2573)을 밑돌았다. 푸른선은 60일 이동평균선(2649), 붉은선은 120일 이동평균선. 19일 코스피가 중동발 지정학적 위기 여파로 2550까지 떨어졌다. 증권업계가 추정한 올해 외국인 투자자의 평균적 손익 분기점에 닿을듯 말듯한  수준까지 내려온 것이다. 코스피의 잠재적 지지선이 어디일지 주목된다.이날 코스피는 전날보다 42.84포인트(1.63%) 내린 2591.86에 마감했다. 장중엔 3% 내린 2553.55까지 떨어졌다. 이스라엘의 이란 재타격 소식이 전해지며 지정학적 긴장감이 부각된 결과 안전자산인 달러 수요는 높아졌다.서울 외환시장에서 원/달러 환율은 이스라엘의 이란 미사일 공격 보도 여파로 인해 18원 넘게 급등, 1390원대까지 상승(원화 가치 하락)했다. 간밤 미국 연방준비제도(연준) 존 윌리엄스 뉴욕 연방준비은행(연은) 총재가 필요하다면 금리 인상도 가능하다는 입장까지 밝히면서 달러 수요가 급증했다. 통상 달러 대비 원화 가치가 떨어지는 것은 국내 증시에 악재로 간주된다.  달러를 원화로 바꿔 국내 주식을 매수한 외국인 투자자들 입장에선 원/달러 환율 상승시에 환차손 위험이 커진다. 이에 매도를 적극 고려하게 된다. 신한투자증권은 올해 외국인의 순매수 전환 시점과 코스피의 달러 환산 가치 등을 종합적으로 분석했을 때 코스피지수 2500초반이 외국인 손실 변곡점이라고 분석했다. 코스피가 여기까지 내려가면 올들어 한국 증시를 사들였던 외국인 투자자들이 대체로 수익권을 벗어나 평가 손실로 전환된다는 것이다. 이 구간에선 외국인 중심의 강한 매도세가 더는 나오지 않을 것이란 분석도 제기된다. 팔아봐야 실익이 없는 구간이기 때문이다. 다만 여기서도 지수가 하방 압력을 받으면 2400대까지 떨어질 위험이 제기됐다. \n\n\n\n[서울=뉴시스] 권창회 기자 = 18일 오후 서울 중구 하나은행 딜링룸에서 딜러들이 업무를 보고 있다. 코스피가 전 거래일 대비 50.52포인트(1.95%) 오른 2634.70에 마감했다. 원달러 환율은 13.9원 내린 1372.9원으로, 코스닥지수는 22.62포인트(2.72%) 상승한 855.65에 거래를 마감했다. 2024.04.18. kch0523@newsis.com /사진=권창회노동길 신한투자증권 연구원은 \"원/달러 환율에 1400원을 대입했을 때 코스피지수 2530을 외국인 손익 분기점으로 봐야할 듯하다\"며 \"(이 가격대부터 외국인들이) 더 (대량으로) 사지 않을 것 같지만 손실 구간이기 때문에 매도 실익이 없어 빨리 팔지도 않을 것\"이라고 분석했다. 노 연구원은 \"(코스피가 외국인 손익 분기점에서 어떻게 움직이는지) 봐야 되고, 만약 (밑으로) 뚫리면 2400대까지 열릴 것\"이라고 예상했다.코스피지수는 추세 판단에 활용하는 지표인 이동평균선으로 분석하면 중기 추세 지표로 활용되는 60일 이동평균선(2648.83)을 이미 밑돌았다. 장기 추세 지표격인 120일 이동평균선(2572.93)까지 장중 터치했다.이평선은 투자자들이 매매 판단의 척도로 활용하는 경우가 많아 이탈 여부가 투자 심리에 중요하다. 정인지 유안타증권 연구원은 \"일반적으로 60일 이평선에서 바닥이 확인되면 쉽게 (상승) 추세로 복귀하지만 120일 이평선 부근까지 하락하면 반등해도 장기 추세가 약화한다\"고 했다.코스피 반등 가능성을 염두에 두고 2500대에서 매수를 노릴만 하다는 분석도 있다. 나정환 NH투자증권 연구원은 \"중동 리스크와 연준 금리 인하 시점 지연 등 추가적인 주가 하락 리스크가 존재한다\"며 \"2024년 1월 주가 급락 당시 코스피 하방 지지선으로 작용했던 후행 PBR(주가순자산비율) 0.91배 수준인 2510P까지 주가 하락 가능성을 염두에 둬야 한다\"고 했다. 나 연구원은 \"다만 앞서 언급한 하락 요인이 국내 주식 시장의 펀더멘털 흐름을 바꾸는 요인은 아니라는 점에서 2500대에서 매수 대응을 권고한다\"고 덧붙였다."
    },
    {
        "title": "AI칩 선두 美엔비디아 주가 10% 급락…시총 2조 달러 무너져",
        "date": "2024.04.20. 오전 5:12",
        "content": "엔비디아 로고[로이터 연합뉴스 자료사진. 재판매 및 DB 금지](샌프란시스코=연합뉴스) 김태종 특파원 = 인공지능(AI) 칩 선두 주자인 미국 반도체 기업 엔비디아 주가가 19일(현지시간) 10% 급락했다.     이날 뉴욕 증시에서 엔비디아 주가는 전날보다 10% 급락한 762달러(105만원)에 마감했다. 지난 2월 21일(674.69달러) 이후 가장 낮은 수준이다.    종가 기준 최고가였던 지난달 25일(950.02달러) 대비 24.6% 하락했다.     시가총액도 전날 2조1천20억 달러에서 1조9천230억 달러로 2천150억 달러(296조원)가 날아가며 2조 달러 아래로 떨어졌다.     taejong75@yna.co.kr"
    },
    {
        "title": "중동 충돌에 TSMC 쇼크 겹쳐…코스피 1.63% 대만 3.8% 급락",
        "date": "2024.04.19. 오후 11:37",
        "content": "코스피가 이스라엘의 이란 보복 공격 소식에 장중 롤러코스터를 탄 끝에 1%대 하락 마감한 19일 오후 서울 중구 하나은행 본점 딜링룸에서 직원이 업무를 보고 있다. [이충우 기자]살얼음판을 걷던 금융시장이 이스라엘의 이란 본토 반격 소식에 가슴을 철렁 쓸어내렸다. 4거래일 연속 하락세를 멈추고 18일 2% 가까이 급등했던 코스피는 19일 이스라엘 반격 소식에 반도체 실적 전망 악화 우려까지 겹치자 장중 3% 넘게 급락하는 롤러코스터 장세를 보였다. 전문가들은 지정학적 리스크 확대와 미국채 금리 상승 우려에 당분간 금융시장 변동성이 커질 것이라고 전망하고 있다.전날 발표된 대만 반도체회사 TSMC의 컨퍼런스콜 영향으로 약세로 출발한 19일 아시아 증시에서 코스피, 일본 니케이, 대만 자취엔 모두 이스라엘이 이란 본토를 공격했다는 소식이 전해진 오전 11시경 3% 넘게 급락했다. 다만 추가적인 사태 악화 조짐이 없자 낙폭을 줄였다.서울 외환시장에서 달러당 원화값도 크게 출렁였다.\n\n\n\n18일(현지시간) 미국채 수익률 상승의 영향으로 달러당 원화값이 다시 1390원대로 하락하자 코스피에선 외국인의 현·선물 매도가 거세게 일어났다.확전 위기감, 국채수익률 상승에 아시아 증시가 유독 더 크게 반응한 이유는 그간 반도체 대형주들의 상승이 증시 랠리를 이끌다 19일 일제히 급락했기 때문이다. 대만 자취엔 시총 1위인 TSMC가 양호한 실적에도 불구하고 컨퍼런스콜에서 올해 차량용, 모바일 반도체 수요를 기존에 비해 낮게 예상하면서 미국 증시에서 마이크론이 3.78% 하락하고 필라델피아반도체 지수 역시 1.77% 하락했다. 삼성전자도 2.51%, SK하이닉스는 4.94% 내렸다. 자취엔에서 TSMC는 6.72% 하락했으며 니케이225에서도 대형 반도체주인 도쿄일렉트론이 8.74%, 디스코가 8%, 르네사스 일렉트로닉스가 6.04% 하락하며 큰 폭의 지수 하락을 이끌었다.김지원 KB증권 연구원은 “미국 기준금리가 연내 인상될 가능성까지 있다고 할 정도로 통화정책의 불확실성이 커진 가운데 지정학적 리스크도 여전해 당분간 매물 소화가 불가피하다”면서 “다음주부터 한·미 주요 기업 실적 발표에 미국의 3월 개인소비지출(PCE) 발표 등 여러 이벤트도 있어 당분간 보수적인 접근이 필요하다”고 말했다.이날 달러당 원화값은 1379.7원에서 1392.9원까지 오르내리며 장중 변동폭은 13.2원을 기록했다. 백석현 신한은행 이코노미스트는 “(양측의)추가 공격 소식이 일단은 없다는데에 시장이 일시적으로 안도하면서 이날 오전 급락했던 원화값이 오후 들어 상승했다”고 말했다. 추락하던 원화값이 상승세로 돌아선 것은 외환당국의 미세조정도 한몫했다는 분석도 나온다.한편 달러당 원화값 변동성이 커지면서 금융투자업계 내부에선 ‘국민연금 등판론’이 부상하고 있다. 최근 기획재정부 등 외환당국은 원화 가치 추락에 구두 개입에 나서며 환 방어 총력을 기울이고 있는데, 국민연금을 통한 전술적 환헷지(위험회피)와 외환스와프 두 가지 카드가 유사 시 가동될 수 있다는 분석이다.국민연금이 전술적 환헷지 비율(최대 10%)을 높이게 되면 달러 선물환을 시장에 매도하게 된다. 외환시장이 이 물량을 사들여 달러 현물환을 팔아 달러의 유동성을 늘려 원화 가치를 높이는 방식이다.시장은 달러당 원화값이 1410~1440원대에 도달하면 실질적인 개입이 이뤄질 것으로 보고 있다. 지난 2022년 달러당 원화값이 한때 1445원까지 급락했을 당시 외환시장에서 매수세가 유입되며 원화 가치가 급반등했기 때문이다.국민연금 관계자는 “극단적으로 환율이 치솟을 경우를 대비한 대응 체계를 이미 갖추고 있다”며 “전술적 환헷지도 충분히 활용하고 있다”고 밝혔다.외환스와프는 국민연금이 해외투자자산을 살 때 시장이 아닌 한국은행을 통해 달러를 거래해 시장의 달러 수요를 줄이는 방법이다."
    },
    {
        "title": "최동범 서울대 교수 “거버넌스가 우선돼야 ESG 꽃 피워”",
        "date": "2024.04.19. 오후 9:49",
        "content": "19일  한국기업거버넌스포럼이 여의도 IFC(국제금융센터)에서 개최한 ‘한국에서 ESG 중 G(거버넌스)의 역할과 중요성’ 세미나에서 이남우 한국기업거버넌스포럼 회장이 인사말을 하고 있다. [김정석 기자]최동범 서울대학교 경영대학 교수가 한국기업거버넌스포럼의 세미나에서 환경·사회·지배구조(ESG) 가운데 기업 지배구조 개선이 선행되야 한다고 주장했다.19일 한국기업거버넌스포럼이 여의도 IFC(국제금융센터)에서 개최한 ‘한국에서 ESG 중 G(거버넌스)의 역할과 중요성’ 세미나에서 최 교수는 주제발표를 통해 이같이 밝혔다.최 교수는 “투명한 의사결정 구조가 부재한 한국 기업이 E(환경)과 S(사회)를 경영진 평가의 지표로 삼는다면 부작용이 생길 수 있다”며 “경영진과 지배주주의 결정을 믿을 수 없는 상황에서는 ‘대리인 문제’가 심화될 수 있다”고 말했다.‘대리인 문제’는 경영진이 주주의 이익보다는 자신의 이익을 위해 회사 자원을 오용하는 등 정보의 불균형, 감시의 불완전성을 바탕으로 발생하는 문제를 일컫는다.지난 2019년 8월 미국의 주요 대기업 CEO로 구성된 ‘비즈니스라운드테이블(BRT)’은 ‘고객, 직원, 공급업자, 지역사회, 주주 등 모든 이해관계자의 이익’을 추구하는 방향으로 기업을 이끌겠다고 공언한 바 있다.1997년부터 BRT는 기업의 목적을 ‘주주의 이익 제고’로 정했으나 이제는 주주뿐만이 아니라 이해관계자(stakeholder) 모두를 위하겠다고 발표한 것이다.이에 대해 최 교수는 “이후 발표된 논문에 따르면 경영진들은 발표 이후에 실제로 행동에 온긴 사례는 드물었던 것으로 나타났다”며 “애매모호한 ESG 성과를 추구하게 되면 실질적으로 측정하기 어려우니 쇼에 놀아나는 게 아니냐는 우려도 나온다”고 말했다.그는 “E(환경)과 S(사회) 경영 추구의 효과가 생기기 위해서 거버넌스가 가장 중요한 믿음의 토양”이라며 “기업에게 섣부르게 ESG를 추구하라고 강요하기보다도 ESG 관련 공시 내용이나 평가지표 정교화 등 제도적 뒷받침이 있어야 할 것”이라고 주장했다."
    },
    {
        "title": "[동십자각] 증시에 후유증 남긴 총선",
        "date": "2024.04.19. 오후 9:45",
        "content": "윤경환 투자증권부 차장\n\n\n\n[서울경제] 범야권의 대승으로 끝난 지난 4·10 총선 결과를 두고 최근 서울 여의도 증권가의 반응이 예사롭지 않다. 통상 여권의 대패는 정부의 국정 기조에 맞춘 사업을 준비하던 금융투자 회사에도 큰 충격일 수밖에 없을 텐데 그런 목소리는 잘 들리지 않는다. 외려 불확실한 정책 공약으로 커졌던 시장 혼란이 앞으로 줄 수 있지 않을까라는 시각도 감지된다. 한 대형 상장사 관계자는 최근 기자에게 “이제는 투자할 때 대통령실 눈치를 덜 보려 한다”고 귀띔하기도 했다.증권가의 이런 반응은 정부가 주식시장을 선거 전략의 도구로 과도하게 활용한 측면이 있다는 비판을 새삼 돌아보게 만든다. 정부의 총선용 증시 개입 의혹은 일부 투자자의 요청이 있다는 이유로 공매도를 돌연 전면 금지한 지난해 11월 5일로 거슬러 올라간다. 당시 대통령실과 여당은 총선 정국이 막 시작된 시점에 ‘한국거래소의 요청’이라는 법적 요건도 요식행위로 치부한 채 공매도 전면 금지를 밀어붙였다. 그 결과 외국인투자가들이 떠나는 등 적지 않은 부작용을 감수해야 했다.하지만 선거가 다가올수록 정부의 다급함이 느껴졌다. 윤석열 대통령은 이례적으로 1월 2일 거래소 증시 개장식을 신년 첫 행사로 선택했다. 이 자리에서 소액주주의 이익 제고를 위한 상법 개정, 개인종합자산관리계좌(ISA) 확대 등을 공언했다. 이후에도 당정은 주식 양도소득세 대폭 완화, 금융투자소득세 폐지 등을 쉬지 않고 쏟아냈다.주가 부양책의 정점은 기업 밸류업 프로그램이었다. 하지만 아무리 취지가 좋아도 세제 개편 등 정책 준비가 덜 된 상태에서 속도전을 벌이다 보니 한계가 불가피했다는 지적이다. 실제 증권가에서는 “기업가치를 올리는 데는 경제성장과 실적 개선이 우선”이라는 목소리가 터져나왔다.주식시장은 기업 실적, 금리, 환율, 인구구조, 안보 등 모든 변수가 총집합돼 움직인다. 인위적으로 부양할 수 있다면 이전 정부도 이를 가만 놓아뒀을 리 없다. 더구나 주가 상승이 여당 지지율로 곧장 이어진다는 보장도 없다.이번 총선이 1400만 명의 개인투자자를 유권자로 보고 시장 개입에 가까운 설익은 대책을 쏟아내는 데 따른 리스크를 생각해보는 계기가 됐으면 한다. 벌써부터 공매도 재개 시점을 잡기도 애매해지는 등 시장의 후유증이 만만찮다."
    },
    {
        "title": "“150층마저 무너졌다”...지하실 뚫고 내려가자 한국주식도 비명",
        "date": "2024.04.19. 오후 8:54",
        "content": "서학개미 매수 1위 종목인데끝모를 하락에 장중 신저가SK이노·LG엔솔 등도 떨어져월가 “테슬라 123달러 될수도”23일 실적 발표가 분수령\n\n\n\n [매경DB]국내 투자자들이 가장 선호하는 해외 종목중 하나인 테슬라의 주가가 장중 신저가를 기록하는 등 하락세를 이어가고 있다. 테슬라 주가 약세는 국내 2차전지 관련주들의 부진으로 이어지면서 투자자들의 시름이 깊어지는 모습이다. 반면 일부 투자자들은 최근의 주가하락을 오히려 저점 매수의 기회로 삼고 나서 이목이 집중된다.18일(현지시간) 뉴욕증시에서 테슬라 주가는 전날보다 3.55% 하락해 1주당 149.93달러에 거래를 마쳤다. 회사 주가가 150달러 선을 밑돈 것은 2023년 1월 이후 처음이다. 장초반 테슬라 주가는 148.7달러까지 내려가며 52주 신저가를 새로 썼다.\n\n\n\n테슬라 주가는 올해 들어 40% 가까이 떨어진 상태다. 페어리드스트래티지스의 케이티 스탁튼 공동 창업자는 “이제 또 다른 시험대는 148달러”라면서 추가 하락 가능성을 지적했다.150달러선이 무너지자 테슬라 주가가 떨어질 때마다 주식을 매수해 온 한국 투자자들도 매매 시점을 두고 저울질에 나서는 모양새다. 오는 23일 회사가 뉴욕증시 장 마감 후 발표하는 분기 실적이 또 다른 변수로 남았기 때문이다.\n\n\n\n 테슬라 모델 Y [사진 = 테슬라코리아]테슬라의 올해 1분기(1~3월) 실적 기대감은 낮아진 상태다. CBS디트로이트 집계를 보면 미국 내 전기차 판매량은 올해 1분기에 전년 대비 2.7% 늘어난 26만8000대를 기록했다. 다만 이는 작년 1분기(47% 증가)대비 눈에 띄게 둔화한 수준이다. 미국 자동차 시장에서 올해 1분기 전기차 판매 비중도 7.1%로 작년 1분기(7.6%)보다 줄었다.이는 테슬라가 주력 시장인 중국뿐 아니라 미국에서도 판매 부진에 시달릴 수 있다는 점을 시사한다. 이달 초 회사 올해 1분기 전 세계 전기차 인도량이 약 38만7000대라고 밝혔는데 이는 작년 1분기 인도량(42만3000대) 대비 약 9% 줄어든 수준이다.이에 따라 월가에서도 매수에 신중해야 한다는 의견이 제기되고 있다. 도이치뱅크는 테슬라에 대한 투자 의견을 매수에서 보류로 하향 조정하면서 12개월 목표가도 종전 189달러에서 123달러로 약 35% 낮췄다. 작년에 이어 올해에도 전기차 시장이 수요 둔화·중국산 저가차 경쟁 탓에 전반적으로 어려운 가운데 테슬라가 모델2 등으로 대표되는 차기 모델 발표에 미온적이라는 게 이유다. 신차 출시는 소비 수요를 자극할 만한 부분이지만 회사가 로보택시 사업만 부각하는 반면 전기차 판매 전략이 돋보이지 않는다는 지적이다.\n\n\n\n이처럼 테슬라가 부진한 수익률을 보이며 전기차 업황의 영향을 크게 받는 국내 2차전지 관련 종목도 계속해서 저조한 수익률을 보이고 있다.코스피 시장에서 2차전지 대장주로 불리는 LG에너지솔루션은 지난 한 달(3월 19일~4월 19일)간 9.94% 하락했다. LG에너지솔루션은 올해 들어 계속해서 지지부진한 주가 흐름을 보여왔는데, 특히 저조한 1분기 실적을 발표한 지난 8일을 전후로 낙폭이 컸다. 이날 회사 측은 매출액 6조1290억원, 영업이익 1573억원으로 각각 전년 동기 대비 23.4%, 53.5% 떨어진 잠정 실적을 발표한 바 있다.코스닥 시장에서도 에코프로비엠이 주가가 1달째 15.11% 떨어지는 등 하락세를 이어나가고 있다. 에프앤가이드에 따르면 에코프로비엠은 올해 1분기 매출액 1조635억원으로 전년 동기 대비 47.12% 감소하고, 영업적자 97억원을 내 적자전환이 예정돼 있다.이밖에 SK이노베이션, 삼성SDI, SK이아이테크놀로지, LG화학 등 다른 시총 상위 2차전지 관련 종목들도 나란히 부진한 모습을 보이고 있다.이런 가운데 일부 국내 투자자들은 테슬라를 비롯한 2차전지 관련주들의 주가하락을 저점 매수의 기회로 삼고 있어 눈길을 끌고 있다.19일 한국예탁결제원 집계에 따르면 지난달 19일부터 이달 18일까지 최근 한 달간 국내 투자자들은 테슬라 주식을 3억4391만달러(약 4767억원) 어치 순매수했다. 테슬라는 해당 기간 한국 투자자들의 외국 주식 순매수 1위 종목이다. 이밖에 한국 투자자들은 테슬라 강세에 베팅하는 레버리지 상장지수펀드(ETF)인 ‘디렉시온 데일리 테슬라 불 1.5X 셰어스’ 주식을 12번째로 많이 순매수했다. 최근 한 달 새 테슬라 주가는 약 12% 떨어졌다.또 국내 개인투자자들은 지난달 19일부터 이달 17일까지 LG에너지솔루션은 2464억원, 에코프로비엠은 259억원씩 순매수하는 등 주가가 떨어지는 종목에 대해 매수로 대응하고 있는 것으로 파악됐다."
    }
]